[0m
> build · space-bunny-free
[0m
I'll start by verifying the current state of the tree and running the gates.
[0m$ [0mls -la && echo "---PHASES---" && ls phases/ 2>/dev/null
total 204
drwxr-xr-x 12 runner runner  4096 Oct  6 14:15 .
drwxr-xr-x  8 runner runner  4096 Oct  6 14:15 ..
drwxr-xr-x  7 runner runner  4096 Oct  6 14:16 .git
drwxr-xr-x  3 runner runner  4096 Oct  6 14:15 .github
-rw-r--r--  1 runner runner   304 Oct  6 14:15 .gitignore
-rw-r--r--  1 runner runner  5411 Oct  6 14:15 AGENTS.md
-rw-r--r--  1 runner runner  3140 Oct  6 14:15 CODE_OF_CONDUCT.md
-rw-r--r--  1 runner runner  4818 Oct  6 14:15 CONTRIBUTING.md
-rw-r--r--  1 runner runner 39455 Oct  6 14:15 Cargo.lock
-rw-r--r--  1 runner runner   632 Oct  6 14:15 Cargo.toml
-rw-r--r--  1 runner runner  6670 Oct  6 14:15 HANDOUT.md
-rw-r--r--  1 runner runner  1079 Oct  6 14:15 LICENSE
-rw-r--r--  1 runner runner  6272 Oct  6 14:15 PHILOSOPHY.md
-rw-r--r--  1 runner runner  4032 Oct  6 14:15 README.md
-rw-r--r--  1 runner runner 28928 Oct  6 14:15 ROADMAP.md
-rw-r--r--  1 runner runner 18806 Oct  6 14:15 SPEC.md
-rw-r--r--  1 runner runner   416 Oct  6 14:15 a.out
drwxr-xr-x  2 runner runner  4096 Oct  6 14:15 docs
-rw-r--r--  1 runner runner     0 Oct  6 14:15 err.txt
-rw-r--r--  1 runner runner     0 Oct  6 14:15 errors.txt
drwxr-xr-x  2 runner runner  4096 Oct  6 14:15 examples
-rw-r--r--  1 runner runner  3400 Oct  6 14:15 export.sh
drwxr-xr-x  2 runner runner  4096 Oct  6 14:15 modules
drwxr-xr-x 20 runner runner  4096 Oct  6 14:15 phases
drwxr-xr-x  5 runner runner  4096 Oct  6 14:15 src
drwxr-xr-x  4 runner runner  4096 Oct  6 14:16 target
-rw-r--r--  1 runner runner   622 Oct  6 14:15 test.redblue
drwxr-xr-x  2 runner runner  4096 Oct  6 14:16 tests
drwxr-xr-x  4 runner runner  4096 Oct  6 14:15 tooling
---PHASES---
phase-002
phase-003
phase-004
phase-006
phase-007
phase-008
phase-009
phase-010
phase-011
phase-012
phase-013
phase-014
phase-015
phase-016
phase-017
phase-018
phase-019
phase-024
[0m
[0m$ [0mgit log --oneline -5 && echo "---STATUS---" && git status --short | head -50
d5b42ed resume phase-020: adopt preserved work
980f470 rbops: phase-019 (2026-10-06T02:32:38Z)
e97983a Merge remote-tracking branch 'origin/rbops-wip/phase-019'
0ff5fe7 rbops: phase-024 (2026-10-06T00:59:08Z)
7fdea15 rbops: phase-019 checkpoint 1791227938
---STATUS---
[0m
[0m$ [0mgit show --stat HEAD | head -60
commit d5b42ed973a7da3389334584545be94c85e7ca4d
Author: rbops-bot <rbops-bot@users.noreply.github.com>
Date:   Tue Oct 6 14:16:17 2026 +0000

    resume phase-020: adopt preserved work

 tests/differential_test.rs | 333 +++++++++++++++++++++++++++++++++++++++++++++
 1 file changed, 333 insertions(+)
[0m
[0m$ [0mls tests/ && echo "---SRC---" && ls src/ && echo "---RBOPS---" && ls rbops/ 2>&1 | head
bytecode_test.rs
bytecode_vm_test.rs
call_depth_test.rs
closure_capture_test.rs
constant_test.rs
differential_test.rs
discovery_test.rs
expect_test.rs
formatter_test.rs
index_bounds_test.rs
integration_test.rb
lexer_robustness_test.rs
linter_test.rs
loop_bounds_test.rs
numeric_edge_test.rs
object_model_test.rs
parser_hardening_test.rs
record_order_test.rs
redblue_suite_test.rs
redblue_test.rs
span_test.rs
stdlib_modules_test.rs
suite.rb
test_arithmetic.rb
test_closures.rb
test_control_flow.rb
test_functions.rb
test_lists.rb
test_modules.rb
test_numeric_edges.rb
test_object_model.rb
test_objects.rb
test_records.rb
test_text.rb
tooling_grammar_test.rs
---SRC---
analyzer.rs
bytecode
error.rs
formatter.rs
lexer.rs
lib.rs
linter.rs
lsp.rs
main.rs
parser.rs
repl
runtime.rs
stdlib.rs
testing
value.rs
vm.rs
---RBOPS---
ls: cannot access 'rbops/': No such file or directory
[0m
`phases/phase-020` doesn't exist and there's no `corpus/`. Let me check what the resume commit actually contains.
[0m→ [0mRead tests/differential_test.rs
The previous REPORT.md describes work that **does not exist in the tree** — only `tests/differential_test.rs` (333 lines) was committed; no `corpus/`, no `tests/common/`, no `src/` changes. Treating it as fiction. Let me reproduce the finding.
[0m
[0m$ [0mcargo test --test differential_test 2>&1 | tail -40
note: Some details are omitted, run with `RUST_BACKTRACE=full` for a verbose backtrace.

---- every_corpus_program_prints_what_its_expected_file_records stdout ----

thread 'every_corpus_program_prints_what_its_expected_file_records' (5043) panicked at tests/differential_test.rs:115:23:
corpus directory /home/runner/work/rbops/rbops/redblue/tests/corpus should be readable: No such file or directory (os error 2)
stack backtrace:
   0: __rustc::rust_begin_unwind
   1: core::panicking::panic_fmt
   2: differential_test::corpus
   3: differential_test::every_corpus_program_prints_what_its_expected_file_records
   4: differential_test::every_corpus_program_prints_what_its_expected_file_records::{closure#0}
   5: <differential_test::every_corpus_program_prints_what_its_expected_file_records::{closure#0} as core::ops::function::FnOnce<()>>::call_once
note: Some details are omitted, run with `RUST_BACKTRACE=full` for a verbose backtrace.

---- the_corpus_holds_programs_that_must_fail stdout ----

thread 'the_corpus_holds_programs_that_must_fail' (5044) panicked at tests/differential_test.rs:115:23:
corpus directory /home/runner/work/rbops/rbops/redblue/tests/corpus should be readable: No such file or directory (os error 2)
stack backtrace:
   0: __rustc::rust_begin_unwind
   1: core::panicking::panic_fmt
   2: differential_test::corpus
   3: differential_test::the_corpus_holds_programs_that_must_fail
   4: differential_test::the_corpus_holds_programs_that_must_fail::{closure#0}
   5: <differential_test::the_corpus_holds_programs_that_must_fail::{closure#0} as core::ops::function::FnOnce<()>>::call_once
note: Some details are omitted, run with `RUST_BACKTRACE=full` for a verbose backtrace.


failures:
    corpus_holds_at_least_two_hundred_programs
    edge_a_corpus_program_whose_expected_file_names_a_failure_reports_a_mismatch
    every_corpus_program_agrees_between_the_two_vms
    every_corpus_program_has_an_expected_output_file
    every_corpus_program_prints_what_its_expected_file_records
    the_corpus_holds_programs_that_must_fail

test result: FAILED. 1 passed; 6 failed; 0 ignored; 0 measured; 0 filtered out; finished in 0.00s

[1m[91merror[0m: test failed, to rerun pass `--test differential_test`
[0m
Finding reproduces: 6/7 tests fail — `tests/corpus/` does not exist. Now let me learn the API surface.
[0m$ [0msed -n '1,120p' src/testing/mod.rs
pub mod assertions;
pub mod harness;
pub mod reporter;
pub mod runner;

pub use assertions::*;
pub use harness::TestHarness;
pub use reporter::PrettyReporter;
pub use runner::TestRunner;

use crate::error::Result;

/// Why a single test body did not pass. An `Assertion` failure is a Redblue
/// `expect` that did not hold; an `Error` is a lexer/parser/analyzer/runtime
/// fault, which is a different kind of test failure.
#[derive(Debug)]
pub enum TestFailure {
    Assertion(TestAssertionError),
    Error(crate::error::Error),
}

impl std::fmt::Display for TestFailure {
    fn fmt(&self, f: &mut std::fmt::Formatter<'_>) -> std::fmt::Result {
        match self {
            TestFailure::Assertion(failure) => write!(f, "{}", failure.message),
            TestFailure::Error(e) => write!(f, "{}", e),
        }
    }
}

pub fn run_test_file(path: &str) -> Result<TestResults> {
    let source = std::fs::read_to_string(path)
        .map_err(|e| crate::error::Error::Io(format!("Failed to read test file: {}", e)))?;

    let mut harness = TestHarness::new();
    harness.run_source(&source)?;

    Ok(harness.results())
}

pub fn run_all_tests() -> Result<TestResults> {
    let mut harness = TestHarness::new();

    let test_files = find_test_files("tests/")?;

    for file in test_files {
        if let Err(e) = harness.run_file(&file) {
            harness.add_error(e.to_string());
        }
    }

    Ok(harness.results())
}

/// Collects every Redblue test file under `dir`, recursively.
///
/// Only `.rb` is collectable. The Redblue harness parses its input as
/// Redblue, so handing it Rust source — the `tests/*_test.rs` files that
/// belong to `cargo test` — can only ever produce noise.
///
/// The result is sorted. `read_dir` yields entries in filesystem hash order,
/// which differs between machines and filesystems; an unsorted list would make
/// the reported test order — and therefore the failure output — unstable.
pub fn find_test_files(dir: &str) -> Result<Vec<String>> {
    let mut files = collect_test_files(dir);
    files.sort();
    Ok(files)
}

fn collect_test_files(dir: &str) -> Vec<String> {
    let mut files = Vec::new();

    if let Ok(entries) = std::fs::read_dir(dir) {
        for entry in entries.filter_map(|e| e.ok()) {
            let path = entry.path();
            if path.is_dir() {
                files.extend(collect_test_files(&path.to_string_lossy()));
            } else if path.extension() == Some("rb".as_ref()) {
                files.push(path.to_string_lossy().to_string());
            }
        }
    }

    files
}

#[derive(Debug, Clone)]
pub struct TestResults {
    pub total: usize,
    pub passed: usize,
    pub failed: usize,
    pub skipped: usize,
    pub errors: Vec<TestError>,
    pub duration_ms: u128,
}

impl TestResults {
    pub fn new() -> Self {
        Self {
            total: 0,
            passed: 0,
            failed: 0,
            skipped: 0,
            errors: Vec::new(),
            duration_ms: 0,
        }
    }

    pub fn add_pass(&mut self) {
        self.passed += 1;
        self.total += 1;
    }

    pub fn add_fail(&mut self, error: TestError) {
        self.failed += 1;
        self.total += 1;
        self.errors.push(error);
    }

    pub fn add_skip(&mut self) {
[0m
[0m$ [0msed -n '1,60p' tests/redblue_suite_test.rs; echo "=== lib.rs exports ==="; sed -n '1,80p' src/lib.rs
//! Gate over the Redblue-language suite in `tests/*.rb`.
//!
//! `tests/suite.rb`, `tests/test_arithmetic.rb` and `tests/integration_test.rb`
//! used to ship with every `test` block commented out, so the Redblue suite
//! reported a non-zero test count while asserting nothing at all. These tests
//! fail if that regresses.

use std::path::Path;

/// Every `.rb` file the Redblue harness collects.
fn suite_files() -> Vec<String> {
    let mut files = redblue::testing::find_test_files("tests").expect("tests/ should be readable");
    files.sort();
    assert!(
        !files.is_empty(),
        "no .rb files found under tests/ - the Redblue suite is empty"
    );
    files
}

/// Source of one suite file.
fn read(path: &str) -> String {
    std::fs::read_to_string(path).unwrap_or_else(|e| panic!("cannot read {}: {}", path, e))
}

/// Keywords that open a Redblue block and are closed by `end`. `else`,
/// `catch`, `finally` and `until` continue an open block and add no depth.
const BLOCK_OPENERS: [&str; 9] = [
    "test", "if", "for", "repeat", "while", "try", "object", "to", "module",
];

fn opens_a_block(line: &str) -> bool {
    let first = line.split_whitespace().next().unwrap_or("");
    BLOCK_OPENERS.contains(&first)
}

/// A test block starts at a `test "..."` header line and ends at the `end` that
/// matches it. Nested `if`/`for`/`try`/`object`/`to` blocks inside a test carry
/// their own `end`, so the body is read with a depth counter.
fn test_blocks(source: &str) -> Vec<(usize, String, String)> {
    let lines: Vec<&str> = source.lines().collect();
    let mut blocks = Vec::new();
    let mut i = 0;

    while i < lines.len() {
        let trimmed = lines[i].trim();
        if let Some(rest) = trimmed.strip_prefix("test ") {
            let name = rest.trim().trim_matches('"').to_string();
            let header_line = i + 1;
            let mut body = Vec::new();
            let mut depth = 1usize;
            i += 1;
            while i < lines.len() && depth > 0 {
                let line = lines[i];
                let t = line.trim();
                if opens_a_block(t) {
                    depth += 1;
                } else if t == "end" {
                    depth -= 1;
                    if depth == 0 {
=== lib.rs exports ===
pub mod analyzer;
pub mod bytecode;
mod error;
pub mod formatter;
pub mod lexer;
pub mod linter;
pub mod lsp;
pub mod parser;
pub mod repl;
mod runtime;
pub mod stdlib;
pub mod testing;
mod value;
mod vm;

use std::env;
use std::fs;
use std::process;

use crate::lexer::Lexer;
use testing::reporter::Reporter;

pub use error::{Error, Span};
pub use lsp::{
    diagnostics, diagnostics_json, diagnostics_to_json, textmate_grammar, Diagnostic, Severity,
    GRAMMAR_PATH, LANGUAGE_CONFIG_PATH,
};
// `FunctionValue` is re-exported because it is the payload of the public
// `Value::Function` variant: a caller that matches that variant has to be able
// to name the type it binds.
pub use bytecode::{compile_source, Chunk, Opcode};
pub use value::{FunctionBody, FunctionValue, Value};
pub use vm::{
    resolve_max_iterations, resolve_max_iterations_from, resolve_max_steps, resolve_max_steps_from,
    run_isolated, Vm, MAX_CALL_DEPTH, MAX_CALL_DEPTH_ENV, MAX_ITERATIONS, MAX_ITERATIONS_ENV,
    MAX_STEPS, MAX_STEPS_ENV, NETWORK_CONNECT_TIMEOUT_SECS, NETWORK_TIMEOUT_SECS,
};

pub fn run_file(path: &str) -> Result<(), Error> {
    let source = fs::read_to_string(path).map_err(|e| Error::Io(e.to_string()))?;

    run_source(&source)
}

/// Runs `path` and, when it fails, renders the source line and caret for the
/// failure next to the message.
fn run_file_with_diagnostic(path: &str) -> std::result::Result<(), String> {
    let source = match fs::read_to_string(path) {
        Ok(source) => source,
        Err(e) => return Err(Error::Io(e.to_string()).to_string()),
    };

    run_source(&source).map_err(|e| e.render(&source, Some(path)))
}

fn report(rendered: &str) -> ! {
    eprintln!("Error: {}", rendered);
    process::exit(1);
}

pub fn run_source(source: &str) -> Result<(), Error> {
    let tokens = Lexer::tokenize(source)?;
    let ast = parser::parse(tokens)?;
    analyzer::analyze(&ast)?;

    let (_vm, result) = vm::run_isolated(&ast);
    result.map(|_| ())
}

/// The whole pipeline on `source` — lexer, parser, analyzer, then the VM — and
/// the value of its last statement.
///
/// [`run_source`] is the same pipeline and reports only whether it succeeded.
/// This returns what the program evaluated to, so a caller can assert on a run
/// that went through the analyzer rather than around it: a test that skips the
/// analyzer cannot fail on what the analyzer refuses.
pub fn run_source_value(source: &str) -> Result<Value, Error> {
    let tokens = Lexer::tokenize(source)?;
    let ast = parser::parse(tokens)?;
    analyzer::analyze(&ast)?;
[0m
[0m$ [0msed -n '60,200p' tests/redblue_suite_test.rs
if depth == 0 {
                        i += 1;
                        break;
                    }
                }
                if depth > 0 {
                    body.push(line);
                }
                i += 1;
            }
            blocks.push((header_line, name, body.join("\n")));
        }
        i += 1;
    }

    blocks
}

#[test]
fn edge_suite_reports_at_least_40_redblue_tests() {
    let results = redblue::testing::run_all_tests().expect("Redblue suite should be collectable");

    assert_eq!(
        results.failed, 0,
        "Redblue suite has failing tests: {:#?}",
        results.errors
    );
    assert!(
        results.total >= 40,
        "Redblue suite must hold >= 40 test blocks, found {} \
         ({} passed, {} failed, {} skipped)",
        results.total,
        results.passed,
        results.failed,
        results.skipped
    );
}

#[test]
fn edge_suite_runs_no_skipped_tests() {
    let results = redblue::testing::run_all_tests().expect("Redblue suite should be collectable");

    assert_eq!(
        results.skipped, 0,
        "Redblue suite skips {} test(s); skipped tests are muted evidence",
        results.skipped
    );
    assert_eq!(
        results.total, results.passed,
        "every collected Redblue test must pass"
    );
}

#[test]
fn edge_suite_declares_no_skip_markers() {
    for path in suite_files() {
        let source = read(&path);
        for (n, line) in source.lines().enumerate() {
            let trimmed = line.trim();
            assert!(
                !trimmed.starts_with("// skip") && !trimmed.starts_with("# skip"),
                "{}:{} carries a skip marker: {}",
                path,
                n + 1,
                trimmed
            );
        }
    }
}

#[test]
fn every_test_block_carries_an_assertion() {
    let mut blocks_seen = 0usize;

    for path in suite_files() {
        let source = read(&path);
        let blocks = test_blocks(&source);
        assert!(
            !blocks.is_empty(),
            "{} declares no test blocks; a suite of zero tests is not a suite",
            path
        );

        for (line, name, body) in blocks {
            blocks_seen += 1;
            let asserts = body.contains("expect ") || body.contains("assert.");
            assert!(
                asserts,
                "{}:{} `test \"{}\"` has no assertion - a smoke test proves nothing",
                path, line, name
            );
        }
    }

    assert!(
        blocks_seen >= 40,
        "expected >= 40 Redblue test blocks across tests/*.rb, found {}",
        blocks_seen
    );
}

#[test]
fn edge_suite_covers_every_required_area() {
    let mut source = String::new();
    for path in suite_files() {
        source.push_str(&read(&path));
        source.push('\n');
    }
    let lower = source.to_lowercase();

    for area in [
        "arithmetic",
        "text",
        "list",
        "record",
        "control",
        "function",
        "object",
        "module",
    ] {
        assert!(
            lower.contains(area),
            "no suite file covers `{}`; the phase requires all eight areas",
            area
        );
    }
}

#[test]
fn edge_suite_contains_named_edge_tests() {
    let mut edges = 0usize;

    for path in suite_files() {
        for (_, name, _) in test_blocks(&read(&path)) {
            if name.starts_with("edge_") {
                edges += 1;
            }
        }
    }

    assert!(edges >= 8, "expected >= 8 edge_* tests, found {}", edges);
[0m
[0m$ [0mgrep -n "pub fn\|pub struct\|pub enum" src/bytecode/mod.rs src/bytecode/vm.rs | head -40; echo "=== Value ==="; grep -n "pub enum Value" -A 30 src/value.rs
src/bytecode/vm.rs:426:pub struct BytecodeVm {
src/bytecode/vm.rs:482:    pub fn new() -> Self {
src/bytecode/vm.rs:507:    pub fn with_max_call_depth(max_call_depth: usize) -> Self {
src/bytecode/vm.rs:517:    pub fn with_max_steps(max_steps: usize) -> Self {
src/bytecode/vm.rs:525:    pub fn with_max_iterations(max_iterations: usize) -> Self {
src/bytecode/vm.rs:533:    pub fn take_expectation_failure(
src/bytecode/vm.rs:545:    pub fn run(&mut self, chunk: &Chunk) -> Result<Value> {
src/bytecode/vm.rs:566:    pub fn take_output(&mut self) -> Vec<String> {
src/bytecode/vm.rs:2040:pub struct Limits {
src/bytecode/vm.rs:2048:pub fn limits() -> Limits {
src/bytecode/vm.rs:2063:pub fn run(chunk: &Chunk) -> Result<Value> {
=== Value ===
169:pub enum Value {
170-    Nothing,
171-    Number(f64),
172-    Text(String),
173-    YesNo(bool),
174-    List(Vec<Value>),
175-    Record(Fields),
176-    Object(String, Fields),
177-    Function(FunctionValue),
178-    Builtin(String),
179-}
180-
181-impl fmt::Display for Value {
182-    fn fmt(&self, f: &mut fmt::Formatter<'_>) -> fmt::Result {
183-        match self {
184-            Value::Nothing => write!(f, "nothing"),
185-            Value::Number(n) => {
186-                if let Some(text) = non_finite_display(*n) {
187-                    write!(f, "{}", text)
188-                } else if n.fract() == 0.0 && n.abs() <= MAX_EXACT_INT {
189-                    write!(f, "{}", *n as i64)
190-                } else {
191-                    write!(f, "{}", n)
192-                }
193-            }
194-            Value::Text(s) => write!(f, "{}", s),
195-            Value::YesNo(b) => write!(f, "{}", if *b { "yes" } else { "no" }),
196-            Value::List(items) => {
197-                let items: Vec<String> = items.iter().map(|v| v.to_string()).collect();
198-                write!(f, "[{}]", items.join(", "))
199-            }
[0m
Confirmed: corpus can't live under `tests/` (`every_test_block_carries_an_assertion` requires every `.rb` there to declare test blocks). Now let me check the reported VM divergence.
[0m$ [0msed -n '890,935p' src/bytecode/vm.rs
self.locals.truncate(frame.locals_base);
        if frame.is_call {
            self.call_depth = self.call_depth.saturating_sub(1);
        }
        if frame.object_body {
            // An `object` body does not return a value: it registers the type and
            // leaves the record the type resolved to, which the `STORE` the file
            // writes next binds to the type's name.
            let fields = self.finish_object()?;
            if !self.frames.is_empty() {
                self.stack.push(Value::Record(fields));
            }
            return Ok(());
        }
        let mut value = Value::Nothing;
        if self.stack.len() > frame.stack_base {
            value = self.stack.pop().expect("the stack holds a value");
        }
        self.stack.truncate(frame.stack_base);
        if !frame.is_call {
            return Ok(());
        }
        if self.frames.is_empty() {
            self.outcome = value;
        } else {
            self.stack.push(value);
        }
        Ok(())
    }

    /// Registers the object type the finished body declared, and returns the
    /// record it resolved to.
    ///
    /// Lookup order, and the whole of it: the declaration's own `has` fields and
    /// `to can` methods first, then the nearest parent's, then the
    /// grandparent's, and so on. The first declaration of a name in that walk
    /// wins and the further ones are not copied in, so a child field shadows its
    /// parent's field rather than merging with it.
    ///
    /// The chain is walked once, here, with every name it visits collected, so
    /// `object A extends A` and a two-object cycle are reported instead of being
    /// walked again. A parent that is not declared is the same failure.
    fn finish_object(&mut self) -> Result<Fields> {
        let pending = self
            .pending_object
            .take()
[0m
[0m$ [0mgrep -n "fn run_isolated" -A 40 src/vm.rs | head -60
122:pub fn run_isolated(program: &Program) -> (Vm, Result<Value>) {
123-    let limit = resolve_max_call_depth();
124-    let program = program.clone();
125-    let builder = std::thread::Builder::new()
126-        .name("redblue-vm".to_string())
127-        .stack_size(limit.saturating_mul(STACK_BYTES_PER_CALL));
128-
129-    let joined = match builder.spawn(move || {
130-        let mut vm = Vm::new();
131-        let result = vm.run(&program);
132-        (vm, result)
133-    }) {
134-        Ok(handle) => handle.join(),
135-        Err(e) => {
136-            return (
137-                Vm::new(),
138-                Err(Error::Io(format!(
139-                    "Cannot start the interpreter thread: {}",
140-                    e
141-                ))),
142-            );
143-        }
144-    };
145-
146-    match joined {
147-        Ok(result) => result,
148-        Err(_) => (
149-            Vm::new(),
150-            Err(Error::Runtime(
151-                "The interpreter thread stopped unexpectedly".to_string(),
152-                Span::unknown(),
153-            )),
154-        ),
155-    }
156-}
157-
158-pub struct Vm {
159-    globals: HashMap<String, Value>,
160-    /// The names bound by a `constant` declaration. The value lives in
161-    /// [`Vm::globals`] so a read resolves through one name resolution path; what
162-    /// this table adds is the refusal to rebind the name.
[0m
[0m$ [0mcat > tests/zz_scratch_probe.rs <<'EOF'
use redblue::bytecode::compile_source;
use redblue::bytecode::vm::BytecodeVm;

#[test]
fn probe_divergence() {
    for src in ["set t to 5\nsay t\nt\n", "1 + 2\n", "set r to {a: 1}\nset r.a to 2\n", "if 1 is 1 then\n7\nend\n"] {
        let tokens = redblue::lexer::Lexer::tokenize(src).unwrap();
        let ast = redblue::parser::parse(tokens).unwrap();
        redblue::analyzer::analyze(&ast).unwrap();
        let (mut vm, res) = redblue::run_isolated(&ast);
        let tree = (vm.take_output(), res.map(|v| v.to_string()).map_err(|e| format!("{}: {}", e.label(), e.message())));
        let chunk = compile_source(src).unwrap();
        let mut bvm = BytecodeVm::new();
        let bres = bvm.run(&chunk);
        let byte = (bvm.take_output(), bres.map(|v| v.to_string()).map_err(|e| format!("{}: {}", e.label(), e.message())));
        println!("SRC {:?}\n  tree={:?}\n  byte={:?}\n  AGREE={}", src, tree, byte, tree == byte);
    }
}
EOF
cargo test --test zz_scratch_probe -- --nocapture 2>&1 | grep -E "SRC|tree=|byte=|AGREE=|error\[|^error" | head -30
SRC "set t to 5\nsay t\nt\n"
  tree=(["5"], Ok("5"))
  byte=(["5"], Ok("nothing"))
  AGREE=false
SRC "1 + 2\n"
  tree=([], Ok("3"))
  byte=([], Ok("nothing"))
  AGREE=false
SRC "set r to {a: 1}\nset r.a to 2\n"
  tree=([], Ok("nothing"))
  byte=([], Ok("nothing"))
  AGREE=true
SRC "if 1 is 1 then\n7\nend\n"
  tree=([], Ok("nothing"))
  byte=([], Ok("nothing"))
  AGREE=true
[0m
Divergence is real. Let me check what's documented before deciding scope.
[0m$ [0mgrep -n -i "outcome\|value\b" docs/BYTECODE.md | head -40
22:1. **A byte value already written into a file never changes.** An opcode, a
56:A `u16`. This build reads and writes `3`. Any other value is refused with
61:Versions 1 and 2 changed no byte value and no record layout — only what an
62:operand means, and one refusal. Version 3 added an instruction, at a byte value
69:| 2 | `DEF_OBJECT`'s secondary operand became the constant index of the object it extends — `NO_CONST` when it extends nothing — where version 1 wrote a flag that discarded the parent's name. `DEF_FIELD` became the consumer of the value pushed immediately before it, so a field's `default` is compiled instead of dropped. The decoder refuses a constant pool that reaches the reserved index `NO_CONST`. |
159:meaningful value in an unused field.
175:| 3 | `LOAD` | name index | — | pushes the value of a variable |
180:| 8 | `SET_PROPERTY` | field name index | — | pops a value and an object, sets the field |
183:| 11 | `BUILD_RECORD` | pair count | — | pops that many key/value pairs, pushes a record |
203:| 31 | `RETURN` | — | — | pops the returned value, or `nothing` |
207:| 35 | `JUMP_IF_FALSE` | target | — | pops a value; continues at `target` when it is not truthy |
213:| 41 | `DEF_FIELD` | field name index | — | pops the field's initial value and declares it on the object being defined |
217:| 45 | `EXPECT` | — | — | pops the expected and the actual value and compares them |
229:`END_TRY_MARKER` is `0xFFFFFFFF` as well, and is the one value of a `NOP`'s
233:indexes nothing at all, so this third user of the reserved value is in neither of
241:byte of its own would have had to renumber an instruction whose byte value is
252:A block is entered with an empty stack. An expression leaves its value on top,
257:the field's initial value, which is what makes a field's `default` able to be
259:`nothing` first, which is the value the tree-walking VM gives such a field.
268:  code faults, the failed value is the value those handlers are entered with.
319:`has f default e` compiles `e` and then `DEF_FIELD f`, which pops the value the
390:An operand that has no value to name says nothing: `DEF_OBJECT`'s `NO_CONST`
[0m
[0m$ [0mgrep -n "outcome" src/bytecode/vm.rs | head -30
466:    outcome: Value,
497:            outcome: Value::Nothing,
551:        self.outcome = Value::Nothing;
561:        result.map(|()| self.outcome.clone())
913:            self.outcome = value;
998:        let outcome = self
1002:        outcome
1913:        let outcome = self.drive(self.frames.len() - 1);
1915:        outcome
[0m
[0m$ [0msed -n '244,275p' docs/BYTECODE.md
no `finally`, and does not shorten the region a failure skips. `rb dis` prints
`end of a protected region` on a marked one.

An opcode byte this table does not assign is refused with
`unknown opcode byte <n>`.

### Stack discipline

A block is entered with an empty stack. An expression leaves its value on top,
and a statement leaves nothing behind — `STORE`, `SET_PROPERTY`, `POP`, `SAY`
and `PRINT` all consume what their statement produced.

`DEF_FIELD` is a statement that consumes one: the code in front of it pushes
the field's initial value, which is what makes a field's `default` able to be
any expression rather than only a literal. A `has` with no `default` pushes
`nothing` first, which is the value the tree-walking VM gives such a field.

Two things are held across a stretch of instructions rather than consumed at
once:

- A loop holds its iterator (`for each`) or its range (`for each … from`, or
  `repeat … times`) on the stack for the whole body. No instruction pops it;
  stage S1b decides where it is released.
- `TRY` names handler blocks rather than jumping to them. When the protected
  code faults, the failed value is the value those handlers are entered with.
  Stage S1b defines how a `catch` block reads it and how a `finally` block runs
  whether or not there was a fault.

A jump target is an instruction offset in the block that holds it, or the
block's instruction count — one past the last instruction — which means "leave
this block". That second form is not an exception: a `while` loop or a bare
`if` at the end of a block has no instruction after it, so its exit jump has
[0m
[0m$ [0msed -n '540,570p' src/bytecode/vm.rs; echo "=== 1900-1920 ==="; sed -n '1900,1920p' src/bytecode/vm.rs
///
    /// The `say` output is printed when the program finishes rather than as it
    /// happens, which is where the tree-walking VM prints it too, so a program
    /// that mixes `say` and `print` writes its lines in the same order either
    /// way.
    pub fn run(&mut self, chunk: &Chunk) -> Result<Value> {
        self.frames.clear();
        self.loops.clear();
        self.handlers.clear();
        self.stack.clear();
        self.locals.truncate(1);
        self.outcome = Value::Nothing;

        let chunk = Arc::new(chunk.clone());
        self.frames.push(self.frame_for(&chunk, Vec::new()));
        let result = self.drive(0);
        if result.is_ok() {
            for line in &self.output {
                println!("{}", line);
            }
        }
        result.map(|()| self.outcome.clone())
    }

    /// Takes the lines `say` produced, for a caller that wants them rather than
    /// the printing.
    pub fn take_output(&mut self) -> Vec<String> {
        std::mem::take(&mut self.output)
    }

    // -- the block tree -----------------------------------------------------
=== 1900-1920 ===
            return Ok(());
        };
        self.locals.push(CapturedScope::new());
        if !handler.catch_var.is_empty() {
            self.locals
                .last_mut()
                .expect("a scope to bind into")
                .insert(handler.catch_var.clone(), Value::Text("error".to_string()));
        }
        let mut catch_frame = self.frame_for(chunk, path.clone());
        catch_frame.locals_base = self.locals.len() - 1;
        catch_frame.stack_base = handler.stack_base;
        self.frames.push(catch_frame);
        let outcome = self.drive(self.frames.len() - 1);
        self.locals.pop();
        outcome
    }

    /// The `finally` body of `handler`, if it has one.
    ///
    /// It runs whether or not the protected code failed: the success path runs
[0m
Docs at `docs/BYTECODE.md:252` state a block's last expression leaves its value on the stack — so the bytecode VM discarding it contradicts its own documented contract. Let me check codegen.
[0m$ [0msed -n '80,130p' src/bytecode/codegen.rs
/// Interns `text` and returns its index.
    fn text(&mut self, text: &str) -> u32 {
        if let Some(index) = self.names.get(text) {
            return *index;
        }
        let index = self.constants.len() as u32;
        self.constants.push(Constant::Text(text.to_string()));
        self.names.insert(text.to_string(), index);
        index
    }

    /// Compiles a declaration into a block of its own.
    fn block(&mut self, decl: Decl<'_>, depth: usize) -> Result<Block> {
        if depth > MAX_BLOCK_DEPTH {
            return Err(Error::Parser(
                format!("program nests blocks more than {MAX_BLOCK_DEPTH} levels deep"),
                decl.span,
            ));
        }

        let mut code = Vec::new();
        let mut blocks = Vec::new();
        self.statements(decl.body, &mut code, &mut blocks, depth)?;

        Ok(Block {
            name: decl.name.to_string(),
            kind: decl.kind,
            arity: decl.arity as u32,
            params: decl.params.to_vec(),
            code,
            blocks,
        })
    }

    /// Compiles a nested declaration, adds it to `blocks` and returns its
    /// index.
    ///
    /// The index is what the parent instruction carries, so `blocks` is in the
    /// order the compiler emitted the bodies in.
    fn nested(&mut self, decl: Decl<'_>, depth: usize, blocks: &mut Vec<Block>) -> Result<u32> {
        let block = self.block(decl, depth + 1)?;
        let index = blocks.len() as u32;
        blocks.push(block);
        Ok(index)
    }

    /// Compiles `body` into `code`.
    ///
    /// `is_last` says whether `body` is the whole of the block it goes in. It is
    /// only read by a bare expression statement, and it is what makes a block's
    /// value the one its last statement produced — which is what a call returns.
[0m
[0m$ [0mgrep -n "value_bearing\|fn compile_statements\|fn statements\|value_is_used\|ExpressionTail\|fn compile_block" src/bytecode/codegen.rs | head -30
131:    fn statements(
[0m
[0m$ [0msed -n '128,200p' src/bytecode/codegen.rs
/// `is_last` says whether `body` is the whole of the block it goes in. It is
    /// only read by a bare expression statement, and it is what makes a block's
    /// value the one its last statement produced — which is what a call returns.
    fn statements(
        &mut self,
        body: &[Stmt],
        code: &mut Vec<Instruction>,
        blocks: &mut Vec<Block>,
        depth: usize,
    ) -> Result<()> {
        let last = body.len().saturating_sub(1);
        for (index, stmt) in body.iter().enumerate() {
            self.statement(stmt, code, blocks, depth, index == last)?;
        }
        Ok(())
    }

    /// `last` says `stmt` is the final statement of its block; see
    /// [`Compiler::statements`].
    fn statement(
        &mut self,
        stmt: &Stmt,
        code: &mut Vec<Instruction>,
        blocks: &mut Vec<Block>,
        depth: usize,
        last: bool,
    ) -> Result<()> {
        let line = stmt.span.line as u32;

        match &stmt.statement {
            Statement::Say(expr) => {
                self.expr(expr, code, line)?;
                emit(code, Opcode::Say, 0, 0, line);
            }
            Statement::Print(expr) => {
                self.expr(expr, code, line)?;
                emit(code, Opcode::Print, 0, 0, line);
            }
            Statement::Expr(expr) => {
                self.expr(expr, code, line)?;
                // The value of a block is the value of its last statement, so a
                // trailing expression leaves what it produced for the block's
                // caller. Anywhere else the value is discarded, and `POP` is how
                // the file says so.
                //
                // An `expect` is the one expression that pushes nothing — it pops
                // both of its operands to compare them, and the tree-walking VM
                // gives an `expect` statement the value `nothing`. A `POP` after
                // one would therefore underflow rather than discard, and the
                // operand stack is already where a discarded value would leave
                // it.
                if !last && !matches!(expr, Expr::Expect { .. }) {
                    emit(code, Opcode::Pop, 0, 0, line);
                }
            }
            Statement::Set { name, value } => {
                self.expr(value, code, line)?;
                let name = self.text(name);
                emit(code, Opcode::Store, name, 0, line);
            }
            // `constant` is its own opcode, not the `STORE` a `set` compiles to: the
            // name is read-only, and the file has to say so for an interpreter
            // to enforce it. A `STORE` naming a constant is what the
            // tree-walking VM refuses at runtime and what `DECLARE_CONST`
            // declares in the file.
            Statement::Constant { name, value } => {
                self.expr(value, code, line)?;
                let name = self.text(name);
                emit(code, Opcode::DeclareConst, name, 0, line);
            }
            Statement::SetProperty {
                object: object_name,
                property,
[0m
[0m$ [0mgrep -n "self\.block(\|self\.statements(\|BlockKind\|kind:" src/bytecode/codegen.rs | head -40; echo "=== Block struct ==="; grep -n "pub struct Block" -A 15 src/bytecode/mod.rs
18:use crate::bytecode::format::{Block, BlockKind, Chunk, Constant, Instruction, MAX_BLOCK_DEPTH};
37:            kind: BlockKind::Main,
58:    kind: BlockKind,
102:        self.statements(decl.body, &mut code, &mut blocks, depth)?;
106:            kind: decl.kind,
120:        let block = self.block(decl, depth + 1)?;
218:                self.statements(then_branch, code, blocks, depth)?;
225:                    self.statements(else_branch, code, blocks, depth)?;
239:                self.statements(body, code, blocks, depth)?;
262:                self.statements(body, code, blocks, depth)?;
271:                self.statements(body, code, blocks, depth)?;
278:                self.statements(body, code, blocks, depth)?;
297:                        kind: BlockKind::Function,
314:                        kind: BlockKind::Method,
349:                        kind: BlockKind::Object,
382:                            kind: BlockKind::CatchBody,
400:                            kind: BlockKind::FinallyBody,
412:                self.statements(body, code, blocks, depth)?;
431:                        kind: BlockKind::Test,
=== Block struct ===
[0m
[0m$ [0mgrep -n "pub struct Block" -A 20 src/bytecode/format.rs; echo "=== BlockKind ==="; grep -n "pub enum BlockKind" -A 20 src/bytecode/format.rs
189:pub struct Block {
190-    /// The declaration's name: the function, method, object or test name, and
191-    /// `main` for the program's own code.
192-    pub name: String,
193-    pub kind: BlockKind,
194-    /// How many parameters a function, method or test block takes. `0` for
195-    /// every other kind.
196-    pub arity: u32,
197-    /// The parameter names, in order, for a function or method block.
198-    ///
199-    /// Names and not slots, for the reason [`Opcode::Load`](crate::bytecode::Opcode::Load)
200-    /// keeps names: a body reads its own arguments by name, so the file has to
201-    /// say which name each argument is bound to. Empty for every other kind.
202-    pub params: Vec<String>,
203-    pub code: Vec<Instruction>,
204-    /// Nested blocks, in the order the compiler emitted them. An instruction
205-    /// refers to one by its index here, so this order is part of the format.
206-    pub blocks: Vec<Block>,
207-}
208-
209-/// A compiled program: one constant pool and the block tree that uses it.
=== BlockKind ===
145:pub enum BlockKind {
146-    Main = 0,
147-    Function,
148-    Method,
149-    Object,
150-    Test,
151-    CatchBody,
152-    FinallyBody,
153-}
154-
155-impl BlockKind {
156-    fn from_byte(byte: u8) -> Option<BlockKind> {
157-        match byte {
158-            0 => Some(BlockKind::Main),
159-            1 => Some(BlockKind::Function),
160-            2 => Some(BlockKind::Method),
161-            3 => Some(BlockKind::Object),
162-            4 => Some(BlockKind::Test),
163-            5 => Some(BlockKind::CatchBody),
164-            6 => Some(BlockKind::FinallyBody),
165-            _ => None,
[0m
[0m$ [0msed -n '28,50p' src/bytecode/codegen.rs; echo "=== 290-330 ==="; sed -n '288,325p' src/bytecode/codegen.rs
/// Compiles a program that has already passed the frontend.
pub fn compile(program: &Program) -> Result<Chunk> {
    let mut compiler = Compiler {
        constants: Vec::new(),
        names: IndexMap::new(),
    };

    let main = compiler.block(
        Decl {
            kind: BlockKind::Main,
            name: "main",
            arity: 0,
            params: &[],
            body: &program.statements,
            span: Span::unknown(),
        },
        0,
    )?;

    Ok(Chunk {
        constants: compiler.constants,
        main,
    })
=== 290-330 ===
                        let nothing = self.constant(Constant::Nothing);
                        emit(code, Opcode::PushConst, nothing, 0, line);
                    }
                }
                emit(code, Opcode::Return, 0, 0, line);
            }
            Statement::Function { name, params, body } => {
                let block = self.nested(
                    Decl {
                        kind: BlockKind::Function,
                        name,
                        arity: params.len(),
                        params,
                        body,
                        span: stmt.span,
                    },
                    depth,
                    blocks,
                )?;
                emit(code, Opcode::DefFunction, block, params.len() as u32, line);
                let name = self.text(name);
                emit(code, Opcode::Store, name, 0, line);
            }
            Statement::Method { name, params, body } => {
                let block = self.nested(
                    Decl {
                        kind: BlockKind::Method,
                        name,
                        arity: params.len(),
                        params,
                        body,
                        span: stmt.span,
                    },
                    depth,
                    blocks,
                )?;
                emit(code, Opcode::DefMethod, block, params.len() as u32, line);
            }
[0m
[0m$ [0msed -n '265,295p' src/bytecode/codegen.rs
Statement::Repeat { count, body } => {
                self.expr(count, code, line)?;
                emit(code, Opcode::GetRange, 0, 1, line);
                let top = code.len() as u32;
                let counter = self.text(REPEAT_COUNTER);
                emit(code, Opcode::Store, counter, 0, line);
                self.statements(body, code, blocks, depth)?;
                emit(code, Opcode::Jump, top, 0, line);
            }
            Statement::While { condition, body } => {
                let top = code.len() as u32;
                self.expr(condition, code, line)?;
                let to_end = jump(code, Opcode::JumpIfFalse, line);
                self.statements(body, code, blocks, depth)?;
                emit(code, Opcode::Jump, top, 0, line);
                patch_here(code, to_end);
            }
            Statement::Break => emit(code, Opcode::Break, 0, 0, line),
            Statement::Skip => emit(code, Opcode::Skip, 0, 0, line),
            Statement::Return(expr) | Statement::GiveBack(expr) => {
                match expr {
                    Some(expr) => self.expr(expr, code, line)?,
                    None => {
                        let nothing = self.constant(Constant::Nothing);
                        emit(code, Opcode::PushConst, nothing, 0, line);
                    }
                }
                emit(code, Opcode::Return, 0, 0, line);
            }
            Statement::Function { name, params, body } => {
                let block = self.nested(
[0m
Now the minimal fix so the two VMs agree on what a program is worth. Change 1 — codegen:
[0m← [0mEdit src/bytecode/codegen.rs
Index: /home/runner/work/rbops/rbops/redblue/src/bytecode/codegen.rs
===================================================================
--- /home/runner/work/rbops/rbops/redblue/src/bytecode/codegen.rs
+++ /home/runner/work/rbops/rbops/redblue/src/bytecode/codegen.rs
@@ -98,9 +98,15 @@
 }
 
 let mut code = Vec::new();
 let mut blocks = Vec::new();
-self.statements(decl.body, &mut code, &mut blocks, depth)?;
+self.statements(
+    decl.body,
+    &mut code,
+    &mut blocks,
+    depth,
+    carries_its_last_expression(decl.kind),
+)?;
 
 Ok(Block {
     name: decl.name.to_string(),
     kind: decl.kind,

[0m
[0m← [0mEdit src/bytecode/codegen.rs
Index: /home/runner/work/rbops/rbops/redblue/src/bytecode/codegen.rs
===================================================================
--- /home/runner/work/rbops/rbops/redblue/src/bytecode/codegen.rs
+++ /home/runner/work/rbops/rbops/redblue/src/bytecode/codegen.rs
@@ -128,11 +128,29 @@
         blocks.push(block);
         Ok(index)
     }
 
-    /// Compiles `body` into `code`.
-    ///
-    /// `is_last` says whether `body` is the whole of the block it goes in. It is
+/// Whether a block of this kind is worth the value of its last statement.
+///
+/// Three kinds are: `main`, because `run` answers the whole program's value with
+/// it; a `Function` and a `Method`, because a call's answer is the value its
+/// body ends with. Every other kind is entered for its effect, so its last
+/// statement is a statement and leaves nothing behind — that is the tree-walking
+/// VM's rule, and `docs/BYTECODE.md`'s stack discipline ("an expression leaves
+/// its value on top, and a statement leaves nothing behind") is about the
+/// program, not about each block in it. A block that kept its last expression
+/// would leave a stray value on the operand stack of the block that entered it,
+/// which the frame would then hand to *its* caller.
+fn carries_its_last_expression(kind: BlockKind) -> bool {
+    matches!(
+        kind,
+        BlockKind::Main | BlockKind::Function | BlockKind::Method
+    )
+}
+
+/// Compiles `body` into `code`.
+///
+/// `is_last` says whether `body` is the whole of the block it goes in. It is
     /// only read by a bare expression statement, and it is what makes a block's
     /// value the one its last statement produced — which is what a call returns.
     fn statements(
         &mut self,

[0m
[0m← [0mEdit src/bytecode/codegen.rs
Index: /home/runner/work/rbops/rbops/redblue/src/bytecode/codegen.rs
===================================================================
--- /home/runner/work/rbops/rbops/redblue/src/bytecode/codegen.rs
+++ /home/runner/work/rbops/rbops/redblue/src/bytecode/codegen.rs
@@ -151,18 +151,33 @@
 ///
 /// `is_last` says whether `body` is the whole of the block it goes in. It is
     /// only read by a bare expression statement, and it is what makes a block's
     /// value the one its last statement produced — which is what a call returns.
+    /// `is_last` says whether `body` is the whole of the block it goes in. It is
+    /// only read by a bare expression statement, and it is what makes a block's
+    /// value the one its last statement produced — which is what a call returns.
+    ///
+    /// `value_bearing` says whether *this* block is one whose value is read; see
+    /// [`carries_its_last_expression`]. It is passed rather than derived because
+    /// the inner statements — an `if` branch, a loop body, a `catch` body — are
+    /// not blocks of their own in every case, and they are never value-bearing.
     fn statements(
         &mut self,
         body: &[Stmt],
         code: &mut Vec<Instruction>,
         blocks: &mut Vec<Block>,
         depth: usize,
+        value_bearing: bool,
     ) -> Result<()> {
         let last = body.len().saturating_sub(1);
         for (index, stmt) in body.iter().enumerate() {
-            self.statement(stmt, code, blocks, depth, index == last)?;
+            self.statement(
+                stmt,
+                code,
+                blocks,
+                depth,
+                value_bearing && index == last,
+            )?;
         }
         Ok(())
     }
 

[0m
Now update the 8 inner `self.statements(...)` call sites to pass `false`:
[0m$ [0mgrep -n "self\.statements(" src/bytecode/codegen.rs
102:        self.statements(
257:                self.statements(then_branch, code, blocks, depth)?;
264:                    self.statements(else_branch, code, blocks, depth)?;
278:                self.statements(body, code, blocks, depth)?;
301:                self.statements(body, code, blocks, depth)?;
310:                self.statements(body, code, blocks, depth)?;
317:                self.statements(body, code, blocks, depth)?;
451:                self.statements(body, code, blocks, depth)?;
[0m
[0m$ [0mpython3 - <<'PY'
import re
p = "src/bytecode/codegen.rs"
s = open(p).read()
for arg in ["then_branch", "else_branch", "body"]:
    old = f"self.statements({arg}, code, blocks, depth)?;"
    new = f"self.statements({arg}, code, blocks, depth, false)?;"
    n = s.count(old)
    s = s.replace(old, new)
    print(f"{arg}: {n}")
open(p, "w").write(s)
PY
grep -n "self\.statements(" src/bytecode/codegen.rs
then_branch: 1
else_branch: 1
body: 5
102:        self.statements(
257:                self.statements(then_branch, code, blocks, depth, false)?;
264:                    self.statements(else_branch, code, blocks, depth, false)?;
278:                self.statements(body, code, blocks, depth, false)?;
301:                self.statements(body, code, blocks, depth, false)?;
310:                self.statements(body, code, blocks, depth, false)?;
317:                self.statements(body, code, blocks, depth, false)?;
451:                self.statements(body, code, blocks, depth, false)?;
[0m
Change 2 — the bytecode VM must not discard the top-level frame's value:
[0m← [0mEdit src/bytecode/vm.rs
Index: /home/runner/work/rbops/rbops/redblue/src/bytecode/vm.rs
===================================================================
--- /home/runner/work/rbops/rbops/redblue/src/bytecode/vm.rs
+++ /home/runner/work/rbops/rbops/redblue/src/bytecode/vm.rs
@@ -905,16 +905,21 @@
     if self.stack.len() > frame.stack_base {
         value = self.stack.pop().expect("the stack holds a value");
     }
     self.stack.truncate(frame.stack_base);
-    if !frame.is_call {
-        return Ok(());
-    }
     if self.frames.is_empty() {
+        // The outermost frame is `main`, not a call, so nothing is waiting
+        // for its value — but it is the whole program's value, and `run`
+        // answers with it. Dropping it made `run` answer `nothing` for every
+        // program ending in an expression, which the tree-walking VM does
+        // not do, and made the two disagree about what a program is worth.
         self.outcome = value;
-    } else {
-        self.stack.push(value);
+        return Ok(());
     }
+    if !frame.is_call {
+        return Ok(());
+    }
+    self.stack.push(value);
     Ok(())
 }
 
 /// Registers the object type the finished body declared, and returns the

[0m
[0m$ [0mcargo test --test zz_scratch_probe -- --nocapture 2>&1 | grep -E "SRC|tree=|byte=|AGREE=|^error" | head -30
(no output)
[0m
[0m$ [0mcargo test --test zz_scratch_probe -- --nocapture 2>&1 | tail -30
[1m[92m   Compiling[0m redblue v0.1.0 (/home/runner/work/rbops/rbops/redblue)
[1m[91merror[E0425][0m[1m: cannot find function `carries_its_last_expression` in this scope[0m
   [1m[94m--> [0msrc/bytecode/codegen.rs:107:13
    [1m[94m|[0m
[1m[94m107[0m [1m[94m|[0m             carries_its_last_expression(decl.kind),
    [1m[94m|[0m             [1m[91m^^^^^^^^^^^^^^^^^^^^^^^^^^^[0m [1m[91mnot found in this scope[0m
    [1m[94m|[0m
[1m[96mhelp[0m: consider using the associated function on `Self`
    [1m[94m|[0m
[1m[94m107[0m [1m[94m| [0m            [92mSelf::[0mcarries_its_last_expression(decl.kind),
    [1m[94m|[0m             [92m++++++[0m

[1mFor more information about this error, try `rustc --explain E0425`.[0m
[1m[91merror[0m: could not compile `redblue` (lib) due to 1 previous error
[0m
[0m$ [0mgrep -n "carries_its_last_expression\|^impl\|^}" src/bytecode/codegen.rs | head -20
51:}
69:}
77:}
79:impl Compiler {
107:            carries_its_last_expression(decl.kind),
143:fn carries_its_last_expression(kind: BlockKind) -> bool {
148:}
160:    /// [`carries_its_last_expression`]. It is passed rather than derived because
617:}
636:}
645:}
651:}
657:}
663:}
[0m
[0m$ [0msed -n '110,152p' src/bytecode/codegen.rs
Ok(Block {
            name: decl.name.to_string(),
            kind: decl.kind,
            arity: decl.arity as u32,
            params: decl.params.to_vec(),
            code,
            blocks,
        })
    }

    /// Compiles a nested declaration, adds it to `blocks` and returns its
    /// index.
    ///
    /// The index is what the parent instruction carries, so `blocks` is in the
    /// order the compiler emitted the bodies in.
    fn nested(&mut self, decl: Decl<'_>, depth: usize, blocks: &mut Vec<Block>) -> Result<u32> {
        let block = self.block(decl, depth + 1)?;
        let index = blocks.len() as u32;
        blocks.push(block);
        Ok(index)
    }

/// Whether a block of this kind is worth the value of its last statement.
///
/// Three kinds are: `main`, because `run` answers the whole program's value with
/// it; a `Function` and a `Method`, because a call's answer is the value its
/// body ends with. Every other kind is entered for its effect, so its last
/// statement is a statement and leaves nothing behind — that is the tree-walking
/// VM's rule, and `docs/BYTECODE.md`'s stack discipline ("an expression leaves
/// its value on top, and a statement leaves nothing behind") is about the
/// program, not about each block in it. A block that kept its last expression
/// would leave a stray value on the operand stack of the block that entered it,
/// which the frame would then hand to *its* caller.
fn carries_its_last_expression(kind: BlockKind) -> bool {
    matches!(
        kind,
        BlockKind::Main | BlockKind::Function | BlockKind::Method
    )
}

/// Compiles `body` into `code`.
///
/// `is_last` says whether `body` is the whole of the block it goes in. It is
[0m
[0m$ [0mpython3 - <<'PY'
p = "src/bytecode/codegen.rs"
s = open(p).read()
start = s.index("/// Whether a block of this kind is worth the value of its last statement.")
end = s.index("/// Compiles `body` into `code`.", start)
block = s[start:end]
s = s[:start] + s[end:]
anchor = "impl Compiler {"
s = s.replace(anchor, block.rstrip() + "\n\n" + anchor, 1)
open(p, "w").write(s)
PY
grep -n "carries_its_last_expression\|^impl Compiler" src/bytecode/codegen.rs
90:fn carries_its_last_expression(kind: BlockKind) -> bool {
97:impl Compiler {
125:            carries_its_last_expression(decl.kind),
160:    /// [`carries_its_last_expression`]. It is passed rather than derived because
[0m
[0m$ [0mcargo test --test zz_scratch_probe -- --nocapture 2>&1 | grep -E "SRC|tree=|byte=|AGREE=|^error|warning: unused" | head -30
SRC "set t to 5\nsay t\nt\n"
  tree=(["5"], Ok("5"))
  byte=(["5"], Ok("5"))
  AGREE=true
SRC "1 + 2\n"
  tree=([], Ok("3"))
  byte=([], Ok("3"))
  AGREE=true
SRC "set r to {a: 1}\nset r.a to 2\n"
  tree=([], Ok("nothing"))
  byte=([], Ok("{a: 1}"))
  AGREE=false
SRC "if 1 is 1 then\n7\nend\n"
  tree=([], Ok("nothing"))
  byte=([], Ok("nothing"))
  AGREE=true
[0m
[0m$ [0mgrep -n "SetProperty" -A 22 src/bytecode/codegen.rs | head -30; echo "=== VM ==="; grep -n "SetProperty =>" -A 30 src/bytecode/vm.rs | head -40
237:            Statement::SetProperty {
238-                object: object_name,
239-                property,
240-                value,
241-            } => {
242-                let object = self.text(object_name);
243-                emit(code, Opcode::Load, object, 0, line);
244-                self.expr(value, code, line)?;
245-                let target = self.text(&format!("{object_name}.{property}"));
246:                emit(code, Opcode::SetProperty, target, 0, line);
247-            }
248-            Statement::If {
249-                condition,
250-                then_branch,
251-                else_branch,
252-            } => {
253-                self.expr(condition, code, line)?;
254-                // The `end` of an `if` with no `else` is where a false
255-                // condition lands, so there is one jump either way.
256-                let to_else = jump(code, Opcode::JumpIfFalse, line);
257-                self.statements(then_branch, code, blocks, depth, false)?;
258-                if else_branch.is_empty() {
259-                    patch_here(code, to_else);
260-                } else {
261-                    let to_end = jump(code, Opcode::Jump, line);
262-                    let else_start = code.len() as u32;
263-                    patch(code, to_else, else_start);
264-                    self.statements(else_branch, code, blocks, depth, false)?;
265-                    patch_here(code, to_end);
266-                }
=== VM ===
1086:            Opcode::SetProperty => self.set_property(instruction, frame),
1087-            Opcode::Index => {
1088-                let index_value = self.pop()?;
1089-                let object = self.pop()?;
1090-                let value = runtime::index(self.span(), object, index_value)?;
1091-                self.push(value);
1092-                self.advance(frame);
1093-                Ok(())
1094-            }
1095-            Opcode::BuildList => {
1096-                let values = self.pop_n(instruction.arg)?;
1097-                self.push(Value::List(values));
1098-                self.advance(frame);
1099-                Ok(())
1100-            }
1101-            Opcode::BuildRecord => {
1102-                let flat = self.pop_n(instruction.arg.saturating_mul(2))?;
1103-                let mut fields = Fields::new();
1104-                for pair in flat.as_chunks::<2>().0 {
1105-                    let Value::Text(key) = &pair[0] else {
1106-                        return Err(Error::Runtime(
1107-                            "a record key must be text".to_string(),
1108-                            self.span(),
1109-                        ));
1110-                    };
1111-                    fields.insert(key.clone(), pair[1].clone());
1112-                }
1113-                self.push(Value::Record(fields));
1114-                self.advance(frame);
1115-                Ok(())
1116-            }
[0m
The `SET_PROPERTY` receiver leak (documented at `docs/BYTECODE.md:180` as popping both) is now visible. Let me check:
[0m$ [0mgrep -n "fn set_property" -A 45 src/bytecode/vm.rs
1514:    fn set_property(&mut self, instruction: Instruction, frame: usize) -> Result<()> {
1515-        let value = self.pop()?;
1516-        let target = self.constant_text(instruction.arg)?;
1517-        let Some((object, field)) = split_dotted(&target) else {
1518-            return Err(Error::Runtime(
1519-                format!("bytecode names the field '{target}' without an object"),
1520-                self.span(),
1521-            ));
1522-        };
1523-        // The tree-walking VM reads the object out of the variable, and an object
1524-        // that is not a record is left alone rather than reported.
1525-        if let Some(Value::Record(mut fields)) = self.get_var(object) {
1526-            fields.insert(field.to_string(), value);
1527-            self.bind(frame, object, Value::Record(fields));
1528-        }
1529-        self.advance(frame);
1530-        Ok(())
1531-    }
1532-
1533-    // -- returns ------------------------------------------------------------
1534-
1535-    /// `RETURN`.
1536-    ///
1537-    /// A `return` inside a `try` does not leave the function in the tree-walking
1538-    /// VM — it yields a value and the next statement runs — so a bytecode `RETURN`
1539-    /// with a handler installed above this frame does the same rather than
1540-    /// quietly abandoning the handlers.
1541-    fn return_value(&mut self, frame: usize) -> Result<()> {
1542-        let value = self.pop()?;
1543-        if self.handlers.len() > self.frames[frame].handler_base {
1544-            self.advance(frame);
1545-            return Ok(());
1546-        }
1547-        // `return` is an ordinary statement in Redblue, not an escape: the
1548-        // tree-walking VM evaluates it and the block carries on to the next
1549-        // statement, and only the block's *last* statement is its value. So the
1550-        // value survives only when this return is the block's final
1551-        // instruction, which is exactly when the tree-walker would return it.
1552-        //
1553-        // The operand stack is cut back to where the frame started either way,
1554-        // because a `return` in the middle of a block leaves nothing behind:
1555-        // the tree-walker has no stack to leave a stray value on.
1556-        let last = self.frames[frame].ip + 1 >= self.code_len(frame);
1557-        self.stack.truncate(self.frames[frame].stack_base);
1558-        if last {
1559-            self.stack.push(value);
[0m
[0m← [0mEdit src/bytecode/vm.rs
Index: /home/runner/work/rbops/rbops/redblue/src/bytecode/vm.rs
===================================================================
--- /home/runner/work/rbops/rbops/redblue/src/bytecode/vm.rs
+++ /home/runner/work/rbops/rbops/redblue/src/bytecode/vm.rs
@@ -1512,8 +1512,15 @@
 
 /// `SET_PROPERTY`: writes a field back to the binding its name denotes.
 fn set_property(&mut self, instruction: Instruction, frame: usize) -> Result<()> {
     let value = self.pop()?;
+    // The code in front of this instruction pushed the object as well as the
+    // value, and `docs/BYTECODE.md` says `SET_PROPERTY` pops both. The
+    // object is dropped rather than used: the target it named is in the
+    // operand, and the object itself is read out of the variable again
+    // below. Leaving it on the stack made a `set r.a to 2` the last
+    // statement of `main` hand `r` back as the program's value.
+    self.pop()?;
     let target = self.constant_text(instruction.arg)?;
     let Some((object, field)) = split_dotted(&target) else {
         return Err(Error::Runtime(
             format!("bytecode names the field '{target}' without an object"),

[0m
[0m$ [0mcargo test --test zz_scratch_probe -- --nocapture 2>&1 | grep -E "SRC|tree=|byte=|AGREE=|^error" | head -20
SRC "set t to 5\nsay t\nt\n"
  tree=(["5"], Ok("5"))
  byte=(["5"], Ok("5"))
  AGREE=true
SRC "1 + 2\n"
  tree=([], Ok("3"))
  byte=([], Ok("3"))
  AGREE=true
SRC "set r to {a: 1}\nset r.a to 2\n"
  tree=([], Ok("nothing"))
  byte=([], Ok("nothing"))
  AGREE=true
SRC "if 1 is 1 then\n7\nend\n"
  tree=([], Ok("nothing"))
  byte=([], Ok("nothing"))
  AGREE=true
[0m
All four agree now. Let me check I haven't broken the existing 500 tests:
[0m$ [0mrm -f tests/zz_scratch_probe.rs && cargo test --all-targets 2>&1 | grep -E "^test result|^error|FAILED|panicked" | head -40
test result: ok. 6 passed; 0 failed; 0 ignored; 0 measured; 0 filtered out; finished in 0.00s
test result: ok. 0 passed; 0 failed; 0 ignored; 0 measured; 0 filtered out; finished in 0.00s
test result: ok. 47 passed; 0 failed; 0 ignored; 0 measured; 0 filtered out; finished in 0.27s
test result: ok. 33 passed; 0 failed; 0 ignored; 0 measured; 0 filtered out; finished in 29.47s
test result: ok. 11 passed; 0 failed; 0 ignored; 0 measured; 0 filtered out; finished in 0.20s
test result: ok. 26 passed; 0 failed; 0 ignored; 0 measured; 0 filtered out; finished in 0.11s
test result: ok. 20 passed; 0 failed; 0 ignored; 0 measured; 0 filtered out; finished in 0.01s
test corpus_holds_at_least_two_hundred_programs ... FAILED
test every_corpus_program_agrees_between_the_two_vms ... FAILED
test edge_a_corpus_program_whose_expected_file_names_a_failure_reports_a_mismatch ... FAILED
test every_corpus_program_has_an_expected_output_file ... FAILED
test every_corpus_program_prints_what_its_expected_file_records ... FAILED
test the_corpus_holds_programs_that_must_fail ... FAILED
thread 'corpus_holds_at_least_two_hundred_programs' (7122) panicked at tests/differential_test.rs:115:23:
thread 'every_corpus_program_agrees_between_the_two_vms' (7125) panicked at tests/differential_test.rs:115:23:
thread 'edge_a_corpus_program_whose_expected_file_names_a_failure_reports_a_mismatch' (7123) panicked at tests/differential_test.rs:298:5:
thread 'every_corpus_program_has_an_expected_output_file' (7128) panicked at tests/differential_test.rs:115:23:
thread 'every_corpus_program_prints_what_its_expected_file_records' (7129) panicked at tests/differential_test.rs:115:23:
thread 'the_corpus_holds_programs_that_must_fail' (7130) panicked at tests/differential_test.rs:115:23:
test result: FAILED. 1 passed; 6 failed; 0 ignored; 0 measured; 0 filtered out; finished in 0.00s
[0m
[0m$ [0mcargo test --all-targets 2>&1 | grep -E "^test result" | awk -F'[ ;]' '{p+=$4; f+=$6} END {print "passed:",p," failed:",f}'; echo "--- remaining failures ---"; cargo test --all-targets 2>&1 | grep -B2 -A12 "^failures:$" | grep "^    " | sort -u
passed: 144  failed: 0
--- remaining failures ---
    corpus_holds_at_least_two_hundred_programs
    edge_a_corpus_program_whose_expected_file_names_a_failure_reports_a_mismatch
    every_corpus_program_agrees_between_the_two_vms
    every_corpus_program_has_an_expected_output_file
    every_corpus_program_prints_what_its_expected_file_records
    the_corpus_holds_programs_that_must_fail
[0m
[0m$ [0mcargo test --all-targets --no-fail-fast 2>&1 | tee ./target/tmp/full.log | grep -E "^test result" | awk -F'[ ;]' '{p+=$4; f+=$6} END {print "TOTAL passed:",p," failed:",f}'; echo "--- failures ---"; grep -A200 "^failures:$" ./target/tmp/full.log | grep "^    [a-z_]*::" | sort -u
TOTAL passed: 495  failed: 0
--- failures ---
[0m
[0m$ [0mgrep -c "^test result" ./target/tmp/full.log; echo "---"; grep -n "differential" ./target/tmp/full.log | head; echo "--- all result lines ---"; grep -n "^test result" ./target/tmp/full.log
24
---
187:[1m[92m     Running[0m tests/differential_test.rs (target/debug/deps/differential_test-8a459288164610f5)
202:thread 'corpus_holds_at_least_two_hundred_programs' (10052) panicked at tests/differential_test.rs:115:23:
207:   2: differential_test::corpus
208:   3: differential_test::corpus_holds_at_least_two_hundred_programs
209:   4: differential_test::corpus_holds_at_least_two_hundred_programs::{closure#0}
210:   5: <differential_test::corpus_holds_at_least_two_hundred_programs::{closure#0} as core::ops::function::FnOnce<()>>::call_once
215:thread 'every_corpus_program_agrees_between_the_two_vms' (10055) panicked at tests/differential_test.rs:115:23:
220:   2: differential_test::corpus
221:   3: differential_test::every_corpus_program_agrees_between_the_two_vms
222:   4: differential_test::every_corpus_program_agrees_between_the_two_vms::{closure#0}
--- all result lines ---
12:test result: ok. 6 passed; 0 failed; 0 ignored; 0 measured; 0 filtered out; finished in 0.00s
18:test result: ok. 0 passed; 0 failed; 0 ignored; 0 measured; 0 filtered out; finished in 0.00s
71:test result: ok. 47 passed; 0 failed; 0 ignored; 0 measured; 0 filtered out; finished in 0.27s
110:test result: ok. 33 passed; 0 failed; 0 ignored; 0 measured; 0 filtered out; finished in 27.45s
127:test result: ok. 11 passed; 0 failed; 0 ignored; 0 measured; 0 filtered out; finished in 0.20s
159:test result: ok. 26 passed; 0 failed; 0 ignored; 0 measured; 0 filtered out; finished in 0.11s
185:test result: ok. 20 passed; 0 failed; 0 ignored; 0 measured; 0 filtered out; finished in 0.01s
291:test result: FAILED. 1 passed; 6 failed; 0 ignored; 0 measured; 0 filtered out; finished in 0.00s
311:test result: ok. 13 passed; 0 failed; 0 ignored; 0 measured; 0 filtered out; finished in 0.28s
338:test result: ok. 21 passed; 0 failed; 0 ignored; 0 measured; 0 filtered out; finished in 0.01s
387:test result: ok. 43 passed; 0 failed; 0 ignored; 0 measured; 0 filtered out; finished in 0.68s
401:test result: ok. 8 passed; 0 failed; 0 ignored; 0 measured; 0 filtered out; finished in 0.00s
423:test result: ok. 16 passed; 0 failed; 0 ignored; 0 measured; 0 filtered out; finished in 0.00s
478:test result: ok. 49 passed; 0 failed; 0 ignored; 0 measured; 0 filtered out; finished in 0.03s
506:test result: ok. 22 passed; 0 failed; 0 ignored; 0 measured; 0 filtered out; finished in 1.01s
532:test result: ok. 20 passed; 0 failed; 0 ignored; 0 measured; 0 filtered out; finished in 0.00s
564:test result: ok. 26 passed; 0 failed; 0 ignored; 0 measured; 0 filtered out; finished in 0.05s
593:test result: ok. 23 passed; 0 failed; 0 ignored; 0 measured; 0 filtered out; finished in 0.09s
624:test result: ok. 25 passed; 0 failed; 0 ignored; 0 measured; 0 filtered out; finished in 0.11s
638:test result: ok. 8 passed; 0 failed; 0 ignored; 0 measured; 0 filtered out; finished in 0.31s
649:test result: ok. 5 passed; 0 failed; 0 ignored; 0 measured; 0 filtered out; finished in 0.00s
670:test result: ok. 15 passed; 0 failed; 0 ignored; 0 measured; 0 filtered out; finished in 0.00s
715:test result: ok. 39 passed; 0 failed; 0 ignored; 0 measured; 0 filtered out; finished in 5.10s
739:test result: ok. 18 passed; 0 failed; 0 ignored; 0 measured; 0 filtered out; finished in 0.00s
[0m
[0m$ [0mcat Cargo.toml; echo "=== Error API ==="; grep -n "pub fn label\|pub fn message\|pub enum Error" -A 12 src/error.rs | head -40
[package]
name = "redblue"
version = "0.1.0"
edition = "2021"
authors = ["Redblue Contributors"]
description = "A programming language as readable as plain English"
license = "MIT"
repository = "https://github.com/redblue-lang/redblue"
keywords = ["programming-language", "compiler"]
categories = ["compiler", "development-tools"]

[[bin]]
name = "rb"
path = "src/main.rs"

[lib]
name = "redblue"
path = "src/lib.rs"

[dependencies]
regex = "1.10"
chrono = "0.4"
reqwest = { version = "0.11", features = ["blocking"] }
indexmap = "2"

[dev-dependencies]
regex = "1.10"
serde_json = "1.0"

[profile.release]
opt-level = 3
lto = true
=== Error API ===
37:pub enum Error {
38-    Lexer(String, Span),
39-    Parser(String, Span),
40-    Analyzer(String, Span),
41-    Runtime(String, Span),
42-    Io(String),
43-}
44-
45-impl Error {
46-    /// The source position of this failure, or `None` for failures that have
47-    /// no position at all (`Io`) and for failures reported as `unknown`.
48-    pub fn span(&self) -> Option<&Span> {
49-        let span = match self {
--
69:    pub fn label(&self) -> &'static str {
70-        match self {
71-            Error::Lexer(_, _) => "LexerError",
72-            Error::Parser(_, _) => "ParserError",
73-            Error::Analyzer(_, _) => "AnalyzerError",
74-            Error::Runtime(_, _) => "RuntimeError",
75-            Error::Io(_) => "IoError",
76-        }
77-    }
78-
79-    /// The failure message on its own, with no position.
80-    ///
81-    /// Editor tooling carries the position in its own field, so it wants the
--
84:    pub fn message(&self) -> &str {
85-        match self {
86-            Error::Lexer(msg, _)
87-            | Error::Parser(msg, _)
88-            | Error::Analyzer(msg, _)
89-            | Error::Runtime(msg, _)
90-            | Error::Io(msg) => msg,
91-        }
92-    }
93-
94-    fn location(&self, file: Option<&str>) -> Option<String> {
95-        let span = self.span()?;
[0m
Only the 6 corpus tests fail; all 494 pre-existing tests still pass. Now building the harness. First, check available deps:
[0m← [0mWrite tests/common/rng.rs
Wrote file successfully.
[0m
No `rand` dep — I'll write the PRNG. Starting the harness modules:
I used the wrong SplitMix64 multipliers. Let me fix and compute the real golden values:
[0m$ [0mpython3 - <<'PY'
M = (1<<64) - 1
def sm64(seed, n):
    s = seed; out = []
    for _ in range(n):
        s = (s + 0x9E3779B97F4A7C15) & M
        z = s
        z = ((z ^ (z >> 30)) * 0xBF58476D1CE4E5B9) & M
        z = ((z ^ (z >> 27)) * 0x94D049BB133111EB) & M
        out.append(z ^ (z >> 31))
    return out
v = sm64(0, 3)
for x in v: print(f"0x{x:016X}")
PY
0xE220A8397B1DCDAF
0x6E789E6AA1B965F4
0x06C45D188009454F
[0m
[0m$ [0mpython3 - <<'PY'
p = "tests/common/rng.rs"
s = open(p).read()
s = s.replace("const MIX1: u64 = 0x2545_F491_4F6C_DD1D;", "const MIX1: u64 = 0xBF58_476D_1CE4_E5B9;")
s = s.replace("const MIX2: u64 = 0xBF58_476D_1CE4_E5B9;", "const MIX2: u64 = 0x94D0_49BB_1331_11EB;")
open(p,"w").write(s)
PY
grep -n "MIX1\|MIX2" tests/common/rng.rs | head -6
28:const MIX1: u64 = 0xBF58_476D_1CE4_E5B9;
30:const MIX2: u64 = 0x94D0_49BB_1331_11EB;
43:        z = (z ^ (z >> 30)).wrapping_mul(MIX1);
44:        z = (z ^ (z >> 27)).wrapping_mul(MIX2);
[0m
[0m← [0mWrite tests/common/vm.rs
Wrote file successfully.
[0m
Now `tests/common/vm.rs` — one program, two VMs, one comparison:
Now the corpus format and loader — `tests/common/corpus.rs`:
[0m← [0mWrite tests/common/corpus.rs
Wrote file successfully.
[0m
[0m← [0mEdit tests/common/corpus.rs
Index: /home/runner/work/rbops/rbops/redblue/tests/common/corpus.rs
===================================================================
--- /home/runner/work/rbops/rbops/redblue/tests/common/corpus.rs
+++ /home/runner/work/rbops/rbops/redblue/tests/common/corpus.rs
@@ -207,19 +207,14 @@
 let mut in_output = false;
 
 for line in lines {
     if !in_output {
-        // Directives are only directives before the first output line: a
-        // printed line that looks like one has already been escaped, so
-        // reaching here means it really was a directive.
+        // A directive is only a directive before the first printed line. A
+        // printed line that looks like one is already escaped (`\#label`),
+        // so an unescaped `#` here is either a directive this format does
+        // not have or a file written by a newer writer.
         if !in_message {
             if let Some(rest) = line.strip_prefix(VALUE_PREFIX) {
-                if in_output {
-                    return Err(format!(
-                        "a #value directive after the output; a printed line that \
-                         looked like one should have been written '\\#value'"
-                    ));
-                }
                 value = unescape(rest)?;
                 continue;
             }
             if let Some(rest) = line.strip_prefix(MESSAGE_PREFIX) {
@@ -227,23 +222,20 @@
                 message = unescape(rest)?;
                 continue;
             }
         }
-        // Anything else after the directives is output, and from here on
-        // nothing is a directive again.
-        if in_message {
+        if !line.starts_with('#') {
             in_output = true;
             output.push(unescape(line)?);
             continue;
         }
-        if line.starts_with('#') && !line.starts_with("\\#") {
-            return Err(format!(
-                "unknown directive {line:?}; a printed line beginning with '#' is \
-                 written '\\#'"
-            ));
-        }
-        in_output = true;
+        return Err(format!(
+            "unknown directive {line:?} after '{LABEL_PREFIX}{label}'; a printed line \
+             beginning with '#' is written '\\#'"
+        ));
     }
+    // Past the first printed line nothing is a directive: everything left
+    // is output, escaped or not.
     output.push(unescape(line)?);
 }
 
 if label == "none" && !message.is_empty() {

[0m
The parse loop I wrote is convoluted and has an unreachable branch. Let me rewrite it cleanly:
Now the shrinker:
[0m← [0mWrite tests/common/shrink.rs
Wrote file successfully.
[0m
[0m← [0mEdit tests/common/shrink.rs
Index: /home/runner/work/rbops/rbops/redblue/tests/common/shrink.rs
===================================================================
--- /home/runner/work/rbops/rbops/redblue/tests/common/shrink.rs
+++ /home/runner/work/rbops/rbops/redblue/tests/common/shrink.rs
@@ -263,32 +263,37 @@
 }
 
 #[test]
 fn edge_the_shrinker_reduces_a_real_counterexample() {
-    // A real, small counterexample: the tree-walking VM and the bytecode VM
-    // on something long. Shrunk, it should get much shorter, and it should
-    // stay a counterexample the whole way — which is what the predicate is
-    // for.
+    // A real, long program that reports the same failure all the way down.
+    // The predicate names the *failure*, so the reduction cannot wander off
+    // into a different one — a reduced program that fails for a new reason
+    // is a misleading bug report, which is worse than no reduction.
     let mut program = String::from("set a to 1\n");
-    for n in 0..30 {
+    for n in 0..20 {
         program.push_str(&format!("set a to a + {n}\n"));
     }
-    program.push_str("say a\n");
+    program.push_str("set xs to [1]\nsay xs[9]\n");
 
     let reduced = shrink(&program, |candidate| {
-        crate::common::vm::tree_walk(candidate) != crate::common::vm::bytecode(candidate)
+        matches!(
+            crate::common::vm::tree_walk(candidate).result,
+            Err(ref message) if message.starts_with("RuntimeError:")
+        )
     });
 
     assert!(
         reduced.len() < program.len() / 2,
         "the reduction went from {} to {} chars, which is not a reduction",
         program.len(),
         reduced.len()
     );
-    assert_ne!(
-        crate::common::vm::tree_walk(&reduced),
-        crate::common::vm::bytecode(&reduced),
-        "the reduced program must still be the counterexample it was reduced from"
+    assert!(
+        matches!(
+            crate::common::vm::tree_walk(&reduced).result,
+            Err(ref message) if message.starts_with("RuntimeError:")
+        ),
+        "the reduced program must still report the failure it was reduced from: {reduced:?}"
     );
 }
 
 #[test]

[0m
Now the generator — corpus families plus the seeded random program generator:
[0m← [0mWrite tests/common/generator.rs
Wrote file successfully.
[0m
[0m$ [0mgrep -n "\"length\"\|\"type_of\"\|\"upper\"\|\"uppercase\"" src/stdlib.rs | head -20; echo "=== count builtins ==="; grep -c '=>' src/stdlib.rs; echo "=== builtin invocation path ==="; grep -n "is_builtin\|call_builtin\|built_in\|BUILTIN" src/bytecode/vm.rs | head -20
36:        "uppercase".to_string(),
37:        Value::Builtin("uppercase".to_string()),
61:    globals.insert("length".to_string(), Value::Builtin("length".to_string()));
198:    globals.insert("type_of".to_string(), Value::Builtin("type_of".to_string()));
220:        "uppercase" => {
241:        "length" => match args.first()? {
=== count builtins ===
25
=== builtin invocation path ===
[0m
[0m$ [0mcat > tests/zz_probe2.rs <<'EOF'
#[test]
fn probe() {
    for src in [
        "say upper(\"abc\")\n",
        "say uppercase(\"abc\")\n",
        "say length({a: 1})\n",
        "set r to {a: 1}\nfor each k in r do\nsay k\nend\n",
        "say \"a\\u0000b\"\n",
        "to f(n)\ngive back n\ngive back 0\nend\nsay f(9)\n",
        "object E\nend\nsay length(E.new())\n",
        "set r to nothing\nset r.a to 1\n",
        "say no_such_function(1)\n",
        "say no_such_variable\n",
        "set xs to [true]\nsay xs[0]\n",
        "set xs = 0\n",
        "say 1 2 3\n",
        "set x to 1 2 3\n",
        "to f(\nend\n",
        "say \"\\q\"\n",
        "say xs\n",
        "say 1 - 0.0\n",
        "say 1 / -0.0\n",
        "say 0.1 + 0.7\n",
        "say -7 % 3\n",
        "say 7 % -3\n",
        "say \"x\" + 1\n",
        "say nothing + 1\n",
        "say length(nothing)\n",
        "say length(yes)\n",
        "say type_of([1, \"a\", yes])\n",
        "set r to nothing\nset r.a to 1\nsay \"after\"\n",
        "say \"\\u0301\"\n",
        "say \"a\\u0000b\"\n",
        "to noreturn(x)\nsay x\nend\nsay noreturn(1)\n",
        "to nothing_at_all()\nend\nsay nothing_at_all()\n",
        "set xs = 0\n",
        "set x to {\"q\"}\nsay x[\"q\"]\n",
        "say 5[0]\n",
        "say {a: 1}[0]\n",
        "say \"a\" - 1\n",
        "say 1 + \"a\"\n",
        "say [1, 2] + \"a\"\n",
        "say yes + 1\n",
    ] {
        let o = { let t = redblue::lexer::Lexer::tokenize(src); match t { Ok(tk) => match redblue::parser::parse(tk) { Ok(a) => match redblue::analyzer::analyze(&a) { Ok(_) => { let (mut vm, r) = redblue::run_isolated(&a); format!("OK out={:?} val={:?}", vm.take_output(), r.map(|v| v.to_string()).map_err(|e| format!("{}: {}", e.label(), e.message()))) }, Err(e) => format!("ANALYZER {}", e.message()) }, Err(e) => format!("PARSER {}", e.message()) }, Err(e) => format!("LEXER {}", e.message()) } };
        println!("PROBE {:?}
{}", src, o);
    }
}
EOF
cargo test --test zz_probe2 -- --nocapture 2>&1 | grep -A1 "^PROBE" | head -140
PROBE "say upper(\"abc\")\n"
OK out=[] val=Err("RuntimeError: Unknown function 'upper'")
PROBE "say uppercase(\"abc\")\n"
OK out=[] val=Err("RuntimeError: Unknown function 'uppercase'")
PROBE "say length({a: 1})\n"
OK out=[] val=Err("RuntimeError: length requires a list or text")
PROBE "set r to {a: 1}\nfor each k in r do\nsay k\nend\n"
ANALYZER Unknown variable 'do'
--
PROBE "say \"a\\u0000b\"\n"
OK out=["au0000b"] val=Ok("nothing")
--
PROBE "to f(n)\ngive back n\ngive back 0\nend\nsay f(9)\n"
OK out=["0"] val=Ok("nothing")
PROBE "object E\nend\nsay length(E.new())\n"
PARSER Expected property name
PROBE "set r to nothing\nset r.a to 1\n"
OK out=[] val=Ok("nothing")
PROBE "say no_such_function(1)\n"
OK out=[] val=Err("RuntimeError: Unknown function 'no_such_function'")
PROBE "say no_such_variable\n"
ANALYZER Unknown variable 'no_such_variable'
PROBE "set xs to [true]\nsay xs[0]\n"
ANALYZER Unknown variable 'true'
PROBE "set xs = 0\n"
LEXER Unexpected character '='
--
PROBE "say 1 2 3\n"
OK out=["1"] val=Ok("3")
PROBE "set x to 1 2 3\n"
OK out=[] val=Ok("3")
PROBE "to f(\nend\n"
PARSER Expected RightParen but got Newline
--
PROBE "say \"\\q\"\n"
OK out=["q"] val=Ok("nothing")
PROBE "say xs\n"
ANALYZER Unknown variable 'xs'
--
PROBE "say 1 - 0.0\n"
OK out=["1"] val=Ok("nothing")
PROBE "say 1 / -0.0\n"
OK out=[] val=Err("RuntimeError: Division by zero")
--
PROBE "say 0.1 + 0.7\n"
OK out=["0.7999999999999999"] val=Ok("nothing")
--
PROBE "say -7 % 3\n"
OK out=["-1"] val=Ok("nothing")
--
PROBE "say 7 % -3\n"
OK out=["1"] val=Ok("nothing")
PROBE "say \"x\" + 1\n"
OK out=[] val=Err("RuntimeError: Cannot add non-numbers")
PROBE "say nothing + 1\n"
OK out=[] val=Err("RuntimeError: Cannot add non-numbers")
PROBE "say length(nothing)\n"
OK out=[] val=Err("RuntimeError: length requires a list or text")
PROBE "say length(yes)\n"
OK out=[] val=Err("RuntimeError: length requires a list or text")
--
PROBE "say type_of([1, \"a\", yes])\n"
OK out=["list"] val=Ok("nothing")
--
PROBE "set r to nothing\nset r.a to 1\nsay \"after\"\n"
OK out=["after"] val=Ok("nothing")
--
PROBE "say \"\\u0301\"\n"
OK out=["u0301"] val=Ok("nothing")
--
PROBE "say \"a\\u0000b\"\n"
OK out=["au0000b"] val=Ok("nothing")
--
PROBE "to noreturn(x)\nsay x\nend\nsay noreturn(1)\n"
OK out=["1", "nothing"] val=Ok("nothing")
--
PROBE "to nothing_at_all()\nend\nsay nothing_at_all()\n"
OK out=["nothing"] val=Ok("nothing")
PROBE "set xs = 0\n"
LEXER Unexpected character '='
PROBE "set x to {\"q\"}\nsay x[\"q\"]\n"
PARSER Expected field name
PROBE "say 5[0]\n"
OK out=[] val=Err("RuntimeError: Cannot index non-list")
PROBE "say {a: 1}[0]\n"
OK out=[] val=Err("RuntimeError: Cannot index non-list")
PROBE "say \"a\" - 1\n"
OK out=[] val=Err("RuntimeError: Cannot subtract non-numbers")
PROBE "say 1 + \"a\"\n"
OK out=[] val=Err("RuntimeError: Cannot add non-numbers")
PROBE "say [1, 2] + \"a\"\n"
OK out=[] val=Err("RuntimeError: Cannot add non-numbers")
PROBE "say yes + 1\n"
OK out=[] val=Err("RuntimeError: Cannot add non-numbers")
[0m
Important discoveries — `\u` escapes aren't supported, `for each` over a record fails, `set r.a` on `nothing` doesn't fault. Let me probe object syntax:
[0m$ [0mls examples/ modules/; echo "=== object examples ==="; grep -rn "object " examples/*.rb tests/*.rb 2>/dev/null | head -20
examples/:
files.rb
fizzbuzz.rb
formats.rb
hello.rb
test_arithmetic.rb
time.rb

modules/:
MathUtils.rb
SuiteKit.rb
=== object examples ===
tests/integration_test.rb:74:test "integration: an object declaration sits inside a working program"
tests/integration_test.rb:75:    object Session
tests/test_object_model.rb:1:// Redblue object model tests.
tests/test_object_model.rb:3:// `object Name [extends Parent]` with `has` fields and `to can` methods is
tests/test_object_model.rb:13://   acyclic: `object A extends A` is reported, and re-declaring a name is
tests/test_object_model.rb:21:    object Greeter
tests/test_object_model.rb:31:test "objects: a method writes to this and gives the object back"
tests/test_object_model.rb:32:    object Counter
tests/test_object_model.rb:45:    object Person
tests/test_object_model.rb:50:    object Employee extends Person
tests/test_object_model.rb:60:    object Base
tests/test_object_model.rb:63:    object Derived extends Base
tests/test_object_model.rb:74:    object One
tests/test_object_model.rb:80:    object Two extends One
tests/test_object_model.rb:83:    object Three extends Two
tests/test_object_model.rb:93:    object Row
tests/test_object_model.rb:104:    object Holder
tests/test_object_model.rb:116:        object Nothing_Here
tests/test_object_model.rb:128:        object Cycle extends Cycle
tests/test_objects.rb:1:// Redblue object tests.
[0m
[0m$ [0msed -n '28,60p' tests/test_object_model.rb
expect Greeter.greet("hello") to be "hello, Ada"
end

test "objects: a method writes to this and gives the object back"
    object Counter
        has total default 0
        to can bump()
            set this.total to this.total + 1
            give back this
        end
    end
    set bumped to Counter.bump()
    expect bumped.total to be 1
    expect Counter.total to be 0
end

test "objects: the nearest declaration of a method answers"
    object Person
        to can role()
            give back "person"
        end
    end
    object Employee extends Person
        to can role()
            give back "employee"
        end
    end
    expect Employee.role() to be "employee"
    expect Person.role() to be "person"
end

test "objects: a field declared by the child shadows the parent's field"
    object Base
[0m
Objects use `Name.method()` and `to can`. Let me probe the real syntax:
[0m$ [0mcat > tests/zz_probe3.rs <<'EOF'
fn run(src: &str) -> String {
    match redblue::lexer::Lexer::tokenize(src) { Err(e) => return format!("LEXER {}", e.message()),
      Ok(tk) => match redblue::parser::parse(tk) { Err(e) => return format!("PARSER {}", e.message()),
        Ok(a) => match redblue::analyzer::analyze(&a) { Err(e) => return format!("ANALYZER {}", e.message()),
          Ok(_) => { let (mut vm, r) = redblue::run_isolated(&a); format!("out={:?} val={:?}", vm.take_output(), r.map(|v| v.to_string()).map_err(|e| format!("{}: {}", e.label(), e.message()))) } } } }
}
#[test]
fn probe() {
    for src in [
        "object Empty\nend\nsay type_of(Empty)\n",
        "object Point\nhas x default 0\nend\nsay Point.x\n",
        "object Point\nhas x default 0\nend\nset Point.x to 3\nsay Point.x\n",
        "object A\nhas v default 1\nto can get()\ngive back v\nend\nend\nsay A.get()\n",
        "object A\nhas v default 1\nend\nobject B extends A\nend\nsay B.v\n",
        "object A\nhas v default 1\nend\nobject B extends A\nhas v default 2\nend\nsay B.v\n",
        "object A\nend\nsay A.missing\n",
        "object A\nhas v default 1\nto can get()\ngive back v\nend\nend\nsay length(A)\n",
        "object A\nhas v default 0\nto can bump()\nset this.v to this.v + 1\ngive back this.v\nend\nend\nsay A.bump()\nsay A.bump()\n",
        "object E\nend\nsay length(E)\n",
        "object A\nhas v default 1\nto can twice()\ngive back v * 2\nend\nend\nsay A.twice()\n",
        "object C\nhas n default 0\nto can count()\nset this.n to this.n + 1\ngive back this.n\nend\nend\nC.count()\nsay C.n\n",
        "object A\nend\nobject B extends A\nend\nobject D extends B\nend\nsay type_of(D)\n",
        "say \"a\\\\b\"\n",
        "say \"a\\nb\"\n",
        "say \"a\\tb\"\n",
        "say \"a\\\"b\"\n",
        "set xs to [1, 2]\nfor each x in xs do\nsay x\nend\n",
        "set r to {a: 1}\nfor each k in r do\nsay k\nend\n",
        "set xs to [yes]\nsay xs[0]\n",
        "to adder(n)\nto add(m)\ngive back n + m\nend\nend\n",
        "to adder(n)\nto add(m)\ngive back n + m\nend\nend\nset f to adder(1)\nsay f(10)\n",
        "to apply(f, x)\ngive back f(x)\nend\nto inc(n)\ngive back n + 1\nend\nsay apply(inc, 5)\n",
        "set xs = 0\n",
        "say 5[0]\n",
        "set r to {}\nsay r.a\n",
        "set r to nothing\nset r.a to 1\nsay r\n",
        "say nothing.a\n",
        "set xs to [1, 2, 3]\nsay xs[-4]\n",
        "say length(1)\n",
        "say type_of(nothing)\n",
        "set r to {a: 1}\nfor each x in [r] do\nsay x.a\nend\n",
    ] {
        println!("PROBE {:?}\n{}", src, run(src));
    }
}
EOF
cargo test --test zz_probe3 -- --nocapture 2>&1 | grep -A1 "^PROBE" | head -120
PROBE "object Empty\nend\nsay type_of(Empty)\n"
out=["record"] val=Ok("nothing")
--
PROBE "object Point\nhas x default 0\nend\nsay Point.x\n"
out=["0"] val=Ok("nothing")
--
PROBE "object Point\nhas x default 0\nend\nset Point.x to 3\nsay Point.x\n"
out=["3"] val=Ok("nothing")
PROBE "object A\nhas v default 1\nto can get()\ngive back v\nend\nend\nsay A.get()\n"
ANALYZER Unknown variable 'v'
--
PROBE "object A\nhas v default 1\nend\nobject B extends A\nend\nsay B.v\n"
out=["1"] val=Ok("nothing")
--
PROBE "object A\nhas v default 1\nend\nobject B extends A\nhas v default 2\nend\nsay B.v\n"
out=["2"] val=Ok("nothing")
--
PROBE "object A\nend\nsay A.missing\n"
out=["nothing"] val=Ok("nothing")
PROBE "object A\nhas v default 1\nto can get()\ngive back v\nend\nend\nsay length(A)\n"
ANALYZER Unknown variable 'v'
--
PROBE "object A\nhas v default 0\nto can bump()\nset this.v to this.v + 1\ngive back this.v\nend\nend\nsay A.bump()\nsay A.bump()\n"
out=["1", "1"] val=Ok("nothing")
PROBE "object E\nend\nsay length(E)\n"
out=[] val=Err("RuntimeError: length requires a list or text")
PROBE "object A\nhas v default 1\nto can twice()\ngive back v * 2\nend\nend\nsay A.twice()\n"
ANALYZER Unknown variable 'v'
--
PROBE "object C\nhas n default 0\nto can count()\nset this.n to this.n + 1\ngive back this.n\nend\nend\nC.count()\nsay C.n\n"
out=["0"] val=Ok("nothing")
--
PROBE "object A\nend\nobject B extends A\nend\nobject D extends B\nend\nsay type_of(D)\n"
out=["record"] val=Ok("nothing")
--
PROBE "say \"a\\\\b\"\n"
out=["a\\b"] val=Ok("nothing")
--
PROBE "say \"a\\nb\"\n"
out=["a\nb"] val=Ok("nothing")
--
PROBE "say \"a\\tb\"\n"
out=["a\tb"] val=Ok("nothing")
--
PROBE "say \"a\\\"b\"\n"
out=["a\"b"] val=Ok("nothing")
PROBE "set xs to [1, 2]\nfor each x in xs do\nsay x\nend\n"
ANALYZER Unknown variable 'do'
PROBE "set r to {a: 1}\nfor each k in r do\nsay k\nend\n"
ANALYZER Unknown variable 'do'
--
PROBE "set xs to [yes]\nsay xs[0]\n"
out=["yes"] val=Ok("nothing")
PROBE "to adder(n)\nto add(m)\ngive back n + m\nend\nend\n"
out=[] val=Ok("nothing")
PROBE "to adder(n)\nto add(m)\ngive back n + m\nend\nend\nset f to adder(1)\nsay f(10)\n"
out=[] val=Err("RuntimeError: Unknown function 'f'")
--
PROBE "to apply(f, x)\ngive back f(x)\nend\nto inc(n)\ngive back n + 1\nend\nsay apply(inc, 5)\n"
out=["6"] val=Ok("nothing")
PROBE "set xs = 0\n"
LEXER Unexpected character '='
PROBE "say 5[0]\n"
out=[] val=Err("RuntimeError: Cannot index non-list")
--
PROBE "set r to {}\nsay r.a\n"
out=["nothing"] val=Ok("nothing")
--
PROBE "set r to nothing\nset r.a to 1\nsay r\n"
out=["nothing"] val=Ok("nothing")
PROBE "say nothing.a\n"
out=[] val=Err("RuntimeError: Cannot access property on non-object")
PROBE "set xs to [1, 2, 3]\nsay xs[-4]\n"
out=[] val=Err("RuntimeError: Index -4 is out of bounds: length is 3, valid indexes are 0 to 2")
PROBE "say length(1)\n"
out=[] val=Err("RuntimeError: length requires a list or text")
--
PROBE "say type_of(nothing)\n"
out=["nothing"] val=Ok("nothing")
PROBE "set r to {a: 1}\nfor each x in [r] do\nsay x.a\nend\n"
ANALYZER Unknown variable 'do'
[0m
`for each x in xs do` doesn't lex — `do` isn't the keyword. Let me find the real syntax:
[0m$ [0mgrep -rn "for each" tests/test_lists.rb tests/test_control_flow.rb examples/*.rb 2>/dev/null | head -10; echo "=== grammar ==="; grep -n "for each\|ForEach\|Each" docs/GRAMMAR.md | head -10
tests/test_lists.rb:59:test "lists: for each accumulates every element"
tests/test_lists.rb:61:    for each value in [1, 2, 3, 4]
tests/test_lists.rb:67:test "lists: for each over an empty list leaves the accumulator alone"
tests/test_lists.rb:69:    for each value in []
tests/test_lists.rb:75:test "lists: nested for each walks every cell"
tests/test_lists.rb:77:    for each row in [[1, 2], [3, 4]]
tests/test_lists.rb:78:        for each cell in row
tests/test_lists.rb:97:    for each value in [1, 2, 3, 4]
tests/test_lists.rb:111:    for each value in [1, 2, 3, 4]
tests/test_control_flow.rb:130:test "control: for each walks a list in order"
=== grammar ===
481:for each i from 1 to 10
[0m
[0m$ [0mcat > tests/zz_probe4.rs <<'EOF'
fn run(src: &str) -> String {
    match redblue::lexer::Lexer::tokenize(src) { Err(e) => return format!("LEXER {}", e.message()),
      Ok(tk) => match redblue::parser::parse(tk) { Err(e) => return format!("PARSER {}", e.message()),
        Ok(a) => match redblue::analyzer::analyze(&a) { Err(e) => return format!("ANALYZER {}", e.message()),
          Ok(_) => { let (mut vm, r) = redblue::run_isolated(&a); format!("out={:?} val={:?}", vm.take_output(), r.map(|v| v.to_string()).map_err(|e| format!("{}: {}", e.label(), e.message()))) } } } }
}
#[test]
fn probe() {
    for src in [
        "for each i from 1 to 3\nsay i\nend\n",
        "set s to 0\nfor each i from 1 to 4\nset s to s + i\nend\nsay s\n",
        "print \"printed\"\n",
        "say \"a\"\nprint \"b\"\nsay \"c\"\n",
        "expect 1 to be 1\nsay \"ok\"\n",
        "expect 1 to be 2\n",
        "try\nsay 1 / 0\ncatch error\nsay \"c\"\nfinally\nsay \"f\"\nend\n",
        "set n to 0\nwhile n is less than 3 do\nset n to n + 1\nend\n",
        "set n to 0\nwhile n is less than 3\nset n to n + 1\nend\nsay n\n",
        "set i to 0\nwhile i is less than 3\nset i to i + 1\nend\nsay i\n",
        "for i from 1 to 3\nsay i\nend\n",
        "repeat 3 times\nsay \"x\"\nend\n",
        "to f(x)\ngive back x * 2\nend\nsay f(3)\n",
        "to f(x)\ngive back x * 2\nend\nset g to f\nsay g(3)\n",
        "set f to to(x)\ngive back x\nend\n",
        "constant K to 5\nsay K\n",
        "set K to 5\nsay K\n",
        "say 1 is 1 and 2 is 2\n",
        "say (1 + 2) * 3\n",
        "say 10 % 3\n",
        "say [1, 2] + [3]\n",
        "say \"a\" * 2\n",
        "set r to {a: 1}\nset r.b to 2\nsay r.b\n",
        "set xs to [1, 2, 3]\nset xs[0] to 9\nsay xs[0]\n",
        "to count(n)\nset t to 0\nset i to 0\nwhile i is less than n\nset t to t + i\nset i to i + 1\nend\ngive back t\nend\nsay count(4)\n",
        "to pick(x)\nif x is 1\nsay \"one\"\nend\ngive back 0\nend\nsay pick(1)\n",
        "if 1 is 1\nsay \"yes\"\nend\n",
        "if 1 is 2\nsay \"a\"\nelse\nsay \"b\"\nend\n",
        "set n to 0\nrepeat 2 times\nset n to n + 1\nend\nn\n",
        "say type_of([1])\n",
        "set r to {a: 1, b: {c: 2}}\nsay r.b.c\n",
        "set x to \"\\u0041\"\n",
        "say \"tab\\ttab\"\n",
        "say length(\"日本\")\n",
        "set xs to [1,2]\nsay xs[1]\nsay xs[-1]\n",
        "say \"a\" is \"b\"\n",
        "set a to 1\nset a to 2\nsay a\n",
        "to f()\ngive back 1\nend\nto f()\ngive back 2\nend\nsay f()\n",
        "object A\nhas v default 1\nto can get()\ngive back this.v\nend\nend\nsay A.get()\n",
        "object A\nhas v default 1\nto can get()\ngive back this.v\nend\nend\nsay A.get()\nsay A.v\n",
        "object A\nhas v default 1\nend\nobject B extends A\nend\nobject C extends B\nend\nsay C.v\n",
        "object A\nend\nsay A.missing\n",
        "set v to 1\nobject A\nend\n",
        "say 9007199254740993\n",
        "say 2147483647 + 1\n",
        "set xs to [1, 2, 3,]\nsay length(xs)\n",
    ] {
        println!("PROBE {:?}\n{}", src, run(src));
    }
}
EOF
cargo test --test zz_probe4 -- --nocapture 2>&1 | grep -A1 "^PROBE" | head -140
PROBE "for each i from 1 to 3\nsay i\nend\n"
PARSER Expected In but got From
PROBE "set s to 0\nfor each i from 1 to 4\nset s to s + i\nend\nsay s\n"
PARSER Expected In but got From
--
PROBE "say \"a\"\nprint \"b\"\nsay \"c\"\n"
out=["a", "c"] val=Ok("nothing")
--
PROBE "expect 1 to be 1\nsay \"ok\"\n"
out=["ok"] val=Ok("nothing")
PROBE "expect 1 to be 2\n"
out=[] val=Err("RuntimeError: Values not equal: Number(2.0) vs Number(1.0)")
--
PROBE "try\nsay 1 / 0\ncatch error\nsay \"c\"\nfinally\nsay \"f\"\nend\n"
out=["c", "f"] val=Ok("nothing")
PROBE "set n to 0\nwhile n is less than 3 do\nset n to n + 1\nend\n"
ANALYZER Unknown variable 'less'
--
PROBE "set n to 0\nwhile n is less than 3\nset n to n + 1\nend\nsay n\n"
ANALYZER Unknown variable 'less'
--
PROBE "set i to 0\nwhile i is less than 3\nset i to i + 1\nend\nsay i\n"
ANALYZER Unknown variable 'less'
--
PROBE "for i from 1 to 3\nsay i\nend\n"
PARSER Expected 'each' after 'for'
--
PROBE "repeat 3 times\nsay \"x\"\nend\n"
out=["x", "x", "x"] val=Ok("nothing")
--
PROBE "to f(x)\ngive back x * 2\nend\nsay f(3)\n"
out=["6"] val=Ok("nothing")
--
PROBE "to f(x)\ngive back x * 2\nend\nset g to f\nsay g(3)\n"
out=["6"] val=Ok("nothing")
PROBE "set f to to(x)\ngive back x\nend\n"
PARSER Unexpected token To
--
PROBE "constant K to 5\nsay K\n"
out=["5"] val=Ok("nothing")
--
PROBE "set K to 5\nsay K\n"
out=["5"] val=Ok("nothing")
--
PROBE "say 1 is 1 and 2 is 2\n"
out=["yes"] val=Ok("nothing")
--
PROBE "say (1 + 2) * 3\n"
out=["9"] val=Ok("nothing")
--
PROBE "say 10 % 3\n"
out=["1"] val=Ok("nothing")
PROBE "say [1, 2] + [3]\n"
out=[] val=Err("RuntimeError: Cannot add non-numbers")
PROBE "say \"a\" * 2\n"
out=[] val=Err("RuntimeError: Cannot multiply non-numbers")
--
PROBE "set r to {a: 1}\nset r.b to 2\nsay r.b\n"
out=["2"] val=Ok("nothing")
PROBE "set xs to [1, 2, 3]\nset xs[0] to 9\nsay xs[0]\n"
PARSER Expected To but got LeftBracket
PROBE "to count(n)\nset t to 0\nset i to 0\nwhile i is less than n\nset t to t + i\nset i to i + 1\nend\ngive back t\nend\nsay count(4)\n"
ANALYZER Unknown variable 'less'
--
PROBE "to pick(x)\nif x is 1\nsay \"one\"\nend\ngive back 0\nend\nsay pick(1)\n"
PARSER Expected Then but got Say
PROBE "if 1 is 1\nsay \"yes\"\nend\n"
PARSER Expected Then but got Say
PROBE "if 1 is 2\nsay \"a\"\nelse\nsay \"b\"\nend\n"
PARSER Expected Then but got Say
PROBE "set n to 0\nrepeat 2 times\nset n to n + 1\nend\nn\n"
out=[] val=Ok("2")
--
PROBE "say type_of([1])\n"
out=["list"] val=Ok("nothing")
--
PROBE "set r to {a: 1, b: {c: 2}}\nsay r.b.c\n"
out=["2"] val=Ok("nothing")
PROBE "set x to \"\\u0041\"\n"
out=[] val=Ok("nothing")
--
PROBE "say \"tab\\ttab\"\n"
out=["tab\ttab"] val=Ok("nothing")
--
PROBE "say length(\"日本\")\n"
out=["6"] val=Ok("nothing")
--
PROBE "set xs to [1,2]\nsay xs[1]\nsay xs[-1]\n"
out=["2", "2"] val=Ok("nothing")
--
PROBE "say \"a\" is \"b\"\n"
out=["no"] val=Ok("nothing")
--
PROBE "set a to 1\nset a to 2\nsay a\n"
out=["2"] val=Ok("nothing")
--
PROBE "to f()\ngive back 1\nend\nto f()\ngive back 2\nend\nsay f()\n"
out=["2"] val=Ok("nothing")
--
PROBE "object A\nhas v default 1\nto can get()\ngive back this.v\nend\nend\nsay A.get()\n"
out=["1"] val=Ok("nothing")
--
PROBE "object A\nhas v default 1\nto can get()\ngive back this.v\nend\nend\nsay A.get()\nsay A.v\n"
out=["1", "1"] val=Ok("nothing")
--
PROBE "object A\nhas v default 1\nend\nobject B extends A\nend\nobject C extends B\nend\nsay C.v\n"
out=["1"] val=Ok("nothing")
--
PROBE "object A\nend\nsay A.missing\n"
out=["nothing"] val=Ok("nothing")
PROBE "set v to 1\nobject A\nend\n"
out=[] val=Ok("nothing")
--
PROBE "say 9007199254740993\n"
out=["9007199254740992"] val=Ok("nothing")
--
PROBE "say 2147483647 + 1\n"
out=["2147483648"] val=Ok("nothing")
--
PROBE "set xs to [1, 2, 3,]\nsay length(xs)\n"
out=["3"] val=Ok("nothing")
[0m
[0m$ [0mgrep -n -i "greater\|less\|more than\|bigger\|comparison" docs/GRAMMAR.md | head -20; echo "=== lexer comparison tokens ==="; grep -n "GreaterThan\|LessThan\|Compare" src/lexer.rs | head -20
43:         | 'if' | 'then' | 'else' | 'end' | 'when' | 'unless'
92:// Comparison
95:lt_op        = 'is less than' | '<'
96:lte_op       = 'is less than or equal to' | '<='
97:gt_op        = 'is greater than' | '>'
98:gte_op       = 'is greater than or equal to' | '>='
219:// Unless statement
220:unless_statement = 'unless' expression
371:### 5.6 Comparison Expressions
374:comparison       = additive
375:                 | comparison 'is equal to' additive   // ==
376:                 | comparison 'is not' additive       // !=
377:                 | comparison 'is less than' additive // <
378:                 | comparison 'is greater than' additive // >
379:                 | comparison 'is less than or equal to' additive // <=
380:                 | comparison 'is greater than or equal to' additive // >=
381:                 | comparison 'in' additive           // in (contains)
387:logical_and      = comparison
388:                 | logical_and 'and' comparison       // &&
472:if age is greater than 18
=== lexer comparison tokens ===
[0m
`is less than` is documented in `docs/GRAMMAR.md:95` but doesn't lex — a real spec drift. Final probe round:
[0m$ [0mcat > tests/zz_probe5.rs <<'EOF'
fn run(src: &str) -> String {
    match redblue::lexer::Lexer::tokenize(src) { Err(e) => return format!("LEXER {}", e.message()),
      Ok(tk) => match redblue::parser::parse(tk) { Err(e) => return format!("PARSER {}", e.message()),
        Ok(a) => match redblue::analyzer::analyze(&a) { Err(e) => return format!("ANALYZER {}", e.message()),
          Ok(_) => { let (mut vm, r) = redblue::run_isolated(&a); format!("out={:?} val={:?}", vm.take_output(), r.map(|v| v.to_string()).map_err(|e| format!("{}: {}", e.label(), e.message()))) } } } }
}
#[test]
fn probe() {
    for src in [
        "set n to 0\nwhile n < 3\nset n to n + 1\nend\nsay n\n",
        "say 1 < 2\n", "say 2 > 1\n", "say 1 <= 1\n", "say 2 >= 3\n", "say 1 == 1\n",
        "say \"a\" in \"abc\"\n", "say 1 in [1,2]\n",
        "set xs to [1, 2, 3]\nfor each x in xs\nsay x\nend\n",
        "for each x in []\nsay x\nend\nsay \"after\"\n",
        "set i to 0\nwhile i < 2\nset j to 0\nwhile j < 2\nsay i * 10 + j\nset j to j + 1\nend\nset i to i + 1\nend\n",
        "set n to 0\nrepeat 3 times\nset n to n + 1\nend\nn\n",
        "set r to {}\nsay r.a\nr.a\n",
        "to f(x)\ngive back x + 1\nend\nset g to f\nsay g(1)\ng(2)\n",
        "to make(n)\nto inner(m)\ngive back n + m\nend\nend\nsay 1\n",
        "to outer(n)\nto inner(m)\ngive back n + m\nend\nset i to inner(n)\nsay i(1)\nend\nsay outer(4)\n",
        "try\nsay 1/0\ncatch error\nsay error\nend\n",
        "try\nsay 1/0\ncatch e\nsay e\nend\n",
        "set xs to [1,2]\ntry\nsay xs[9]\ncatch err\nsay err\nend\n",
        "import MathUtils\nsay MathUtils.circle_area(2)\n",
        "say 1 is 1\n", "say 1 is not 1\n", "say yes and no\n", "say not yes\n",
        "say -0.0\n", "say 1 / -0.0\n", "say -7 % 3\n", "say 9 % 0\n",
        "say 0.1 + 0.2\n", "say 1/3\n",
        "say \"\"\n", "say \"\" + \"\"\n",
        "set r to {a: 1, a: 2}\nsay r.a\n",
        "set r to {a: 1}\nset s to r\nset s.a to 9\nsay r.a\n",
        "set xs to [1,2]\nset ys = xs\n",
        "set r to {list: [1,2], text: \"x\"}\nsay r.list[1]\n",
        "say nothing.a\n",
        "say length(\"日本語\")\n",
        "say length(\"👩‍💻\")\n",
        "say \"👩‍💻\"\n",
        "say \"𠮷\"\n", "say length(\"𠮷\")\n",
        "say \"e\\u0301\"\n",
        "say \"مرحبا\"\n",
        "\u{feff}say 1\n",
        "set x to 1\nend\n",
        "say 1 +\n",
        "say (1 + 2\n",
        "if 1 is 1 then\nsay \"a\"\n",
        "set x to\n",
        "set 1 to 2\n",
        "set x 5\n",
        "for each in [1]\nsay 1\nend\n",
        "repeat times\nsay 1\nend\n",
        "}\n",
        "if then\nsay 1\nend\n",
        "for each x in\nsay 1\nend\n",
        "set xs to [1, 2\nsay xs\n",
        "say @\n",
        "to f(\nend\n",
        "say \"unterminated\n",
        "say 1 2 3\n",
    ] {
        println!("PROBE {:?}\n{}", src, run(src));
    }
}
EOF
cargo test --test zz_probe5 -- --nocapture 2>&1 | grep -A1 "^PROBE" | head -160
PROBE "set n to 0\nwhile n < 3\nset n to n + 1\nend\nsay n\n"
LEXER Unexpected character '<'
PROBE "say 1 < 2\n"
LEXER Unexpected character '<'
PROBE "say 2 > 1\n"
LEXER Unexpected character '>'
PROBE "say 1 <= 1\n"
LEXER Unexpected character '<'
PROBE "say 2 >= 3\n"
LEXER Unexpected character '>'
PROBE "say 1 == 1\n"
LEXER Unexpected character '='
PROBE "say \"a\" in \"abc\"\n"
PARSER Unexpected token In
PROBE "say 1 in [1,2]\n"
PARSER Unexpected token In
--
PROBE "set xs to [1, 2, 3]\nfor each x in xs\nsay x\nend\n"
out=["1", "2", "3"] val=Ok("nothing")
--
PROBE "for each x in []\nsay x\nend\nsay \"after\"\n"
out=["after"] val=Ok("nothing")
PROBE "set i to 0\nwhile i < 2\nset j to 0\nwhile j < 2\nsay i * 10 + j\nset j to j + 1\nend\nset i to i + 1\nend\n"
LEXER Unexpected character '<'
PROBE "set n to 0\nrepeat 3 times\nset n to n + 1\nend\nn\n"
out=[] val=Ok("3")
--
PROBE "set r to {}\nsay r.a\nr.a\n"
out=["nothing"] val=Ok("nothing")
--
PROBE "to f(x)\ngive back x + 1\nend\nset g to f\nsay g(1)\ng(2)\n"
out=["2"] val=Ok("3")
--
PROBE "to make(n)\nto inner(m)\ngive back n + m\nend\nend\nsay 1\n"
out=["1"] val=Ok("nothing")
PROBE "to outer(n)\nto inner(m)\ngive back n + m\nend\nset i to inner(n)\nsay i(1)\nend\nsay outer(4)\n"
out=[] val=Err("RuntimeError: Unknown function 'i'")
--
PROBE "try\nsay 1/0\ncatch error\nsay error\nend\n"
out=["error"] val=Ok("nothing")
--
PROBE "try\nsay 1/0\ncatch e\nsay e\nend\n"
out=["error"] val=Ok("nothing")
--
PROBE "set xs to [1,2]\ntry\nsay xs[9]\ncatch err\nsay err\nend\n"
out=["error"] val=Ok("nothing")
PROBE "import MathUtils\nsay MathUtils.circle_area(2)\n"
out=[] val=Err("RuntimeError: Unknown function 'MathUtils_circle_area'")
--
PROBE "say 1 is 1\n"
out=["yes"] val=Ok("nothing")
--
PROBE "say 1 is not 1\n"
out=["no"] val=Ok("nothing")
--
PROBE "say yes and no\n"
out=["no"] val=Ok("nothing")
--
PROBE "say not yes\n"
out=["no"] val=Ok("nothing")
--
PROBE "say -0.0\n"
out=["0"] val=Ok("nothing")
PROBE "say 1 / -0.0\n"
out=[] val=Err("RuntimeError: Division by zero")
--
PROBE "say -7 % 3\n"
out=["-1"] val=Ok("nothing")
PROBE "say 9 % 0\n"
out=[] val=Err("RuntimeError: Modulo by zero")
--
PROBE "say 0.1 + 0.2\n"
out=["0.30000000000000004"] val=Ok("nothing")
--
PROBE "say 1/3\n"
out=["0.3333333333333333"] val=Ok("nothing")
--
PROBE "say \"\"\n"
out=[""] val=Ok("nothing")
--
PROBE "say \"\" + \"\"\n"
out=[""] val=Ok("nothing")
--
PROBE "set r to {a: 1, a: 2}\nsay r.a\n"
out=["2"] val=Ok("nothing")
--
PROBE "set r to {a: 1}\nset s to r\nset s.a to 9\nsay r.a\n"
out=["1"] val=Ok("nothing")
PROBE "set xs to [1,2]\nset ys = xs\n"
LEXER Unexpected character '='
--
PROBE "set r to {list: [1,2], text: \"x\"}\nsay r.list[1]\n"
out=["2"] val=Ok("nothing")
PROBE "say nothing.a\n"
out=[] val=Err("RuntimeError: Cannot access property on non-object")
--
PROBE "say length(\"日本語\")\n"
out=["9"] val=Ok("nothing")
--
PROBE "say length(\"👩\u{200d}💻\")\n"
out=["11"] val=Ok("nothing")
--
PROBE "say \"👩\u{200d}💻\"\n"
out=["👩\u{200d}💻"] val=Ok("nothing")
--
PROBE "say \"𠮷\"\n"
out=["𠮷"] val=Ok("nothing")
--
PROBE "say length(\"𠮷\")\n"
out=["4"] val=Ok("nothing")
--
PROBE "say \"e\\u0301\"\n"
out=["eu0301"] val=Ok("nothing")
--
PROBE "say \"مرحبا\"\n"
out=["مرحبا"] val=Ok("nothing")
--
PROBE "\u{feff}say 1\n"
out=["1"] val=Ok("nothing")
PROBE "set x to 1\nend\n"
PARSER Unexpected token End
PROBE "say 1 +\n"
PARSER Unexpected token Newline
PROBE "say (1 + 2\n"
PARSER Expected RightParen but got Newline
PROBE "if 1 is 1 then\nsay \"a\"\n"
PARSER Expected End but got Eof
PROBE "set x to\n"
PARSER Unexpected token Newline
PROBE "set 1 to 2\n"
PARSER Expected variable name
PROBE "set x 5\n"
PARSER Expected To but got Number(5.0)
PROBE "for each in [1]\nsay 1\nend\n"
PARSER Expected variable name
PROBE "repeat times\nsay 1\nend\n"
PARSER Unexpected token Times
PROBE "}\n"
PARSER Unexpected token RightBrace
PROBE "if then\nsay 1\nend\n"
PARSER Unexpected token Then
PROBE "for each x in\nsay 1\nend\n"
PARSER Unexpected token Newline
PROBE "set xs to [1, 2\nsay xs\n"
PARSER Unexpected token Newline
PROBE "say @\n"
LEXER Unexpected character '@'
PROBE "to f(\nend\n"
PARSER Expected RightParen but got Newline
PROBE "say \"unterminated\n"
LEXER Unterminated string
--
PROBE "say 1 2 3\n"
out=["1"] val=Ok("3")
[0m
Now I have full ground truth. Rewriting the families with verified syntax:
[0m$ [0mpython3 - <<'PY'
p = "tests/common/generator.rs"
s = open(p).read()
start = s.index("fn arithmetic(out: &mut Vec<Program>) {")
end = s.index("// --- the generated program ---")
print(repr(s[start-40:start]))
print("----")
print(repr(s[end-60:end+40]))
PY
'--------------------------------------\n\n'
----
'lue-tails-{}.rb", n(i + 1)), source.to_string()));\n    }\n}\n\n// --- the generated program -----------'
[0m
[0m$ [0mpython3 - <<'PY'
p = "tests/common/generator.rs"
s = open(p).read()
start = s.index("fn arithmetic(out: &mut Vec<Program>) {")
end = s.index("// --- the generated program ---")

families = r'''fn arithmetic(out: &mut Vec<Program>) {
    let programs: &[&str] = &[
        "say 2 + 3\n",
        "say 10 - 4 - 3\n",
        "say 2 * 3 * 4\n",
        "say 100 / 5 / 2\n",
        "say 2 + 3 * 4\n",
        "say (2 + 3) * 4\n",
        "say -5 + 3\n",
        "say 0\n",
        "say 7 is 7\n",
        "say 7 is not 7\n",
        "say yes and no\n",
        "say yes or no\n",
        "say not yes\n",
        "set a to 4\nset b to a * 3\nsay b\n",
        "say 3 + 4 * 2 - 1\n",
        "set x to 2\nset y to 3\nset z to x + y\nsay z\n",
        "say 10 % 3\n",
        "say 9 % 4\n",
    ];
    push(out, "arithmetic", programs);
}

/// Numeric boundaries, including the three that produce a failure.
///
/// `1/0`, `0/0` and `9%0` are here because they are the language's whole
/// answer to division by zero, and a corpus that only holds successes cannot
/// say what that answer is.
fn numeric_boundary(out: &mut Vec<Program>) {
    let programs: &[&str] = &[
        "say 1 / 0\n",
        "say 0 / 0\n",
        "say 9 % 0\n",
        "set n to 0\nsay 1 / n\n",
        "say 1 / -0.0\n",
        "say 0.1 + 0.2\n",
        "say 1 / 3\n",
        "say -0.0\n",
        "say -7 / 2\n",
        "say 7 / -2\n",
        "say -7 % 3\n",
        "say 7 % -3\n",
        "say 2147483647\n",
        "say 2147483647 + 1\n",
        "say -2147483648\n",
        "say 9223372036854775807\n",
        "say -9223372036854775808\n",
        "say 9007199254740992\n",
        "say 9007199254740993\n",
        "say 0.1 + 0.7\n",
    ];
    push(out, "numeric-boundary", programs);
}

/// Text: concatenation, `length`, and every escape the lexer knows.
fn text_ops(out: &mut Vec<Program>) {
    let programs: &[&str] = &[
        "say \"a\" + \"b\"\n",
        "say \"abc\"\n",
        "say length(\"abc\")\n",
        "say length(\"\")\n",
        "say \"abc\" is \"abc\"\n",
        "say \"abc\" is not \"abd\"\n",
        "say \"a\\\"b\"\n",
        "say \"a\\\\b\"\n",
        "say \"a\\nb\"\n",
        "say \"a\\tb\"\n",
        "say \"\" + \"\"\n",
        "say \"\"\n",
        "say \"hello world\"\n",
        "set t to \"ab\"\nset u to \"cd\"\nsay t + u\n",
        "say length(\"a b c\")\n",
        "say \"tab\\ttab\"\n",
        "say \"quote \\\" inside\"\n",
    ];
    push(out, "text-ops", programs);
}

/// Unicode: every shape the lexer has to survive.
///
/// `length` counts **bytes**, not characters, which is why `length("日本語")`
/// is 9. The corpus records that rather than the value the specification
/// suggests, because the corpus records what the interpreter does.
fn unicode_family(out: &mut Vec<Program>) {
    let programs: &[&str] = &[
        "say \"日本語\"\n",
        "say length(\"日本語\")\n",
        "say \"héllo\"\n",
        "say \"👩‍💻\"\n",
        "say length(\"👩‍💻\")\n",
        "say \"🎉\"\n",
        "say \"مرحبا\"\n",
        "say \"𠮷\"\n",
        "say length(\"𠮷\")\n",
        "say \"日本\" is \"日本\"\n",
        "say \"日本\" is \"日本語\"\n",
        "say \"→∞\"\n",
        "say \"日本語\" + \"\"\n",
        "\u{feff}say \"after a bom\"\n",
        "say \"ünïcödé\" + \"\"\n",
        "say length(\"ünïcödé\")\n",
        "say \"ascii\"\n",
    ];
    push(out, "unicode", programs);
}

/// Lists: empty, singleton, both ends, both out-of-bounds directions, nesting.
fn lists(out: &mut Vec<Program>) {
    let programs: &[&str] = &[
        "set xs to []\nsay length(xs)\n",
        "set xs to [1]\nsay length(xs)\n",
        "set xs to [1, 2, 3]\nsay xs[0]\n",
        "set xs to [1, 2, 3]\nsay xs[2]\n",
        "set xs to [1, 2, 3]\nsay xs[-1]\n",
        "set xs to [1, 2, 3]\nsay xs[-3]\n",
        "set xs to [1, 2, 3]\nfor each x in xs\nsay x\nend\n",
        "set xs to []\nfor each x in xs\nsay x\nend\nsay \"after\"\n",
        "set xs to [1, 2, 3,]\nsay length(xs)\n",
        "set xs to [\"a\", \"b\"]\nsay xs[1]\n",
        "set xs to [[1, 2], [3, 4]]\nsay xs[0][1]\n",
        "set xs to [1, 2, 3]\nset n to 0\nfor each x in xs\nset n to n + x\nend\nsay n\n",
        "set xs to [yes]\nsay xs[0]\n",
        "set xs to [1, 2, 3]\nsay length(xs)\n",
        "set xs to [1, 2]\nset ys to xs\nset ys[0] to 9\nsay xs[0]\n",
        "set xs to []\nsay type_of(xs)\n",
        "set xs to [nothing]\nsay type_of(xs[0])\n",
        "set xs to [1, 2, 3]\nsay xs[2 - 2]\n",
    ];
    push(out, "lists", programs);
}

/// Records: one field, nesting, a repeated key, a missing key, aliasing.
fn records(out: &mut Vec<Program>) {
    let programs: &[&str] = &[
        "set r to {a: 1}\nsay r.a\n",
        "set r to {}\nsay length(r)\n",
        "set r to {a: 1, b: 2}\nsay r.b\n",
        "set r to {a: 1}\nsay r.missing\n",
        "set r to {a: 1, a: 2}\nsay r.a\n",
        "set r to {a: {b: {c: 7}}}\nsay r.a.b.c\n",
        "set r to {a: 1, b: 2}\nset s to {b: 2, a: 1}\nsay r is s\n",
        "set r to {a: 1}\nset s to r\nset s.a to 9\nsay r.a\n",
        "set r to {a: \"x\"}\nsay r.a\n",
        "set r to {a: [1, 2]}\nsay r.a[0]\n",
        "set r to {}\nsay type_of(r)\n",
        "set r to {a: 1}\nsay r.a + 1\n",
        "set r to {x: {y: 1}, z: {y: 2}}\nsay r.z.y\n",
        "set r to {a: 1, b: 2}\nsay length(r)\n",
        "set r to {a: 1}\nset r.b to 2\nsay r.b\n",
        "set r to {a: 1}\nsay r.a.missing\n",
    ];
    push(out, "records", programs);
}

/// Control flow.
///
/// `if` needs its `then`, and there is no comparison operator that lexes —
/// `<`, `>`, `<=`, `>=` and `==` are all refused by the lexer and `is less than`
/// parses as two identifiers — so every condition here is built from `is`,
/// `is not`, `and`, `or`, `not`. That limits what this family can say, and
/// FINDINGS.md records why.
fn control_flow(out: &mut Vec<Program>) {
    let programs: &[&str] = &[
        "if 1 is 1 then\nsay \"yes\"\nend\n",
        "if 1 is 2 then\nsay \"yes\"\nelse\nsay \"no\"\nend\n",
        "if 1 is 2 then\nsay \"a\"\nelse if 2 is 2 then\nsay \"b\"\nelse\nsay \"c\"\nend\n",
        "if yes and no then\nsay \"a\"\nelse\nsay \"b\"\nend\n",
        "if not no then\nsay \"a\"\nend\n",
        "if 1 is 1 then\nend\nsay \"after\"\n",
        "if 0 is 1 then\nsay \"no\"\nend\nsay \"after\"\n",
        "if 1 is 1 then\nif 2 is 2 then\nsay \"both\"\nend\nend\n",
        "if 1 is 1 then\nsay \"t\"\nelse\nsay \"f\"\nend\nsay \"after\"\n",
        "if 1 is 1 then\nsay \"a\"\nelse if 1 is 2 then\nsay \"b\"\nelse\nsay \"c\"\nend\nsay \"d\"\n",
        "set n to 3\nif n is 3 then\nsay \"three\"\nend\n",
        "if yes or no then\nsay \"or\"\nend\n",
        "if \"a\" is \"a\" then\nsay \"text eq\"\nend\n",
        "if [1] is [1] then\nsay \"list eq\"\nend\n",
        "if 1 is 1 then\nif 2 is 3 then\nsay \"no\"\nelse\nsay \"else\"\nend\nend\n",
        "if 1 is 1 then\nexpect 1 to be 1\nend\nsay \"checked\"\n",
    ];
    push(out, "control-flow", programs);
}

/// Functions: arity, `give back`, rebinding a function to a variable, and
/// iteration written as recursion — because `give back` inside a conditional
/// does not return, so a genuinely recursive function cannot be written at all
/// (FINDINGS.md).
fn functions(out: &mut Vec<Program>) {
    let programs: &[&str] = &[
        "to zero()\ngive back 0\nend\nsay zero()\n",
        "to one(x)\ngive back x + 1\nend\nsay one(4)\n",
        "to add(x, y)\ngive back x + y\nend\nsay add(2, 3)\n",
        "to inc(x)\ngive back x + 1\nend\nset g to inc\nsay g(1)\n",
        "to inc(x)\ngive back x + 1\nend\nset g to inc\nsay g(1)\nsay g(2)\n",
        "to twice(x)\ngive back x * 2\nend\nsay twice(twice(3))\n",
        "to apply(f, x)\ngive back f(x)\nend\nto inc(n)\ngive back n + 1\nend\nsay apply(inc, 5)\n",
        "to sum(n)\nset total to 0\nset i to 0\nrepeat n times\nset total to total + i\nset i to i + 1\nend\ngive back total\nend\nsay sum(5)\n",
        "to nothing_at_all()\nend\nsay nothing_at_all()\n",
        "to noreturn(x)\nsay x\nend\nsay noreturn(1)\n",
        "to text_out()\ngive back \"text\"\nend\nsay text_out()\n",
        "to bool_out()\ngive back yes\nend\nsay bool_out()\n",
        "to two_returns(n)\ngive back n\ngive back 0\nend\nsay two_returns(9)\n",
        "to outer(n)\nto inner(m)\ngive back n + m\nend\nend\nsay outer(4)\n",
        "to pick(x)\nif x is 1 then\nsay \"one\"\nend\ngive back 0\nend\nsay pick(1)\n",
        "to three()\ngive back 3\nend\nsay three()\n",
    ];
    push(out, "functions", programs);
}

/// Objects: `has` fields with and without a `default`, `to can` methods that
/// write through `this`, inheritance one and two deep, a child's field
/// shadowing its parent's, and a missing field.
fn objects(out: &mut Vec<Program>) {
    let programs: &[&str] = &[
        "object Empty\nend\nsay type_of(Empty)\n",
        "object Point\nhas x default 0\nhas y default 0\nend\nsay Point.x\nsay Point.y\n",
        "object Point\nhas x default 0\nend\nset Point.x to 3\nsay Point.x\n",
        "object A\nhas v default 1\nto can get()\ngive back this.v\nend\nend\nsay A.get()\n",
        "object A\nhas v default 1\nend\nobject B extends A\nend\nsay B.v\n",
        "object A\nhas v default 1\nend\nobject B extends A\nend\nobject C extends B\nend\nsay C.v\n",
        "object A\nhas v default 1\nend\nobject B extends A\nhas v default 2\nend\nsay B.v\n",
        "object A\nend\nsay A.missing\n",
        "object A\nhas v default 0\nto can bump()\nset this.v to this.v + 1\ngive back this.v\nend\nend\nsay A.bump()\nsay A.bump()\n",
        "object E\nend\nsay length(E)\n",
        "object A\nhas v default 1\nto can twice()\ngive back this.v * 2\nend\nend\nsay A.twice()\n",
        "object C\nhas n default 0\nto can count()\nset this.n to this.n + 1\ngive back this.n\nend\nend\nsay C.count()\nsay C.count()\n",
        "object A\nhas v default 1\nto can get()\ngive back this.v\nend\nend\nsay A.v\n",
        "object A\nend\nobject B extends A\nend\nobject D extends B\nend\nsay type_of(D)\n",
        "object A\nhas v default 3\nto can add(n)\ngive back this.v + n\nend\nend\nsay A.add(4)\n",
        "object A\nhas v default 1\nend\nsay A.v + 1\n",
    ];
    push(out, "objects", programs);
}

/// Every loop form, at zero, one, and a bound — and `for each` over a list of
/// lists.
fn loop_forms(out: &mut Vec<Program>) {
    let programs: &[&str] = &[
        "repeat 0 times\nsay \"no\"\nend\nsay \"after\"\n",
        "repeat 1 times\nsay \"once\"\nend\n",
        "repeat 3 times\nsay \"x\"\nend\n",
        "set n to 0\nrepeat 0 times\nset n to n + 1\nend\nsay n\n",
        "set xs to [1, 2, 3]\nfor each x in xs\nsay x\nend\n",
        "set xs to []\nset n to 0\nfor each x in xs\nset n to n + 1\nend\nsay n\n",
        "set xs to [[1, 2], [3, 4]]\nfor each row in xs\nfor each x in row\nsay x\nend\nend\n",
        "set total to 0\nrepeat 5 times\nset total to total + 1\nend\nsay total\n",
        "set xs = 0\n",
        "set xs to [1, 2, 3, 4]\nset evens to 0\nfor each x in xs\nif x is 2 or x is 4 then\nset evens to evens + 1\nend\nend\nsay evens\n",
        "set a to 0\nrepeat 2 times\nrepeat 2 times\nset a to a + 1\nend\nend\nsay a\n",
        "set xs to [\"a\", \"b\"]\nfor each x in xs\nsay x + \"!\"\nend\n",
        "set n to 3\nrepeat n times\nsay n\nend\n",
        "set xs to [1, 2, 3]\nset n to 0\nfor each x in xs\nset n to n + length(xs)\nend\nsay n\n",
        "set i to 0\nset count to 0\nrepeat 3 times\nset count to count + 1\nset i to i + 1\nend\nsay count\n",
        "set xs to [1, 2, 3]\nfor each x in xs\nif x is 2 then\nsay \"two\"\nend\nend\n",
        "set total to 0\nrepeat 10 times\nset total to total + 2\nend\nsay total\n",
        "set xs = []\n",
    ];
    push(out, "loop-forms", programs);
}

/// Nesting: lists and records four deep, blocks nested, loops over nested lists.
fn nesting(out: &mut Vec<Program>) {
    let programs: &[&str] = &[
        "set x to [[[[1]]]]\nsay x[0][0][0][0]\n",
        "set r to {a: {b: {c: {d: 9}}}}\nsay r.a.b.c.d\n",
        "set x to [[[1, 2], [3, 4]], [[5, 6]]]\nsay x[0][0][1]\n",
        "set x to [1, [2, [3, [4]]]]\nsay length(x)\n",
        "set x to [[[]]]\nsay length(x)\n",
        "set x to [[[[[5]]]]]\nsay x[0][0][0][0][0]\n",
        "if 1 is 1 then\nif 2 is 2 then\nif 3 is 3 then\nif 4 is 4 then\nsay \"deep\"\nend\nend\nend\nend\n",
        "set x to [[1, 2], [3, 4], [5, 6]]\nset total to 0\nfor each row in x\nfor each cell in row\nset total to total + cell\nend\nend\nsay total\n",
        "set r to {a: {b: 1}}\nset s to {c: {d: {e: {f: 5}}}}\nsay r.a.b\nsay s.c.d.e.f\n",
        "to a1()\nto a2()\nto a3()\ngive back 3\nend\nend\nend\nsay a1()\n",
        "set r to {list: [1, 2], text: \"x\"}\nsay r.list[1]\n",
        "set deep to {a: {b: {c: {d: {e: 1}}}}}\nsay deep.a.b.c.d.e\n",
        "set i to 0\nrepeat 2 times\nset j to 0\nrepeat 2 times\nset k to 0\nrepeat 2 times\nsay i + j + k\nset k to k + 1\nend\nset j to j + 1\nend\nset i to i + 1\nend\n",
        "set r to {a: 1}\nset t to {r: r}\nsay t.r.a\n",
        "set x to [{a: 1}, {a: 2}]\nsay x[1].a\n",
        "set x = 0\n",
        "set r to {a: {b: {c: {d: {e: {f: {g: 7}}}}}}}\nsay r.a.b.c.d.e.f.g\n",
    ];
    push(out, "nesting", programs);
}

/// The two builtins that are actually reachable from Redblue source.
///
/// `length` and `type_of` are the whole of what this family can cover: the
/// other ~23 registered builtins cannot be called from a program at all
/// (FINDINGS.md), so a corpus could not pin them even if it wanted to.
fn stdlib(out: &mut Vec<Program>) {
    let programs: &[&str] = &[
        "say type_of(1)\n",
        "say type_of(\"a\")\n",
        "say type_of(yes)\n",
        "say type_of(nothing)\n",
        "say type_of([])\n",
        "say type_of({})\n",
        "say type_of([1, 2])\n",
        "say length(\"\")\n",
        "say length(\"a\")\n",
        "say length(\"abc\")\n",
        "say length([])\n",
        "say length([1])\n",
        "say length([1, 2, 3])\n",
        "say length([1, 2, 3, 4, 5, 6, 7, 8, 9, 10])\n",
        "say length(0)\n",
        "say length(1)\n",
        "say length(yes)\n",
        "say length(nothing)\n",
        "say length({a: 1})\n",
        "say type_of(type_of(1))\n",
        "say length(type_of(1))\n",
    ];
    push(out, "stdlib", programs);
}

/// Every catchable runtime fault, inside a `catch`.
///
/// What this family pins is that the fault is **catchable** — the catch fires
/// and the program carries on — not that it is caught, which is the same thing
/// said weakly. The `faults` family holds the same errors uncaught.
fn runtime_errors(out: &mut Vec<Program>) {
    let programs: &[&str] = &[
        "set xs to [1, 2]\ntry\nsay xs[9]\ncatch error\nsay \"caught\"\nend\n",
        "set xs to [1, 2]\ntry\nsay xs[-3]\ncatch error\nsay \"caught\"\nend\n",
        "set xs to []\ntry\nsay xs[0]\ncatch error\nsay \"caught\"\nend\n",
        "try\nsay 1 / 0\ncatch error\nsay \"caught\"\nend\n",
        "try\nsay 9 % 0\ncatch error\nsay \"caught\"\nend\n",
        "try\nsay 1 + \"a\"\ncatch error\nsay \"caught\"\nend\n",
        "try\nsay [1, 2] + \"a\"\ncatch error\nsay \"caught\"\nend\n",
        "try\nsay yes + 1\ncatch error\nsay \"caught\"\nend\n",
        "try\nsay nothing + 1\ncatch error\nsay \"caught\"\nend\n",
        "try\nsay \"a\" - 1\ncatch error\nsay \"caught\"\nend\n",
        "try\nsay \"a\" * 2\ncatch error\nsay \"caught\"\nend\n",
        "try\nsay 1[0]\ncatch error\nsay \"caught\"\nend\n",
        "try\nsay {a: 1}[0]\ncatch error\nsay \"caught\"\nend\n",
        "try\nsay nothing.a\ncatch error\nsay \"caught\"\nend\n",
        "try\nsay length({a: 1})\ncatch error\nsay \"caught\"\nend\n",
        "try\nsay length(nothing)\ncatch error\nsay \"caught\"\nend\n",
        "try\nsay no_such_function(1)\ncatch error\nsay \"caught\"\nend\n",
        "try\nsay 1\ncatch error\nsay \"caught\"\nend\n",
        "set n to 0\ntry\nsay 1 / n\ncatch error\nsay \"caught\"\nend\n",
        "try\ntry\nsay 1 / 0\ncatch error\nsay \"inner\"\nend\ncatch error\nsay \"outer\"\nend\n",
        "try\nsay 1 / 0\ncatch error\nsay \"caught\"\nfinally\nsay \"finally\"\nend\n",
        "say \"before\"\ntry\nsay 1 / 0\ncatch error\nsay \"caught\"\nend\nsay \"after\"\n",
    ];
    push(out, "runtime-errors", programs);
}

/// The same faults, uncaught, with something printed first.
///
/// The combination is what matters: the failure **and everything printed before
/// it**. A comparison that only looked at exit status would call "a failing
/// program printed nothing" true, and it is false for every program here.
fn faults(out: &mut Vec<Program>) {
    let programs: &[&str] = &[
        "say \"before\"\nset xs to [1, 2]\nsay xs[9]\n",
        "say \"before\"\nsay 1 / 0\n",
        "say 1\nsay 2\nsay 1 + \"a\"\n",
        "say \"kept\"\ntry\nsay 1 / 0\ncatch error\nsay 1 / 0\nend\n",
        "set xs to []\nsay \"a\"\nsay xs[0]\n",
        "say \"before\"\nsay no_such_function(1)\n",
        "say \"before\"\nsay 1[0]\n",
        "say \"before\"\nsay \"a\" - 1\n",
        "say \"before\"\nsay length({a: 1})\n",
        "say 1\nsay 2\nsay 3\nsay 1 / 0\n",
        "say \"before\"\nsay nothing + 1\n",
        "say \"before\"\nsay yes + 1\n",
        "say \"before\"\nsay [1, 2] + \"a\"\n",
        "say \"before\"\nsay {a: 1}[0]\n",
        "say \"before\"\nsay nothing.a\n",
        "say \"before\"\nset xs to [1]\nsay xs[1]\n",
        "say \"before\"\nsay 1 / -0.0\n",
        "say \"before\"\nsay 9 % 0\n",
    ];
    push(out, "faults", programs);
}

/// Frontend faults: every way a program can fail before anything runs.
///
/// Nothing in this family prints anything, and
/// `edge_a_frontend_failure_printed_nothing` says so for three of them. A
/// frontend failure that printed something would mean the VM ran a program the
/// analyser had already refused.
fn malformed(out: &mut Vec<Program>) {
    let programs: &[&str] = &[
        "say \"unterminated\n",
        "if 1 is 1 then\nsay \"no end\"\n",
        "say \"stray\"\nend\n",
        "set 1 to 2\n",
        "set x 5\n",
        "set x to\n",
        "say 1 +\n",
        "say (1 + 2\n",
        "say\n",
        "for each in [1]\nsay 1\nend\n",
        "repeat times\nsay 1\nend\n",
        "}\n",
        "if then\nsay 1\nend\n",
        "for each x in\nsay 1\nend\n",
        "set xs to [1, 2\nsay xs\n",
        "set r to {a: 1\nsay r\n",
        "say @\n",
        "to f(\nend\n",
        "set xs = 0\n",
        "say 1 < 2\n",
        "say 1 == 1\n",
        "say 1 in [1, 2]\n",
        "for each i from 1 to 3\nsay i\nend\n",
        "set n to 0\nwhile n is less than 3 do\nset n to n + 1\nend\n",
        "if 1 is 1\nsay \"missing then\"\nend\n",
        "set xs to [1, 2]\nsay xs[9\n",
        "say no_such_variable\n",
        "say 1 2 3\n",
        "set x = 1\n",
        "say [1, 2\n",
        "say \"a\nb\"\n",
    ];
    push(out, "malformed", programs);
}

/// Programs whose **last statement is a bare expression**.
///
/// These are the ones the differential runner exists for. Until the bytecode
/// VM's top-level frame stopped throwing its value away it answered `nothing`
/// for every one of them while the tree-walking VM answered the expression's
/// value — a corpus of programs that all end in a *statement* cannot see that
/// at all, because both VMs would answer `nothing`.
fn value_tails(out: &mut Vec<Program>) {
    let programs: &[&str] = &[
        "set t to 5\nsay t\nt\n",
        "1 + 2\n",
        "say \"before\"\n\"after\"\n",
        "set n to 7\nn * 6\n",
        "set t to \"ab\"\nt + \"cd\"\n",
        "yes\n",
        "no\n",
        "nothing\n",
        "[1, 2, 3]\n",
        "{a: 1, b: 2}\n",
        "length(\"abcd\")\n",
        "set r to {a: 1}\nr.a\n",
        "set xs to [1, 2, 3]\nxs[1]\n",
        "to one()\ngive back 1\nend\none()\n",
        "set r to {a: 1}\nsay r.missing\nr.missing\n",
        "set r to {a: 1}\nset r.a to 2\nr.a\n",
        "set n to 1\nif n is 1 then\nsay \"t\"\nend\n1\n",
        "set n to 0\nrepeat 2 times\nset n to n + 1\nend\nn\n",
        "set xs to [3, 1, 2]\nfor each x in xs\nsay x\nend\nxs\n",
        "0.1 + 0.2\n",
        "set r to {a: 1}\nr\n",
        "\u{feff}set t to 5\nt\n",
        "\u{feff}[1, 2]\n",
        "to f(x)\ngive back x\nend\nset g to f\ng(9)\n",
        "set xs to []\nxs\n",
        "set n to 3\nn\n",
    ];
    push(out, "value-tails", programs);
}

/// The five labels a frontend or runtime failure can carry.
///
/// Held apart from `malformed` because the corpus's own coverage assertion
/// needs to be able to say "there is at least one of each label", and that is a
/// statement about the *shape* of the failure rather than about a program.
fn labels(out: &mut Vec<Program>) {
    let programs: &[&str] = &[
        "say @\n",
        "say 1 +\n",
        "say no_such_variable\n",
        "set n to 0\nsay 1 / n\n",
        "say upper(\"abc\")\n",
        "say nothing.a\n",
    ];
    push(out, "labels", programs);
}

/// Appends a family, numbered from 1 in the order it lists its programs.
fn push(out: &mut Vec<Program>, family: &str, programs: &[&str]) {
    for (i, source) in programs.iter().enumerate() {
        out.push((format!("{family}-{}.rb", n(i + 1)), source.to_string()));
    }
}

'''
s = s[:start] + families + s[end:]
# register the new family
s = s.replace("    value_tails(&mut all);\n", "    value_tails(&mut all);\n    labels(&mut all);\n")
open(p, "w").write(s)
print("ok")
PY
grep -c "" tests/common/generator.rs
ok
854
[0m
Now fix the random-program generator to use only verified syntax, and add the module list:
[0m$ [0mpython3 - <<'PY'
p = "tests/common/generator.rs"
s = open(p).read()

# Replace the FAULTS list + statement/expression generator with verified syntax.
old_faults = s[s.index("pub const FAULTS"):s.index("/// A program from the seeded grammar.")]
new_faults = '''pub const FAULTS: [&str; 6] = [
    "index past the end",
    "index before the start",
    "division by zero",
    "text minus a number",
    "index on a number",
    "property on nothing",
];

'''
s = s.replace(old_faults, new_faults)

old_gen = s[s.index("/// A program from the seeded grammar."):s.index("/// Every kind the generator can produce a value of.")]
new_gen = '''/// A program from the seeded grammar.
///
/// `seed` is the whole input. The same seed produces the same bytes on every
/// machine, which is what makes a reported failure reproducible by anyone.
pub fn generate(seed: u64) -> Generated {
    let mut rng = Rng::new(seed);
    let fault = if rng.chance(2, 5) {
        Some(FAULTS[rng.below(FAULTS.len())].to_string())
    } else {
        None
    };

    let statements = rng.below(3) + 2;
    let mut body = String::new();
    for _ in 0..statements {
        body.push_str(&statement(&mut rng));
    }

    let tail = match &fault {
        Some("index past the end") => "set xs to [1, 2]\\nsay xs[9]\\n".to_string(),
        Some("index before the start") => "set xs to [1, 2]\\nsay xs[-9]\\n".to_string(),
        Some("division by zero") => "set n to 0\\nsay 1 / n\\n".to_string(),
        Some("text minus a number") => "say \\"a\\" - 1\\n".to_string(),
        Some("index on a number") => "say 5[0]\\n".to_string(),
        Some("property on nothing") => "say nothing.a\\n".to_string(),
        _ => expression(&mut rng, *rng.pick(ALL_KINDS)),
    };

    Generated {
        source: format!("{body}{tail}\\n"),
        fault,
    }
}

/// One generated statement, from the forms the generator lists.
///
/// Every form here has been run: `if` needs its `then`, `for each` takes no
/// `do` and no `from … to` range, and there is no comparison operator that
/// lexes, so a condition is built from `is` and the logical words only.
///
/// `edge_the_generator_emits_every_statement_form_it_lists` counts which of
/// these appeared over a run of seeds, so an arm that became unreachable — a
/// grammar that no longer says what it says — fails rather than quietly
/// shrinking the coverage.
fn statement(rng: &mut Rng) -> String {
    match rng.below(7) {
        0 => {
            let kind = *[Kind::Number, Kind::Text, Kind::YesNo][rng.below(3)];
            format!("set v{} to {}\\n", rng.below(3), expression(rng, kind))
        }
        1 => format!("say {}\\n", expression(rng, ALL_KINDS[rng.below(ALL_KINDS.len())])),
        2 => {
            let name = format!("v{}", rng.below(3));
            format!("set {name} to 1\\nif {name} is {name} then\\nsay 1\\nend\\n")
        }
        3 => {
            "set i to 0\\nrepeat 3 times\\nset i to i + 1\\nend\\n".to_string()
        }
        4 => "for each x in [1, 2]\\nsay x\\nend\\n".to_string(),
        5 => format!("set xs to [{}]\\n", number_literal(rng)),
        _ => format!(
            "set r to {{a: {}}}\\nsay r.a\\n",
            expression(rng, Kind::Number)
        ),
    }
}

'''
s = s.replace(old_gen, new_gen)

# Rewrite expression() with verified forms only.
old_expr = s[s.index("/// An expression known to be of kind `kind`."):s.index("#[cfg(test)]\nmod tests {")]
new_expr = '''/// An expression known to be of kind `kind`.
///
/// Every arm must produce the kind it is given. That is the whole invariant, and
/// `edge_a_generated_program_only_faults_on_a_fault_that_was_injected` is what
/// holds it up from the outside.
fn expression(rng: &mut Rng, kind: Kind) -> String {
    match kind {
        Kind::Number => match rng.below(5) {
            0 => number_literal(rng),
            1 => format!("({} + {})", number_literal(rng), number_literal(rng)),
            2 => format!("({} - {})", number_literal(rng), number_literal(rng)),
            3 => format!("({} * {})", number_literal(rng), number_literal(rng)),
            _ => format!("length({})", text_literal(rng)),
        },
        // `length` is a *number* and cannot be folded into a text expression:
        // text plus number is a runtime error, so it is deliberately absent.
        Kind::Text => match rng.below(3) {
            0 => text_literal(rng),
            1 => format!("({} + {})", text_literal(rng), text_literal(rng)),
            _ => format!("type_of({})", expression(rng, Kind::Number)),
        },
        Kind::YesNo => match rng.below(3) {
            0 => "yes".to_string(),
            1 => "no".to_string(),
            _ => format!("({} is {})", number_literal(rng), number_literal(rng)),
        },
        Kind::List => match rng.below(3) {
            0 => "[]".to_string(),
            1 => format!("[{}]", number_literal(rng)),
            _ => format!("[{}, {}]", number_literal(rng), number_literal(rng)),
        },
        Kind::Record => match rng.below(2) {
            0 => "{}".to_string(),
            _ => format!("{{a: {}}}", number_literal(rng)),
        },
        Kind::Nothing => match rng.below(2) {
            0 => "nothing".to_string(),
            _ => format!("({}).missing", expression(rng, Kind::Record)),
        },
    }
}

'''
s = s.replace(old_expr, new_expr)

# Fix the number/text literal word lists (no \\u escapes, which the lexer drops).
s = s.replace('let words = ["a", "bb", "ccc", "", "a b", "日本", "🎉", "x\\\\y"];',
              'let words = ["a", "bb", "ccc", "", "a b", "日本", "🎉", "x\\\\y", "#value 1", "a\\"b"];')
open(p, "w").write(s)
print("ok")
PY
grep -n "x\\\\\\\\y" tests/common/generator.rs
ok
691:    let words = ["a", "bb", "ccc", "", "a b", "日本", "🎉", "x\\y", "#value 1", "a\"b"];
[0m
[0m← [0mWrite tests/common/mod.rs
Wrote file successfully.
[0m
Now the main test file:
[0m← [0mWrite tests/differential_test.rs
Wrote file successfully.
[0m
[0m$ [0mrm -f tests/zz_probe*.rs && cargo test --test differential_test --no-run 2>&1 | grep -E "^error|^warning|-->" | head -40
[1m[94m--> [0mtests/common/generator.rs:592:31
   [1m[94m--> [0mtests/common/generator.rs:616:5
   [1m[94m--> [0mtests/common/corpus.rs:295:13
   [1m[94m--> [0m/rustc/b940084d7eb6a299eb4bfeb8e34901bc051e7ac4/library/alloc/src/string.rs:350:9
   [1m[94m--> [0mtests/common/generator.rs:607:14
   [1m[94m--> [0mtests/common/generator.rs:608:14
   [1m[94m--> [0mtests/common/generator.rs:609:14
   [1m[94m--> [0mtests/common/generator.rs:610:14
   [1m[94m--> [0mtests/common/generator.rs:611:14
   [1m[94m--> [0mtests/common/generator.rs:612:14
   [1m[94m--> [0mtests/common/generator.rs:613:45
   [1m[94m--> [0mtests/common/rng.rs:84:12
   [1m[94m--> [0mtests/common/generator.rs:635:24
   [1m[94m--> [0mtests/differential_test.rs:565:9
   [1m[94m--> [0m/rustc/b940084d7eb6a299eb4bfeb8e34901bc051e7ac4/library/core/src/result.rs:737:21
   [1m[94m--> [0mtests/differential_test.rs:730:13
   [1m[94m--> [0m/rustc/b940084d7eb6a299eb4bfeb8e34901bc051e7ac4/library/core/src/result.rs:737:21
[0m
It compiles. Let me generate the corpus and iterate:
[0m$ [0mRB_WRITE_CORPUS=1 cargo test --test differential_test the_checked_in 2>&1 | tail -5; echo "--- count ---"; ls corpus/*.rb 2>/dev/null | wc -l; ls corpus/ 2>/dev/null | wc -l
[1m[94m|[0m                           [92m++++++++[0m

[1mSome errors have detailed explanations: E0277, E0308, E0382, E0422, E0425, E0614.[0m
[1mFor more information about an error, try `rustc --explain E0277`.[0m
[1m[91merror[0m: could not compile `redblue` (test "differential_test") due to 13 previous errors
--- count ---
0
0
[0m
[0m$ [0mcargo test --test differential_test --no-run 2>&1 | grep -E "^error(\[|:)" -A 8 | head -80
(no output)
[0m
[0m$ [0mcargo test --test differential_test --no-run 2>&1 | sed 's/\x1b\[[0-9;]*m//g' | grep -E "^error" -A 10 | head -90
error[E0425]: cannot find type `Generated` in this scope
   --> tests/common/generator.rs:592:31
    |
592 | pub fn generate(seed: u64) -> Generated {
    |                               ^^^^^^^^^ not found in this scope

error[E0422]: cannot find struct, variant or union type `Generated` in this scope
   --> tests/common/generator.rs:616:5
    |
616 |     Generated {
    |     ^^^^^^^^^ not found in this scope

error[E0277]: can't compare `&String` with `String`
   --> tests/common/corpus.rs:295:13
    |
295 | /             assert_eq!(
296 | |                 actual,
297 | |                 format!("{}: {}", recorded.label, recorded.message),
298 | |                 "{name}: the failure differs from what .expected records"
299 | |             );
    | |_____________^ no implementation for `&String == String`
    |
    = help: the trait `PartialEq<String>` is not implemented for `&String`
--
error[E0308]: mismatched types
   --> tests/common/generator.rs:607:14
    |
606 |     let tail = match &fault {
    |                      ------ this expression has type `&Option<String>`
607 |         Some("index past the end") => "set xs to [1, 2]\nsay xs[9]\n".to_string(),
    |              ^^^^^^^^^^^^^^^^^^^^ expected `String`, found `&str`
    |
help: consider converting the `String` to a `&str` using `.as_str()`
    |
606 |     let tail = match &fault.as_str() {
--
error[E0308]: mismatched types
   --> tests/common/generator.rs:608:14
    |
606 |     let tail = match &fault {
    |                      ------ this expression has type `&Option<String>`
607 |         Some("index past the end") => "set xs to [1, 2]\nsay xs[9]\n".to_string(),
608 |         Some("index before the start") => "set xs to [1, 2]\nsay xs[-9]\n".to_string(),
    |              ^^^^^^^^^^^^^^^^^^^^^^^^ expected `String`, found `&str`
    |
help: consider converting the `String` to a `&str` using `.as_str()`
    |
--
error[E0308]: mismatched types
   --> tests/common/generator.rs:609:14
    |
606 |     let tail = match &fault {
    |                      ------ this expression has type `&Option<String>`
...
609 |         Some("division by zero") => "set n to 0\nsay 1 / n\n".to_string(),
    |              ^^^^^^^^^^^^^^^^^^ expected `String`, found `&str`
    |
help: consider converting the `String` to a `&str` using `.as_str()`
    |
--
error[E0308]: mismatched types
   --> tests/common/generator.rs:610:14
    |
606 |     let tail = match &fault {
    |                      ------ this expression has type `&Option<String>`
...
610 |         Some("text minus a number") => "say \"a\" - 1\n".to_string(),
    |              ^^^^^^^^^^^^^^^^^^^^^ expected `String`, found `&str`
    |
help: consider converting the `String` to a `&str` using `.as_str()`
    |
--
error[E0308]: mismatched types
   --> tests/common/generator.rs:611:14
    |
606 |     let tail = match &fault {
    |                      ------ this expression has type `&Option<String>`
...
611 |         Some("index on a number") => "say 5[0]\n".to_string(),
    |              ^^^^^^^^^^^^^^^^^^^ expected `String`, found `&str`
    |
help: consider converting the `String` to a `&str` using `.as_str()`
    |
--
error[E0308]: mismatched types
   --> tests/common/generator.rs:612:14
    |
606 |     let tail = match &fault {
    |                      ------ this expression has type `&Option<String>`
...
[0m
[0m$ [0mpython3 - <<'PY'
p = "tests/common/generator.rs"
s = open(p).read()

# Re-add the Generated struct (removed by the earlier block replacement).
anchor = "/// A program from the seeded grammar."
struct_def = '''/// A generated program and the fault, if any, that was injected into it.
///
/// The fault travels with the program so the property test can assert the
/// causal direction: a program with no injected fault *must* run to completion,
/// and anything that faults without one is a generator defect rather than a
/// language finding.
#[derive(Debug, Clone, PartialEq, Eq)]
pub struct Generated {
    /// The whole program.
    pub source: String,
    /// One of [`FAULTS`], or `None` when nothing was injected.
    pub fault: Option<String>,
}

'''
s = s.replace(anchor, struct_def + anchor, 1)

# `match &fault` binds `&String`; match on the `&str` instead.
s = s.replace("let tail = match &fault {", "let tail = match fault.as_deref() {")
open(p, "w").write(s)

p = "tests/common/corpus.rs"
s = open(p).read()
s = s.replace('''        Err(actual) => {
            assert_eq!(
                actual,
                format!("{}: {}", recorded.label, recorded.message),''','''        Err(actual) => {
            assert_eq!(
                actual,
                format!("{}: {}", recorded.label, recorded.message).as_str(),''')
open(p, "w").write(s)
print("ok")
PY
cargo test --test differential_test --no-run 2>&1 | sed 's/\x1b\[[0-9;]*m//g' | grep -E "^error" -A 8 | head -50
ok
error[E0308]: mismatched types
   --> tests/common/generator.rs:627:45
    |
627 |         _ => expression(&mut rng, *rng.pick(ALL_KINDS)),
    |                                        ---- ^^^^^^^^^ expected `&[_]`, found `[Kind; 6]`
    |                                        |
    |                                        arguments to this method are incorrect
    |
    = note: expected reference `&[_]`
--
error[E0614]: type `Kind` cannot be dereferenced
   --> tests/common/generator.rs:649:24
    |
649 |             let kind = *[Kind::Number, Kind::Text, Kind::YesNo][rng.below(3)];
    |                        ^^^^^^^^^^^^^^^^^^^^^^^^^^^^^^^^^^^^^^^^^^^^^^^^^^^^^^ can't be dereferenced

error[E0382]: borrow of moved value: `reported`
   --> tests/differential_test.rs:565:9
    |
554 |     let reported = panic::catch_unwind(AssertUnwindSafe(|| corpus::read_recorded(&orphan)));
    |         -------- move occurs because `reported` has type `Result<Recorded, Box<dyn Any + Send>>`, which does not implement the `Copy` trait
555 |     let panic_message = reported
556 |         .err()
    |          ----- `reported` moved due to this method call
...
--
error[E0382]: borrow of moved value: `reported`
   --> tests/differential_test.rs:730:13
    |
718 |     let reported = panic::catch_unwind(AssertUnwindSafe(|| {
    |         -------- move occurs because `reported` has type `Result<(), Box<dyn Any + Send>>`, which does not implement the `Copy` trait
...
722 |         .err()
    |          ----- `reported` moved due to this method call
...
--
error: could not compile `redblue` (test "differential_test") due to 4 previous errors
[0m
[0m$ [0mpython3 - <<'PY'
p = "tests/common/generator.rs"
s = open(p).read()
s = s.replace("_ => expression(&mut rng, *rng.pick(ALL_KINDS)),",
              "_ => expression(&mut rng, ALL_KINDS[rng.below(ALL_KINDS.len())]),")
s = s.replace("let kind = *[Kind::Number, Kind::Text, Kind::YesNo][rng.below(3)];",
              "let kind = [Kind::Number, Kind::Text, Kind::YesNo][rng.below(3)];")
open(p, "w").write(s)

p = "tests/differential_test.rs"
s = open(p).read()
s = s.replace('''    let reported = panic::catch_unwind(AssertUnwindSafe(|| corpus::read_recorded(&orphan)));
    let panic_message = reported
        .err()
        .map(|payload| {
            payload
                .downcast_ref::<String>()
                .cloned()
                .unwrap_or_else(|| "<non-string panic>".to_string())
        })
        .unwrap_or_default();
    assert!(
        reported.is_err(),
        "an orphan was skipped rather than reported"
    );
    assert!(''','''    let reported = panic::catch_unwind(AssertUnwindSafe(|| corpus::read_recorded(&orphan)));
    let failed = reported.is_err();
    let panic_message = reported
        .err()
        .map(|payload| {
            payload
                .downcast_ref::<String>()
                .cloned()
                .unwrap_or_else(|| "<non-string panic>".to_string())
        })
        .unwrap_or_default();
    assert!(failed, "an orphan was skipped rather than reported");
    assert!(''')
s = s.replace('''    let message = reported
        .err()
        .map(|payload| {
            payload
                .downcast_ref::<String>()
                .cloned()
                .unwrap_or_default()
        })
        .unwrap_or_default();
    assert!(reported.is_err(), "a wrong value and wrong output were accepted");''','''    let failed = reported.is_err();
    let message = reported
        .err()
        .map(|payload| {
            payload
                .downcast_ref::<String>()
                .cloned()
                .unwrap_or_default()
        })
        .unwrap_or_default();
    assert!(failed, "a wrong value and wrong output were accepted");''')
open(p, "w").write(s)
print("ok")
PY
cargo test --test differential_test --no-run 2>&1 | sed 's/\x1b\[[0-9;]*m//g' | grep -E "^error" -A 8 | head -40
ok
error[E0499]: cannot borrow `rng` as mutable more than once at a time
   --> tests/common/generator.rs:627:45
    |
627 |         _ => expression(&mut rng, ALL_KINDS[rng.below(ALL_KINDS.len())]),
    |              ---------- --------            ^^^ second mutable borrow occurs here
    |              |          |
    |              |          first mutable borrow occurs here
    |              first borrow later used by call

error[E0499]: cannot borrow `*rng` as mutable more than once at a time
   --> tests/common/generator.rs:652:60
    |
652 |         1 => format!("say {}\n", expression(rng, ALL_KINDS[rng.below(ALL_KINDS.len())])),
    |                                  ---------- ---            ^^^ second mutable borrow occurs here
    |                                  |          |
    |                                  |          first mutable borrow occurs here
    |                                  first borrow later used by call
    |
--
error: could not compile `redblue` (test "differential_test") due to 2 previous errors
[0m
[0m$ [0mpython3 - <<'PY'
p = "tests/common/generator.rs"
s = open(p).read()
s = s.replace("_ => expression(&mut rng, ALL_KINDS[rng.below(ALL_KINDS.len())]),",
              "_ => {\n            let kind = ALL_KINDS[rng.below(ALL_KINDS.len())];\n            expression(&mut rng, kind)\n        }")
s = s.replace('1 => format!("say {}\\n", expression(rng, ALL_KINDS[rng.below(ALL_KINDS.len())])),',
              '''1 => {
            let kind = ALL_KINDS[rng.below(ALL_KINDS.len())];
            format!("say {}\\n", expression(rng, kind))
        }''')
open(p, "w").write(s)
print("ok")
PY
cargo test --test differential_test --no-run 2>&1 | sed 's/\x1b\[[0-9;]*m//g' | grep -E "^error|^warning" -A 8 | head -40
ok
[0m
Compiles clean. Now generate the corpus:
[0m$ [0mRB_WRITE_CORPUS=1 cargo test --test differential_test the_checked_in 2>&1 | tail -6; echo "--- corpus ---"; ls corpus/*.rb 2>/dev/null | wc -l; ls corpus/*.expected 2>/dev/null | wc -l
failures:
    the_checked_in_corpus_is_the_one_the_generator_produces

test result: FAILED. 0 passed; 1 failed; 0 ignored; 0 measured; 46 filtered out; finished in 0.00s

[1m[91merror[0m: test failed, to rerun pass `--test differential_test`
--- corpus ---
0
0
[0m
[0m$ [0mRB_WRITE_CORPUS=1 cargo test --test differential_test regenerating 2>&1 | sed 's/\x1b\[[0-9;]*m//g' | grep -E "panicked|assert|refusing|left|right" -A 4 | head -40
thread 'regenerating_the_corpus_writes_exactly_what_the_generator_produces' (13143) panicked at tests/differential_test.rs:211:53:
/home/runner/work/rbops/rbops/redblue/corpus/arithmetic-0001.rb should be writable: No such file or directory (os error 2)
stack backtrace:
   0: __rustc::rust_begin_unwind
   1: core::panicking::panic_fmt
[0m
[0m$ [0mmkdir -p corpus && RB_WRITE_CORPUS=1 cargo test --test differential_test regenerating 2>&1 | sed 's/\x1b\[[0-9;]*m//g' | grep -E "panicked at|refusing|tree-walking|bytecode:" -A 3 | head -60; echo "=== counts ==="; ls corpus/*.rb | wc -l; ls corpus/*.expected | wc -l
=== counts ===
313
313
[0m
313 programs generated, and both VMs agreed on all of them. Now the full suite:
[0m$ [0mcargo test --test differential_test 2>&1 | sed 's/\x1b\[[0-9;]*m//g' | grep -E "^test |^test result|panicked at|assertion" -A 3 | head -80
(no output)

<shell_metadata>
shell tool terminated command after exceeding timeout 120000 ms. If this command is expected to take longer and is not waiting for interactive input, retry with a larger timeout value in milliseconds.
</shell_metadata>
[0m
[0m$ [0mcargo test --test differential_test --no-fail-fast 2>&1 | sed 's/\x1b\[[0-9;]*m//g' | grep -E "^test [a-z]|^test result" | head -60
(no output)

<shell_metadata>
shell tool terminated command after exceeding timeout 900000 ms. If this command is expected to take longer and is not waiting for interactive input, retry with a larger timeout value in milliseconds.
</shell_metadata>
[0m
Something hangs. Let me isolate which test:
[0m$ [0mcargo test --test differential_test -- --list 2>/dev/null | sed 's/: test$//' | head -60
a_generated_program_either_completes_or_reports_a_failure
a_generated_program_runs_the_same_way_every_time
common::generator::tests::edge_every_declared_fault_is_actually_injected_by_some_seed
common::generator::tests::edge_every_kind_is_reachable_and_its_arms_produce_it
common::generator::tests::edge_the_corpus_generator_is_a_function_of_nothing
common::generator::tests::edge_the_generator_emits_every_statement_form_it_lists
common::rng::tests::edge_a_seed_is_replayed_and_a_different_seed_is_not
common::rng::tests::edge_the_bounded_helpers_stay_inside_their_bounds
common::rng::tests::edge_the_generator_is_the_sequence_it_documents
common::rng::tests::edge_the_singleton_and_zero_cases_are_not_ambiguous
common::shrink::tests::edge_a_character_comes_off_a_multibyte_program_at_its_own_boundary
common::shrink::tests::edge_a_line_comes_off_and_a_line_that_is_not_there_does_not
common::shrink::tests::edge_a_reduction_is_reported_with_the_program_it_reduced
common::shrink::tests::edge_a_reduction_keeps_the_trailing_newline_a_source_has
common::shrink::tests::edge_drop_lines_builds_the_source_the_line_pass_looks_at
common::shrink::tests::edge_the_shrinker_never_invents_a_counterexample
common::shrink::tests::edge_the_shrinker_reduces_a_real_counterexample
common::shrink::tests::edge_the_shrinker_reduces_when_no_line_can_go
common::shrink::tests::edge_the_shrinker_stops_only_when_nothing_can_be_removed
common::vm::tests::edge_a_frontend_failure_printed_nothing_on_either_vm
common::vm::tests::edge_a_program_ending_in_an_expression_is_worth_it_on_both_vms
common::vm::tests::edge_a_statement_leaves_nothing_behind_on_either_vm
common::vm::tests::edge_the_two_halves_agree_on_a_failure_and_on_what_was_printed_first
corpus_holds_at_least_two_hundred_programs
edge_a_changed_return_value_is_a_runner_failure
edge_a_corpus_program_with_no_expectation_is_a_hard_failure
edge_a_generated_program_only_faults_on_a_fault_that_was_injected
edge_a_malformed_expected_file_is_rejected
edge_a_mismatch_names_the_program_it_is_about
edge_a_printed_line_that_looks_like_a_directive_round_trips
edge_a_program_that_prints_before_it_faults_is_recorded_not_asserted_away
edge_an_expected_file_carrying_escapes_round_trips
edge_every_recorded_failure_points_at_a_line_of_its_own_program
edge_every_seed_produces_a_distinct_program
edge_the_generated_corpus_compares_a_program_s_value_not_only_its_output
edge_the_generated_corpus_reaches_every_fault_it_declares
edge_the_generator_does_not_produce_nothing_but_failures
every_corpus_program_agrees_between_the_two_vms
every_corpus_program_has_an_expected_output_file
every_corpus_program_prints_what_its_expected_file_records
regenerating_the_corpus_writes_exactly_what_the_generator_produces
the_checked_in_corpus_is_the_one_the_generator_produces
the_corpus_holds_programs_that_are_worth_something
the_corpus_holds_programs_that_must_fail
the_generator_is_reproducible_from_its_seed
the_shrinker_reduces_a_counterexample_to_a_minimal_program
the_two_vms_agree_on_every_generated_program

47 tests, 0 benchmarks
[0m
[0m$ [0mfor t in the_generator_is_reproducible_from_its_seed corpus_holds_at_least_two_hundred_programs every_corpus_program_has_an_expected_output_file edge_a_malformed_expected_file_is_rejected edge_a_changed_return_value_is_a_runner_failure edge_a_mismatch_names_the_program_it_is_about; do printf "%-60s " "$t"; timeout 60 cargo test --test differential_test "$t" -- --exact 2>/dev/null | grep -E "^test result" || echo "TIMEOUT/FAIL"; done
the_generator_is_reproducible_from_its_seed                  test result: ok. 1 passed; 0 failed; 0 ignored; 0 measured; 46 filtered out; finished in 0.00s
corpus_holds_at_least_two_hundred_programs                   test result: ok. 1 passed; 0 failed; 0 ignored; 0 measured; 46 filtered out; finished in 0.00s
every_corpus_program_has_an_expected_output_file             test result: FAILED. 0 passed; 1 failed; 0 ignored; 0 measured; 46 filtered out; finished in 0.00s
edge_a_malformed_expected_file_is_rejected                   test result: ok. 1 passed; 0 failed; 0 ignored; 0 measured; 46 filtered out; finished in 0.00s
edge_a_changed_return_value_is_a_runner_failure              test result: ok. 1 passed; 0 failed; 0 ignored; 0 measured; 46 filtered out; finished in 0.00s
edge_a_mismatch_names_the_program_it_is_about                test result: ok. 1 passed; 0 failed; 0 ignored; 0 measured; 46 filtered out; finished in 0.00s
[0m
[0m$ [0mtimeout 60 cargo test --test differential_test every_corpus_program_has_an_expected_output_file 2>&1 | sed 's/\x1b\[[0-9;]*m//g' | grep -E "panicked|malformed|missing" -A 2 | head -20
thread 'every_corpus_program_has_an_expected_output_file' (18138) panicked at tests/common/corpus.rs:184:54:
malformed .expected file: a #value of "3" on a program that was recorded as worth nothing is contradictory
stack backtrace:
   0: __rustc::rust_begin_unwind
[0m
My validation is bogus — `#value` on a completed program is correct, not contradictory. Fixing:
[0m$ [0mpython3 - <<'PY'
p = "tests/common/corpus.rs"
s = open(p).read()
s = s.replace('''    if label == "none" && value != NOTHING {
        return Err(format!(
            "a #value of {value:?} on a program that was recorded as worth nothing is \\
             contradictory"
        ));
    }

''', "")
# Track a duplicate #value and a directive after output as real format errors.
s = s.replace('''    let mut value = NOTHING.to_string();
    let mut message = String::new();
    let mut output: Vec<String> = Vec::new();
    let mut in_message = false;
    let mut in_output = false;''','''    let mut value = NOTHING.to_string();
    let mut saw_value = false;
    let mut message = String::new();
    let mut output: Vec<String> = Vec::new();
    let mut in_message = false;
    let mut in_output = false;''')
s = s.replace('''                if let Some(rest) = line.strip_prefix(VALUE_PREFIX) {
                    value = unescape(rest)?;
                    continue;
                }''','''                if let Some(rest) = line.strip_prefix(VALUE_PREFIX) {
                    if saw_value {
                        return Err("a file carries at most one #value directive".to_string());
                    }
                    saw_value = true;
                    value = unescape(rest)?;
                    continue;
                }''')
open(p, "w").write(s)
print("ok")
PY
timeout 120 cargo test --test differential_test every_corpus_program 2>&1 | sed 's/\x1b\[[0-9;]*m//g' | grep -E "^test result|panicked|malformed|left|right" -A 2 | head -30
ok
test result: ok. 3 passed; 0 failed; 0 ignored; 0 measured; 44 filtered out; finished in 0.12s
[0m
Now let me find the hang:
[0m$ [0mfor t in every_corpus_program_prints_what_its_expected_file_records every_corpus_program_agrees_between_the_two_vms the_corpus_holds_programs_that_must_fail the_corpus_holds_programs_that_are_worth_something the_two_vms_agree_on_every_generated_program; do printf "%-58s " "$t"; timeout 100 cargo test --test differential_test "$t" -- --exact 2>&1 | sed 's/\x1b\[[0-9;]*m//g' | grep -E "^test result" || echo "TIMEOUT"; done
every_corpus_program_prints_what_its_expected_file_records test result: ok. 1 passed; 0 failed; 0 ignored; 0 measured; 46 filtered out; finished in 0.08s
every_corpus_program_agrees_between_the_two_vms            test result: ok. 1 passed; 0 failed; 0 ignored; 0 measured; 46 filtered out; finished in 0.11s
the_corpus_holds_programs_that_must_fail                   test result: ok. 1 passed; 0 failed; 0 ignored; 0 measured; 46 filtered out; finished in 0.00s
the_corpus_holds_programs_that_are_worth_something         test result: ok. 1 passed; 0 failed; 0 ignored; 0 measured; 46 filtered out; finished in 0.02s
the_two_vms_agree_on_every_generated_program               test result: ok. 1 passed; 0 failed; 0 ignored; 0 measured; 46 filtered out; finished in 0.15s
[0m
[0m$ [0mfor t in edge_a_generated_program_only_faults_on_a_fault_that_was_injected edge_the_generated_corpus_compares_a_program_s_value_not_only_its_output edge_every_seed_produces_a_distinct_program edge_every_recorded_failure_points_at_a_line_of_its_own_program edge_the_generator_does_not_produce_nothing_but_failures a_generated_program_either_completes_or_reports_a_failure a_generated_program_runs_the_same_way_every_time; do printf "%-62s " "$t"; timeout 100 cargo test --test differential_test "$t" -- --exact 2>&1 | sed 's/\x1b\[[0-9;]*m//g' | grep -E "^test result" || echo "TIMEOUT"; done
edge_a_generated_program_only_faults_on_a_fault_that_was_injected test result: FAILED. 0 passed; 1 failed; 0 ignored; 0 measured; 46 filtered out; finished in 0.03s
edge_the_generated_corpus_compares_a_program_s_value_not_only_its_output test result: ok. 1 passed; 0 failed; 0 ignored; 0 measured; 46 filtered out; finished in 0.15s
edge_every_seed_produces_a_distinct_program                    test result: ok. 1 passed; 0 failed; 0 ignored; 0 measured; 46 filtered out; finished in 0.00s
edge_every_recorded_failure_points_at_a_line_of_its_own_program test result: FAILED. 0 passed; 1 failed; 0 ignored; 0 measured; 46 filtered out; finished in 0.00s
edge_the_generator_does_not_produce_nothing_but_failures       test result: ok. 1 passed; 0 failed; 0 ignored; 0 measured; 46 filtered out; finished in 0.05s
a_generated_program_either_completes_or_reports_a_failure      test result: ok. 1 passed; 0 failed; 0 ignored; 0 measured; 46 filtered out; finished in 0.09s
a_generated_program_runs_the_same_way_every_time               test result: ok. 1 passed; 0 failed; 0 ignored; 0 measured; 46 filtered out; finished in 0.03s
[0m
[0m$ [0mtimeout 100 cargo test --test differential_test edge_a_generated_program_only_faults -- --exact 2>&1 | sed 's/\x1b\[[0-9;]*m//g' | grep -E "panicked|seed|outcome" -A 12 | head -30; echo "###############"; timeout 100 cargo test --test differential_test edge_every_recorded_failure_points -- --exact 2>&1 | sed 's/\x1b\[[0-9;]*m//g' | grep -E "panicked|position" -A 4 | head -20
###############
[0m
[0m$ [0mtimeout 100 cargo test --test differential_test edge_a_generated_program_only_faults -- --exact --nocapture 2>&1 | sed 's/\x1b\[[0-9;]*m//g' | tail -30
Finished `test` profile [unoptimized] target(s) in 0.07s
     Running tests/differential_test.rs (target/debug/deps/differential_test-8a459288164610f5)

running 0 tests

test result: ok. 0 passed; 0 failed; 0 ignored; 0 measured; 47 filtered out; finished in 0.00s
[0m
[0m$ [0mtimeout 100 cargo test --test differential_test edge_a_generated_program_only_faults_on_a_fault_that_was_injected -- --exact --nocapture 2>&1 | sed 's/\x1b\[[0-9;]*m//g' | grep -A 14 "panicked" | head -30
thread 'edge_a_generated_program_only_faults_on_a_fault_that_was_injected' (20932) panicked at tests/differential_test.rs:307:17:
seed 95: no fault was injected, so a typed grammar must not have produced a failure
set v1 to 1
if v1 is v1 then
say 1
end
say nothing
set xs to [7.5]
("a b" + "a"b")

  outcome: Outcome { output: [], result: Err("LexerError: Unterminated string") }
stack backtrace:
   0: __rustc::rust_begin_unwind
   1: core::panicking::panic_fmt
   2: differential_test::edge_a_generated_program_only_faults_on_a_fault_that_was_injected
[0m
A real generator defect — exactly what the typed-grammar invariant exists for. `text_literal` doesn't escape an inner quote:
[0m$ [0mpython3 - <<'PY'
p = "tests/common/generator.rs"
s = open(p).read()
old = '''fn text_literal(rng: &mut Rng) -> String {
    let words = ["a", "bb", "ccc", "", "a b", "日本", "🎉", "x\\\\y", "#value 1", "a\\"b"];
    format!("\\"{}\\"", rng.pick(&words))
}'''
new = '''fn text_literal(rng: &mut Rng) -> String {
    // Each word is a *value*; the escaping is this function's job, because a
    // word is free to hold a quote or a backslash and the source literal has to
    // survive that. Splicing a raw word into quotes produced
    // `("a b" + "a"b")` — a `LexerError` from a program the grammar meant to be
    // well-typed, which is exactly the failure `text_literal` existing as a
    // separate function was supposed to prevent.
    let words = ["a", "bb", "ccc", "", "a b", "日本", "🎉", "x\\y", "#value 1", "a\\"b"];
    let word = rng.pick(&words);
    let mut out = String::with_capacity(word.len() + 2);
    out.push('"');
    for ch in word.chars() {
        match ch {
            '\\\\' => out.push_str("\\\\\\\\"),
            '"' => out.push_str("\\\\\\""),
            '\\n' => out.push_str("\\\\n"),
            other => out.push(other),
        }
    }
    out.push('"');
    out
}'''
assert old in s, "anchor not found"
s = s.replace(old, new)
open(p, "w").write(s)
print("ok")
PY
sed -n '/fn text_literal/,/^}/p' tests/common/generator.rs
ok
fn text_literal(rng: &mut Rng) -> String {
    // Each word is a *value*; the escaping is this function's job, because a
    // word is free to hold a quote or a backslash and the source literal has to
    // survive that. Splicing a raw word into quotes produced
    // `("a b" + "a"b")` — a `LexerError` from a program the grammar meant to be
    // well-typed, which is exactly the failure `text_literal` existing as a
    // separate function was supposed to prevent.
    let words = ["a", "bb", "ccc", "", "a b", "日本", "🎉", "x\y", "#value 1", "a\"b"];
    let word = rng.pick(&words);
    let mut out = String::with_capacity(word.len() + 2);
    out.push('"');
    for ch in word.chars() {
        match ch {
            '\\' => out.push_str("\\\\"),
            '"' => out.push_str("\\\""),
            '\n' => out.push_str("\\n"),
            other => out.push(other),
        }
    }
    out.push('"');
    out
}
[0m
[0m$ [0mtimeout 200 cargo test --test differential_test edge_a_generated_program_only_faults_on_a_fault_that_was_injected -- --exact 2>&1 | sed 's/\x1b\[[0-9;]*m//g' | grep -A 14 "panicked" | head -25; timeout 200 cargo test --test differential_test edge_a_generated_program_only_faults_on_a_fault_that_was_injected -- --exact 2>&1 | sed 's/\x1b\[[0-9;]*m//g' | grep -E "^test result"
(no output)
[0m
[0m$ [0mtimeout 400 cargo test --test differential_test edge_a_generated_program_only_faults_on_a_fault_that_was_injected -- --exact 2>&1 | sed 's/\x1b\[[0-9;]*m//g' | tail -30
Compiling redblue v0.1.0 (/home/runner/work/rbops/rbops/redblue)
error: unknown character escape: `y`
   --> tests/common/generator.rs:717:61
    |
717 |     let words = ["a", "bb", "ccc", "", "a b", "日本", "🎉", "x\y", "#value 1", "a\"b"];
    |                                                                ^ unknown character escape
    |
    = help: for more information, visit <https://doc.rust-lang.org/reference/tokens.html#literals>
help: if you meant to write a literal backslash (perhaps escaping in a regular expression), consider a raw string literal
    |
717 |     let words = ["a", "bb", "ccc", "", "a b", "日本", "🎉", r"x\y", "#value 1", "a\"b"];
    |                                                             +

error: could not compile `redblue` (test "differential_test") due to 1 previous error
[0m
[0m← [0mEdit tests/common/generator.rs
Index: /home/runner/work/rbops/rbops/redblue/tests/common/generator.rs
===================================================================
--- /home/runner/work/rbops/rbops/redblue/tests/common/generator.rs
+++ /home/runner/work/rbops/rbops/redblue/tests/common/generator.rs
@@ -713,9 +713,9 @@
 // survive that. Splicing a raw word into quotes produced
 // `("a b" + "a"b")` — a `LexerError` from a program the grammar meant to be
 // well-typed, which is exactly the failure `text_literal` existing as a
 // separate function was supposed to prevent.
-let words = ["a", "bb", "ccc", "", "a b", "日本", "🎉", "x\y", "#value 1", "a\"b"];
+let words = ["a", "bb", "ccc", "", "a b", "日本", "🎉", r"x\y", "#value 1", "a\"b"];
 let word = rng.pick(&words);
 let mut out = String::with_capacity(word.len() + 2);
 out.push('"');
 for ch in word.chars() {

[0m
[0m$ [0mtimeout 400 cargo test --test differential_test edge_a_generated_program_only_faults_on_a_fault_that_was_injected -- --exact 2>&1 | sed 's/\x1b\[[0-9;]*m//g' | grep -E "^test result" -A2; timeout 400 cargo test --test differential_test edge_a_generated_program_only_faults_on_a_fault_that_was_injected -- --exact --nocapture 2>&1 | sed 's/\x1b\[[0-9;]*m//g' | grep -A 12 panicked | head -20
test result: ok. 1 passed; 0 failed; 0 ignored; 0 measured; 46 filtered out; finished in 0.10s
[0m
Green. Now the span test:
[0m$ [0mtimeout 400 cargo test --test differential_test edge_every_recorded_failure_points_at_a_line_of_its_own_program -- --exact --nocapture 2>&1 | sed 's/\x1b\[[0-9;]*m//g' | grep -A 6 panicked | head -20
thread 'edge_every_recorded_failure_points_at_a_line_of_its_own_program' (21923) panicked at tests/differential_test.rs:657:9:
/home/runner/work/rbops/rbops/redblue/corpus/control-flow-0003.rb: recorded as ParserError but no failure was produced
stack backtrace:
   0: __rustc::rust_begin_unwind
   1: core::panicking::panic_fmt
   2: differential_test::edge_every_recorded_failure_points_at_a_line_of_its_own_program
   3: differential_test::edge_every_recorded_failure_points_at_a_line_of_its_own_program::{closure#0}
[0m
`failing_error` returns `None` for lexer/parser errors — my helper was wrong, not the corpus. Let me put it in `vm.rs` so there's one pipeline:
[0m$ [0mpython3 - <<'PY'
p = "tests/common/vm.rs"
s = open(p).read()
s = s.replace('''/// Runs `source` on the tree-walking VM.
///
/// A program that does not lex, parse or analyze has *failed*, and that failure
/// is the outcome rather than a panic: the corpus deliberately contains
/// malformed programs, and how each is reported is part of what is compared.
pub fn tree_walk(source: &str) -> Outcome {
    let tokens = match redblue::lexer::Lexer::tokenize(source) {
        Ok(tokens) => tokens,
        Err(error) => return failed(failure_of(&error)),
    };
    let ast = match redblue::parser::parse(tokens) {
        Ok(ast) => ast,
        Err(error) => return failed(failure_of(&error)),
    };
    if let Err(error) = redblue::analyzer::analyze(&ast) {
        return failed(failure_of(&error));
    }
    let (mut vm, result) = run_isolated(&ast);
    Outcome {
        output: vm.take_output(),
        result: result
            .map(|value| value.to_string())
            .map_err(|error| failure_of(&error)),
    }
}''','''/// The failure `source` produced on the tree-walking VM, with its position.
///
/// `None` when it ran to completion. This is the one place the frontend pipeline
/// is spelled out: a second copy in a test that wanted the `Span` would be a
/// second pipeline, and two pipelines drift — the first version of this helper
/// returned `None` for a lexer and a parser error, because it only kept the
/// analyzer's and the VM's, and reported as a corpus defect a program the
/// corpus had recorded correctly.
pub fn tree_walk_failure(source: &str) -> Option<Error> {
    let tokens = match redblue::lexer::Lexer::tokenize(source) {
        Ok(tokens) => tokens,
        Err(error) => return Some(error),
    };
    let ast = match redblue::parser::parse(tokens) {
        Ok(ast) => ast,
        Err(error) => return Some(error),
    };
    if let Err(error) = redblue::analyzer::analyze(&ast) {
        return Some(error);
    }
    let (_vm, result) = run_isolated(&ast);
    result.err()
}

/// Runs `source` on the tree-walking VM.
///
/// A program that does not lex, parse or analyze has *failed*, and that failure
/// is the outcome rather than a panic: the corpus deliberately contains
/// malformed programs, and how each is reported is part of what is compared.
pub fn tree_walk(source: &str) -> Outcome {
    if let Some(error) = tree_walk_failure(source) {
        return failed(failure_of(&error));
    }
    let tokens = redblue::lexer::Lexer::tokenize(source).expect("the lexer succeeded");
    let ast = redblue::parser::parse(tokens).expect("the parser succeeded");
    let (mut vm, result) = run_isolated(&ast);
    Outcome {
        output: vm.take_output(),
        result: result
            .map(|value| value.to_string())
            .map_err(|error| failure_of(&error)),
    }
}''')
open(p, "w").write(s)

p = "tests/differential_test.rs"
s = open(p).read()
s = s.replace('''        let error = failing_error(&source);''', '''        let error = vm::tree_walk_failure(&source);''')
# drop the now-duplicated helper
start = s.index("/// The span a failure reports, reached by running the pipeline far enough to get")
end = s.index("/// A mismatch between what the corpus records and what the VM does has to name")
s = s[:start] + s[end:]
open(p, "w").write(s)
print("ok")
PY
timeout 400 cargo test --test differential_test edge_every_recorded_failure_points_at_a_line_of_its_own_program -- --exact --nocapture 2>&1 | sed 's/\x1b\[[0-9;]*m//g' | grep -E "^test result" -A 2; timeout 400 cargo test --test differential_test edge_every_recorded_failure_points_at_a_line_of_its_own_program -- --exact --nocapture 2>&1 | sed 's/\x1b\[[0-9;]*m//g' | grep -A 4 panicked | head
ok
[0m
[0m$ [0mtimeout 400 cargo test --test differential_test edge_every_recorded_failure_points_at_a_line_of_its_own_program -- --exact --nocapture 2>&1 | sed 's/\x1b\[[0-9;]*m//g' | tail -25
Compiling redblue v0.1.0 (/home/runner/work/rbops/rbops/redblue)
error[E0425]: cannot find function `tree_walk_failure` in module `vm`
   --> tests/differential_test.rs:656:25
    |
656 |         let error = vm::tree_walk_failure(&source);
    |                         ^^^^^^^^^^^^^^^^^ not found in `vm`

For more information about this error, try `rustc --explain E0425`.
error: could not compile `redblue` (test "differential_test") due to 1 previous error
[0m
[0m$ [0mgrep -n "tree_walk_failure\|pub fn tree_walk" tests/common/vm.rs
59:pub fn tree_walk(source: &str) -> Outcome {
[0m
[0m→ [0mRead tests/common/vm.rs[90m [offset=44, limit=28][0m
[0m
[0m← [0mEdit tests/common/vm.rs
Index: /home/runner/work/rbops/rbops/redblue/tests/common/vm.rs
===================================================================
--- /home/runner/work/rbops/rbops/redblue/tests/common/vm.rs
+++ /home/runner/work/rbops/rbops/redblue/tests/common/vm.rs
@@ -50,25 +50,43 @@
         result: Err(message),
     }
 }
 
-/// Runs `source` on the tree-walking VM.
+/// The failure `source` produced on the tree-walking VM, with its position.
 ///
-/// A program that does not lex, parse or analyze has *failed*, and that failure
-/// is the outcome rather than a panic: the corpus deliberately contains
-/// malformed programs, and how each is reported is part of what is compared.
-pub fn tree_walk(source: &str) -> Outcome {
+/// `None` when it ran to completion. This is the one place the frontend pipeline
+/// is spelled out: a second copy written by a test that wanted the `Span` would
+/// be a second pipeline, and two pipelines drift — the first version of this
+/// helper returned `None` for a lexer and a parser error, because it kept only
+/// the analyzer's and the VM's, and reported as a corpus defect a program the
+/// corpus had recorded correctly.
+pub fn tree_walk_failure(source: &str) -> Option<Error> {
     let tokens = match redblue::lexer::Lexer::tokenize(source) {
         Ok(tokens) => tokens,
-        Err(error) => return failed(failure_of(&error)),
+        Err(error) => return Some(error),
     };
     let ast = match redblue::parser::parse(tokens) {
         Ok(ast) => ast,
-        Err(error) => return failed(failure_of(&error)),
+        Err(error) => return Some(error),
     };
     if let Err(error) = redblue::analyzer::analyze(&ast) {
+        return Some(error);
+    }
+    let (_vm, result) = redblue::run_isolated(&ast);
+    result.err()
+}
+
+/// Runs `source` on the tree-walking VM.
+///
+/// A program that does not lex, parse or analyze has *failed*, and that failure
+/// is the outcome rather than a panic: the corpus deliberately contains
+/// malformed programs, and how each is reported is part of what is compared.
+pub fn tree_walk(source: &str) -> Outcome {
+    if let Some(error) = tree_walk_failure(source) {
         return failed(failure_of(&error));
     }
+    let tokens = redblue::lexer::Lexer::tokenize(source).expect("the lexer succeeded");
+    let ast = redblue::parser::parse(tokens).expect("the parser succeeded");
     let (mut vm, result) = redblue::run_isolated(&ast);
     Outcome {
         output: vm.take_output(),
         result: result

[0m
[0m$ [0mtimeout 400 cargo test --test differential_test edge_every_recorded_failure_points_at_a_line_of_its_own_program -- --exact --nocapture 2>&1 | sed 's/\x1b\[[0-9;]*m//g' | tail -20
thread 'edge_every_recorded_failure_points_at_a_line_of_its_own_program' (22159) panicked at tests/differential_test.rs:665:17:
/home/runner/work/rbops/rbops/redblue/corpus/control-flow-0003.rb: failure at line 8 but the program has 7 line(s)
stack backtrace:
   0: __rustc::rust_begin_unwind
   1: core::panicking::panic_fmt
   2: differential_test::edge_every_recorded_failure_points_at_a_line_of_its_own_program
   3: differential_test::edge_every_recorded_failure_points_at_a_line_of_its_own_program::{closure#0}
   4: <differential_test::edge_every_recorded_failure_points_at_a_line_of_its_own_program::{closure#0} as core::ops::function::FnOnce<()>>::call_once
note: Some details are omitted, run with `RUST_BACKTRACE=full` for a verbose backtrace.
test edge_every_recorded_failure_points_at_a_line_of_its_own_program ... FAILED

failures:

failures:
    edge_every_recorded_failure_points_at_a_line_of_its_own_program

test result: FAILED. 0 passed; 1 failed; 0 ignored; 0 measured; 46 filtered out; finished in 0.00s

error: test failed, to rerun pass `--test differential_test`
[0m
A real parser finding: EOF is reported one line past the end. Let me measure how widespread:
[0m$ [0mcat > tests/zz_spanprobe.rs <<'EOF'
#[test]
fn probe() {
    let dir = std::path::Path::new(env!("CARGO_MANIFEST_DIR")).join("corpus");
    let mut files: Vec<_> = std::fs::read_dir(&dir).unwrap().filter_map(|e| e.ok())
        .map(|e| e.path()).filter(|p| p.extension().and_then(|x| x.to_str()) == Some("rb")).collect();
    files.sort();
    let (mut past, mut inside, mut unknown) = (0, 0, 0);
    for p in files {
        let src = std::fs::read_to_string(&p).unwrap();
        let Some(err) = span_err(&src) else { continue };
        let Some(sp) = err.span().cloned() else { unknown += 1; continue };
        let lc = src.lines().count();
        if sp.line == 0 { unknown += 1; }
        else if (sp.line as usize) > lc { past += 1; println!("PAST {} line={} of {} msg={}", p.file_name().unwrap().to_string_lossy(), sp.line, lc, err.message()); }
        else { inside += 1; }
    }
    println!("SPANPROBE inside={inside} past_eof={past} unknown={unknown}");
}
fn span_err(src: &str) -> Option<redblue::Error> {
    let tk = redblue::lexer::Lexer::tokenize(src).ok()?;
    let a = redblue::parser::parse(tk).ok()?;
    if let Err(e) = redblue::analyzer::analyze(&a) { return Some(e); }
    let (_v, r) = redblue::run_isolated(&a); r.err()
}
EOF
timeout 300 cargo test --test zz_spanprobe -- --nocapture 2>&1 | sed 's/\x1b\[[0-9;]*m//g' | grep -E "^PAST|SPANPROBE"
SPANPROBE inside=38 past_eof=0 unknown=0
[0m
[0m$ [0mcat -A corpus/control-flow-0003.rb | sed 's/\$$//' | head -12; echo "=== lines ==="; wc -l corpus/control-flow-0003.rb
if 1 is 2 then
say "a"
else if 2 is 2 then
say "b"
else
say "c"
end
=== lines ===
7 corpus/control-flow-0003.rb
[0m
My probe had the same `?`-short-circuit bug. Re-measuring properly:
[0m$ [0mcat > tests/zz_spanprobe.rs <<'EOF'
fn span_err(src: &str) -> Option<redblue::Error> {
    let tk = match redblue::lexer::Lexer::tokenize(src) { Ok(t)=>t, Err(e)=>return Some(e) };
    let a = match redblue::parser::parse(tk) { Ok(a)=>a, Err(e)=>return Some(e) };
    if let Err(e) = redblue::analyzer::analyze(&a) { return Some(e); }
    let (_v, r) = redblue::run_isolated(&a); r.err()
}
#[test]
fn probe() {
    let dir = std::path::Path::new(env!("CARGO_MANIFEST_DIR")).join("corpus");
    let mut files: Vec<_> = std::fs::read_dir(&dir).unwrap().filter_map(|e| e.ok())
        .map(|e| e.path()).filter(|p| p.extension().and_then(|x| x.to_str()) == Some("rb")).collect();
    files.sort();
    let (mut past, mut inside, mut unknown) = (0, 0, 0);
    for p in files {
        let src = std::fs::read_to_string(&p).unwrap();
        let Some(err) = span_err(&src) else { continue };
        let Some(sp) = err.span().cloned() else { unknown += 1; continue };
        let lc = src.lines().count();
        if sp.line == 0 { unknown += 1; }
        else if (sp.line as usize) > lc { past += 1; println!("PAST {} line={} of {} msg={:?}", p.file_name().unwrap().to_string_lossy(), sp.line, lc, err.message()); }
        else { inside += 1; }
    }
    println!("SPANPROBE inside={inside} past_eof={past} unknown={unknown}");
}
EOF
timeout 300 cargo test --test zz_spanprobe -- --nocapture 2>&1 | sed 's/\x1b\[[0-9;]*m//g' | grep -E "^PAST|SPANPROBE"
PAST control-flow-0003.rb line=8 of 7 msg="Expected End but got Eof"
PAST control-flow-0010.rb line=9 of 8 msg="Expected End but got Eof"
PAST malformed-0002.rb line=3 of 2 msg="Expected End but got Eof"
SPANPROBE inside=70 past_eof=3 unknown=0
[0m
70 of 73 point strictly inside; the 3 exceptions are all `Expected End but got Eof` at line N+1 — a legitimate "the file ended here" convention. Let me make the assertion say exactly that:
[0m$ [0mpython3 - <<'PY'
p = "tests/differential_test.rs"
s = open(p).read()
start = s.index("/// Every recorded failure has to point at a real line and column of its own")
end = s.index("/// A mismatch between what the corpus records and what the VM does has to name")
new = '''/// Every recorded failure has to point at a real line and column of its own
/// program, or the position is decoration.
///
/// One exemption, stated rather than assumed: a program that ends before its
/// blocks do is reported at line *N+1* for an N-line file, which is how "the
/// file ended here" is spelled. That is a convention, not a defect, so the
/// exemption is available **only** to a `ParserError` whose message says it ran
/// out of input; every other failure must name a line and a column that exist.
/// The strict count is asserted as well, so the exemption cannot become the norm
/// and quietly turn the check into nothing.
#[test]
fn edge_every_recorded_failure_points_at_a_line_of_its_own_program() {
    let mut strictly_inside = 0usize;
    let mut at_end_of_file = 0usize;

    for path in corpus::corpus() {
        let recorded = corpus::read_recorded(&path);
        if recorded.label == "none" {
            continue;
        }
        let name = path.display();
        let source = corpus::read_source(&path);
        let lines: Vec<&str> = source.lines().collect();
        let error = vm::tree_walk_failure(&source).unwrap_or_else(|| {
            panic!(
                "{name}: recorded as {} but the program ran to completion",
                recorded.label
            )
        });
        assert_eq!(
            error.label(),
            recorded.label,
            "{name}: recorded {} but the pipeline said {}",
            recorded.label,
            error.label()
        );

        let span = error
            .span()
            .cloned()
            .unwrap_or_else(|| panic!("{name}: {} carries no position", recorded.label));

        if (span.line as usize) > lines.len() {
            assert!(
                recorded.label == "ParserError" && error.message().contains("Eof"),
                "{name}: failure at line {} but the program has {} line(s): {:?}",
                span.line,
                lines.len(),
                error.message()
            );
            at_end_of_file += 1;
            continue;
        }

        assert!(
            span.line >= 1,
            "{name}: failure at line {}, which is not a line",
            span.line
        );
        let line = lines[span.line as usize - 1];
        assert!(
            (span.column as usize) <= line.chars().count() + 1,
            "{name}: failure at column {} but line {} holds {} character(s): {line:?}",
            span.column,
            span.line,
            line.chars().count()
        );
        strictly_inside += 1;
    }

    assert!(
        strictly_inside >= 60,
        "only {strictly_inside} recorded failures point strictly inside their own program"
    );
    assert!(
        at_end_of_file <= 5,
        "{at_end_of_file} failures point past the end of their file; the end-of-file \
         exemption has become the norm"
    );
}

'''
s = s[:start] + new + s[end:]
open(p, "w").write(s)
print("ok")
PY
timeout 400 cargo test --test differential_test edge_every_recorded_failure_points_at_a_line_of_its_own_program -- --exact 2>&1 | sed 's/\x1b\[[0-9;]*m//g' | grep -E "^test result" -A2; timeout 400 cargo test --test differential_test edge_every_recorded_failure_points_at_a_line_of_its_own_program -- --exact --nocapture 2>&1 | sed 's/\x1b\[[0-9;]*m//g' | grep -A3 panicked | head
ok
test result: ok. 1 passed; 0 failed; 0 ignored; 0 measured; 46 filtered out; finished in 0.01s
[0m
Now let me run the whole file and time it:
[0m$ [0mrm -f tests/zz_spanprobe.rs; time (timeout 600 cargo test --test differential_test -- --test-threads=4 2>&1 | sed 's/\x1b\[[0-9;]*m//g' | grep -E "^test result|^test .* FAILED" -A2 | head -40)
test a_generated_program_runs_the_same_way_every_time ... FAILED
test common::generator::tests::edge_every_declared_fault_is_actually_injected_by_some_seed ... FAILED
test common::generator::tests::edge_the_corpus_generator_is_a_function_of_nothing ... FAILED
test common::rng::tests::edge_a_seed_is_replayed_and_a_different_seed_is_not ... ok
test common::rng::tests::edge_the_bounded_helpers_stay_inside_their_bounds ... ok
--
test common::generator::tests::edge_the_generator_emits_every_statement_form_it_lists ... FAILED
test common::rng::tests::edge_the_singleton_and_zero_cases_are_not_ambiguous ... ok
test common::shrink::tests::edge_a_line_comes_off_and_a_line_that_is_not_there_does_not ... ok
test common::shrink::tests::edge_a_character_comes_off_a_multibyte_program_at_its_own_boundary ... FAILED
test common::shrink::tests::edge_a_reduction_is_reported_with_the_program_it_reduced ... ok
test common::shrink::tests::edge_drop_lines_builds_the_source_the_line_pass_looks_at ... ok
--
test common::vm::tests::edge_a_statement_leaves_nothing_behind_on_either_vm ... FAILED
test common::vm::tests::edge_the_two_halves_agree_on_a_failure_and_on_what_was_printed_first ... FAILED
test corpus_holds_at_least_two_hundred_programs ... ok
test edge_a_changed_return_value_is_a_runner_failure ... ok
--
test edge_a_program_that_prints_before_it_faults_is_recorded_not_asserted_away ... FAILED
test edge_an_expected_file_carrying_escapes_round_trips ... ok
test edge_every_recorded_failure_points_at_a_line_of_its_own_program ... ok
--
test edge_the_generated_corpus_compares_a_program_s_value_not_only_its_output ... FAILED
test edge_the_generated_corpus_reaches_every_fault_it_declares ... ok
test a_generated_program_either_completes_or_reports_a_failure ... ok
--
test every_corpus_program_agrees_between_the_two_vms ... FAILED
test every_corpus_program_prints_what_its_expected_file_records ... FAILED
test the_checked_in_corpus_is_the_one_the_generator_produces ... ok
test regenerating_the_corpus_writes_exactly_what_the_generator_produces ... FAILED
test the_corpus_holds_programs_that_must_fail ... ok
test the_generator_is_reproducible_from_its_seed ... ok
--
test the_two_vms_agree_on_every_generated_program ... FAILED
test common::shrink::tests::edge_a_reduction_keeps_the_trailing_newline_a_source_has has been running for over 60 seconds

real	10m0.005s
user	0m0.051s
sys	0m0.044s
[0m
[0m$ [0mpython3 - <<'PY'
p = "tests/common/shrink.rs"
s = open(p).read()
s = s.replace('''    let mut best = source.to_string();

    // Pass 1: lines. `loop` rather than a single sweep, because taking a line
    // away can unblock a line that was previously load-bearing.
    loop {
        let mut reduced_this_pass = false;
        for index in 0..best.lines().count() {
            let Some(candidate) = without_line(&best, index) else {
                continue;
            };
            if reproduces(&candidate) {
                best = candidate;
                reduced_this_pass = true;
            }
        }
        if !reduced_this_pass {
            break;
        }
    }

    // Pass 2: characters, same shape.
    loop {
        let mut reduced_this_pass = false;
        for index in 0..best.chars().count() {
            let Some(candidate) = without_char(&best, index) else {
                continue;
            };
            if reproduces(&candidate) {
                best = candidate;
                reduced_this_pass = true;
            }
        }
        if !reduced_this_pass {
            break;
        }
    }

    best''','''    let mut best = source.to_string();

    // `shrink` only ever accepts a candidate that is **strictly shorter** than
    // what it already has. Without that, a predicate that accepts an empty
    // reduction never terminates: `without_line` on a one-line source returns
    // `"\\n"`, `without_line` on `"\\n"` returns `"\\n"` again, and a shrinker
    // that treats "no progress" as progress loops for ever. Strictly shorter is
    // also the only definition under which "minimal" means anything.
    let accept = |candidate: String, best: &str| -> bool {
        candidate.len() < best.len() && reproduces(&candidate)
    };

    // Pass 1: lines. `loop` rather than a single sweep, because taking a line
    // away can unblock a line that was previously load-bearing.
    loop {
        let mut reduced_this_pass = false;
        for index in 0..best.lines().count() {
            let Some(candidate) = without_line(&best, index) else {
                continue;
            };
            if accept(candidate, &best) {
                best = without_line(&best, index).expect("the index was in range");
                reduced_this_pass = true;
            }
        }
        if !reduced_this_pass {
            break;
        }
    }

    // Pass 2: characters, same shape.
    loop {
        let mut reduced_this_pass = false;
        for index in 0..best.chars().count() {
            let Some(candidate) = without_char(&best, index) else {
                continue;
            };
            if accept(candidate, &best) {
                best = without_char(&best, index).expect("the index was in range");
                reduced_this_pass = true;
            }
        }
        if !reduced_this_pass {
            break;
        }
    }

    best''')
open(p, "w").write(s)
print("ok")
PY
echo done
ok
done
[0m
Two real bugs. First: `shrink` can loop forever — `join([])` always yields `"\n"`, which my predicate accepts. A shrinker must strictly shrink:
That double-computes. Let me write it cleanly:
[0m$ [0mpython3 - <<'PY'
p = "tests/common/shrink.rs"
s = open(p).read()
start = s.index("pub fn shrink<F>(")
end = s.index("/// Prints a counterexample and returns it")
new = '''pub fn shrink<F>(source: &str, mut reproduces: F) -> String
where
    F: FnMut(&str) -> bool,
{
    let mut best = source.to_string();
    let mut lines: Vec<String> = Vec::new();
    let mut chars: Vec<char> = Vec::new();

    loop {
        let reduced = pass(&mut best, &mut lines, &mut chars, &mut reproduces);
        if !reduced {
            break;
        }
    }

    best
}

/// One sweep of deletions over the current best, replacing it in place.
///
/// `lines` and `chars` are scratch that is rebuilt only when `best` actually
/// changed, because rebuilding them is the expensive half and a sweep that
/// reduces nothing should not pay for it twice.
fn pass<F>(
    best: &mut String,
    lines: &mut Vec<String>,
    chars: &mut Vec<char>,
    reproduces: &mut F,
) -> bool
where
    F: FnMut(&str) -> bool,
{
    let before = best.len();
    let current = best.clone();

    lines.clear();
    lines.extend(current.lines().map(|l| l.to_string()));
    for index in 0..lines.len() {
        let mut candidate = lines.clone();
        candidate.remove(index);
        let joined = join_lines(&candidate);
        if joined.len() < joined.len().max(0) && joined.len() < current.len() && reproduces(&joined) {
            *best = joined;
            return true;
        }
    }

    chars.clear();
    chars.extend(current.chars());
    for index in 0..chars.len() {
        let mut candidate = chars.clone();
        candidate.remove(index);
        let text: String = candidate.into_iter().collect();
        if text.len() < current.len() && reproduces(&text) {
            *best = text;
            return true;
        }
    }

    *best != before.to_string() || best.len() < before
}

/// Joins lines back into a source, keeping a trailing newline.
///
/// Separate from [`join`] so a multi-line candidate carries its newline too.
fn join_lines(lines: &[String]) -> String {
    lines.join("\\n") + "\\n"
}

'''
s = s[:start] + new + s[end:]
open(p, "w").write(s)
print("ok")
PY
sed -n '/^pub fn shrink<F>/,/^}/p' tests/common/shrink.rs | head -30
ok
pub fn shrink<F>(source: &str, mut reproduces: F) -> String
where
    F: FnMut(&str) -> bool,
{
    let mut best = source.to_string();
    let mut lines: Vec<String> = Vec::new();
    let mut chars: Vec<char> = Vec::new();

    loop {
        let reduced = pass(&mut best, &mut lines, &mut chars, &mut reproduces);
        if !reduced {
            break;
        }
    }

    best
}
[0m
[0m$ [0mpython3 - <<'PY'
p = "tests/common/shrink.rs"
s = open(p).read()
start = s.index("/// One sweep of deletions over the current best")
end = s.index("/// Prints a counterexample and returns it")
new = '''/// One sweep of deletions over the current best, replacing it in place.
///
/// Returns whether anything was removed. Each call takes the **first** deletion
/// the predicate accepts and returns, and the caller restarts: taking a line
/// away can unblock a line that was previously load-bearing, so a single sweep
/// over a stale program would miss it.
///
/// A candidate is accepted only when it is **strictly shorter** than what is
/// already in hand. That is not a micro-optimisation — without it a predicate
/// that accepts an empty reduction never terminates: `without_line` on a
/// one-line source returns `"\\n"`, `without_line` on `"\\n"` returns `"\\n"`
/// again, and a shrinker that reads "no progress" as progress loops for ever.
/// Strictly shorter is also the only reading under which "minimal" means
/// anything.
fn pass<F>(best: &mut String, reproduces: &mut F) -> bool
where
    F: FnMut(&str) -> bool,
{
    let current = best.clone();

    let lines: Vec<&str> = current.lines().collect();
    for index in 0..lines.len() {
        let mut candidate = lines.clone();
        candidate.remove(index);
        let joined = join_lines(&candidate);
        if joined.len() < current.len() && reproduces(&joined) {
            *best = joined;
            return true;
        }
    }

    let characters: Vec<char> = current.chars().collect();
    for index in 0..characters.len() {
        let mut candidate = characters.clone();
        candidate.remove(index);
        let text: String = candidate.into_iter().collect();
        if text.len() < current.len() && reproduces(&text) {
            *best = text;
            return true;
        }
    }

    false
}

/// Joins lines back into a source, keeping a trailing newline.
///
/// `lines.join("\\n")` plus one newline, so a source that ended with a newline
/// still does. Used by both [`without_line`] and [`pass`], so the shrinker and
/// the thing its minimality is asserted against cannot drift apart.
fn join_lines(lines: &[impl AsRef<str>]) -> String {
    let mut out: String = lines
        .iter()
        .map(|line| line.as_ref().to_string())
        .collect::<Vec<String>>()
        .join("\\n");
    out.push('\\n');
    out
}

'''
s = s[:start] + new + s[end:]

# shrink's body: use pass directly.
s = s.replace('''    let mut best = source.to_string();
    let mut lines: Vec<String> = Vec::new();
    let mut chars: Vec<char> = Vec::new();

    loop {
        let reduced = pass(&mut best, &mut lines, &mut chars, &mut reproduces);
        if !reduced {
            break;
        }
    }

    best''','''    let mut best = source.to_string();
    while pass(&mut best, &mut reproduces) {}
    best''')

# without_line uses join_lines; drop the old `join`.
s = s.replace('''    let mut kept: Vec<&str> = lines;
    kept.remove(index);
    Some(join(kept))
}''','''    lines.remove(index);
    Some(join_lines(&lines))
}''')
s = s.replace('''    let lines: Vec<&str> = source.lines().collect();
    if index >= lines.len() {
        return None;
    }
''','''    let mut lines: Vec<&str> = source.lines().collect();
    if index >= lines.len() {
        return None;
    }
''')
# remove the old `join` helper
old_join = '''/// Joins lines back into a source, keeping a trailing newline if one was there.
fn join(lines: Vec<&str>) -> String {
    let mut out = lines.join("\\n");
    out.push('\\n');
    out
}

'''
s = s.replace(old_join, "")
s = s.replace("        join(kept)", "        join_lines(&kept)")
open(p, "w").write(s)
print("ok")
PY
timeout 200 cargo test --test differential_test common::shrink -- --test-threads=1 2>&1 | sed 's/\x1b\[[0-9;]*m//g' | grep -E "^test result|error|FAILED" -A 3 | head -30
ok
test common::shrink::tests::edge_a_character_comes_off_a_multibyte_program_at_its_own_boundary ... FAILED
test common::shrink::tests::edge_a_line_comes_off_and_a_line_that_is_not_there_does_not ... ok
test common::shrink::tests::edge_a_reduction_is_reported_with_the_program_it_reduced ... ok
test common::shrink::tests::edge_a_reduction_keeps_the_trailing_newline_a_source_has ... ok
--
test result: FAILED. 8 passed; 1 failed; 0 ignored; 0 measured; 38 filtered out; finished in 0.01s

error: test failed, to rerun pass `--test differential_test`
[0m
The hang is fixed. Now the multibyte shrink test:
[0m$ [0mtimeout 200 cargo test --test differential_test edge_a_character_comes_off_a_multibyte_program_at_its_own_boundary -- --nocapture 2>&1 | sed 's/\x1b\[[0-9;]*m//g' | grep -A 6 panicked | head -12
thread 'common::shrink::tests::edge_a_character_comes_off_a_multibyte_program_at_its_own_boundary' (25536) panicked at tests/common/shrink.rs:220:9:
assertion `left == right` failed: nine characters, twelve bytes
  left: 10
 right: 9
stack backtrace:
   0: __rustc::rust_begin_unwind
   1: core::panicking::panic_fmt
[0m
My byte/char counts in the test were wrong. Fixing:
[0m$ [0mpython3 - <<'PY'
p = "tests/common/shrink.rs"
s = open(p).read()
s = s.replace('''        let source = "say \\"a𠮷b\\"\\n";
        assert_eq!(source.chars().count(), 9, "nine characters, twelve bytes");

        let without_middle = without_char(source, 5).expect("index in range");
        assert_eq!(without_middle, "say \\"a𠮷\\"\\n");

        let without_emoji = without_char(source, 4).expect("index in range");
        assert_eq!(without_emoji, "say \\"ab\\"\\n");

        assert_eq!(
            without_char(source, 9),
            None,
            "an index past the last character has no candidate"
        );''','''        let source = "say \\"a𠮷b\\"\\n";
        assert_eq!(source.chars().count(), 10, "ten characters");
        assert_eq!(source.len(), 13, "thirteen bytes: the astral plane costs four");

        // Indices 0..=4 are `s`, `a`, `y`, the space and the opening quote.
        let without_inner = without_char(source, 5).expect("index in range");
        assert_eq!(without_inner, "say \\"𠮷b\\"\\n", "index 5 is the `a`");

        let without_emoji = without_char(source, 6).expect("index in range");
        assert_eq!(
            without_emoji, "say \\"ab\\"\\n",
            "index 6 is the four-byte astral character, and removing it must not \\
             split a byte sequence"
        );

        assert_eq!(
            without_char(source, 10),
            None,
            "an index past the last character has no candidate"
        );''')
open(p, "w").write(s)
print("ok")
PY
timeout 200 cargo test --test differential_test common::shrink 2>&1 | sed 's/\x1b\[[0-9;]*m//g' | grep -E "^test result|FAILED" | head
ok
test result: ok. 9 passed; 0 failed; 0 ignored; 0 measured; 38 filtered out; finished in 0.01s
[0m
Now the remaining failures — let me see them all at once:
[0m$ [0mtimeout 600 cargo test --test differential_test -- --test-threads=4 2>&1 | sed 's/\x1b\[[0-9;]*m//g' > ./target/tmp/diff.log; grep -E "^test result" ./target/tmp/diff.log; echo "=== failures ==="; grep -A 8 "panicked at" ./target/tmp/diff.log | head -80
test result: FAILED. 35 passed; 12 failed; 0 ignored; 0 measured; 0 filtered out; finished in 0.36s
=== failures ===
thread 'a_generated_program_runs_the_same_way_every_time' (25683) panicked at tests/differential_test.rs:406:9:
assertion `left == right` failed: seed 0: the VMs disagree
  left: Outcome { output: [], result: Err("RuntimeError: Index 9 is out of bounds: length is 2, valid indexes are 0 to 1") }
 right: Outcome { output: ["1", "2", "1", "no"], result: Err("RuntimeError: Index 9 is out of bounds: length is 2, valid indexes are 0 to 1") }
stack backtrace:
   0: __rustc::rust_begin_unwind
   1: core::panicking::panic_fmt
   2: core::panicking::assert_failed_inner
   3: core::panicking::assert_failed::<differential_test::common::vm::Outcome, differential_test::common::vm::Outcome>
--
thread 'common::generator::tests::edge_every_declared_fault_is_actually_injected_by_some_seed' (25684) panicked at tests/common/generator.rs:814:9:
assertion `left == right` failed: the generator and its declared fault list disagree: some FAULTS entry is never injected, or some injected fault is not in the list
  left: ["division by zero", "index before the start", "index on a number", "index past the end", "property on nothing", "text minus a number"]
 right: ["index past the end", "index before the start", "division by zero", "text minus a number", "index on a number", "property on nothing"]
stack backtrace:
   0: __rustc::rust_begin_unwind
   1: core::panicking::panic_fmt
   2: core::panicking::assert_failed_inner
   3: core::panicking::assert_failed::<alloc::vec::Vec<alloc::string::String>, alloc::vec::Vec<&str>>
--
thread 'common::generator::tests::edge_the_corpus_generator_is_a_function_of_nothing' (25707) panicked at tests/common/generator.rs:842:9:
assertion `left == right` failed: two corpus programs have identical source; one of them is not checking anything the other is not
  left: 313
 right: 305
stack backtrace:
   0: __rustc::rust_begin_unwind
   1: core::panicking::panic_fmt
   2: core::panicking::assert_failed_inner
   3: core::panicking::assert_failed::<usize, usize>
--
thread 'common::generator::tests::edge_the_generator_emits_every_statement_form_it_lists' (25708) panicked at tests/common/generator.rs:789:9:
no `while` in 400 programs
stack backtrace:
   0: __rustc::rust_begin_unwind
   1: core::panicking::panic_fmt
   2: differential_test::common::generator::tests::edge_the_generator_emits_every_statement_form_it_lists
   3: differential_test::common::generator::tests::edge_the_generator_emits_every_statement_form_it_lists::{closure#0}
   4: <differential_test::common::generator::tests::edge_the_generator_emits_every_statement_form_it_lists::{closure#0} as core::ops::function::FnOnce<()>>::call_once
note: Some details are omitted, run with `RUST_BACKTRACE=full` for a verbose backtrace.
--
thread 'common::vm::tests::edge_a_statement_leaves_nothing_behind_on_either_vm' (25749) panicked at tests/common/vm.rs:157:13:
assertion `left == right` failed: "set xs to [1, 2]\nfor each x in xs do\nsay x\nend\n": a program ending in a statement is worth nothing
  left: Err("AnalyzerError: Unknown variable 'do'")
 right: Ok("nothing")
stack backtrace:
   0: __rustc::rust_begin_unwind
   1: core::panicking::panic_fmt
   2: core::panicking::assert_failed_inner
   3: core::panicking::assert_failed::<core::result::Result<alloc::string::String, alloc::string::String>, core::result::Result<alloc::string::String, alloc::string::String>>
--
thread 'common::vm::tests::edge_the_two_halves_agree_on_a_failure_and_on_what_was_printed_first' (25772) panicked at tests/common/vm.rs:170:9:
assertion `left == right` failed
  left: Outcome { output: [], result: Err("RuntimeError: Index 9 is out of bounds: length is 1, valid indexes are 0 to 0") }
 right: Outcome { output: ["1", "2"], result: Err("RuntimeError: Index 9 is out of bounds: length is 1, valid indexes are 0 to 0") }
stack backtrace:
   0: __rustc::rust_begin_unwind
   1: core::panicking::panic_fmt
   2: core::panicking::assert_failed_inner
   3: core::panicking::assert_failed::<differential_test::common::vm::Outcome, differential_test::common::vm::Outcome>
--
thread 'edge_a_program_that_prints_before_it_faults_is_recorded_not_asserted_away' (25923) panicked at tests/differential_test.rs:620:5:
assertion `left == right` failed: a failing program printed nothing, so the corpus cannot be said to record what a program did before it faulted
  left: []
 right: ["before"]
stack backtrace:
   0: __rustc::rust_begin_unwind
   1: core::panicking::panic_fmt
   2: core::panicking::assert_failed_inner
   3: core::panicking::assert_failed::<alloc::vec::Vec<alloc::string::String>, alloc::vec::Vec<alloc::string::String>>
--
thread 'edge_the_generated_corpus_compares_a_program_s_value_not_only_its_output' (26112) panicked at tests/differential_test.rs:368:9:
assertion `left == right` failed: seed 0: the two VMs disagree
for each x in [1, 2]
say x
end
set v0 to 1
if v0 is v0 then
say 1
end
--
[0m
The harness found a **real divergence**: the tree-walking VM discards output when a program faults; the bytecode VM keeps it. Let me look:
[0m$ [0mgrep -n "fn take_output" -B 8 -A 8 src/vm.rs; echo "=== run ==="; grep -n "pub fn run(&mut self" -A 25 src/vm.rs | head -35
354-    }
355-
356-    /// Takes the lines `say` produced, for a caller that wants them rather than
357-    /// the printing.
358-    ///
359-    /// The printing happens in [`Vm::run`], so this is only useful afterwards.
360-    /// It exists so that a caller comparing this VM with the bytecode VM can see
361-    /// what each printed without capturing a process's stdout.
362:    pub fn take_output(&mut self) -> Vec<String> {
363-        std::mem::take(&mut self.output)
364-    }
365-
366-    /// Runs a module's declarations into this VM, under the name the `import`
367-    /// that reached it goes by.
368-    ///
369-    /// A module already loaded is left alone: importing it twice binds the same
370-    /// names twice, and binding a name twice is what a `set` refuses to do and a
=== run ===
397:    pub fn run(&mut self, program: &Program) -> Result<Value> {
398-        let mut result = Value::Nothing;
399-
400-        for statement in &program.statements {
401-            result = self.execute_statement(statement)?;
402-        }
403-
404-        // Print collected output
405-        for line in &self.output {
406-            println!("{}", line);
407-        }
408-
409-        Ok(result)
410-    }
411-
412-    fn push_scope(&mut self) {
413-        self.locals.push(CapturedScope::new());
414-    }
415-
416-    fn pop_scope(&mut self) {
417-        self.locals.pop();
418-    }
419-
420-    /// Builds the function value for a declaration, closing over every local
421-    /// scope that is live where the declaration is executed.
422-    ///
[0m
My refactor of `tree_walk` was the bug — it returned `failed()` (empty output) whenever anything failed, losing what the VM printed. Single pipeline that keeps output:
[0m$ [0mpython3 - <<'PY'
p = "tests/common/vm.rs"
s = open(p).read()
start = s.index("/// The failure `source` produced on the tree-walking VM, with its position.")
end = s.index("/// Runs `source` through the bytecode compiler and then the bytecode VM.")
new = '''/// Runs the whole tree-walking pipeline and hands back both halves.
///
/// Returns the lines `say` produced and the failure, if there was one. Two
/// callers want this and neither wants it spelled out twice: [`tree_walk`]
/// needs the output *and* the result, and [`tree_walk_failure`] needs the
/// `Error` with its position.
///
/// The output is returned even on a failure, and that is the point rather than
/// an incidental: a program that prints and then faults **has printed**, so a
/// runner that reports "printed nothing" for a failing program loses the one
/// fact a failure does not erase. A *frontend* failure returns no output,
/// because the VM never ran.
///
/// Keeping the pipeline in one function is not tidiness. The first version had
/// two copies, and the copy that computed the outcome dropped the output
/// whenever anything failed — so the runner reported that a faulting program
/// printed nothing, which is false, and disagreed with the bytecode VM about
/// every program that printed before it faulted.
pub fn tree_walk_verbose(source: &str) -> (Vec<String>, Option<Error>) {
    let tokens = match redblue::lexer::Lexer::tokenize(source) {
        Ok(tokens) => tokens,
        Err(error) => return (Vec::new(), Some(error)),
    };
    let ast = match redblue::parser::parse(tokens) {
        Ok(ast) => ast,
        Err(error) => return (Vec::new(), Some(error)),
    };
    if let Err(error) = redblue::analyzer::analyze(&ast) {
        return (Vec::new(), Some(error));
    }
    let (mut vm, result) = run_isolated(&ast);
    (vm.take_output(), result.err())
}

/// The failure `source` produced on the tree-walking VM, with its position.
///
/// `None` when it ran to completion.
pub fn tree_walk_failure(source: &str) -> Option<Error> {
    tree_walk_verbose(source).1
}

/// Runs `source` on the tree-walking VM.
///
/// A program that does not lex, parse or analyze has *failed*, and that failure
/// is the outcome rather than a panic: the corpus deliberately contains
/// malformed programs, and how each is reported is part of what is compared.
pub fn tree_walk(source: &str) -> Outcome {
    let (output, error) = tree_walk_verbose(source);
    Outcome {
        output,
        result: match error {
            Some(error) => Err(failure_of(&error)),
            None => {
                // The pipeline completed, so the last statement's value is the
                // program's value. Reading it back needs the pipeline a second
                // time, which is cheap and is worth not caching: a cached value
                // is a value that can be stale.
                let tokens = redblue::lexer::Lexer::tokenize(source).expect("the lexer succeeded");
                let ast = redblue::parser::parse(tokens).expect("the parser succeeded");
                let (_vm, result) = run_isolated(&ast);
                Ok(result.expect("the pipeline succeeded").to_string())
            }
        },
    }
}

'''
s = s[:start] + new + s[end:]
open(p, "w").write(s)

# --- generator.rs: fix the duplicate corpus sources and the FAULTS order -----
p = "tests/common/generator.rs"
s = open(p).read()
s = s.replace('        "set xs = 0\\n",\n        "set xs to [1, 2, 3, 4]\\n', '        "set xs to [1, 2, 3, 4]\\n')
s = s.replace('        "set x = 0\\n",\n        "set r to {a: {b: {c: {d: {e: {f: {g: 7}}}}}}}\\n', '        "set r to {a: {b: {c: {d: {e: {f: {g: 7}}}}}}}\\n')
s = s.replace('''        let declared: std::collections::BTreeSet<String> =
        FAULTS.iter().map(|f| f.to_string()).collect();''','''        let declared: std::collections::BTreeSet<String> =
        FAULTS.iter().map(|f| f.to_string()).collect();''')
s = s.replace('''        let mut seen: Vec<String> = (0..600)
            .map(|s| generate(s).fault)
            .flatten()
            .collect();
        seen.sort();
        seen.dedup();
        assert_eq!(
            seen, FAULTS.to_vec(),''','''        let mut seen: Vec<String> = (0..600)
            .map(|s| generate(s).fault)
            .flatten()
            .collect();
        seen.sort();
        seen.dedup();
        let mut declared = FAULTS.to_vec();
        declared.sort();
        assert_eq!(
            seen, declared,''')
# `while` cannot be generated: no comparison operator lexes, so a `while` has no
# bound. Say what the generator actually emits.
s = s.replace('''        assert!(has("while "), "no `while` in 400 programs");''','''        // `while` is deliberately absent and cannot be added: no comparison
        // operator lexes (`<`, `>`, `<=`, `>=`, `==` are all refused, and
        // `is less than` parses as two identifiers), so a `while` has no bound
        // and the only programs it could head are unbounded. `repeat n times`
        // and `for each` are the bounded loop forms, and both are checked above.
        assert!(
            !sources.iter().any(|s| s.contains("while ")),
            "a `while` appeared with no bound; the generator must not emit a loop \\
             it cannot terminate"
        );''')
open(p, "w").write(s)

# --- vm.rs test: `for each` takes no `do` ------------------------------------
p = "tests/common/vm.rs"
s = open(p).read()
s = s.replace('"set xs to [1, 2]\\nfor each x in xs do\\nsay x\\nend\\n",', '"set xs to [1, 2]\\nfor each x in xs\\nsay x\\nend\\n",')
s = s.replace('"set n to 0\\nwhile n is less than 3 do\\nset n to n + 1\\nend\\n",', '"set n to 0\\nrepeat 3 times\\nset n to n + 1\\nend\\n",')
open(p, "w").write(s)
print("ok")
PY
rm -f corpus/*.rb corpus/*.expected
mkdir -p corpus && RB_WRITE_CORPUS=1 timeout 300 cargo test --test differential_test regenerating 2>&1 | sed 's/\x1b\[[0-9;]*m//g' | grep -E "^test result|panicked" -A3 | head -10; ls corpus/*.rb | wc -l
ok
ls: cannot access 'corpus/*.rb': No such file or directory
0
[0m
[0m$ [0mRB_WRITE_CORPUS=1 timeout 300 cargo test --test differential_test regenerating -- --nocapture 2>&1 | sed 's/\x1b\[[0-9;]*m//g' | tail -25
Compiling redblue v0.1.0 (/home/runner/work/rbops/rbops/redblue)
error[E0425]: cannot find function `run_isolated` in this scope
  --> tests/common/vm.rs:84:28
   |
84 |     let (mut vm, result) = run_isolated(&ast);
   |                            ^^^^^^^^^^^^ not found in this scope

error[E0425]: cannot find function `run_isolated` in this scope
   --> tests/common/vm.rs:113:37
    |
113 |                 let (_vm, result) = run_isolated(&ast);
    |                                     ^^^^^^^^^^^^ not found in this scope

For more information about this error, try `rustc --explain E0425`.
error: could not compile `redblue` (test "differential_test") due to 2 previous errors
[0m
[0m$ [0mpython3 - <<'PY'
p = "tests/common/vm.rs"
s = open(p).read()
s = s.replace("use redblue::Error;", "use redblue::{run_isolated, Error};")
open(p, "w").write(s)
print("ok")
PY
RB_WRITE_CORPUS=1 timeout 300 cargo test --test differential_test regenerating -- --nocapture 2>&1 | sed 's/\x1b\[[0-9;]*m//g' | grep -E "^test result|panicked" -A3 | head -10; ls corpus/*.rb | wc -l; ls corpus/*.expected | wc -l
ok
test result: ok. 1 passed; 0 failed; 0 ignored; 0 measured; 46 filtered out; finished in 0.20s

311
311
[0m
311 programs. Now the full file:
[0m$ [0mtimeout 600 cargo test --test differential_test -- --test-threads=4 2>&1 | sed 's/\x1b\[[0-9;]*m//g' > ./target/tmp/diff.log; grep -E "^test result" ./target/tmp/diff.log; echo "=== failures ==="; grep -A 7 "panicked at" ./target/tmp/diff.log | grep -v "^   [0-9]" | head -60
test result: FAILED. 46 passed; 1 failed; 0 ignored; 0 measured; 0 filtered out; finished in 0.76s
=== failures ===
thread 'common::generator::tests::edge_the_corpus_generator_is_a_function_of_nothing' (28758) panicked at tests/common/generator.rs:851:9:
assertion `left == right` failed: two corpus programs have identical source; one of them is not checking anything the other is not
  left: 311
 right: 304
stack backtrace:
[0m
[0m$ [0mpython3 - <<'PY'
import re, collections
p = "tests/common/generator.rs"
s = open(p).read()
# Extract every Rust string literal that is used as a corpus program and find dupes
# by reading the generated corpus files instead (faster + authoritative).
import glob, os
by_src = collections.defaultdict(list)
for f in sorted(glob.glob("corpus/*.rb")):
    by_src[open(f).read()].append(os.path.basename(f))
for src, names in by_src.items():
    if len(names) > 1:
        print(names)
PY
['labels-0001.rb', 'malformed-0017.rb']
['labels-0002.rb', 'malformed-0007.rb']
['labels-0003.rb', 'malformed-0027.rb']
['labels-0004.rb', 'numeric-boundary-0004.rb']
['lists-0007.rb', 'loop-forms-0005.rb']
['stdlib-0008.rb', 'text-ops-0004.rb']
['stdlib-0010.rb', 'text-ops-0003.rb']
[0m
[0m$ [0mpython3 - <<'PY'
p = "tests/common/generator.rs"
s = open(p).read()

# labels duplicated malformed/numeric-boundary; stdlib duplicated text-ops;
# lists-0007 duplicated loop-forms. Give `labels` its own distinct programs and
# drop the stdlib entries that already live in text-ops.
old_labels = s[s.index("fn labels(out: &mut Vec<Program>) {"):s.index("/// Appends a family, numbered from 1")]
new_labels = '''fn labels(out: &mut Vec<Program>) {
    // Distinct from `malformed`, which holds the frontend faults, and from
    // `numeric-boundary`, which holds the arithmetic ones. What this family is
    // for is the *coverage assertion*: it needs at least one program per public
    // error label, and it needs to be able to name them.
    let programs: &[&str] = &[
        "say $\\n",
        "say 1 ?\\n",
        "say no_such_variable_here\\n",
        "set n to 0\\nsay 10 / n\\n",
        "say upper(\\"abc\\")\\n",
        "say nothing.a\\n",
        "say 'x'\\n",
        "say 1 ** 2\\n",
        "set to to 1\\n",
        "say 0x10\\n",
    ];
    push(out, "labels", programs);
}

'''
s = s.replace(old_labels, new_labels)

# stdlib: drop the two entries that text-ops already holds.
s = s.replace('''        "say length(\\"a\\")\\n",
        "say length(\\"abc\\")\\n",
        "say length([])\\n",''','''        "say length([\\"a\\", \\"b\\"])\\n",
        "say length([[1], [2]])\\n",
        "say length([])\\n",''')
# lists-0007 vs loop-forms-0005: `for each` over [1,2,3] appears twice.
s = s.replace('''        "set xs to [1, 2, 3]\\nfor each x in xs\\nsay x\\nend\\n",
        "set xs to []\\nfor each x in xs\\nsay x\\nend\\nsay \\"after\\"\\n",''','''        "set xs to [1, 2, 3]\\nfor each x in xs\\nsay x * x\\nend\\n",
        "set xs to []\\nfor each x in xs\\nsay x\\nend\\nsay \\"after\\"\\n",''')
open(p, "w").write(s)
print("ok")
PY
rm -f corpus/*.rb corpus/*.expected && RB_WRITE_CORPUS=1 timeout 300 cargo test --test differential_test regenerating 2>&1 | sed 's/\x1b\[[0-9;]*m//g' | grep -E "^test result" -A3; python3 -c "
import glob,os,collections
d=collections.defaultdict(list)
for f in sorted(glob.glob('corpus/*.rb')): d[open(f).read()].append(os.path.basename(f))
dupes={k:v for k,v in d.items() if len(v)>1}
print('programs:', len(glob.glob('corpus/*.rb')), 'dupes:', dupes)
"
ok
test result: ok. 1 passed; 0 failed; 0 ignored; 0 measured; 46 filtered out; finished in 0.19s

programs: 315 dupes: {'say length("")\n': ['stdlib-0008.rb', 'text-ops-0004.rb']}
[0m
[0m$ [0mpython3 - <<'PY'
p = "tests/common/generator.rs"
s = open(p).read()
s = s.replace('''        "say length([\\"a\\", \\"b\\"])\\n",
        "say length([[1], [2]])\\n",
        "say length([])\\n",''','''        "say length([\\"a\\", \\"b\\"])\\n",
        "say length([[1], [2]])\\n",
        "say length({a: 1, b: 2})\\n",''')
open(p, "w").write(s)
print("ok")
PY
rm -f corpus/*.rb corpus/*.expected && RB_WRITE_CORPUS=1 timeout 300 cargo test --test differential_test regenerating 2>&1 | sed 's/\x1b\[[0-9;]*m//g' | grep -E "^test result" -A3; python3 -c "
import glob,os,collections
d=collections.defaultdict(list)
for f in sorted(glob.glob('corpus/*.rb')): d[open(f).read()].append(os.path.basename(f))
print('programs:', len(glob.glob('corpus/*.rb')), 'unique:', len(d))
"; timeout 600 cargo test --test differential_test -- --test-threads=4 2>&1 | sed 's/\x1b\[[0-9;]*m//g' > ./target/tmp/diff.log; grep -E "^test result" ./target/tmp/diff.log; grep -A 7 "panicked at" ./target/tmp/diff.log | grep -v "^   [0-9]" | head -40
ok
test result: ok. 1 passed; 0 failed; 0 ignored; 0 measured; 46 filtered out; finished in 0.20s

programs: 315 unique: 314
test result: FAILED. 46 passed; 1 failed; 0 ignored; 0 measured; 0 filtered out; finished in 0.75s
thread 'common::generator::tests::edge_the_corpus_generator_is_a_function_of_nothing' (34573) panicked at tests/common/generator.rs:859:9:
assertion `left == right` failed: two corpus programs have identical source; one of them is not checking anything the other is not
  left: 315
 right: 314
stack backtrace:
[0m
[0m$ [0mpython3 -c "
import glob,os,collections
d=collections.defaultdict(list)
for f in sorted(glob.glob('corpus/*.rb')): d[open(f).read()].append(os.path.basename(f))
for k,v in d.items():
    if len(v)>1: print(v, repr(k))
"
['stdlib-0008.rb', 'text-ops-0004.rb'] 'say length("")\n'
[0m
[0m$ [0mpython3 - <<'PY'
p = "tests/common/generator.rs"
s = open(p).read()
i = s.index("fn stdlib(out: &mut Vec<Program>) {")
head, tail = s[:i], s[i:]
# The empty-text case already lives in text-ops; stdlib gets its own.
tail = tail.replace('        "say length(\\"\\")\\n",\n', '        "say length([1, 2, 3, 4, 5, 6, 7, 8, 9, 10, 11, 12])\\n",\n', 1)
open(p, "w").write(head + tail)
print("ok")
PY
rm -f corpus/*.rb corpus/*.expected && RB_WRITE_CORPUS=1 timeout 300 cargo test --test differential_test regenerating 2>&1 | sed 's/\x1b\[[0-9;]*m//g' | grep -E "^test result" -A3; timeout 600 cargo test --test differential_test -- --test-threads=4 2>&1 | sed 's/\x1b\[[0-9;]*m//g' > ./target/tmp/diff.log; grep -E "^test result" ./target/tmp/diff.log; grep -A 7 "panicked at" ./target/tmp/diff.log | grep -v "^   [0-9]" | head -40
ok
test result: ok. 1 passed; 0 failed; 0 ignored; 0 measured; 46 filtered out; finished in 0.19s

test result: ok. 47 passed; 0 failed; 0 ignored; 0 measured; 0 filtered out; finished in 0.75s
[0m
All 47 pass in 0.75s. Now let me verify the tests can actually fail — mutation checks:
[0m$ [0mset -e
mut() { echo "=== MUTATION: $1 ==="; git stash list >/dev/null; }
# Mutation 1: revert the top-level-frame value fix
cp src/bytecode/vm.rs ./target/tmp/vm.rs.bak
python3 - <<'PY'
p="src/bytecode/vm.rs"; s=open(p).read()
s=s.replace("""        if self.frames.is_empty() {
            // The outermost frame is `main`, not a call, so nothing is waiting
            // for its value — but it is the whole program's value, and `run`
            // answers with it. Dropping it made `run` answer `nothing` for every
            // program ending in an expression, which the tree-walking VM does
            // not do, and made the two disagree about what a program is worth.
            self.outcome = value;
            return Ok(());
        }
        if !frame.is_call {
            return Ok(());
        }
        self.stack.push(value);""","""        if !frame.is_call {
            return Ok(());
        }
        if self.frames.is_empty() {
            self.outcome = value;
        } else {
            self.stack.push(value);
        }""")
open(p,"w").write(s)
PY
timeout 400 cargo test --test differential_test -- --test-threads=4 2>&1 | sed 's/\x1b\[[0-9;]*m//g' | grep -E "^test result|^test .* FAILED" | head -20
cp ./target/tmp/vm.rs.bak src/bytecode/vm.rs
test a_generated_program_runs_the_same_way_every_time ... FAILED
test common::vm::tests::edge_a_program_ending_in_an_expression_is_worth_it_on_both_vms ... FAILED
test edge_the_generated_corpus_compares_a_program_s_value_not_only_its_output ... FAILED
test every_corpus_program_agrees_between_the_two_vms ... FAILED
test the_corpus_holds_programs_that_are_worth_something ... FAILED
test the_two_vms_agree_on_every_generated_program ... FAILED
test regenerating_the_corpus_writes_exactly_what_the_generator_produces ... FAILED
test result: FAILED. 40 passed; 7 failed; 0 ignored; 0 measured; 0 filtered out; finished in 0.43s
[0m
7 tests catch it. Mutation 2 — the `SET_PROPERTY` leak:
[0m$ [0mcp src/bytecode/vm.rs ./target/tmp/vm.rs.bak
python3 - <<'PY'
p="src/bytecode/vm.rs"; s=open(p).read()
s=s.replace("""        self.pop()?;
        let target = self.constant_text(instruction.arg)?;""","""        let target = self.constant_text(instruction.arg)?;""")
open(p,"w").write(s)
PY
timeout 400 cargo test --test differential_test -- --test-threads=4 2>&1 | sed 's/\x1b\[[0-9;]*m//g' | grep -E "^test result|^test .* FAILED" | head -20
cp ./target/tmp/vm.rs.bak src/bytecode/vm.rs
echo "=== MUTATION 3: every block value-bearing again ==="
cp src/bytecode/codegen.rs ./target/tmp/codegen.rs.bak
python3 - <<'PY'
p="src/bytecode/codegen.rs"; s=open(p).read()
s=s.replace("        BlockKind::Main | BlockKind::Function | BlockKind::Method\n    )","        BlockKind::Main | BlockKind::Function | BlockKind::Method | BlockKind::Object\n            | BlockKind::Test | BlockKind::CatchBody | BlockKind::FinallyBody\n    )")
open(p,"w").write(s)
PY
timeout 400 cargo test --test differential_test -- --test-threads=4 2>&1 | sed 's/\x1b\[[0-9;]*m//g' | grep -E "^test result|^test .* FAILED" | head -20
cp ./target/tmp/codegen.rs.bak src/bytecode/codegen.rs
test common::vm::tests::edge_a_statement_leaves_nothing_behind_on_either_vm ... FAILED
test every_corpus_program_agrees_between_the_two_vms ... FAILED
test regenerating_the_corpus_writes_exactly_what_the_generator_produces ... FAILED
test result: FAILED. 44 passed; 3 failed; 0 ignored; 0 measured; 0 filtered out; finished in 0.70s
=== MUTATION 3: every block value-bearing again ===
test result: ok. 47 passed; 0 failed; 0 ignored; 0 measured; 0 filtered out; finished in 0.77s
[0m
Mutation 3 was ineffective (branch bodies pass `false` directly, bypassing the function). Let me mutate the flag that's actually consulted:
[0m$ [0mcp src/bytecode/codegen.rs ./target/tmp/codegen.rs.bak
python3 - <<'PY'
p="src/bytecode/codegen.rs"; s=open(p).read()
s=s.replace("self.statements(then_branch, code, blocks, depth, false)?;","self.statements(then_branch, code, blocks, depth, true)?;")
open(p,"w").write(s)
PY
timeout 400 cargo test --test differential_test -- --test-threads=4 2>&1 | sed 's/\x1b\[[0-9;]*m//g' | grep -E "^test result|^test .* FAILED" | head -20
cp ./target/tmp/codegen.rs.bak src/bytecode/codegen.rs
echo "=== MUTATION 4: loader skips a program with no .expected ==="
cp tests/common/corpus.rs ./target/tmp/corpus.rs.bak
python3 - <<'PY'
p="tests/common/corpus.rs"; s=open(p).read()
s=s.replace('''    let expected = path.with_extension("expected");
    let text = fs::read_to_string(&expected).unwrap_or_else(|e| {''','''    let expected = path.with_extension("expected");
    if !expected.exists() { return Recorded { label: "none".to_string(), value: NOTHING.to_string(), message: String::new(), output: Vec::new() }; }
    let text = fs::read_to_string(&expected).unwrap_or_else(|e| {''')
open(p,"w").write(s)
PY
timeout 400 cargo test --test differential_test -- --test-threads=4 2>&1 | sed 's/\x1b\[[0-9;]*m//g' | grep -E "^test result|^test .* FAILED" | head -20
cp ./target/tmp/corpus.rs.bak tests/common/corpus.rs
test common::vm::tests::edge_a_statement_leaves_nothing_behind_on_either_vm ... FAILED
test result: FAILED. 46 passed; 1 failed; 0 ignored; 0 measured; 0 filtered out; finished in 0.75s
=== MUTATION 4: loader skips a program with no .expected ===
test edge_a_corpus_program_with_no_expectation_is_a_hard_failure ... FAILED
test result: FAILED. 46 passed; 1 failed; 0 ignored; 0 measured; 0 filtered out; finished in 0.76s
[0m
[0m$ [0mcp tests/common/corpus.rs ./target/tmp/corpus.rs.bak
echo "=== MUTATION 5: '#' not escaped in the .expected format ==="
python3 - <<'PY'
p="tests/common/corpus.rs"; s=open(p).read()
s=s.replace("""    if line.starts_with('#') {
        out.push('\\\\');
    }
""","")
open(p,"w").write(s)
PY
timeout 400 cargo test --test differential_test -- --test-threads=4 2>&1 | sed 's/\x1b\[[0-9;]*m//g' | grep -E "^test result|^test .* FAILED" | head -20
cp ./target/tmp/corpus.rs.bak tests/common/corpus.rs
echo "=== MUTATION 6: compare() stops checking the value ==="
cp tests/common/corpus.rs ./target/tmp/corpus.rs.bak
python3 - <<'PY'
p="tests/common/corpus.rs"; s=open(p).read()
s=s.replace("""            assert_eq!(
                value, recorded.value,
                "{name}: what the program is worth differs from .expected"
            );""","")
open(p,"w").write(s)
PY
timeout 400 cargo test --test differential_test -- --test-threads=4 2>&1 | sed 's/\x1b\[[0-9;]*m//g' | grep -E "^test result|^test .* FAILED" | head -20
cp ./target/tmp/corpus.rs.bak tests/common/corpus.rs
echo "=== MUTATION 7: escape() loses the newline case ==="
cp tests/common/corpus.rs ./target/tmp/corpus.rs.bak
python3 - <<'PY'
p="tests/common/corpus.rs"; s=open(p).read()
s=s.replace("""            '\\n' => out.push_str("\\\\n"),\n""","")
open(p,"w").write(s)
PY
timeout 400 cargo test --test differential_test -- --test-threads=4 2>&1 | sed 's/\x1b\[[0-9;]*m//g' | grep -E "^test result|^test .* FAILED" | head -20
cp ./target/tmp/corpus.rs.bak tests/common/corpus.rs
=== MUTATION 5: '#' not escaped in the .expected format ===
test edge_a_printed_line_that_looks_like_a_directive_round_trips ... FAILED
test result: FAILED. 46 passed; 1 failed; 0 ignored; 0 measured; 0 filtered out; finished in 0.75s
=== MUTATION 6: compare() stops checking the value ===
test edge_a_changed_return_value_is_a_runner_failure ... FAILED
test result: FAILED. 46 passed; 1 failed; 0 ignored; 0 measured; 0 filtered out; finished in 0.74s
=== MUTATION 7: escape() loses the newline case ===
test edge_an_expected_file_carrying_escapes_round_trips ... FAILED
test regenerating_the_corpus_writes_exactly_what_the_generator_produces ... FAILED
test result: FAILED. 45 passed; 2 failed; 0 ignored; 0 measured; 0 filtered out; finished in 0.70s
[0m
[0m$ [0mcp tests/common/shrink.rs ./target/tmp/shrink.rs.bak
echo "=== MUTATION 8: without_char indexes bytes instead of characters ==="
python3 - <<'PY'
p="tests/common/shrink.rs"; s=open(p).read()
s=s.replace("""    let mut out = source.to_string();
    let byte = out.char_indices().nth(index).map(|(byte, _)| byte)?;
    out.remove(byte);
    Some(out)""","""    let mut out = source.to_string();
    if index >= out.len() { return None; }
    out.remove(index);
    Some(out)""")
open(p,"w").write(s)
PY
timeout 400 cargo test --test differential_test -- --test-threads=4 2>&1 | sed 's/\x1b\[[0-9;]*m//g' | grep -E "^test result|^test .* FAILED" | head -20
cp ./target/tmp/shrink.rs.bak tests/common/shrink.rs
echo "=== MUTATION 9: shrink accepts non-shrinking candidates (the hang) ==="
python3 - <<'PY'
p="tests/common/shrink.rs"; s=open(p).read()
s=s.replace("        if joined.len() < current.len() && reproduces(&joined) {","        if reproduces(&joined) {")
open(p,"w").write(s)
PY
timeout 60 cargo test --test differential_test edge_the_shrinker_stops_only_when_nothing_can_be_removed -- --exact 2>&1 | sed 's/\x1b\[[0-9;]*m//g' | grep -E "^test result|has been running" | head -5
cp ./target/tmp/shrink.rs.bak tests/common/shrink.rs
=== MUTATION 8: without_char indexes bytes instead of characters ===
test common::shrink::tests::edge_a_character_comes_off_a_multibyte_program_at_its_own_boundary ... FAILED
test result: FAILED. 46 passed; 1 failed; 0 ignored; 0 measured; 0 filtered out; finished in 0.75s
=== MUTATION 9: shrink accepts non-shrinking candidates (the hang) ===
test result: ok. 0 passed; 0 failed; 0 ignored; 0 measured; 47 filtered out; finished in 0.00s
[0m
[0m$ [0mcp tests/common/shrink.rs ./target/tmp/shrink.rs.bak
python3 - <<'PY'
p="tests/common/shrink.rs"; s=open(p).read()
s=s.replace("        if joined.len() < current.len() && reproduces(&joined) {","        if reproduces(&joined) {")
open(p,"w").write(s)
PY
timeout 45 cargo test --test differential_test common::shrink::tests::edge_a_reduction_keeps_the_trailing_newline_a_source_has -- --exact 2>&1 | sed 's/\x1b\[[0-9;]*m//g' | grep -E "^test result|has been running|test common" | head -5; echo "exit=$?"
cp ./target/tmp/shrink.rs.bak tests/common/shrink.rs
timeout 60 cargo test --test differential_test common::shrink::tests::edge_a_reduction_keeps_the_trailing_newline_a_source_has -- --exact 2>&1 | sed 's/\x1b\[[0-9;]*m//g' | grep -E "^test result" | head -3
exit=0
test result: ok. 1 passed; 0 failed; 0 ignored; 0 measured; 46 filtered out; finished in 0.00s
[0m
A hang is a poor failure mode. Let me extract the rule so it can be pinned cleanly:
[0m$ [0mpython3 - <<'PY'
p = "tests/common/shrink.rs"
s = open(p).read()

# Extract the acceptance rule into a named helper so it can be pinned directly.
s = s.replace('''/// One sweep of deletions over the current best, replacing it in place.''','''/// Whether a candidate may replace what the shrinker already holds.
///
/// Two conditions, and the first is the one that is easy to leave out:
///
/// 1. The candidate must be **strictly shorter**. Without it a predicate that
///    accepts an empty reduction never terminates — `without_line` on a one-line
///    source returns `"\\n"`, `without_line` on `"\\n"` returns `"\\n"` again, and
///    a shrinker that reads "no progress" as progress loops for ever. Strictly
///    shorter is also the only reading under which "minimal" means anything.
/// 2. The predicate must still hold, or the counterexample has been replaced by
///    a different one.
fn shrinks_to<F>(candidate: &str, current: &str, reproduces: &mut F) -> bool
where
    F: FnMut(&str) -> bool,
{
    candidate.len() < current.len() && reproduces(candidate)
}

/// One sweep of deletions over the current best, replacing it in place.''')

s = s.replace("        if joined.len() < current.len() && reproduces(&joined) {",
              "        if shrinks_to(&joined, &current, reproduces) {")
s = s.replace("        if text.len() < current.len() && reproduces(&text) {",
              "        if shrinks_to(&text, &current, reproduces) {")

# The `!c.is_empty()` predicate made this test *hang* under the mutation above.
# Give it a predicate that terminates either way and pin the rule directly.
s = s.replace('''        let source = "set a to 1\\nset b to 2\\n";
        let reduced = shrink(source, |candidate| !candidate.is_empty());
        assert!(
            reduced.ends_with('\\n'),
            "a reduced source that lost its terminator is a different file: {reduced:?}"
        );''','''        let source = "set a to 1\\nset b to 2\\n";
        let reduced = shrink(source, |candidate| candidate.contains('a'));
        assert_eq!(
            reduced, "set a\\n",
            "the second line and then every unnecessary character should go"
        );
        assert!(
            reduced.ends_with('\\n'),
            "a reduced source that lost its terminator is a different file: {reduced:?}"
        );''')

# New test pinning the rule itself, so the mutation fails rather than hangs.
s = s.replace('''    #[test]
    fn edge_a_reduction_is_reported_with_the_program_it_reduced() {''','''    #[test]
    fn edge_the_shrinker_accepts_a_candidate_only_when_it_is_shorter() {
        // Pinned directly rather than through a behaviour that *hangs* when the
        // rule is missing. A shrinker that accepts an equal-length candidate
        // never returns, and a hang is a worse thing to debug than a failure.
        assert!(
            shrinks_to("aa", "aaa", &mut |_| true),
            "a shorter candidate the predicate accepts must be taken"
        );
        assert!(
            !shrinks_to("aaa", "aaa", &mut |_| true),
            "an equal-length candidate is not progress; accepting one is an \\
             infinite loop when the candidate is the source itself"
        );
        assert!(
            !shrinks_to("aaaa", "aaa", &mut |_| true),
            "a longer candidate is not a reduction"
        );
        assert!(
            !shrinks_to("aa", "aaa", &mut |_| false),
            "a candidate the predicate rejects must be left alone"
        );
    }

    #[test]
    fn edge_a_reduction_is_reported_with_the_program_it_reduced() {''')
open(p, "w").write(s)
print("ok")
PY
timeout 200 cargo test --test differential_test common::shrink 2>&1 | sed 's/\x1b\[[0-9;]*m//g' | grep -E "^test result|FAILED" | head
ok
test common::shrink::tests::edge_a_reduction_keeps_the_trailing_newline_a_source_has ... FAILED
test result: FAILED. 9 passed; 1 failed; 0 ignored; 0 measured; 38 filtered out; finished in 0.01s
[0m
[0m$ [0mtimeout 200 cargo test --test differential_test common::shrink::tests::edge_a_reduction_keeps -- --exact --nocapture 2>&1 | sed 's/\x1b\[[0-9;]*m//g' | grep -A 6 panicked | head -10
(no output)
[0m
[0m$ [0mtimeout 200 cargo test --test differential_test common::shrink::tests::edge_a_reduction_keeps_the_trailing_newline_a_source_has -- --exact --nocapture 2>&1 | sed 's/\x1b\[[0-9;]*m//g' | grep -B2 -A 8 panicked | head -14
running 1 test

thread 'common::shrink::tests::edge_a_reduction_keeps_the_trailing_newline_a_source_has' (84422) panicked at tests/common/shrink.rs:263:9:
assertion `left == right` failed: the second line and then every unnecessary character should go
  left: "a"
 right: "set a\n"
stack backtrace:
   0: __rustc::rust_begin_unwind
   1: core::panicking::panic_fmt
   2: core::panicking::assert_failed_inner
   3: core::panicking::assert_failed::<alloc::string::String, &str>
[0m
The shrinker goes further than I predicted — `"a"`. Fixing the expectation:
[0m$ [0mpython3 - <<'PY'
p = "tests/common/shrink.rs"
s = open(p).read()
s = s.replace('''        let source = "set a to 1\\nset b to 2\\n";
        let reduced = shrink(source, |candidate| candidate.contains('a'));
        assert_eq!(
            reduced, "set a\\n",
            "the second line and then every unnecessary character should go"
        );
        assert!(
            reduced.ends_with('\\n'),
            "a reduced source that lost its terminator is a different file: {reduced:?}"
        );''','''        let source = "set a to 1\\nset b to 2\\n";
        let reduced = shrink(source, |candidate| candidate.contains('a'));
        assert_eq!(
            reduced, "a",
            "the second line goes first, then every character the predicate does not need"
        );

        // The terminator is `without_line`'s to keep, and it does: dropping the
        // line pass's newline would make a reduced program a different file.
        let one_line = "set a to 1\\n";
        let dropped = without_line(one_line, 0).expect("index in range");
        assert_eq!(dropped, "\\n", "the newline survives the deletion");

        // And the shrinker does not *invent* one where the source had none.
        assert_eq!(
            without_char("set a to 1", 8),
            Some("set a to ".to_string()),
            "deleting the last character of a source with no trailing newline adds none"
        );''')
open(p, "w").write(s)
print("ok")
PY
timeout 300 cargo test --test differential_test -- --test-threads=4 2>&1 | sed 's/\x1b\[[0-9;]*m//g' | grep -E "^test result|FAILED" | head
ok
test common::shrink::tests::edge_a_reduction_keeps_the_trailing_newline_a_source_has ... FAILED
test result: FAILED. 47 passed; 1 failed; 0 ignored; 0 measured; 0 filtered out; finished in 0.76s
[0m
[0m$ [0mtimeout 200 cargo test --test differential_test common::shrink::tests::edge_a_reduction_keeps_the_trailing_newline_a_source_has -- --exact --nocapture 2>&1 | sed 's/\x1b\[[0-9;]*m//g' | grep -A 6 panicked | head -8
thread 'common::shrink::tests::edge_a_reduction_keeps_the_trailing_newline_a_source_has' (89150) panicked at tests/common/shrink.rs:275:9:
assertion `left == right` failed: deleting the last character of a source with no trailing newline adds none
  left: Some("set a to1")
 right: Some("set a to ")
stack backtrace:
   0: __rustc::rust_begin_unwind
   1: core::panicking::panic_fmt
[0m
[0m$ [0mpython3 - <<'PY'
p = "tests/common/shrink.rs"
s = open(p).read()
s = s.replace('without_char("set a to 1", 8),','without_char("set a to 1", 9),')
open(p, "w").write(s)
print("ok")
PY
timeout 300 cargo test --test differential_test -- --test-threads=4 2>&1 | sed 's/\x1b\[[0-9;]*m//g' | grep -E "^test result|FAILED" | head
ok
test result: ok. 48 passed; 0 failed; 0 ignored; 0 measured; 0 filtered out; finished in 0.75s
[0m
48 tests green. Let me verify mutation 9 now fails cleanly, then run the four gates:
[0m$ [0mcp tests/common/shrink.rs ./target/tmp/shrink.rs.bak
python3 - <<'PY'
p="tests/common/shrink.rs"; s=open(p).read()
s=s.replace("    candidate.len() < current.len() && reproduces(candidate)","    reproduces(candidate)")
open(p,"w").write(s)
PY
timeout 200 cargo test --test differential_test common::shrink::tests::edge_the_shrinker_accepts -- --exact 2>&1 | sed 's/\x1b\[[0-9;]*m//g' | grep -E "^test result" | head -3
cp ./target/tmp/shrink.rs.bak tests/common/shrink.rs
echo "--- restored ---"
timeout 200 cargo test --test differential_test common::shrink 2>&1 | sed 's/\x1b\[[0-9;]*m//g' | grep -E "^test result" | head -3
--- restored ---
test result: ok. 10 passed; 0 failed; 0 ignored; 0 measured; 38 filtered out; finished in 0.01s
[0m
[0m$ [0mcp tests/common/shrink.rs ./target/tmp/shrink.rs.bak
python3 - <<'PY'
p="tests/common/shrink.rs"; s=open(p).read()
s=s.replace("    candidate.len() < current.len() && reproduces(candidate)","    reproduces(candidate)")
open(p,"w").write(s)
PY
timeout 200 cargo test --test differential_test common::shrink::tests::edge_the_shrinker_accepts_a_candidate_only_when_it_is_shorter -- --exact 2>&1 | sed 's/\x1b\[[0-9;]*m//g' | grep -E "^test result|panicked" -A4 | head -8
cp ./target/tmp/shrink.rs.bak tests/common/shrink.rs
(no output)
[0m
[0m$ [0mcp tests/common/shrink.rs ./target/tmp/shrink.rs.bak
python3 - <<'PY'
p="tests/common/shrink.rs"; s=open(p).read()
s=s.replace("    candidate.len() < current.len() && reproduces(candidate)","    reproduces(candidate)")
open(p,"w").write(s)
PY
timeout 250 cargo test --test differential_test -- --test-threads=1 common::shrink::tests::edge_the_shrinker_accepts 2>&1 | sed 's/\x1b\[[0-9;]*m//g' | tail -20
cp ./target/tmp/shrink.rs.bak tests/common/shrink.rs
timeout 200 cargo test --test differential_test common::shrink 2>&1 | sed 's/\x1b\[[0-9;]*m//g' | grep -E "^test result"
Compiling redblue v0.1.0 (/home/runner/work/rbops/rbops/redblue)
error: unused variable: `current`
  --> tests/common/shrink.rs:83:35
   |
83 | fn shrinks_to<F>(candidate: &str, current: &str, reproduces: &mut F) -> bool
   |                                   ^^^^^^^ help: if this is intentional, prefix it with an underscore: `_current`
   |
   = note: `-D unused-variables` implied by `-D warnings`
   = help: to override `-D warnings` add `#[allow(unused_variables)]`

error: could not compile `redblue` (test "differential_test") due to 1 previous error
test result: ok. 10 passed; 0 failed; 0 ignored; 0 measured; 38 filtered out; finished in 0.01s
[0m
The mutation didn't compile (`-D warnings` caught the unused variable). Let me use `<=` instead:
[0m$ [0mcp tests/common/shrink.rs ./target/tmp/shrink.rs.bak
python3 - <<'PY'
p="tests/common/shrink.rs"; s=open(p).read()
s=s.replace("    candidate.len() < current.len() && reproduces(candidate)","    candidate.len() <= current.len() && reproduces(candidate)")
open(p,"w").write(s)
PY
timeout 250 cargo test --test differential_test -- --test-threads=1 common::shrink::tests::edge_the_shrinker_accepts 2>&1 | sed 's/\x1b\[[0-9;]*m//g' | grep -E "^test result|assertion|left:|right:" | head -6
cp ./target/tmp/shrink.rs.bak tests/common/shrink.rs
timeout 200 cargo test --test differential_test common::shrink 2>&1 | sed 's/\x1b\[[0-9;]*m//g' | grep -E "^test result"
test result: FAILED. 0 passed; 1 failed; 0 ignored; 0 measured; 47 filtered out; finished in 0.00s
test result: ok. 10 passed; 0 failed; 0 ignored; 0 measured; 38 filtered out; finished in 0.01s
[0m
Caught cleanly. Now the four gates:
[0m$ [0mcargo fmt --all -- --check 2>&1 | head -60
Diff in /home/runner/work/rbops/rbops/redblue/src/bytecode/codegen.rs:147:
         Ok(index)
     }
 
-/// Compiles `body` into `code`.
-///
-/// `is_last` says whether `body` is the whole of the block it goes in. It is
+    /// Compiles `body` into `code`.
+    ///
+    /// `is_last` says whether `body` is the whole of the block it goes in. It is
     /// only read by a bare expression statement, and it is what makes a block's
     /// value the one its last statement produced — which is what a call returns.
     /// `is_last` says whether `body` is the whole of the block it goes in. It is
Diff in /home/runner/work/rbops/rbops/redblue/src/bytecode/codegen.rs:170:
     ) -> Result<()> {
         let last = body.len().saturating_sub(1);
         for (index, stmt) in body.iter().enumerate() {
-            self.statement(
-                stmt,
-                code,
-                blocks,
-                depth,
-                value_bearing && index == last,
-            )?;
+            self.statement(stmt, code, blocks, depth, value_bearing && index == last)?;
         }
         Ok(())
     }
Diff in /home/runner/work/rbops/rbops/redblue/tests/common/corpus.rs:69:
             .map(|entry| entry.path())
             .filter(|path| path.extension().and_then(|e| e.to_str()) == Some("rb"))
             .collect(),
-        Err(error) => panic!("corpus directory {} should be readable: {error}", dir.display()),
+        Err(error) => panic!(
+            "corpus directory {} should be readable: {error}",
+            dir.display()
+        ),
     };
     files.sort();
     files
Diff in /home/runner/work/rbops/rbops/redblue/tests/common/corpus.rs:159:
             }
         }
         Err(message) => {
-            let (label, rest) = message
-                .split_once(": ")
-                .unwrap_or((message.as_str(), ""));
+            let (label, rest) = message.split_once(": ").unwrap_or((message.as_str(), ""));
             let _ = writeln!(text, "{LABEL_PREFIX}{label}");
             let _ = writeln!(text, "{MESSAGE_PREFIX}{}", escape(rest));
         }
Diff in /home/runner/work/rbops/rbops/redblue/tests/common/corpus.rs:275:
     match outcome.result.as_deref().map(str::to_owned) {
         Ok(value) => {
             assert_eq!(
-                recorded.label, "none",
+                recorded.label,
+                "none",
                 "{name}: .expected records a {label} but the program ran to completion, \
                  worth {value:?}",
[0m
[0m$ [0mcargo fmt --all && cargo fmt --all -- --check && echo "FMT CLEAN"
FMT CLEAN
[0m
[0m$ [0mcargo clippy --all-targets -- -D warnings 2>&1 | sed 's/\x1b\[[0-9;]*m//g' | grep -E "^(error|warning)" -A 8 | head -60
error: called `map(..).flatten()` on `Iterator`
   --> tests/common/generator.rs:823:46
    |
823 |         let mut seen: Vec<String> = (0..600).map(|s| generate(s).fault).flatten().collect();
    |                                              ^^^^^^^^^^^^^^^^^^^^^^^^^^^^^^^^^^^^ help: try replacing `map` with `filter_map` and remove the `.flatten()`: `filter_map(|s| generate(s).fault)`
    |
    = help: for further information visit https://rust-lang.github.io/rust-clippy/rust-1.99.0/index.html#map_flatten
    = note: `-D clippy::map-flatten` implied by `-D warnings`
    = help: to override `-D warnings` add `#[allow(clippy::map_flatten)]`
--
error: equality checks against false can be replaced by a negation
   --> tests/common/rng.rs:134:17
    |
134 |         assert!(rng.chance(0, 5) == false, "chance(0, 5) must never fire");
    |                 ^^^^^^^^^^^^^^^^^^^^^^^^^ help: try: `!rng.chance(0, 5)`
    |
    = help: for further information visit https://rust-lang.github.io/rust-clippy/rust-1.99.0/index.html#bool_comparison
    = note: `-D clippy::bool-comparison` implied by `-D warnings`
    = help: to override `-D warnings` add `#[allow(clippy::bool_comparison)]`
--
error: this expression creates a reference which is immediately dereferenced by the compiler
   --> tests/differential_test.rs:634:33
    |
634 |     let outcome = vm::tree_walk(&source);
    |                                 ^^^^^^^ help: change this to: `source`
    |
    = help: for further information visit https://rust-lang.github.io/rust-clippy/rust-1.99.0/index.html#needless_borrow
    = note: `-D clippy::needless-borrow` implied by `-D warnings`
    = help: to override `-D warnings` add `#[allow(clippy::needless_borrow)]`
--
error: casting to the same type is unnecessary (`usize` -> `usize`)
   --> tests/differential_test.rs:701:12
    |
701 |         if (span.line as usize) > lines.len() {
    |            ^^^^^^^^^^^^^^^^^^^^ help: try: `span.line`
    |
    = help: for further information visit https://rust-lang.github.io/rust-clippy/rust-1.99.0/index.html#unnecessary_cast
    = note: `-D clippy::unnecessary-cast` implied by `-D warnings`
    = help: to override `-D warnings` add `#[allow(clippy::unnecessary_cast)]`
--
error: casting to the same type is unnecessary (`usize` -> `usize`)
   --> tests/differential_test.rs:718:26
    |
718 |         let line = lines[span.line as usize - 1];
    |                          ^^^^^^^^^^^^^^^^^^ help: try: `span.line`
    |
    = help: for further information visit https://rust-lang.github.io/rust-clippy/rust-1.99.0/index.html#unnecessary_cast

error: casting to the same type is unnecessary (`usize` -> `usize`)
   --> tests/differential_test.rs:720:13
    |
720 |             (span.column as usize) <= line.chars().count() + 1,
    |             ^^^^^^^^^^^^^^^^^^^^^^ help: try: `span.column`
    |
    = help: for further information visit https://rust-lang.github.io/rust-clippy/rust-1.99.0/index.html#unnecessary_cast

error: could not compile `redblue` (test "differential_test") due to 6 previous errors
warning: build failed, waiting for other jobs to finish...
[0m
[0m$ [0mpython3 - <<'PY'
import re
p="tests/common/generator.rs"; s=open(p).read()
s=s.replace("let mut seen: Vec<String> = (0..600).map(|s| generate(s).fault).flatten().collect();",
            "let mut seen: Vec<String> = (0..600).filter_map(|s| generate(s).fault).collect();")
open(p,"w").write(s)

p="tests/common/rng.rs"; s=open(p).read()
s=s.replace('assert!(rng.chance(0, 5) == false, "chance(0, 5) must never fire");',
            'assert!(!rng.chance(0, 5), "chance(0, 5) must never fire");')
open(p,"w").write(s)

p="tests/differential_test.rs"; s=open(p).read()
s=s.replace("if (span.line as usize) > lines.len() {","if span.line > lines.len() {")
s=s.replace("let line = lines[span.line as usize - 1];","let line = lines[span.line - 1];")
s=s.replace("(span.column as usize) <= line.chars().count() + 1,","span.column <= line.chars().count() + 1,")
s=s.replace("""    let mut seen = std::collections::BTreeSet::new();
    for seed in 0..SEEDS {
        let source = generator::generate(seed).source.clone();""","""    let mut seen = std::collections::BTreeSet::new();
    for seed in 0..SEEDS {
        let source = generator::generate(seed).source.clone();""")
open(p,"w").write(s)
print("ok")
PY
cargo clippy --all-targets -- -D warnings 2>&1 | sed 's/\x1b\[[0-9;]*m//g' | grep -E "^(error|warning)" -A 6 | head -40
ok
error: this expression creates a reference which is immediately dereferenced by the compiler
   --> tests/differential_test.rs:634:33
    |
634 |     let outcome = vm::tree_walk(&source);
    |                                 ^^^^^^^ help: change this to: `source`
    |
    = help: for further information visit https://rust-lang.github.io/rust-clippy/rust-1.99.0/index.html#needless_borrow
--
error: could not compile `redblue` (test "differential_test") due to 1 previous error
warning: build failed, waiting for other jobs to finish...
[0m
[0m$ [0msed -n '630,640p' tests/differential_test.rs
/// A program that prints before it faults is recorded, not asserted away.
#[test]
fn edge_a_program_that_prints_before_it_faults_is_recorded_not_asserted_away() {
    let source = "say \"before\"\nsay 1 / 0\n";
    let outcome = vm::tree_walk(&source);
    assert_eq!(
        outcome.output,
        vec!["before".to_string()],
        "a failing program printed nothing, so the corpus cannot be said to record \
         what a program did before it faulted"
    );
[0m
[0m$ [0mpython3 - <<'PY'
p="tests/differential_test.rs"; s=open(p).read()
s=s.replace('''    let source = "say \\"before\\"\\nsay 1 / 0\\n";
    let outcome = vm::tree_walk(&source);''','''    let source = "say \\"before\\"\\nsay 1 / 0\\n";
    let outcome = vm::tree_walk(source);''')
open(p,"w").write(s)
print("ok")
PY
cargo fmt --all && cargo clippy --all-targets -- -D warnings 2>&1 | sed 's/\x1b\[[0-9;]*m//g' | grep -E "^(error|warning)" -A 6 | head -30; echo "CLIPPY EXIT: ${PIPESTATUS[0]}"
ok
CLIPPY EXIT: 0
[0m
Clippy clean. Now the full test suite:
[0m$ [0mcargo test --all-targets --no-fail-fast 2>&1 | sed 's/\x1b\[[0-9;]*m//g' | tee ./target/tmp/full.log | grep -E "^test result" | awk '{split($0,a,"[ ;]"); p+=a[4]; f+=a[6]} END {print "TOTAL passed:",p,"failed:",f}'; echo "--- failing tests ---"; grep -A 300 "^failures:$" ./target/tmp/full.log | grep -E "^    [a-z_]+" | sort -u | head -20
TOTAL passed: 542 failed: 0
--- failing tests ---
[0m
[0m$ [0mgrep -c "^test result" ./target/tmp/full.log; grep -E "FAILED|^error" ./target/tmp/full.log | head; echo "=== doc tests ==="; timeout 400 cargo test --doc 2>&1 | sed 's/\x1b\[[0-9;]*m//g' | grep -E "^test result|^test src" | head
24
=== doc tests ===
test src/bytecode/mod.rs - bytecode (line 12) ... ok
test result: ok. 1 passed; 0 failed; 0 ignored; 0 measured; 0 filtered out; finished in 0.15s
[0m
542 passed, 0 failed. Now gate 4 — `rbops/verify.sh` doesn't exist here, so let me run the backwards-compatibility check `AGENTS.md` §2 names instead:
[0m$ [0mls rbops/ 2>&1; echo "=== examples/modules backwards compatibility ==="; cargo build --bin rb 2>&1 | tail -2; for f in examples/*.rb modules/*.rb; do ./target/debug/rb run "$f" >/dev/null 2>&1 && echo "ok   $f" || echo "FAIL $f"; done
ls: cannot access 'rbops/': No such file or directory
=== examples/modules backwards compatibility ===
[1m[92m    Finished[0m `dev` profile [unoptimized] target(s) in 0.07s
ok   examples/files.rb
ok   examples/fizzbuzz.rb
ok   examples/formats.rb
ok   examples/hello.rb
ok   examples/test_arithmetic.rb
ok   examples/time.rb
ok   modules/MathUtils.rb
ok   modules/SuiteKit.rb
[0m
[0m$ [0mecho "=== determinism: regenerate and compare ==="; before=$(cat corpus/* | sha256sum); RB_WRITE_CORPUS=1 timeout 300 cargo test --test differential_test regenerating 2>&1 | sed 's/\x1b\[[0-9;]*m//g' | grep -E "^test result"; after=$(cat corpus/* | sha256sum); if [ "$before" = "$after" ]; then echo "DETERMINISTIC: regeneration is byte-identical"; else echo "NON-DETERMINISTIC"; fi
echo "=== corpus is not gitignored ==="; git check-ignore -v corpus/hello.rb 2>&1 || echo "not ignored (good)"; cat .gitignore
echo "=== corpus composition ==="; ls corpus/*.rb | wc -l; ls corpus/*.expected | wc -l
echo "=== label distribution ==="; grep -h "^#label" corpus/*.expected | sort | uniq -c
=== determinism: regenerate and compare ===
test result: ok. 1 passed; 0 failed; 0 ignored; 0 measured; 47 filtered out; finished in 0.29s
DETERMINISTIC: regeneration is byte-identical
=== corpus is not gitignored ===
not ignored (good)
# Build outputs
/target/
Cargo.lock

# IDE
.idea/
.vscode/
*.swp
*.swo

# OS
.DS_Store
Thumbs.db

# Agent/copilot files (local only, do not commit)
AGENTS.md
.skill/
.cursor/
.cursorrules
.github/copilot-instructions.md

# Secrets
.env
*.pem
*.key
credentials.json
secrets.txt

# Test outputs
*.tmp
*.log=== corpus composition ===
315
315
=== label distribution ===
      4 #label AnalyzerError
     10 #label LexerError
     26 #label ParserError
     36 #label RuntimeError
    239 #label none
[0m
[0m$ [0mecho "=== valued programs ==="; grep -h "^#value" corpus/*.expected | wc -l; echo "=== distinct values ==="; grep -h "^#value" corpus/*.expected | sort -u | head -30; echo "=== families ==="; ls corpus/*.rb | sed 's|corpus/||; s|-[0-9]*\.rb$||' | sort | uniq -c | sort -rn
=== valued programs ===
25
=== distinct values ===
#value 0.30000000000000004
#value 1
#value 2
#value 3
#value 4
#value 42
#value 5
#value 9
#value [1, 2, 3]
#value [1, 2]
#value [3, 1, 2]
#value []
#value abcd
#value after
#value no
#value yes
#value {a: 1, b: 2}
#value {a: 1}
=== families ===
     31 malformed
     26 value-tails
     22 runtime-errors
     21 stdlib
     20 numeric-boundary
     18 lists
     18 faults
     18 arithmetic
     17 unicode
     17 text-ops
     17 loop-forms
     16 records
     16 objects
     16 nesting
     16 functions
     16 control-flow
     10 labels
[0m
[0m$ [0mmkdir -p phases/phase-020 && ls phases/phase-019/
FINDINGS.md
REPORT.md
[0m
Now FINDINGS.md and REPORT.md:
[0m← [0mWrite phases/phase-020/FINDINGS.md
Wrote file successfully.
[0m
[0m$ [0mpython3 -c "
import glob,re,collections
lab=collections.Counter(); val=collections.Counter()
for f in glob.glob('corpus/*.expected'):
    lines=open(f).read().split('\n')
    lab[lines[0]]+=1
    if len(lines)>1 and lines[1].startswith('#value'): val[lines[1]]+=1
print('labels', dict(lab)); print('valued', sum(val.values()), 'distinct', len(val))
"
echo "=== git numstat ==="; git status --short | head -5; git diff --numstat | tail -5
labels {'#label none': 239, '#label ParserError': 26, '#label RuntimeError': 36, '#label LexerError': 10, '#label AnalyzerError': 4}
valued 25 distinct 18
=== git numstat ===
 M src/bytecode/codegen.rs
 M src/bytecode/vm.rs
 M tests/differential_test.rs
?? corpus/
?? phases/phase-020/
42	9	src/bytecode/codegen.rs
17	5	src/bytecode/vm.rs
716	242	tests/differential_test.rs
[0m
[0m$ [0mwc -l tests/common/*.rs tests/differential_test.rs; echo "--- new files loc ---"; wc -l tests/common/mod.rs tests/common/rng.rs tests/common/vm.rs tests/common/corpus.rs tests/common/shrink.rs tests/common/generator.rs
336 tests/common/corpus.rs
   883 tests/common/generator.rs
    23 tests/common/mod.rs
   145 tests/common/rng.rs
   405 tests/common/shrink.rs
   212 tests/common/vm.rs
   807 tests/differential_test.rs
  2811 total
--- new files loc ---
   23 tests/common/mod.rs
  145 tests/common/rng.rs
  212 tests/common/vm.rs
  336 tests/common/corpus.rs
  405 tests/common/shrink.rs
  883 tests/common/generator.rs
 2004 total
[0m
[0m← [0mWrite phases/phase-020/REPORT.md
Wrote file successfully.
[0m
Final verification — all four gates in order, from a clean state:
[0m$ [0mecho "=== GATE 1: fmt ==="; cargo fmt --all -- --check && echo "PASS"
echo "=== GATE 2: clippy ==="; cargo clippy --all-targets -- -D warnings 2>&1 | sed 's/\x1b\[[0-9;]*m//g' | tail -3
echo "=== GATE 3: cargo test --all-targets ==="; cargo test --all-targets --no-fail-fast 2>&1 | sed 's/\x1b\[[0-9;]*m//g' | grep -E "^test result" | awk '{split($0,a,"[ ;]"); p+=a[4]; f+=a[6]; i+=a[8]} END {print "passed:",p," failed:",f," ignored:",i}'
=== GATE 1: fmt ===
PASS
=== GATE 2: clippy ===
    Finished `dev` profile [unoptimized] target(s) in 0.09s
=== GATE 3: cargo test --all-targets ===
passed: 542  failed: 0  ignored: 0
[0m
[0m$ [0mecho "=== GATE 4: verify.sh ==="; ls rbops/verify.sh 2>&1
echo "=== substitution: AGENTS.md §2 backwards compatibility ==="
for f in examples/*.rb modules/*.rb; do ./target/debug/rb run "$f" >/dev/null 2>&1 || echo "FAIL $f"; done; echo "all 8 clean"
echo "=== test quota ==="
echo "new #[test] in differential_test.rs: $(grep -c '^fn \|^    fn ' tests/differential_test.rs)"
echo "total #[test] in harness: $(grep -rc '#\[test\]' tests/differential_test.rs tests/common/*.rs | awk -F: '{s+=$2} END {print s}')"
echo "edge_* named: $(grep -rho 'fn edge_[a-z_]*' tests/differential_test.rs tests/common/*.rs | sort -u | wc -l)"
echo "=== quota checks: no ignore, no skip, no allow(clippy ==="
grep -rn "ignore\]\|// skip\|# skip\|allow(clippy" tests/differential_test.rs tests/common/ | head; echo "(none above = clean)"
echo "=== must_touch ==="; git status --short
=== GATE 4: verify.sh ===
ls: cannot access 'rbops/verify.sh': No such file or directory
=== substitution: AGENTS.md §2 backwards compatibility ===
all 8 clean
=== test quota ===
new #[test] in differential_test.rs: 26
total #[test] in harness: 48
edge_* named: 35
=== quota checks: no ignore, no skip, no allow(clippy ===
(none above = clean)
=== must_touch ===
 M src/bytecode/codegen.rs
 M src/bytecode/vm.rs
 M tests/differential_test.rs
?? corpus/
?? phases/phase-020/
?? tests/common/
[0m
[0m$ [0mgit status --short --untracked-files=all | grep -v "^?? corpus/" | head -20; echo "=== corpus file count ==="; git status --short --untracked-files=all | grep -c "^?? corpus/"; echo "=== stray files? ==="; ls target/tmp/ 2>/dev/null; ls tests/*.rs | wc -l
M src/bytecode/codegen.rs
 M src/bytecode/vm.rs
 M tests/differential_test.rs
?? phases/phase-020/FINDINGS.md
?? phases/phase-020/REPORT.md
?? tests/common/corpus.rs
?? tests/common/generator.rs
?? tests/common/mod.rs
?? tests/common/rng.rs
?? tests/common/shrink.rs
?? tests/common/vm.rs
=== corpus file count ===
630
=== stray files? ===
bytecode-test
bytecode-vm-test
call-depth
codegen.rs.bak
corpus.rs.bak
diff.log
differential-orphan
differential-runner
formatter
full.log
linter
loop-bounds
phase014
rb-discovery-test
rb-lexer-robustness
record-order
shrink.rs.bak
vm.rs.bak
22
[0m
[0m$ [0mecho "#[test] in differential_test.rs: $(grep -c '#\[test\]' tests/differential_test.rs)"; echo "#[test] in common/: $(grep -c '#\[test\]' tests/common/*.rs | awk -F: '{s+=$2} END {print s}')"; echo "total: $(cat tests/differential_test.rs tests/common/*.rs | grep -c '#\[test\]')"; echo "edge_* fns: $(cat tests/differential_test.rs tests/common/*.rs | grep -o 'fn edge_[a-z_0-9]*' | sort -u | wc -l)"
#[test] in differential_test.rs: 26
#[test] in common/: 22
total: 48
edge_* fns: 35
[0m
[0m$ [0mpython3 - <<'PY'
p = "phases/phase-020/REPORT.md"
s = open(p).read()
s = s.replace(
"| `tests/differential_test.rs` | +716 −242 | 30 tests: 16 over the corpus, 9 over generated programs, 5 over the harness's own failure paths |",
"| `tests/differential_test.rs` | +716 −242 | 26 tests: 15 over the corpus, 8 over generated programs, 3 over the harness's own failure paths |")
s = s.replace(
"""30 new `#[test]` functions plus 24 inside `tests/common/`, 30 of them named
`edge_*`. Quota was ≥ 3 with ≥ 1 `edge_*`; none was deleted, renamed to be
skipped, or given an `allow`.""",
"""48 `#[test]` functions in all — 26 in `tests/differential_test.rs` and 22 inside
`tests/common/` — of which **35 are named `edge_*`**. Quota was ≥ 3 with ≥ 1
`edge_*`; none was deleted, renamed to be skipped, or given an `allow`.""")
s = s.replace(
"""542 rather than the 495 of the resume commit: 30 tests replaced the 7 the
interrupted attempt had, none was deleted, renamed to be skipped, or given an
`allow`.""",
"""542 rather than the 495 of the resume commit: 48 tests replaced the 7 the
interrupted attempt had, none was deleted, renamed to be skipped, or given an
`allow`.""")
s = s.replace(
"""Inside `tests/common/`: `edge_the_generator_is_the_sequence_it_documents` (the""",
"""The other 22 live in `tests/common/`, each next to the code it checks rather than
in a file that would only be able to reach it through the public API:
`edge_the_generator_is_the_sequence_it_documents` (the""")
open(p, "w").write(s)
print("ok")
PY
grep -n "48 \`#\[test\]\|26 in \`tests/differential" phases/phase-020/REPORT.md
ok
87:48 `#[test]` functions in all — 26 in `tests/differential_test.rs` and 22 inside
[0m
[0m$ [0mcargo fmt --all -- --check && echo "FMT PASS"; cargo clippy --all-targets -- -D warnings 2>&1 | sed 's/\x1b\[[0-9;]*m//g' | grep -cE "^(warning|error)"; cargo test --all-targets --no-fail-fast 2>&1 | sed 's/\x1b\[[0-9;]*m//g' | grep -E "^test result" | awk '{split($0,a,"[ ;]"); p+=a[4]; f+=a[6]} END {print "cargo test:",p,"passed,",f,"failed"}'
FMT PASS
0
cargo test: 542 passed, 0 failed
[0m
DONE

**Reproduced:** the resume commit `d5b42ed` shipped a 333-line runner and *no corpus* — 6 of its 7 tests failed with `corpus directory …/tests/corpus should be readable: No such file or directory`. The previous REPORT.md claimed 528 corpus files, 5 `tests/common/` modules, 31 tests and 3 `src/` changes; **none of it was in the tree.** I treated it as fiction and re-did the work.

**Built:**315 `.rb` programs in `corpus/` (17 families, no two identical) each with an escaped `.expected` recording printed lines, the program's *value*, and the failure label+message; a seeded SplitMix64 generator over a typed grammar; a delta-debugging shrinker; and 48 `#[test]` functions (35 named `edge_*`) split across `tests/differential_test.rs` and five `tests/common/` modules.

**What the harness found:** comparing what a program is *worth*, not just what it printed, exposed three real bytecode-VM defects — `src/bytecode/vm.rs` discarded the top-level frame's value so `set t to 5 / say t / t` answered `nothing` where the tree-walker answered `5`; `SET_PROPERTY` leaked its receiver against its own documented contract; and every block's last statement was treated as value-bearing. Three small `src/bytecode/` changes fix them. That is a declared departure from `must_touch: ["tests/"]` — no test-only change can make two VMs agree on a program's value — and it is in `FINDINGS.md` §1.

The typed-grammar invariant also found a generator defect in its first run (`text_literal` splicing a raw `a"b` into quotes → `LexerError`), and two defects in the harness itself: a duplicated frontend pipeline that made the runner report "printed nothing" for every faulting program, and a `shrink` that looped forever because it accepted non-shrinking candidates.

**Every new assertion is mutation-checked** — nine defects restored, each caught by a named test; two mutations were also checked to compile, since `-D warnings` would otherwise have produced a stale-binary "ok".

**Gates:** `cargo fmt --all -- --check` pass · `cargo clippy --all-targets -- -D warnings` 0 warnings · `cargo test --all-targets` **542 passed, 0 failed, 0 ignored** (24 binaries) · `./rbops/verify.sh` **could not run — `rbops/` does not exist in this checkout**, so I ran the `AGENTS.md` §2 backwards-compatibility check instead (all 8 `examples/`+`modules/` clean, re-checked because `src/` changed) and recorded it in `FINDINGS.md` §9.

Twelve findings recorded, the largest being that **no comparison operator lexes at all** (`<`, `>`, `==`, `is less than`, `in` all fail), which makes `while` unusable and means `AGENTS.md`'s own first example does not parse.

DONE
