[0m
> build · space-bunny-free
[0m
I'll start by exploring the repository state and the reviewer findings.
[0m$ [0mls -la && ls phases/phase-018/ 2>/dev/null
total 204
drwxr-xr-x 12 runner runner  4096 Oct  5 09:45 .
drwxr-xr-x  8 runner runner  4096 Oct  5 09:34 ..
drwxr-xr-x  7 runner runner  4096 Oct  5 09:45 .git
drwxr-xr-x  3 runner runner  4096 Oct  5 09:34 .github
-rw-r--r--  1 runner runner   304 Oct  5 09:34 .gitignore
-rw-r--r--  1 runner runner  5411 Oct  5 09:34 AGENTS.md
-rw-r--r--  1 runner runner  3140 Oct  5 09:34 CODE_OF_CONDUCT.md
-rw-r--r--  1 runner runner  4818 Oct  5 09:34 CONTRIBUTING.md
-rw-r--r--  1 runner runner 39455 Oct  5 09:34 Cargo.lock
-rw-r--r--  1 runner runner   632 Oct  5 09:34 Cargo.toml
-rw-r--r--  1 runner runner  6670 Oct  5 09:34 HANDOUT.md
-rw-r--r--  1 runner runner  1079 Oct  5 09:34 LICENSE
-rw-r--r--  1 runner runner  6272 Oct  5 09:34 PHILOSOPHY.md
-rw-r--r--  1 runner runner  4032 Oct  5 09:34 README.md
-rw-r--r--  1 runner runner 28928 Oct  5 09:34 ROADMAP.md
-rw-r--r--  1 runner runner 16939 Oct  5 09:34 SPEC.md
-rw-r--r--  1 runner runner   416 Oct  5 09:34 a.out
drwxr-xr-x  2 runner runner  4096 Oct  5 09:34 docs
-rw-r--r--  1 runner runner     0 Oct  5 09:34 err.txt
-rw-r--r--  1 runner runner     0 Oct  5 09:34 errors.txt
drwxr-xr-x  2 runner runner  4096 Oct  5 09:34 examples
-rw-r--r--  1 runner runner  3400 Oct  5 09:34 export.sh
drwxr-xr-x  2 runner runner  4096 Oct  5 09:34 modules
drwxr-xr-x 18 runner runner  4096 Oct  5 09:34 phases
drwxr-xr-x  5 runner runner  4096 Oct  5 09:34 src
drwxr-xr-x  4 runner runner  4096 Oct  5 09:34 target
-rw-r--r--  1 runner runner   622 Oct  5 09:34 test.redblue
drwxr-xr-x  2 runner runner  4096 Oct  5 09:34 tests
drwxr-xr-x  4 runner runner  4096 Oct  5 09:34 tooling
FINDINGS.md
REPORT.md
[0m
[0m$ [0mgit log --oneline -15 && git status --short
2179034 Merge remote-tracking branch 'origin/rbops-wip/phase-018'
3592e1b rbops: phase-016 (2026-10-05T09:33:19Z)
255816e Merge remote-tracking branch 'origin/rbops-wip/phase-016'
563a351 rbops: phase-018 checkpoint 1791169209
8dc0466 rbops: phase-017 (2026-10-05T02:38:36Z)
286fccd rbops: phase-016 checkpoint 1791156132
189dd38 rbops: phase-016 (2026-10-04T20:24:25Z)
2c4f470 rbops: phase-016 (2026-10-04T17:19:54Z)
58d9644 rbops: phase-015 (2026-10-04T12:38:03Z)
329e83d rbops: phase-015 (2026-10-04T12:30:57Z)
27d4aeb rbops: phase-014 (2026-10-04T11:39:19Z)
e2f72aa rbops: phase-013 (2026-10-04T11:19:22Z)
570671b rbops: phase-012 (2026-10-04T10:53:28Z)
8e892de rbops: phase-011 (2026-10-04T10:26:40Z)
bd59fde rbops: phase-010 (2026-10-04T09:59:50Z)
 M docs/BYTECODE.md
 M phases/phase-018/FINDINGS.md
 A phases/phase-018/REPORT.md
 M src/bytecode/disasm.rs
 M tests/bytecode_test.rs
[0m
[0m→ [0mRead phases/phase-018/FINDINGS.md
[0m→ [0mRead phases/phase-018/REPORT.md
[0m→ [0mRead src/bytecode/codegen.rs
[0m→ [0mRead src/bytecode/opcode.rs
[0m→ [0mRead src/bytecode/format.rs
[0m→ [0mRead src/bytecode/disasm.rs
[0m→ [0mRead docs/BYTECODE.md
[0m→ [0mRead src/vm.rs[90m [offset=1370, limit=120][0m
[0m✱ [0mGrep "Statement::Has|Statement::Object|Has \{|Object \{"[90m 15 matches[0m
[0m→ [0mRead src/parser.rs[90m [limit=40, offset=170][0m
[0m→ [0mRead src/parser.rs[90m [limit=50, offset=930][0m
[0m→ [0mRead tests/bytecode_test.rs
[0m
[0m$ [0mls rbops/ 2>/dev/null; echo "---"; cat rbops/verify.sh 2>/dev/null | head -60
---
[0m
[0m→ [0mRead src/bytecode/mod.rs
[0m
[0m$ [0mls tooling/ .github/workflows/ 2>/dev/null
.github/workflows/:
ci.yml

tooling/:
repl
vscode
[0m
[0m$ [0mgrep -rn "gate" CONTRIBUTING.md HANDOUT.md AGENTS.md 2>/dev/null | head -40
AGENTS.md:71:   - Propagate errors with `?` operator
[0m
[0m→ [0mRead HANDOUT.md
[0m→ [0mRead .github/workflows/ci.yml
[0m
[0m$ [0mgrep -rn "bytecode\|rbc\|FORMAT_VERSION" --include=*.md . --exclude-dir=target --exclude-dir=phases -l
./CONTRIBUTING.md
./ROADMAP.md
./docs/BYTECODE.md
[0m
[0m→ [0mRead src/analyzer.rs[90m [limit=40, offset=165][0m
[0m→ [0mRead src/parser.rs[90m [limit=45, offset=890][0m
[0m→ [0mRead src/parser.rs[90m [limit=30, offset=785][0m
[0m
[0m$ [0mcargo build 2>&1 | tail -5
[1m[92m    Finished[0m `dev` profile [unoptimized] target(s) in 0.07s
[0m
[0m$ [0mmkdir -p target/tmp && cat > target/tmp/ob.rb <<'EOF'
object Base
    has kind default "base"
end

object Child extends Base
    has size default 5 + 2
    has label
end

say Child.size
EOF
./target/debug/rb compile target/tmp/ob.rb -o target/tmp/ob.rbc && ./target/debug/rb dis target/tmp/ob.rbc
Compiled target/tmp/ob.rb -> target/tmp/ob.rbc
; redblue bytecode v1
; constants: 5
;   [0] kind
;   [1] Base
;   [2] size
;   [3] label
;   [4] Child

main (main, arity 0)
0000  DEF_OBJECT       0, 0  ; line 1
0001  STORE            1  ; line 1: Base
0002  DEF_OBJECT       1, 1  ; line 5
0003  STORE            4  ; line 5: Child
0004  LOAD             4  ; line 10: Child
0005  LOAD_PROPERTY    2  ; line 10: size
0006  SAY                ; line 10

  main.blocks[0] (object, arity 0)
0000  DEF_FIELD        0  ; line 2: kind

  main.blocks[1] (object, arity 0)
0000  DEF_FIELD        2  ; line 6: size
0001  DEF_FIELD        3  ; line 7: label
[0m
[0m$ [0mgrep -n "bytecode\|rbc" ROADMAP.md CONTRIBUTING.md | head -30
ROADMAP.md:11:- Full capabilities: Compiles to efficient bytecode/JS/native, supports OOP, functional, async/await, generics
ROADMAP.md:166:│   │   ├── bytecode/   # VM bytecode
CONTRIBUTING.md:140:perf: optimize bytecode generation
[0m
[0m# [0mTodos
[•] BLOCKER 1: encode DEF_OBJECT's parent object name (constant index + NO_CONST sentinel) and bump FORMAT_VERSION
[ ] BLOCKER 2: encode a `has ... default <expr>` value (push before DEF_FIELD)
[ ] MAJOR 4: walk the block tree iteratively in disasm/collect/encode (no per-level recursion)
[ ] MAJOR 5: bounds-check block operands (and the parent name index) so every printed index is checked
[ ] MAJOR 3: test at 426 must allow the documented exit form (<=) and pin it
[ ] Update docs/BYTECODE.md to the version-2 format
[ ] Add tests: extends, non-trivial default, deep-tree walk, block-index reporting
[ ] Update phases/phase-018/FINDINGS.md and REPORT.md for round 1
[ ] Re-run the four gates: fmt --check, clippy -D warnings, test --all-targets, test --doc
[0m
Starting with `format.rs` — the version bump, the `NO_CONST` sentinel, the reserved-index guard, and the iterative walks.
[0m← [0mEdit src/bytecode/format.rs
Index: /home/runner/work/rbops/rbops/redblue/src/bytecode/format.rs
===================================================================
--- /home/runner/work/rbops/rbops/redblue/src/bytecode/format.rs
+++ /home/runner/work/rbops/rbops/redblue/src/bytecode/format.rs
@@ -26,16 +26,33 @@
 ///
 /// A file whose version is anything else is refused rather than guessed at.
 /// Changing anything that an older file would decode differently must bump
 /// this.
-pub const FORMAT_VERSION: u16 = 1;
+///
+/// Version 2 changed two operands a version-1 file reads differently, so a
+/// version-1 file is refused rather than half-understood:
+///
+/// - `DefObject`'s secondary operand is the constant index of the object it
+///   extends — [`NO_CONST`] when it extends nothing — where version 1 wrote a
+///   flag that discarded the parent's name.
+/// - `DefField` consumes the value pushed immediately before it, so a field's
+///   `default` is compiled instead of being dropped.
+pub const FORMAT_VERSION: u16 = 2;
 
 /// The operand that says "there is no block here".
 ///
 /// `Try` names a catch body and a finally body; a `try` with neither writes
 /// this value rather than inventing an empty block.
 pub const NO_BLOCK: u32 = u32::MAX;
 
+/// The operand that says "there is no constant here".
+///
+/// `DefObject` names the object it extends through its secondary operand and
+/// writes this value when it extends nothing. It has to be a value the pool
+/// can never hold: [`Chunk::decode`] refuses a pool that reaches it, so the
+/// operand is never ambiguous.
+pub const NO_CONST: u32 = u32::MAX;
+
 /// Bytes per instruction record: opcode, `arg`, `aux`, `line`.
 pub const INSTRUCTION_SIZE: usize = 13;
 
 /// The deepest block nesting a file may declare.

[0m
[0m← [0mEdit src/bytecode/format.rs
Index: /home/runner/work/rbops/rbops/redblue/src/bytecode/format.rs
===================================================================
--- /home/runner/work/rbops/rbops/redblue/src/bytecode/format.rs
+++ /home/runner/work/rbops/rbops/redblue/src/bytecode/format.rs
@@ -211,17 +211,23 @@
     crate::bytecode::codegen::compile(&program)
 }
 
 /// The bytes of this chunk, in the format `docs/BYTECODE.md` specifies.
+///
+/// Walks the block tree with an explicit stack, so a `Chunk` nested deeper
+/// than [`MAX_BLOCK_DEPTH`] — which the public fields let a caller build,
+/// and which neither the compiler nor the decoder produces — is encoded
+/// rather than being a stack overflow. The bytes are the same either way;
+/// a tree past the limit is a file this build's decoder refuses.
 pub fn encode(&self) -> Vec<u8> {
     let mut out = Vec::new();
     out.extend_from_slice(&MAGIC);
     out.extend_from_slice(&FORMAT_VERSION.to_le_bytes());
     write_u32(&mut out, self.constants.len() as u32);
     for constant in &self.constants {
         write_constant(&mut out, constant);
     }
-    write_block(&mut out, &self.main);
+    write_block_tree(&mut out, &self.main);
 
     out
 }
 

[0m
[0m→ [0mRead src/bytecode/format.rs[90m [offset=212, limit=40][0m
[0m
[0m← [0mEdit src/bytecode/format.rs
Index: /home/runner/work/rbops/rbops/redblue/src/bytecode/format.rs
===================================================================
--- /home/runner/work/rbops/rbops/redblue/src/bytecode/format.rs
+++ /home/runner/work/rbops/rbops/redblue/src/bytecode/format.rs
@@ -262,8 +262,22 @@
     ));
 }
 
 let constants = reader.count("constant", 1, |reader: &mut Reader| reader.constant())?;
+
+// `NO_CONST` is a reserved index, so a pool that reaches it would make
+// the operand ambiguous. Nothing this build writes can be that long —
+// it is refused here rather than left to a reader to work out.
+if constants.len() as u64 >= NO_CONST as u64 {
+    return Err(Error::Parser(
+        format!(
+            "a constant pool of {} constants reaches the reserved index {NO_CONST}",
+            constants.len()
+        ),
+        Span::unknown(),
+    ));
+}
+
 let main = reader.block(0)?;
 
 if reader.pos != bytes.len() {
     return Err(Error::Parser(

[0m
[0m← [0mEdit src/bytecode/format.rs
Index: /home/runner/work/rbops/rbops/redblue/src/bytecode/format.rs
===================================================================
--- /home/runner/work/rbops/rbops/redblue/src/bytecode/format.rs
+++ /home/runner/work/rbops/rbops/redblue/src/bytecode/format.rs
@@ -299,24 +299,22 @@
     }
 
     /// Every block of the tree, `main` first, then each block's own children in
     /// order.
+    ///
+    /// Walks with an explicit stack, so the depth of the tree is bounded by the
+    /// heap rather than by the call stack.
     pub fn all_blocks(&self) -> Vec<&Block> {
         let mut all = Vec::new();
-        self.main.collect(&mut all);
+        let mut pending = vec![&self.main];
+        while let Some(block) = pending.pop() {
+            all.push(block);
+            pending.extend(block.blocks.iter().rev());
+        }
         all
     }
 }
 
-impl Block {
-    fn collect<'a>(&'a self, all: &mut Vec<&'a Block>) {
-        all.push(self);
-        for child in &self.blocks {
-            child.collect(all);
-        }
-    }
-}
-
 /// Compiles Redblue source to bytecode: the whole frontend, then codegen.
 pub fn compile_source(source: &str) -> Result<Chunk> {
     Chunk::compile(source)
 }

[0m
Now the iterative encoder walk:
[0m← [0mEdit src/bytecode/format.rs
Index: /home/runner/work/rbops/rbops/redblue/src/bytecode/format.rs
===================================================================
--- /home/runner/work/rbops/rbops/redblue/src/bytecode/format.rs
+++ /home/runner/work/rbops/rbops/redblue/src/bytecode/format.rs
@@ -349,23 +349,31 @@
         }
     }
 }
 
-fn write_block(out: &mut Vec<u8>, block: &Block) {
-    out.push(block.kind as u8);
-    write_u32(out, block.arity);
-    write_string(out, &block.name);
-    write_u32(out, block.code.len() as u32);
-    for instruction in &block.code {
-        out.push(instruction.opcode.to_byte());
-        write_u32(out, instruction.arg);
-        write_u32(out, instruction.aux);
-        write_u32(out, instruction.line);
+/// Writes `main` and every block nested in it, in the order a depth-first walk
+/// visits them.
+///
+/// The pending blocks sit on the heap, not on the call stack: the walk costs
+/// the same whether the tree is two deep or two hundred, and nothing here can
+/// overflow. Children are pushed in reverse because the stack is popped from
+/// its end, which makes them come out first-to-last.
+fn write_block_tree(out: &mut Vec<u8>, main: &Block) {
+    let mut pending = vec![main];
+    while let Some(block) = pending.pop() {
+        out.push(block.kind as u8);
+        write_u32(out, block.arity);
+        write_string(out, &block.name);
+        write_u32(out, block.code.len() as u32);
+        for instruction in &block.code {
+            out.push(instruction.opcode.to_byte());
+            write_u32(out, instruction.arg);
+            write_u32(out, instruction.aux);
+            write_u32(out, instruction.line);
+        }
+        write_u32(out, block.blocks.len() as u32);
+        pending.extend(block.blocks.iter().rev());
     }
-    write_u32(out, block.blocks.len() as u32);
-    for child in &block.blocks {
-        write_block(out, child);
-    }
 }
 
 // ---------------------------------------------------------------------------
 // Decoding

[0m
Now `opcode.rs` — the operand documentation and the block-index predicate:
[0m← [0mEdit src/bytecode/opcode.rs
Index: /home/runner/work/rbops/rbops/redblue/src/bytecode/opcode.rs
===================================================================
--- /home/runner/work/rbops/rbops/redblue/src/bytecode/opcode.rs
+++ /home/runner/work/rbops/rbops/redblue/src/bytecode/opcode.rs
@@ -95,11 +95,13 @@
 /// Adds a method whose body is block `arg` and which takes `aux` parameters
 /// to the object being defined.
 DefMethod,
 /// Starts an object body; block `arg` holds its fields and methods and
-/// `aux` is 1 when the declaration extends another object.
+/// `aux` is the constant index of the object it extends, or
+/// [`NO_CONST`](super::NO_CONST) when it extends nothing.
 DefObject,
-/// Declares a field named `constants[arg]` on the object being defined.
+/// Pops a field's initial value and declares a field named
+/// `constants[arg]` on the object being defined.
 DefField,
 /// Runs what follows with handlers in place: block `arg` is the catch body
 /// and block `aux` the finally body, either being
 /// [`NO_BLOCK`](super::NO_BLOCK) when the source had none.

[0m
[0m← [0mEdit src/bytecode/opcode.rs
Index: /home/runner/work/rbops/rbops/redblue/src/bytecode/opcode.rs
===================================================================
--- /home/runner/work/rbops/rbops/redblue/src/bytecode/opcode.rs
+++ /home/runner/work/rbops/rbops/redblue/src/bytecode/opcode.rs
@@ -303,5 +303,23 @@
                 | Opcode::DefField
                 | Opcode::Import
         )
     }
+
+    /// Whether this opcode's `arg` is an index into the block list of the
+    /// block that holds the instruction.
+    ///
+    /// The disassembler checks it against that list and says so when it is out
+    /// of range, so a corrupt file is read as a diagnostic rather than left for
+    /// whoever runs it next to discover. `Try`'s is the one that may be
+    /// [`NO_BLOCK`](super::NO_BLOCK).
+    pub fn takes_block_index(self) -> bool {
+        matches!(
+            self,
+            Opcode::DefFunction
+                | Opcode::DefMethod
+                | Opcode::DefObject
+                | Opcode::Try
+                | Opcode::Test
+        )
+    }
 }

[0m
[0m← [0mEdit src/bytecode/codegen.rs
Index: /home/runner/work/rbops/rbops/redblue/src/bytecode/codegen.rs
===================================================================
--- /home/runner/work/rbops/rbops/redblue/src/bytecode/codegen.rs
+++ /home/runner/work/rbops/rbops/redblue/src/bytecode/codegen.rs
@@ -282,9 +282,21 @@
         blocks,
     )?;
     emit(code, Opcode::DefMethod, block, params.len() as u32, line);
 }
-Statement::Has { name, .. } => {
+Statement::Has { name, default } => {
+    // The initial value is compiled in front of the declaration
+    // that consumes it, so a `default` may be any expression
+    // rather than only a literal the pool could hold. A field with
+    // no `default` is initialised to `nothing`, which is what the
+    // tree-walking VM gives it.
+    match default {
+        Some(expr) => self.expr(expr, code, line)?,
+        None => {
+            let nothing = self.constant(Constant::Nothing);
+            emit(code, Opcode::PushConst, nothing, 0, line);
+        }
+    }
     let name = self.text(name);
     emit(code, Opcode::DefField, name, 0, line);
 }
 Statement::Object {
@@ -302,10 +314,16 @@
         },
         depth,
         blocks,
     )?;
-    let inherits = u32::from(extends.is_some());
-    emit(code, Opcode::DefObject, block, inherits, line);
+    // The parent goes in as a name, interned like every other name
+    // in the program: a flag saying "this one extends something"
+    // would leave the file unable to say what.
+    let parent = match extends {
+        Some(parent) => self.text(parent),
+        None => NO_CONST,
+    };
+    emit(code, Opcode::DefObject, block, parent, line);
     let name = self.text(name);
     emit(code, Opcode::Store, name, 0, line);
 }
 Statement::Try {

[0m
Now the two BLOCKERs in `codegen.rs`:
[0m← [0mEdit src/bytecode/codegen.rs
Index: /home/runner/work/rbops/rbops/redblue/src/bytecode/codegen.rs
===================================================================
--- /home/runner/work/rbops/rbops/redblue/src/bytecode/codegen.rs
+++ /home/runner/work/rbops/rbops/redblue/src/bytecode/codegen.rs
@@ -16,9 +16,9 @@
 use crate::parser::{BinaryOp, Expr, Program, Statement, Stmt, UnaryOp};
 
 use crate::bytecode::format::{Block, BlockKind, Chunk, Constant, Instruction, MAX_BLOCK_DEPTH};
 use crate::bytecode::opcode::Opcode;
-use crate::bytecode::NO_BLOCK;
+use crate::bytecode::{NO_BLOCK, NO_CONST};
 
 /// The name a `repeat ... times` loop counts in.
 ///
 /// A Redblue identifier cannot contain `$`, so a name the compiler introduces

[0m
[0m← [0mEdit src/bytecode/mod.rs
Index: /home/runner/work/rbops/rbops/redblue/src/bytecode/mod.rs
===================================================================
--- /home/runner/work/rbops/rbops/redblue/src/bytecode/mod.rs
+++ /home/runner/work/rbops/rbops/redblue/src/bytecode/mod.rs
@@ -27,7 +27,7 @@
 pub use codegen::compile as compile_program;
 pub use disasm::render as disassemble;
 pub use format::{
     compile_source, Block, BlockKind, Chunk, Constant, Instruction, FORMAT_VERSION,
-    INSTRUCTION_SIZE, MAGIC, MAX_BLOCK_DEPTH, NO_BLOCK,
+    INSTRUCTION_SIZE, MAGIC, MAX_BLOCK_DEPTH, NO_BLOCK, NO_CONST,
 };
 pub use opcode::Opcode;

[0m
Now the disassembler — iterative walk plus the missing operand checks:
[0m← [0mWrite src/bytecode/disasm.rs
Wrote file successfully.
[0m
[0m← [0mEdit src/bytecode/disasm.rs
Index: /home/runner/work/rbops/rbops/redblue/src/bytecode/disasm.rs
===================================================================
--- /home/runner/work/rbops/rbops/redblue/src/bytecode/disasm.rs
+++ /home/runner/work/rbops/rbops/redblue/src/bytecode/disasm.rs
@@ -13,9 +13,9 @@
 //! deeper than the compiler emits rather than running out of stack.
 
 use std::fmt::Write as _;
 
-use crate::bytecode::format::{Block, Chunk, Instruction, NO_BLOCK, NO_CONST};
+use crate::bytecode::format::{Block, Chunk, Constant, Instruction, NO_BLOCK, NO_CONST};
 use crate::bytecode::opcode::Opcode;
 
 /// The width the mnemonic column is padded to.
 ///

[0m
[0m$ [0mcargo build 2>&1 | tail -20
[1m[92m   Compiling[0m redblue v0.1.0 (/home/runner/work/rbops/rbops/redblue)
[1m[92m    Finished[0m `dev` profile [unoptimized] target(s) in 1.21s
[0m
[0m$ [0m./target/debug/rb compile target/tmp/ob.rb -o target/tmp/ob.rbc && ./target/debug/rb dis target/tmp/ob.rbc
Compiled target/tmp/ob.rb -> target/tmp/ob.rbc
; redblue bytecode v2
; constants: 9
;   [0] base
;   [1] kind
;   [2] Base
;   [3] 5
;   [4] 2
;   [5] size
;   [6] nothing
;   [7] label
;   [8] Child

main (main, arity 0)
0000  DEF_OBJECT       0, none  ; line 1: block 0 (object, `Base`)
0001  STORE            2  ; line 1: Base
0002  DEF_OBJECT       1, 2  ; line 5: extends Base: block 1 (object, `Child`)
0003  STORE            8  ; line 5: Child
0004  LOAD             8  ; line 10: Child
0005  LOAD_PROPERTY    5  ; line 10: size
0006  SAY                ; line 10

  main.blocks[0] (object, arity 0)
0000  PUSH_CONST       0  ; line 2: base
0001  DEF_FIELD        1  ; line 2: kind

  main.blocks[1] (object, arity 0)
0000  PUSH_CONST       3  ; line 6: 5
0001  PUSH_CONST       4  ; line 6: 2
0002  ADD                ; line 6
0003  DEF_FIELD        5  ; line 6: size
0004  PUSH_CONST       6  ; line 7: nothing
0005  DEF_FIELD        7  ; line 7: label
[0m
[0m→ [0mRead src/bytecode/disasm.rs[90m [offset=112][0m
[0m
[0m← [0mEdit src/bytecode/disasm.rs
Index: /home/runner/work/rbops/rbops/redblue/src/bytecode/disasm.rs
===================================================================
--- /home/runner/work/rbops/rbops/redblue/src/bytecode/disasm.rs
+++ /home/runner/work/rbops/rbops/redblue/src/bytecode/disasm.rs
@@ -126,100 +126,86 @@
             }
         }
     }
 
-    if let Some(comment) = describe(chunk, block, instruction) {
-        let _ = write!(line, "  ; {comment}");
-    }
+    let _ = write!(line, "  ; {}", describe(chunk, block, instruction));
 
     line.push('\n');
     line
 }
 
-/// The trailing comment: the source line the instruction came from, what each
-/// operand names when it names something, and where a value is out of range.
-fn describe(chunk: &Chunk, block: &Block, instruction: &Instruction) -> Option<String> {
-    let mut comment = format!("line {}", instruction.line);
+/// The trailing comment: the source line the instruction came from, then what
+/// each operand names when it names something, then where a value is out of
+/// range.
+fn describe(chunk: &Chunk, block: &Block, instruction: &Instruction) -> String {
+    let mut clauses = Vec::new();
 
     if instruction.opcode.takes_constant_index() {
-        name_constant(&mut comment, chunk, instruction.arg, "");
+        clauses.push(named_constant(chunk, instruction.arg, ""));
     }
 
     // `DEF_OBJECT`'s parent is a name, so it is a constant index too — in
     // `aux`, and reserved when the object extends nothing.
     if instruction.opcode == Opcode::DefObject && instruction.aux != NO_CONST {
-        name_constant(&mut comment, chunk, instruction.aux, "extends ");
+        clauses.push(named_constant(chunk, instruction.aux, "extends "));
     }
 
     if instruction.opcode.takes_block_index() {
-        name_block(&mut comment, block, instruction.arg, "");
+        clauses.push(named_block(block, instruction.arg, ""));
     }
     if instruction.opcode == Opcode::Try {
-        name_block(&mut comment, block, instruction.arg, "catch ");
-        name_block(&mut comment, block, instruction.aux, "finally ");
+        clauses.push(named_block(block, instruction.arg, "catch "));
+        clauses.push(named_block(block, instruction.aux, "finally "));
     }
 
     if matches!(instruction.opcode, Opcode::Jump | Opcode::JumpIfFalse) {
         let target = instruction.arg as usize;
         if target == block.code.len() {
             // A jump to one past the last instruction is how a loop or an `if`
             // at the end of a block leaves it. It is a target, not a defect.
-            let _ = write!(comment, ": end of block");
+            clauses.push("end of block".to_string());
         } else if target > block.code.len() {
-            let _ = write!(
-                comment,
-                ": target {} is outside this block's {} instructions",
+            clauses.push(format!(
+                "target {} is outside this block's {} instructions",
                 instruction.arg,
                 block.code.len()
-            );
+            ));
         }
     }
 
-    Some(comment)
+    if clauses.is_empty() {
+        return format!("line {}", instruction.line);
+    }
+    format!("line {}: {}", instruction.line, clauses.join("; "))
 }
 
-/// Says what the constant at `index` holds, or that the index is past the end
-/// of the pool. `what` is what the constant is for, so the comment reads as a
+/// What the constant at `index` holds, or that the index is past the end of the
+/// pool. `what` is what the constant is for, so the clause reads as a
 /// sentence: `extends Thing`.
-fn name_constant(comment: &mut String, chunk: &Chunk, index: u32, what: &str) {
+fn named_constant(chunk: &Chunk, index: u32, what: &str) -> String {
     match chunk.constants.get(index as usize) {
-        Some(Constant::Text(text)) => {
-            let _ = write!(comment, ": {what}{}", text.escape_debug());
-        }
-        Some(constant) => {
-            let _ = write!(comment, ": {what}{constant}");
-        }
-        None => {
-            let _ = write!(
-                comment,
-                ": constant {index} is out of range (the pool holds {})",
-                chunk.constants.len()
-            );
-        }
+        Some(Constant::Text(text)) => format!("{what}{}", text.escape_debug()),
+        Some(constant) => format!("{what}{constant}"),
+        None => format!(
+            "constant {index} is out of range (the pool holds {})",
+            chunk.constants.len()
+        ),
     }
 }
 
-/// Says what the block at `index` is, or that the index is past the end of the
+/// What the block at `index` is, or that the index is past the end of the
 /// block's own list. `NO_BLOCK` is a legal operand rather than an out-of-range
 /// one, so it says nothing.
-fn name_block(comment: &mut String, block: &Block, index: u32, what: &str) {
-    if index == NO_BLOCK {
-        return;
-    }
+fn named_block(block: &Block, index: u32, what: &str) -> Option<String> {
     match block.blocks.get(index as usize) {
-        Some(child) => {
-            let _ = write!(
-                comment,
-                ": {what}block {index} ({}, `{}`)",
-                child.kind.name(),
-                child.name
-            );
-        }
-        None => {
-            let _ = write!(
-                comment,
-                ": {what}block {index} is out of range (this block holds {})",
-                block.blocks.len()
-            );
-        }
+        Some(child) => Some(format!(
+            "{what}block {index} ({}, `{}`)",
+            child.kind.name(),
+            child.name
+        )),
+        None if index == NO_BLOCK => None,
+        None => Some(format!(
+            "{what}block {index} is out of range (this block holds {})",
+            block.blocks.len()
+        )),
     }
 }
\ No newline at end of file

[0m
[0m$ [0mcargo build 2>&1 | tail -20 && ./target/debug/rb compile target/tmp/ob.rb -o target/tmp/ob.rbc >/dev/null && ./target/debug/rb dis target/tmp/ob.rbc
[1m[94m|[0m         [1m[94m-------[0m      [1m[94m------------------------------------------[0m [1m[94mthis argument has type `String`...[0m
    [1m[94m|[0m         [1m[94m|[0m
    [1m[94m|[0m         [1m[94m... which causes `clauses` to have type `Vec<String>`[0m
[1m[94m...[0m
[1m[94m157[0m [1m[94m|[0m         clauses.push(named_block(block, instruction.aux, "finally "));
    [1m[94m|[0m                 [1m[94m----[0m [1m[91m^^^^^^^^^^^^^^^^^^^^^^^^^^^^^^^^^^^^^^^^^^^^^^^[0m [1m[91mexpected `String`, found `Option<String>`[0m
    [1m[94m|[0m                 [1m[94m|[0m
    [1m[94m|[0m                 [1m[94marguments to this method are incorrect[0m
    [1m[94m|[0m
    [1m[94m= [0m[1mnote[0m: expected struct `String`
                 found enum `[1m[35mOption[0m[1m[35m<[0mString[1m[35m>[0m`
[1m[92mnote[0m: method defined here
   [1m[94m--> [0m/rustc/b940084d7eb6a299eb4bfeb8e34901bc051e7ac4/library/alloc/src/vec/mod.rs:995:11
[1m[96mhelp[0m: consider using `Option::expect` to unwrap the `Option<String>` value, panicking if the value is an `Option::None`
    [1m[94m|[0m
[1m[94m157[0m [1m[94m| [0m        clauses.push(named_block(block, instruction.aux, "finally ")[92m.expect("REASON")[0m);
    [1m[94m|[0m                                                                     [92m+++++++++++++++++[0m

[1mFor more information about this error, try `rustc --explain E0308`.[0m
[1m[91merror[0m: could not compile `redblue` (lib) due to 3 previous errors
; redblue bytecode v2
; constants: 9
;   [0] base
;   [1] kind
;   [2] Base
;   [3] 5
;   [4] 2
;   [5] size
;   [6] nothing
;   [7] label
;   [8] Child

main (main, arity 0)
0000  DEF_OBJECT       0, none  ; line 1: block 0 (object, `Base`)
0001  STORE            2  ; line 1: Base
0002  DEF_OBJECT       1, 2  ; line 5: extends Base: block 1 (object, `Child`)
0003  STORE            8  ; line 5: Child
0004  LOAD             8  ; line 10: Child
0005  LOAD_PROPERTY    5  ; line 10: size
0006  SAY                ; line 10

  main.blocks[0] (object, arity 0)
0000  PUSH_CONST       0  ; line 2: base
0001  DEF_FIELD        1  ; line 2: kind

  main.blocks[1] (object, arity 0)
0000  PUSH_CONST       3  ; line 6: 5
0001  PUSH_CONST       4  ; line 6: 2
0002  ADD                ; line 6
0003  DEF_FIELD        5  ; line 6: size
0004  PUSH_CONST       6  ; line 7: nothing
0005  DEF_FIELD        7  ; line 7: label
[0m
[0m← [0mEdit src/bytecode/disasm.rs
Index: /home/runner/work/rbops/rbops/redblue/src/bytecode/disasm.rs
===================================================================
--- /home/runner/work/rbops/rbops/redblue/src/bytecode/disasm.rs
+++ /home/runner/work/rbops/rbops/redblue/src/bytecode/disasm.rs
@@ -149,13 +149,13 @@
     clauses.push(named_constant(chunk, instruction.aux, "extends "));
 }
 
 if instruction.opcode.takes_block_index() {
-    clauses.push(named_block(block, instruction.arg, ""));
+    clauses.extend(named_block(block, instruction.arg, ""));
 }
 if instruction.opcode == Opcode::Try {
-    clauses.push(named_block(block, instruction.arg, "catch "));
-    clauses.push(named_block(block, instruction.aux, "finally "));
+    clauses.extend(named_block(block, instruction.arg, "catch "));
+    clauses.extend(named_block(block, instruction.aux, "finally "));
 }
 
 if matches!(instruction.opcode, Opcode::Jump | Opcode::JumpIfFalse) {
     let target = instruction.arg as usize;

[0m
[0m$ [0mcargo build 2>&1 | tail -20 && ./target/debug/rb compile target/tmp/ob.rb -o target/tmp/ob.rbc >/dev/null && ./target/debug/rb dis target/tmp/ob.rbc
[1m[92m   Compiling[0m redblue v0.1.0 (/home/runner/work/rbops/rbops/redblue)
[1m[92m    Finished[0m `dev` profile [unoptimized] target(s) in 1.24s
; redblue bytecode v2
; constants: 9
;   [0] base
;   [1] kind
;   [2] Base
;   [3] 5
;   [4] 2
;   [5] size
;   [6] nothing
;   [7] label
;   [8] Child

main (main, arity 0)
0000  DEF_OBJECT       0, none  ; line 1: block 0 (object, `Base`)
0001  STORE            2  ; line 1: Base
0002  DEF_OBJECT       1, 2  ; line 5: extends Base; block 1 (object, `Child`)
0003  STORE            8  ; line 5: Child
0004  LOAD             8  ; line 10: Child
0005  LOAD_PROPERTY    5  ; line 10: size
0006  SAY                ; line 10

  main.blocks[0] (object, arity 0)
0000  PUSH_CONST       0  ; line 2: base
0001  DEF_FIELD        1  ; line 2: kind

  main.blocks[1] (object, arity 0)
0000  PUSH_CONST       3  ; line 6: 5
0001  PUSH_CONST       4  ; line 6: 2
0002  ADD                ; line 6
0003  DEF_FIELD        5  ; line 6: size
0004  PUSH_CONST       6  ; line 7: nothing
0005  DEF_FIELD        7  ; line 7: label
[0m
[0m$ [0mcargo test --all-targets 2>&1 | tail -40
test every_jump_target_is_inside_its_own_block ... ok
test expressions_compile_to_the_documented_instruction_sequences ... ok
test functions_tests_and_methods_become_named_blocks ... FAILED
test imports_compile_to_an_import_per_item_bound_to_its_alias ... ok
test loops_and_branches_produce_jumps_inside_their_own_block ... ok
test every_example_compiles_and_encodes_deterministically ... ok
test edge_rb_compile_reports_a_bad_source_and_writes_nothing ... ok
test edge_rb_dis_refuses_a_source_file_and_a_missing_file ... ok
test rb_compile_without_an_output_flag_writes_beside_the_source ... ok
test try_compiles_to_a_handler_instruction_and_separate_blocks ... ok
test try_without_handlers_names_no_blocks ... ok
test rb_help_documents_the_two_new_subcommands ... ok
test rb_compile_writes_a_rbc_that_rb_dis_reads_back ... ok
test rb_compile_and_dis_cover_every_example_through_the_binary ... ok

failures:

---- functions_tests_and_methods_become_named_blocks stdout ----

thread 'functions_tests_and_methods_become_named_blocks' (19612) panicked at tests/bytecode_test.rs:575:5:
assertion `left == right` failed: an object body declares its fields and its methods
  left: ["PUSH_CONST", "DEF_FIELD", "DEF_METHOD"]
 right: ["DEF_FIELD", "DEF_METHOD"]
stack backtrace:
   0: __rustc::rust_begin_unwind
   1: core::panicking::panic_fmt
   2: core::panicking::assert_failed_inner
   3: core::panicking::assert_failed::<alloc::vec::Vec<&str>, alloc::vec::Vec<&str>>
   4: bytecode_test::functions_tests_and_methods_become_named_blocks
   5: bytecode_test::functions_tests_and_methods_become_named_blocks::{closure#0}
   6: <bytecode_test::functions_tests_and_methods_become_named_blocks::{closure#0} as core::ops::function::FnOnce<()>>::call_once
note: Some details are omitted, run with `RUST_BACKTRACE=full` for a verbose backtrace.


failures:
    functions_tests_and_methods_become_named_blocks

test result: FAILED. 37 passed; 1 failed; 0 ignored; 0 measured; 0 filtered out; finished in 0.03s

[1m[91merror[0m: test failed, to rerun pass `--test bytecode_test`
[0m
Now let me make the reserved-index guard testable by checking the declared count before it is used:
[0m→ [0mRead src/bytecode/format.rs[90m [offset=258, limit=50][0m
[0m
[0m← [0mEdit src/bytecode/format.rs
Index: /home/runner/work/rbops/rbops/redblue/src/bytecode/format.rs
===================================================================
--- /home/runner/work/rbops/rbops/redblue/src/bytecode/format.rs
+++ /home/runner/work/rbops/rbops/redblue/src/bytecode/format.rs
@@ -261,22 +261,25 @@
         Span::unknown(),
     ));
 }
 
-let constants = reader.count("constant", 1, |reader: &mut Reader| reader.constant())?;
-
-// `NO_CONST` is a reserved index, so a pool that reaches it would make
-// the operand ambiguous. Nothing this build writes can be that long —
-// it is refused here rather than left to a reader to work out.
-if constants.len() as u64 >= NO_CONST as u64 {
+// `NO_CONST` is a reserved index, so a pool that could reach it would make the
+// operand ambiguous. The declared count is checked before anything is
+// read or allocated, and a file claiming that many constants is refused
+// rather than read.
+let constant_count = reader.u32()?;
+if constant_count >= NO_CONST {
     return Err(Error::Parser(
         format!(
-            "a constant pool of {} constants reaches the reserved index {NO_CONST}",
-            constants.len()
+            "a file claims {constant_count} constants, which reaches the reserved index \
+             {NO_CONST} that means 'no constant'",
         ),
         Span::unknown(),
     ));
 }
+let constants = reader.count(constant_count, "constant", 1, |reader: &mut Reader| {
+    reader.constant()
+})?;
 
 let main = reader.block(0)?;
 
 if reader.pos != bytes.len() {

[0m
[0m← [0mEdit src/bytecode/format.rs
Index: /home/runner/work/rbops/rbops/redblue/src/bytecode/format.rs
===================================================================
--- /home/runner/work/rbops/rbops/redblue/src/bytecode/format.rs
+++ /home/runner/work/rbops/rbops/redblue/src/bytecode/format.rs
@@ -431,16 +431,18 @@
 
 /// Reads `count` entries, refusing a count the file cannot hold.
 ///
 /// `per_entry` is the smallest number of bytes one entry can occupy; a
-/// count above `remaining / per_entry` is malformed, not merely large.
+/// count above `remaining / per_entry` is malformed, not merely large. The
+/// count itself is read by the caller, which is what lets a caller bound it
+/// before this is reached.
 fn count<T>(
     &mut self,
+    count: u32,
     what: &str,
     per_entry: usize,
     mut read: impl FnMut(&mut Reader<'a>) -> Result<T>,
 ) -> Result<Vec<T>> {
-    let count = self.u32()?;
     if per_entry > 0 && count as usize > self.remaining() / per_entry {
         return Err(shortfall(&format!("{count} {what}s"), self.remaining()));
     }
 

[0m
[0m← [0mEdit src/bytecode/format.rs
Index: /home/runner/work/rbops/rbops/redblue/src/bytecode/format.rs
===================================================================
--- /home/runner/work/rbops/rbops/redblue/src/bytecode/format.rs
+++ /home/runner/work/rbops/rbops/redblue/src/bytecode/format.rs
@@ -504,12 +504,16 @@
 })?;
 
 let arity = self.u32()?;
 let name = self.string("block name")?;
-let code = self.count("instruction", INSTRUCTION_SIZE, |reader: &mut Reader| {
+let instruction_count = self.u32()?;
+let code = self.count(instruction_count, "instruction", INSTRUCTION_SIZE, |reader: &mut Reader| {
     reader.instruction()
 })?;
-let blocks = self.count("block", 1, |reader: &mut Reader| reader.block(depth + 1))?;
+let child_count = self.u32()?;
+let blocks = self.count(child_count, "block", 1, |reader: &mut Reader| {
+    reader.block(depth + 1)
+})?;
 
 Ok(Block {
     name,
     kind,

[0m
[0m$ [0mcargo build 2>&1 | tail -20
[1m[92m   Compiling[0m redblue v0.1.0 (/home/runner/work/rbops/rbops/redblue)
[1m[92m    Finished[0m `dev` profile [unoptimized] target(s) in 1.22s
[0m
[0m$ [0mcargo fmt --all && cargo test --all-targets 2>&1 | grep -E "^(test |failures|error|thread|  left|  right| *assertion|test result)" | head -60
test lexer::tests::test_hello_world ... ok
test lexer::tests::test_keywords ... ok
test lexer::tests::test_numbers ... ok
test parser::tests::test_parse_say ... ok
test parser::tests::test_parse_set ... ok
test vm::tests::edge_json_writes_a_number_that_is_not_finite_as_null ... ok
test result: ok. 6 passed; 0 failed; 0 ignored; 0 measured; 0 filtered out; finished in 0.00s
test result: ok. 0 passed; 0 failed; 0 ignored; 0 measured; 0 filtered out; finished in 0.00s
test compile_refuses_a_program_the_frontend_rejects ... ok
test calls_carry_their_name_and_arity_and_properties_carry_their_name ... ok
test compile_encode_decode_round_trips_losslessly ... ok
test disassembly_is_a_deterministic_function_of_the_bytes ... ok
test edge_a_jump_to_the_end_of_a_block_is_the_exit_not_an_out_of_range_target ... ok
test edge_a_single_statement_program_is_not_empty ... ok
test edge_a_program_nested_past_the_block_limit_is_refused ... ok
test edge_an_interpolated_text_becomes_build_text_over_its_parts ... ok
test edge_bad_magic_is_rejected ... ok
test edge_an_unassigned_byte_in_any_enum_is_rejected ... ok
test edge_declared_counts_larger_than_the_file_are_refused ... ok
test edge_empty_program_compiles_to_an_empty_main_block ... ok
test edge_duplicate_record_keys_and_missing_names_still_compile ... ok
test edge_deeply_nested_declarations_still_compile_within_a_bounded_block_tree ... ok
test edge_blocks_nested_past_the_limit_are_refused_when_decoding ... ok
test edge_non_utf8_string_constant_is_rejected ... ok
test edge_numeric_boundaries_survive_the_constant_pool ... ok
test edge_every_truncation_of_a_valid_file_is_rejected_without_panicking ... ok
test edge_the_disassembler_reports_an_out_of_range_operand_instead_of_panicking ... ok
test edge_the_same_name_is_one_constant_so_the_pool_is_canonical ... ok
test edge_trailing_bytes_after_the_last_block_are_refused ... ok
test edge_unknown_format_version_is_rejected ... ok
test edge_unicode_and_escapes_survive_the_constant_pool_byte_for_byte ... ok
test edge_unknown_opcode_byte_is_rejected ... ok
test every_jump_target_is_inside_its_own_block ... ok
test expressions_compile_to_the_documented_instruction_sequences ... ok
test every_example_compiles_and_encodes_deterministically ... ok
test edge_rb_compile_reports_a_bad_source_and_writes_nothing ... ok
test imports_compile_to_an_import_per_item_bound_to_its_alias ... ok
test loops_and_branches_produce_jumps_inside_their_own_block ... ok
test functions_tests_and_methods_become_named_blocks ... FAILED
test edge_rb_dis_refuses_a_source_file_and_a_missing_file ... ok
test rb_compile_without_an_output_flag_writes_beside_the_source ... ok
test try_compiles_to_a_handler_instruction_and_separate_blocks ... ok
test try_without_handlers_names_no_blocks ... ok
test rb_help_documents_the_two_new_subcommands ... ok
test rb_compile_writes_a_rbc_that_rb_dis_reads_back ... ok
test rb_compile_and_dis_cover_every_example_through_the_binary ... ok
failures:
thread 'functions_tests_and_methods_become_named_blocks' (20239) panicked at tests/bytecode_test.rs:575:5:
assertion `left == right` failed: an object body declares its fields and its methods
  left: ["PUSH_CONST", "DEF_FIELD", "DEF_METHOD"]
failures:
test result: FAILED. 37 passed; 1 failed; 0 ignored; 0 measured; 0 filtered out; finished in 0.03s
[0m
[0m← [0mEdit tests/bytecode_test.rs
Index: /home/runner/work/rbops/rbops/redblue/tests/bytecode_test.rs
===================================================================
--- /home/runner/work/rbops/rbops/redblue/tests/bytecode_test.rs
+++ /home/runner/work/rbops/rbops/redblue/tests/bytecode_test.rs
@@ -573,10 +573,13 @@
 assert_eq!(methods[0].name, "grow");
 assert_eq!(methods[0].arity, 1);
 assert_eq!(
     names(objects[0]),
-    vec!["DEF_FIELD", "DEF_METHOD"],
-    "an object body declares its fields and its methods"
+    // A `has` with no `default` initialises its field to `nothing`, and
+    // `DEF_FIELD` consumes that value — see
+    // `a_field_default_is_compiled_before_the_declaration_that_consumes_it`.
+    vec!["PUSH_CONST", "DEF_FIELD", "DEF_METHOD"],
+    "an object body initialises its fields and declares its methods"
 );
 
 let tests = blocks_of_kind(&chunk.main, BlockKind::Test);
 assert_eq!(tests.len(), 1);

[0m
Now the tests. First the object-body shape assertion:
[0m← [0mEdit tests/bytecode_test.rs
Index: /home/runner/work/rbops/rbops/redblue/tests/bytecode_test.rs
===================================================================
--- /home/runner/work/rbops/rbops/redblue/tests/bytecode_test.rs
+++ /home/runner/work/rbops/rbops/redblue/tests/bytecode_test.rs
@@ -408,40 +408,60 @@
         "the disassembly was consumed for the message"
     );
 }
 
+/// Every jump target is inside its own block *or* is that block's documented
+/// exit — the instruction count, one past the last instruction. Both forms are
+/// legal (`docs/BYTECODE.md` §"A jump target is…"); a target past the count is
+/// not, and neither is a jump into another block.
 #[test]
 fn every_jump_target_is_inside_its_own_block() {
-    let chunk = compile_source(
+    let sources = [
         "set total to 0\nrepeat 3 times\n    set total to total + 1\n    if total is 2 then\n        skip\n    end\nend\n",
-    )
-    .expect("program should compile");
+        // A loop and a bare `if` at the end of a block have no instruction
+        // after them, so their exit jumps land on the instruction count. These
+        // two programs are here so the `<=` below is not vacuously true: they
+        // make the exit form the only legal target those jumps can have.
+        "set i to 0\nwhile i is 1\n    say i\nend\n",
+        "set i to 0\nif i is 1 then\n    say i\nend\n",
+    ];
 
     let mut visited = 0usize;
     let mut backward = 0usize;
-    walk(&chunk.main, &mut |block| {
-        visited += 1;
-        for (index, instruction) in block.code.iter().enumerate() {
-            if matches!(instruction.opcode, Opcode::Jump | Opcode::JumpIfFalse) {
-                assert!(
-                    (instruction.arg as usize) < block.code.len(),
-                    "{:?} jumps to {} but block holds {} instructions",
-                    instruction.opcode.name(),
-                    instruction.arg,
-                    block.code.len()
-                );
-                let _ = index;
+    let mut exits = 0usize;
+    for source in sources {
+        let chunk =
+            compile_source(source).unwrap_or_else(|e| panic!("program should compile: {e}\n{source}"));
+        walk(&chunk.main, &mut |block| {
+            visited += 1;
+            for instruction in &block.code {
+                if matches!(instruction.opcode, Opcode::Jump | Opcode::JumpIfFalse) {
+                    assert!(
+                        (instruction.arg as usize) <= block.code.len(),
+                        "{:?} jumps to {} but block holds {} instructions",
+                        instruction.opcode.name(),
+                        instruction.arg,
+                        block.code.len()
+                    );
+                    if instruction.arg as usize == block.code.len() {
+                        exits += 1;
+                    }
+                }
+                if instruction.opcode == Opcode::Jump {
+                    backward += 1;
+                }
             }
-            if instruction.opcode == Opcode::Jump {
-                backward += 1;
-            }
-        }
-    });
-    assert!(visited >= 1, "the walk should have reached the main block");
+        });
+    }
+    assert!(visited >= 3, "the walk should have reached every block");
     assert_eq!(
-        backward, 1,
-        "`repeat` compiles to exactly one loop-back jump, got {backward}"
+        backward, 2,
+        "`repeat` and `while` each compile to one loop-back jump, got {backward}"
     );
+    assert_eq!(
+        exits, 2,
+        "the `while` and the `if` should each exit their block by jumping to the instruction count, got {exits}"
+    );
 }
 
 /// A loop or a bare `if` at the end of a block has no instruction after it to
 /// jump to, so its exit jump targets the block's instruction count. That is

[0m
Now finding 3 — the jump-invariant test:
[0m$ [0mcargo test --test bytecode_test every_jump_target 2>&1 | tail -20
[1m[92m   Compiling[0m redblue v0.1.0 (/home/runner/work/rbops/rbops/redblue)
[1m[92m    Finished[0m `test` profile [unoptimized] target(s) in 0.48s
[1m[92m     Running[0m tests/bytecode_test.rs (target/debug/deps/bytecode_test-ca82e4012b0cf37d)

running 1 test
test every_jump_target_is_inside_its_own_block ... ok

test result: ok. 1 passed; 0 failed; 0 ignored; 0 measured; 37 filtered out; finished in 0.00s
[0m
[0m← [0mEdit tests/bytecode_test.rs
Index: /home/runner/work/rbops/rbops/redblue/tests/bytecode_test.rs
===================================================================
--- /home/runner/work/rbops/rbops/redblue/tests/bytecode_test.rs
+++ /home/runner/work/rbops/rbops/redblue/tests/bytecode_test.rs
@@ -9,9 +9,9 @@
 use std::process::Command;
 
 use redblue::bytecode::{
     compile_source, disassemble, Block, BlockKind, Chunk, Constant, Instruction, Opcode,
-    FORMAT_VERSION, MAGIC,
+    FORMAT_VERSION, MAGIC, NO_BLOCK, NO_CONST,
 };
 
 fn project_root() -> PathBuf {
     PathBuf::from(env!("CARGO_MANIFEST_DIR"))

[0m
[0m← [0mEdit tests/bytecode_test.rs
Index: /home/runner/work/rbops/rbops/redblue/tests/bytecode_test.rs
===================================================================
--- /home/runner/work/rbops/rbops/redblue/tests/bytecode_test.rs
+++ /home/runner/work/rbops/rbops/redblue/tests/bytecode_test.rs
@@ -263,12 +263,16 @@
     let bytes = compile_source("say 1\n")
         .expect("program should compile")
         .encode();
 
-    // The constant count sits directly after magic and version. Claiming
-    // 4 billion constants must fail on the count, not by trying to allocate.
+    // The constant count sits directly after magic and version. Claiming far
+    // more constants than the file has bytes for must fail on the count, not by
+    // trying to allocate. The count is below the reserved index `NO_CONST`, so
+    // this is the bytes-left check; the reserved one is
+    // `edge_a_pool_that_reaches_the_reserved_index_is_refused`.
+    let too_many = 1_000_000u32;
     let mut lying = bytes.clone();
-    lying[6..10].copy_from_slice(&u32::MAX.to_le_bytes());
+    lying[6..10].copy_from_slice(&too_many.to_le_bytes());
 
     let error = Chunk::decode(&lying).expect_err("a count past the end of the file is malformed");
     assert!(
         error.message().contains("constant"),
@@ -285,8 +289,29 @@
         "the error should name the instruction count, got: {error}"
     );
 }
 
+/// `NO_CONST` is the operand that says "this instruction names no constant" —
+/// `DEF_OBJECT` writes it for an object that extends nothing. A file claiming a
+/// pool long enough to reach it would make the operand ambiguous, so it is
+/// refused from the declared count, before anything is read or allocated.
+#[test]
+fn edge_a_pool_that_reaches_the_reserved_constant_index_is_refused() {
+    let bytes = compile_source("say 1\n")
+        .expect("program should compile")
+        .encode();
+
+    let mut lying = bytes.clone();
+    lying[6..10].copy_from_slice(&NO_CONST.to_le_bytes());
+
+    let error = Chunk::decode(&lying).expect_err("a pool reaching the reserved index is refused");
+
+    assert!(
+        error.message().contains("reserved") && error.message().contains(&NO_CONST.to_string()),
+        "the refusal should name the reserved index, got: {error}"
+    );
+}
+
 // ---------------------------------------------------------------------------
 // Codegen
 // ---------------------------------------------------------------------------
 

[0m
[0m← [0mEdit tests/bytecode_test.rs
Index: /home/runner/work/rbops/rbops/redblue/tests/bytecode_test.rs
===================================================================
--- /home/runner/work/rbops/rbops/redblue/tests/bytecode_test.rs
+++ /home/runner/work/rbops/rbops/redblue/tests/bytecode_test.rs
@@ -630,9 +630,136 @@
     assert_eq!(tests.len(), 1);
     assert_eq!(tests[0].name, "thing grows");
 }
 
+/// `object Child extends Parent` has to put `Parent` in the file. A flag
+/// saying "this one extends something" is not enough: the parent chain is
+/// walked by name (`src/vm.rs`, `declare_object`), and a file that carries only
+/// the flag cannot be resolved by anything.
 #[test]
+fn an_extending_object_names_its_parent_in_the_constant_pool() {
+    let chunk = compile_source(
+        "object Base\n    has kind default \"base\"\nend\n\
+         object Child extends Base\n    has size default 1\nend\n",
+    )
+    .expect("program should compile");
+
+    let defs: Vec<&Instruction> = chunk
+        .main
+        .code
+        .iter()
+        .filter(|i| i.opcode == Opcode::DefObject)
+        .collect();
+    assert_eq!(defs.len(), 2, "each object declaration is one DEF_OBJECT");
+
+    assert_eq!(
+        defs[0].aux,
+        NO_CONST,
+        "an object that extends nothing writes the reserved index, not a 0"
+    );
+    assert_eq!(
+        chunk.constants[defs[1].aux as usize],
+        Constant::Text("Base".to_string()),
+        "an extending object names its parent through the constant pool, got {:?}",
+        chunk.constants
+    );
+    assert!(
+        (chunk.constants.len() as u64) < NO_CONST as u64,
+        "no pool this compiler writes can reach the reserved index"
+    );
+    assert_eq!(
+        chunk
+            .constants
+            .iter()
+            .filter(|c| **c == Constant::Text("Base".to_string()))
+            .count(),
+        1,
+        "`Base` is interned once, so the parent and the parent's own binding are \
+         the same constant: {:?}",
+        chunk.constants
+    );
+
+    let bytes = chunk.encode();
+    assert_eq!(
+        Chunk::decode(&bytes).expect("should round trip"),
+        chunk,
+        "the parent name must survive a round trip"
+    );
+
+    let text = disassemble(&chunk);
+    let lines: Vec<&str> = text.lines().filter(|l| l.contains("DEF_OBJECT")).collect();
+    assert_eq!(lines.len(), 2, "one line per declaration:\n{text}");
+    assert!(
+        lines[0].contains(", none"),
+        "an object that extends nothing should read `none`, not a reserved index:\n{text}"
+    );
+    assert!(
+        lines[1].contains("extends Base"),
+        "the disassembly should say which object is extended:\n{text}"
+    );
+}
+
+/// A field's `default` is any expression, so it is compiled: the value is
+/// pushed in front of the `DEF_FIELD` that consumes it. Dropping it, as an
+/// earlier build did, lost `has size default 5 + 2` entirely — the file said
+/// the field existed and nothing about what it was initialised to.
+#[test]
+fn a_field_default_is_compiled_before_the_declaration_that_consumes_it() {
+    let chunk = compile_source("object Thing\n    has size default 5 + 2\n    has label\nend\n")
+        .expect("program should compile");
+
+    let objects = blocks_of_kind(&chunk.main, BlockKind::Object);
+    assert_eq!(objects.len(), 1, "the object body is one block");
+    let body = objects[0];
+
+    assert_eq!(
+        names(body),
+        vec![
+            "PUSH_CONST",
+            "PUSH_CONST",
+            "ADD",
+            "DEF_FIELD", // size, defaulted to 5 + 2
+            "PUSH_CONST",
+            "DEF_FIELD", // label, with no default
+        ],
+        "a default is compiled in front of the declaration that consumes it"
+    );
+
+    assert_eq!(
+        chunk.constants[body.code[0].arg as usize],
+        Constant::Number(5.0),
+        "the default's own constants are in the pool: {:?}",
+        chunk.constants
+    );
+    assert_eq!(
+        chunk.constants[body.code[3].arg as usize],
+        Constant::Text("size".to_string()),
+        "DEF_FIELD names the field; its value came off the stack"
+    );
+    assert_eq!(
+        chunk.constants[body.code[4].arg as usize],
+        Constant::Nothing,
+        "a field with no `default` starts as nothing, which is what the VM gives it"
+    );
+    assert_eq!(
+        chunk.constants[body.code[5].arg as usize],
+        Constant::Text("label".to_string()),
+        "and the second field is named the same way"
+    );
+
+    let bytes = chunk.encode();
+    assert_eq!(
+        Chunk::decode(&bytes).expect("should round trip"),
+        chunk,
+        "a compiled default must survive a round trip"
+    );
+    assert!(
+        disassemble(&chunk).contains("ADD"),
+        "the default should be visible in the disassembly"
+    );
+}
+
+#[test]
 fn try_compiles_to_a_handler_instruction_and_separate_blocks() {
     let chunk =
         compile_source("try\n    say 1\ncatch problem\n    say problem\nfinally\n    say 2\nend\n")
             .expect("program should compile");

[0m
Now the two BLOCKER tests — `extends` and a field default:
[0m$ [0mcargo test --test bytecode_test 2>&1 | grep -E "^(test |failures|error|thread|  left|  right|test result)" | head -60
(no output)
[0m
[0m$ [0mcargo test --test bytecode_test 2>&1 | tail -40
[1m[92m   Compiling[0m redblue v0.1.0 (/home/runner/work/rbops/rbops/redblue)
[1m[91merror[0m[1m: unused import: `NO_BLOCK`[0m
  [1m[94m--> [0mtests/bytecode_test.rs:13:28
   [1m[94m|[0m
[1m[94m13[0m [1m[94m|[0m     FORMAT_VERSION, MAGIC, NO_BLOCK, NO_CONST,
   [1m[94m|[0m                            [1m[91m^^^^^^^^[0m
   [1m[94m|[0m
   [1m[94m= [0m[1mnote[0m: `-D unused-imports` implied by `-D warnings`
   [1m[94m= [0m[1mhelp[0m: to override `-D warnings` add `#[allow(unused_imports)]`

[1m[91merror[0m: could not compile `redblue` (test "bytecode_test") due to 1 previous error
[0m
[0m← [0mEdit tests/bytecode_test.rs
Index: /home/runner/work/rbops/rbops/redblue/tests/bytecode_test.rs
===================================================================
--- /home/runner/work/rbops/rbops/redblue/tests/bytecode_test.rs
+++ /home/runner/work/rbops/rbops/redblue/tests/bytecode_test.rs
@@ -1315,9 +1315,184 @@
         "the refusal should say how deep it got, got: {error}"
     );
 }
 
+/// A chain of empty blocks `depth` deep.
+///
+/// The compiler refuses to nest past `MAX_BLOCK_DEPTH` and so does the decoder,
+/// but `Block`'s fields are public: a caller can still build a deeper tree, and
+/// everything that walks one has to cope with it.
+fn deep_block_chain(depth: usize) -> Block {
+    let mut block = Block {
+        name: String::new(),
+        kind: BlockKind::Main,
+        arity: 0,
+        code: Vec::new(),
+        blocks: Vec::new(),
+    };
+    for level in 0..depth {
+        block = Block {
+            name: format!("level{level}"),
+            kind: BlockKind::Function,
+            arity: 0,
+            code: Vec::new(),
+            blocks: vec![block],
+        };
+    }
+    block
+}
+
+/// Three thousand levels: deeper than the compiler emits, and deeper than a
+/// stack holds one frame per level. The walk over the tree — `all_blocks`,
+/// `encode` and `disassemble` — keeps its pending blocks on the heap, so this
+/// finishes. The worker thread's stack is deliberately small: if any of the
+/// three recursed per nesting level, this test would abort the process rather
+/// than pass quietly.
 #[test]
+fn edge_a_tree_deeper_than_the_block_limit_still_renders_and_walks() {
+    let depth = 3_000usize;
+    let chunk = Chunk {
+        constants: Vec::new(),
+        main: deep_block_chain(depth),
+    };
+
+    let worker = std::thread::Builder::new()
+        .stack_size(128 * 1024)
+        .spawn(move || {
+            let blocks = chunk.all_blocks().len();
+            let bytes = chunk.encode().len();
+            let text = disassemble(&chunk);
+            (blocks, bytes, text)
+        })
+        .expect("a worker thread should start");
+
+    let (blocks, bytes, text) = worker
+        .join()
+        .expect("no walk over the tree may recurse per nesting level");
+
+    assert_eq!(
+        blocks,
+        depth + 1,
+        "every block should be reached exactly once, `main` included"
+    );
+    assert!(bytes > 0, "a tree past the limit still encodes");
+    assert!(
+        text.contains("main.blocks[0].blocks[0]"),
+        "the disassembly should name nested blocks:\n{text:.200}"
+    );
+    assert_eq!(
+        text.lines()
+            .filter(|line| line.contains("(function, arity 0)"))
+            .count(),
+        depth,
+        "every level should be rendered exactly once"
+    );
+}
+
+/// Every index `rb dis` prints is checked, and the operands that name blocks
+/// used to be the ones it did not check. A corrupt operand has to be reported
+/// where a reader looks rather than read as if it were sound.
+#[test]
+fn edge_the_disassembler_reports_a_block_index_out_of_range() {
+    let chunk = Chunk {
+        constants: vec![
+            Constant::Text("Parent".to_string()),
+            Constant::Text("g".to_string()),
+        ],
+        main: Block {
+            name: "main".to_string(),
+            kind: BlockKind::Main,
+            arity: 0,
+            code: vec![
+                // In range: block 0 is a block of this one.
+                Instruction {
+                    opcode: Opcode::DefFunction,
+                    arg: 0,
+                    aux: 0,
+                    line: 1,
+                },
+                // Past the end of a list that holds one block.
+                Instruction {
+                    opcode: Opcode::DefMethod,
+                    arg: 3,
+                    aux: 0,
+                    line: 2,
+                },
+                Instruction {
+                    opcode: Opcode::Test,
+                    arg: 7,
+                    aux: 0,
+                    line: 3,
+                },
+                // The parent names a real constant; the block is not there.
+                Instruction {
+                    opcode: Opcode::DefObject,
+                    arg: 9,
+                    aux: 0,
+                    line: 4,
+                },
+                // A parent index past the end of the pool.
+                Instruction {
+                    opcode: Opcode::DefObject,
+                    arg: 0,
+                    aux: 5,
+                    line: 5,
+                },
+                // A catch block that is not there, and a finally that is
+                // legitimately absent.
+                Instruction {
+                    opcode: Opcode::Try,
+                    arg: 4,
+                    aux: NO_BLOCK,
+                    line: 6,
+                },
+            ],
+            blocks: vec![Block {
+                name: "f".to_string(),
+                kind: BlockKind::Function,
+                arity: 0,
+                code: Vec::new(),
+                blocks: Vec::new(),
+            }],
+        },
+    };
+
+    let text = disassemble(&chunk);
+
+    assert!(
+        text.contains("block 0 (function, `f`)"),
+        "a block index that is in range should be named:\n{text}"
+    );
+    assert!(
+        text.contains("extends Parent"),
+        "an object with a parent in range should say so:\n{text}"
+    );
+    for past in ["block 3", "block 7", "block 9", "catch block 4"] {
+        assert!(
+            text.contains(&format!("{past} is out of range")),
+            "{past} is past this block's one block and should be reported:\n{text}"
+        );
+    }
+    assert!(
+        text.contains("constant 5 is out of range"),
+        "a parent index past the pool should be reported:\n{text}"
+    );
+    assert!(
+        !text.contains("finally block"),
+        "NO_BLOCK is a legal operand, not an out-of-range one:\n{text}"
+    );
+
+    // The operands are not the decoder's business: the file is structurally
+    // sound, so it decodes, and the report is still there afterwards.
+    let decoded = Chunk::decode(&chunk.encode()).expect("this file is well formed");
+    assert_eq!(
+        disassemble(&decoded),
+        text,
+        "the report must survive a round trip"
+    );
+}
+
+#[test]
 fn edge_an_unassigned_byte_in_any_enum_is_rejected() {
     // The three tagged bytes a decoder can meet: the block kind, a constant
     // tag and a yes/no value. The offsets are counted from the header: 4 for
     // the magic, 2 for the version, 4 for the constant count, then the pool.

[0m
[0m$ [0mcargo test --test bytecode_test 2>&1 | tail -40
test edge_a_program_nested_past_the_block_limit_is_refused ... ok
test edge_an_interpolated_text_becomes_build_text_over_its_parts ... ok
test edge_an_unassigned_byte_in_any_enum_is_rejected ... ok
test edge_bad_magic_is_rejected ... ok
test edge_declared_counts_larger_than_the_file_are_refused ... ok
test edge_blocks_nested_past_the_limit_are_refused_when_decoding ... ok
test edge_duplicate_record_keys_and_missing_names_still_compile ... ok
test edge_deeply_nested_declarations_still_compile_within_a_bounded_block_tree ... ok
test edge_empty_program_compiles_to_an_empty_main_block ... ok
test edge_non_utf8_string_constant_is_rejected ... ok
test edge_numeric_boundaries_survive_the_constant_pool ... ok
test edge_every_truncation_of_a_valid_file_is_rejected_without_panicking ... ok
test edge_the_disassembler_reports_a_block_index_out_of_range ... ok
test edge_the_disassembler_reports_an_out_of_range_operand_instead_of_panicking ... ok
test edge_the_same_name_is_one_constant_so_the_pool_is_canonical ... ok
test edge_trailing_bytes_after_the_last_block_are_refused ... ok
test edge_unicode_and_escapes_survive_the_constant_pool_byte_for_byte ... ok
test edge_unknown_format_version_is_rejected ... ok
test edge_unknown_opcode_byte_is_rejected ... ok
test edge_rb_compile_reports_a_bad_source_and_writes_nothing ... ok
test every_jump_target_is_inside_its_own_block ... ok
test expressions_compile_to_the_documented_instruction_sequences ... ok
test functions_tests_and_methods_become_named_blocks ... ok
test imports_compile_to_an_import_per_item_bound_to_its_alias ... ok
test loops_and_branches_produce_jumps_inside_their_own_block ... ok
test every_example_compiles_and_encodes_deterministically ... ok
test edge_rb_dis_refuses_a_source_file_and_a_missing_file ... ok
test rb_compile_without_an_output_flag_writes_beside_the_source ... ok
test rb_help_documents_the_two_new_subcommands ... ok
test try_compiles_to_a_handler_instruction_and_separate_blocks ... ok
test try_without_handlers_names_no_blocks ... ok
test rb_compile_writes_a_rbc_that_rb_dis_reads_back ... ok
test rb_compile_and_dis_cover_every_example_through_the_binary ... ok

thread '<unknown>' (20590) has overflowed its stack
fatal runtime error: stack overflow, aborting
[1m[91merror[0m: test failed, to rerun pass `--test bytecode_test`

Caused by:
  process didn't exit successfully: `/home/runner/work/rbops/rbops/redblue/target/debug/deps/bytecode_test-ca82e4012b0cf37d` (signal: 6, SIGABRT: process abort signal)
[0m
[0m← [0mEdit src/bytecode/format.rs
Index: /home/runner/work/rbops/rbops/redblue/src/bytecode/format.rs
===================================================================
--- /home/runner/work/rbops/rbops/redblue/src/bytecode/format.rs
+++ /home/runner/work/rbops/rbops/redblue/src/bytecode/format.rs
@@ -197,8 +197,24 @@
     /// The program's own instructions.
     pub main: Block,
 }
 
+/// Dropping a nested `Vec<Block>` would put one frame of drop glue on the stack
+/// per level of nesting, so a tree deeper than the compiler emits — the public
+/// fields let a caller build one — could abort the process in a destructor
+/// rather than in a walk. The children are taken out and dropped here one at a
+/// time, so the depth costs heap instead of stack.
+impl Drop for Block {
+    fn drop(&mut self) {
+        let mut pending = std::mem::take(&mut self.blocks);
+        while let Some(mut block) = pending.pop() {
+            // Moved out before the block is dropped, so the drop below finds no
+            // children and this implementation does not recurse.
+            pending.append(&mut block.blocks);
+        }
+    }
+}
+
 impl Chunk {
     /// Compiles Redblue source to bytecode.
     ///
     /// Runs the whole frontend first, so a program that does not lex, parse or

[0m
The abort is recursive *drop* glue, not the walks. Let me make the whole type stack-safe:
[0m$ [0mcargo build 2>&1 | tail -20
[1m[92m   Compiling[0m redblue v0.1.0 (/home/runner/work/rbops/rbops/redblue)
[1m[92m    Finished[0m `dev` profile [unoptimized] target(s) in 1.23s
[0m
[0m$ [0mcargo test --test bytecode_test 2>&1 | tail -15
test every_jump_target_is_inside_its_own_block ... ok
test imports_compile_to_an_import_per_item_bound_to_its_alias ... ok
test functions_tests_and_methods_become_named_blocks ... ok
test loops_and_branches_produce_jumps_inside_their_own_block ... ok
test edge_rb_dis_refuses_a_source_file_and_a_missing_file ... ok
test rb_compile_without_an_output_flag_writes_beside_the_source ... ok
test rb_help_documents_the_two_new_subcommands ... ok
test try_compiles_to_a_handler_instruction_and_separate_blocks ... ok
test try_without_handlers_names_no_blocks ... ok
test rb_compile_writes_a_rbc_that_rb_dis_reads_back ... ok
test rb_compile_and_dis_cover_every_example_through_the_binary ... ok
test edge_a_tree_deeper_than_the_block_limit_still_renders_and_walks ... ok

test result: ok. 43 passed; 0 failed; 0 ignored; 0 measured; 0 filtered out; finished in 0.26s
[0m
Now let me prove the new test is not a fake pass — reverting each fix in turn must break it:
[0m$ [0mmkdir -p /tmp/opencode/bak && cp src/bytecode/disasm.rs src/bytecode/format.rs /tmp/opencode/bak/ && ls /tmp/opencode/bak
disasm.rs
format.rs
[0m
[0m$ [0mcd /home/runner/work/rbops/rbops/redblue && python3 - <<'PY'
import re
p='src/bytecode/format.rs'
s=open(p).read()
# revert all_blocks to recursive
s = s.replace("""        let mut all = Vec::new();
        let mut pending = vec![&self.main];
        while let Some(block) = pending.pop() {
            all.push(block);
            pending.extend(block.blocks.iter().rev());
        }
        all""", """        let mut all = Vec::new();
        self.main.collect(&mut all);
        all
    }
}

impl Block {
    fn collect<'a>(&'a self, all: &mut Vec<&'a Block>) {
        all.push(self);
        for child in &self.blocks {
            child.collect(all);
        }""")
open(p,'w').write(s)
PY
cargo test --test bytecode_test edge_a_tree_deeper 2>&1 | tail -6
thread '<unknown>' (20950) has overflowed its stack
fatal runtime error: stack overflow, aborting
[1m[91merror[0m: test failed, to rerun pass `--test bytecode_test`

Caused by:
  process didn't exit successfully: `/home/runner/work/rbops/rbops/redblue/target/debug/deps/bytecode_test-ca82e4012b0cf37d edge_a_tree_deeper` (signal: 6, SIGABRT: process abort signal)
[0m
[0m$ [0mcd /home/runner/work/rbops/rbops/redblue && cp /tmp/opencode/bak/format.rs src/bytecode/format.rs && python3 - <<'PY'
p='src/bytecode/format.rs'
s=open(p).read()
s = s.replace("""fn write_block_tree(out: &mut Vec<u8>, main: &Block) {
    let mut pending = vec![main];
    while let Some(block) = pending.pop() {""", """fn write_block_tree(out: &mut Vec<u8>, main: &Block) {
    let mut pending = vec![main];
    while let Some(block) = pending.pop() {
        write_block_rec(out, block);
        continue;
        #[allow(unreachable_code)]
        {""")
s = s.replace("""        pending.extend(block.blocks.iter().rev());
    }
}""", """        pending.extend(block.blocks.iter().rev());
        }
    }
}

fn write_block_rec(out: &mut Vec<u8>, block: &Block) {
    out.push(block.kind as u8);
    write_u32(out, block.arity);
    write_string(out, &block.name);
    write_u32(out, block.code.len() as u32);
    for instruction in &block.code {
        out.push(instruction.opcode.to_byte());
        write_u32(out, instruction.arg);
        write_u32(out, instruction.aux);
        write_u32(out, instruction.line);
    }
    write_u32(out, block.blocks.len() as u32);
    for child in &block.blocks {
        write_block_rec(out, child);
    }
}""")
open(p,'w').write(s)
PY
cargo test --test bytecode_test edge_a_tree_deeper 2>&1 | tail -6
thread '<unknown>' (21055) has overflowed its stack
fatal runtime error: stack overflow, aborting
[1m[91merror[0m: test failed, to rerun pass `--test bytecode_test`

Caused by:
  process didn't exit successfully: `/home/runner/work/rbops/rbops/redblue/target/debug/deps/bytecode_test-ca82e4012b0cf37d edge_a_tree_deeper` (signal: 6, SIGABRT: process abort signal)
[0m
[0m$ [0mcd /home/runner/work/rbops/rbops/redblue && cp /tmp/opencode/bak/format.rs src/bytecode/format.rs && python3 - <<'PY'
p='src/bytecode/format.rs'
s=open(p).read()
s = s.replace("""impl Drop for Block {
    fn drop(&mut self) {
        let mut pending = std::mem::take(&mut self.blocks);
        while let Some(mut block) = pending.pop() {
            // Moved out before the block is dropped, so the drop below finds no
            // children and this implementation does not recurse.
            pending.append(&mut block.blocks);
        }
    }
}""", """impl Drop for Block {
    fn drop(&mut self) {
        if false {
            let mut pending = std::mem::take(&mut self.blocks);
            while let Some(mut block) = pending.pop() {
                pending.append(&mut block.blocks);
            }
        }
    }
}""")
open(p,'w').write(s)
PY
cargo test --test bytecode_test edge_a_tree_deeper 2>&1 | tail -6
thread '<unknown>' (21158) has overflowed its stack
fatal runtime error: stack overflow, aborting
[1m[91merror[0m: test failed, to rerun pass `--test bytecode_test`

Caused by:
  process didn't exit successfully: `/home/runner/work/rbops/rbops/redblue/target/debug/deps/bytecode_test-ca82e4012b0cf37d edge_a_tree_deeper` (signal: 6, SIGABRT: process abort signal)
[0m
[0m$ [0mcd /home/runner/work/rbops/rbops/redblue && cp /tmp/opencode/bak/format.rs src/bytecode/format.rs && python3 - <<'PY'
p='src/bytecode/disasm.rs'
s=open(p).read()
s = s.replace("""    while let Some(item) = pending.pop() {""", """    render_one(out, chunk, main);
    while let Some(item) = pending.pop() {
        if true { continue; }
        #[allow(unreachable_code)] {""")
s = s.replace("""            pending.push(Pending {
                block: child,
                path: format!("{path}.blocks[{index}]"),
                depth: depth + 1,
                blank_before: true,
            });
        }
    }
}""", """            pending.push(Pending {
                block: child,
                path: format!("{path}.blocks[{index}]"),
                depth: depth + 1,
                blank_before: true,
            });
        }
        }
    }
}

fn render_one(out: &mut String, chunk: &Chunk, block: &Block) {
    let mut path = String::from("main");
    let mut depth = 0usize;
    loop {
        if depth > 0 {
            out.push('\\n');
        }
        for _ in 0..depth {
            out.push_str("  ");
        }
        let _ = writeln!(out, "{path} ({}, arity {})", block.kind.name(), block.arity);
        for (offset, instruction) in block.code.iter().enumerate() {
            out.push_str(&render_instruction(chunk, block, offset, instruction));
        }
        match block.blocks.first() {
            Some(child) => {
                path = format!("{path}.blocks[0]");
                block = child;
                depth += 1;
            }
            None => break,
        }
    }
}""")
open(p,'w').write(s)
PY
cargo test --test bytecode_test edge_a_tree_deeper 2>&1 | tail -6
[1m[94m|[0m
[1m[94m104[0m [1m[94m| [0mfn render_one(out: &mut String, chunk: &Chunk, [92mmut [0mblock: &Block) {
    [1m[94m|[0m                                                [92m+++[0m

[1mFor more information about this error, try `rustc --explain E0384`.[0m
[1m[91merror[0m: could not compile `redblue` (lib) due to 1 previous error
[0m
[0m$ [0mcd /home/runner/work/rbops/rbops/redblue && python3 - <<'PY'
p='src/bytecode/disasm.rs'
s=open(p).read()
s = s.replace("fn render_one(out: &mut String, chunk: &Chunk, mut block: &Block) {","fn render_one(out: &mut String, chunk: &Chunk, start: &Block) {\n    let mut block = start;")
open(p,'w').write(s)
PY
cargo test --test bytecode_test edge_a_tree_deeper 2>&1 | tail -6
[1m[94m|[0m
[1m[94m104[0m [1m[94m| [0mfn render_one(out: &mut String, chunk: &Chunk, [92mmut [0mblock: &Block) {
    [1m[94m|[0m                                                [92m+++[0m

[1mFor more information about this error, try `rustc --explain E0384`.[0m
[1m[91merror[0m: could not compile `redblue` (lib) due to 1 previous error
[0m
[0m$ [0mcd /home/runner/work/rbops/rbops/redblue && python3 - <<'PY'
p='src/bytecode/disasm.rs'
s=open(p).read()
s = s.replace("""fn render_one(out: &mut String, chunk: &Chunk, block: &Block) {
    let mut path = String::from("main");""","""fn render_one(out: &mut String, chunk: &Chunk, start: &Block) {
    let mut block = start;
    let mut path = String::from("main");""")
open(p,'w').write(s)
PY
cargo test --test bytecode_test edge_a_tree_deeper 2>&1 | tail -6
running 1 test
test edge_a_tree_deeper_than_the_block_limit_still_renders_and_walks ... ok

test result: ok. 1 passed; 0 failed; 0 ignored; 0 measured; 42 filtered out; finished in 0.25s
[0m
[0m$ [0mcd /home/runner/work/rbops/rbops/redblue && cp /tmp/opencode/bak/disasm.rs src/bytecode/disasm.rs && python3 - <<'PY'
p='src/bytecode/disasm.rs'
s=open(p).read()
s = s.replace("""    while let Some(item) = pending.pop() {""", """    render_one(out, chunk, main);
    while let Some(item) = pending.pop() {
        if true { continue; }
        #[allow(unreachable_code)] {""")
s = s.replace("""            pending.push(Pending {
                block: child,
                path: format!("{path}.blocks[{index}]"),
                depth: depth + 1,
                blank_before: true,
            });
        }
    }
}""", """            pending.push(Pending {
                block: child,
                path: format!("{path}.blocks[{index}]"),
                depth: depth + 1,
                blank_before: true,
            });
        }
        }
    }
}

fn render_one(out: &mut String, chunk: &Chunk, block: &Block) {
    let path = String::from("main");
    let mut depth = 0usize;
    for _ in 0..depth {
        out.push_str("  ");
    }
    let _ = writeln!(out, "{path} ({}, arity {})", block.kind.name(), block.arity);
    for (offset, instruction) in block.code.iter().enumerate() {
        out.push_str(&render_instruction(chunk, block, offset, instruction));
    }
    for (index, child) in block.blocks.iter().enumerate() {
        out.push('\\n');
        render_one_nested(out, chunk, child, index, depth + 1);
    }
}

fn render_one_nested(out: &mut String, chunk: &Chunk, block: &Block, index: usize, depth: usize) {
    let path = format!("main.blocks[{index}]");
    for _ in 0..depth {
        out.push_str("  ");
    }
    let _ = writeln!(out, "{path} ({}, arity {})", block.kind.name(), block.arity);
    for (offset, instruction) in block.code.iter().enumerate() {
        out.push_str(&render_instruction(chunk, block, offset, instruction));
    }
    for (index, child) in block.blocks.iter().enumerate() {
        out.push('\\n');
        render_one_nested(out, chunk, child, index, depth + 1);
    }
}""")
open(p,'w').write(s)
PY
cargo test --test bytecode_test edge_a_tree_deeper 2>&1 | tail -6
[1m[94m|[0m         [1m[94mhelp: remove this `mut`[0m
    [1m[94m|[0m
    [1m[94m= [0m[1mnote[0m: `-D unused-mut` implied by `-D warnings`
    [1m[94m= [0m[1mhelp[0m: to override `-D warnings` add `#[allow(unused_mut)]`

[1m[91merror[0m: could not compile `redblue` (lib) due to 1 previous error
[0m
[0m$ [0mcd /home/runner/work/rbops/rbops/redblue && python3 - <<'PY'
p='src/bytecode/disasm.rs'
s=open(p).read()
s = s.replace("""    let path = String::from("main");
    let mut depth = 0usize;
    for _ in 0..depth {""","""    let path = String::from("main");
    let depth = 0usize;
    for _ in 0..depth {""")
open(p,'w').write(s)
PY
cargo test --test bytecode_test edge_a_tree_deeper 2>&1 | tail -6
thread '<unknown>' (21460) has overflowed its stack
fatal runtime error: stack overflow, aborting
[1m[91merror[0m: test failed, to rerun pass `--test bytecode_test`

Caused by:
  process didn't exit successfully: `/home/runner/work/rbops/rbops/redblue/target/debug/deps/bytecode_test-ca82e4012b0cf37d edge_a_tree_deeper` (signal: 6, SIGABRT: process abort signal)
[0m
[0m$ [0mcd /home/runner/work/rbops/rbops/redblue && cp /tmp/opencode/bak/disasm.rs src/bytecode/disasm.rs && cp /tmp/opencode/bak/format.rs src/bytecode/format.rs && git diff --stat && cargo test --test bytecode_test 2>&1 | tail -3
docs/BYTECODE.md             |  12 +-
 phases/phase-018/FINDINGS.md |  10 +-
 phases/phase-018/REPORT.md   | 187 ++++++++++++++++
 src/bytecode/codegen.rs      |  26 ++-
 src/bytecode/disasm.rs       | 217 ++++++++++++------
 src/bytecode/format.rs       | 135 ++++++++---
 src/bytecode/mod.rs          |   2 +-
 src/bytecode/opcode.rs       |  24 +-
 tests/bytecode_test.rs       | 517 ++++++++++++++++++++++++++++++++++++++++---
 9 files changed, 993 insertions(+), 137 deletions(-)

test result: ok. 43 passed; 0 failed; 0 ignored; 0 measured; 0 filtered out; finished in 0.26s
[0m
[0m$ [0mcd /home/runner/work/rbops/rbops/redblue && grep -n "while let Some(item)\|fn render_blocks\|pending.pop()\|impl Drop for Block\|fn write_block_tree\|fn write_block_rec\|fn collect" src/bytecode/disasm.rs src/bytecode/format.rs
src/bytecode/disasm.rs:61:fn render_blocks(out: &mut String, chunk: &Chunk, main: &Block) {
src/bytecode/disasm.rs:69:    while let Some(item) = pending.pop() {
src/bytecode/format.rs:206:impl Drop for Block {
src/bytecode/format.rs:209:        while let Some(mut block) = pending.pop() {
src/bytecode/format.rs:328:        while let Some(block) = pending.pop() {
src/bytecode/format.rs:379:fn write_block_tree(out: &mut Vec<u8>, main: &Block) {
src/bytecode/format.rs:381:    while let Some(block) = pending.pop() {
[0m
[0m← [0mEdit docs/BYTECODE.md
Index: /home/runner/work/rbops/rbops/redblue/docs/BYTECODE.md
===================================================================
--- /home/runner/work/rbops/rbops/redblue/docs/BYTECODE.md
+++ /home/runner/work/rbops/rbops/redblue/docs/BYTECODE.md
@@ -1,7 +1,7 @@
 # The Redblue bytecode format (`.rbc`)
 
-**Format version: 1.** This document is the normative description of the file
+**Format version: 2.** This document is the normative description of the file
 `rb compile` writes and `rb dis` reads. The encoder and decoder that implement
 it are `src/bytecode/format.rs`; the instruction set is
 `src/bytecode/opcode.rs`.
 

[0m
Restore is clean. Now the specification — `docs/BYTECODE.md` must describe version 2:
[0m← [0mEdit docs/BYTECODE.md
Index: /home/runner/work/rbops/rbops/redblue/docs/BYTECODE.md
===================================================================
--- /home/runner/work/rbops/rbops/redblue/docs/BYTECODE.md
+++ /home/runner/work/rbops/rbops/redblue/docs/BYTECODE.md
@@ -52,11 +52,24 @@
 `not a Redblue bytecode file`.
 
 ### Format version
 
-A `u16`. This build reads and writes `1`. Any other value is refused with
-`unknown bytecode format version <n>: this build reads version 1`.
+A `u16`. This build reads and writes `2`. Any other value is refused with
+`unknown bytecode format version <n>: this build reads version 2`.
 
+#### What each version changed
+
+Only operands and one rule changed, not the layout or any byte value.
+
+| Version | Change |
+|---|---|
+| 1 | The original format. |
+| 2 | `DEF_OBJECT`'s secondary operand became the constant index of the object it extends — `NO_CONST` when it extends nothing — where version 1 wrote a flag that discarded the parent's name. `DEF_FIELD` became the consumer of the value pushed immediately before it, so a field's `default` is compiled instead of dropped. The decoder refuses a constant pool that reaches the reserved index `NO_CONST`. |
+
+A version-1 file is refused rather than half-read: the same bytes would mean
+two different things, and rule 2 above is what makes that a new version rather
+than an edit.
+
 ### Constant pool
 
 The pool is **one per file**, shared by every block, so a name used inside a
 function body is the same entry as the same name used outside it.

[0m
[0m✗ [0mEdit docs/BYTECODE.md failed
[91m[1mError: [0mThe edit tool was called with invalid arguments: SchemaError(Missing key
  at ["newString"]).
Please rewrite the input so it satisfies the expected schema.
[0m
[0m← [0mEdit docs/BYTECODE.md
Index: /home/runner/work/rbops/rbops/redblue/docs/BYTECODE.md
===================================================================
--- /home/runner/work/rbops/rbops/redblue/docs/BYTECODE.md
+++ /home/runner/work/rbops/rbops/redblue/docs/BYTECODE.md
@@ -88,8 +88,12 @@
 
 Text entries are interned by the compiler: a name used a hundred times is one
 entry. Number and `yes`/`no` entries are not interned.
 
+The index `NO_CONST` (`0xFFFFFFFF`) is reserved: it is the operand that says
+"this instruction names no constant", and a file whose declared count would make
+it a real index is refused, so the operand is never ambiguous.
+
 ### Blocks
 
 A block is one `to … end`, one `object … end`, one `test "…" … end`, one
 handler of a `try`, or the program's own `main`. It is the unit a jump target

[0m
[0m→ [0mRead docs/BYTECODE.md[90m [limit=30, offset=108][0m
[0m
[0m← [0mEdit docs/BYTECODE.md
Index: /home/runner/work/rbops/rbops/redblue/docs/BYTECODE.md
===================================================================
--- /home/runner/work/rbops/rbops/redblue/docs/BYTECODE.md
+++ /home/runner/work/rbops/rbops/redblue/docs/BYTECODE.md
@@ -129,8 +129,16 @@
 
 Blocks nest at most `MAX_BLOCK_DEPTH` (64) deep, the same budget the parser
 enforces on `to … end` nesting. A file that nests deeper is refused.
 
+The limit bounds what a *file* may hold, not what the in-memory tree may be:
+`Chunk`'s fields are public, so a caller can build a deeper tree than the
+compiler emits. Every walk over one — `Chunk::encode`, `Chunk::all_blocks` and
+`rb dis` — keeps its pending blocks on the heap, and dropping a `Block` does
+the same, so a tree of any depth is encoded, printed and freed rather than
+overflowing the stack. A tree past the limit is simply a file this build's
+decoder refuses.
+
 ### Instructions
 
 Every instruction is exactly **13 bytes**.
 

[0m
[0m← [0mEdit docs/BYTECODE.md
Index: /home/runner/work/rbops/rbops/redblue/docs/BYTECODE.md
===================================================================
--- /home/runner/work/rbops/rbops/redblue/docs/BYTECODE.md
+++ /home/runner/work/rbops/rbops/redblue/docs/BYTECODE.md
@@ -204,10 +204,10 @@
 | 36 | `GET_ITER` | — | — | turns the top into an iterator |
 | 37 | `GET_RANGE` | — | operand count | builds a range: 1 count, or 2 bounds, or 2 bounds and a step |
 | 38 | `DEF_FUNCTION` | block index | parameter count | binds a closure whose body is that block |
 | 39 | `DEF_METHOD` | block index | parameter count | adds a method to the object being defined |
-| 40 | `DEF_OBJECT` | block index | 1 when it extends another | starts an object body; the block holds its fields and methods |
-| 41 | `DEF_FIELD` | field name index | — | declares a field on the object being defined |
+| 40 | `DEF_OBJECT` | block index | parent name index, or `NO_CONST` | starts an object body; the block holds its fields and methods |
+| 41 | `DEF_FIELD` | field name index | — | pops the field's initial value and declares it on the object being defined |
 | 42 | `TRY` | catch block index, or `NO_BLOCK` | finally block index, or `NO_BLOCK` | runs what follows with those handlers in place |
 | 43 | `IMPORT` | module name index | — | imports a module |
 | 44 | `TEST` | block index | — | runs the test body |
 | 45 | `EXPECT` | — | — | pops the expected and the actual value and compares them |

[0m
[0m→ [0mRead docs/BYTECODE.md[90m [limit=50, offset=195][0m
[0m
[0m← [0mEdit docs/BYTECODE.md
Index: /home/runner/work/rbops/rbops/redblue/docs/BYTECODE.md
===================================================================
--- /home/runner/work/rbops/rbops/redblue/docs/BYTECODE.md
+++ /home/runner/work/rbops/rbops/redblue/docs/BYTECODE.md
@@ -215,8 +215,13 @@
 `NO_BLOCK` is `0xFFFFFFFF`, the operand that says "this handler is not there".
 A `try` with no `catch` and no `finally` writes it in both fields and creates
 no blocks.
 
+`NO_CONST` is `0xFFFFFFFF` too, and says "this instruction names no constant":
+`DEF_OBJECT` writes it for an object that extends nothing. The two reserved
+values are never compared against each other — `NO_BLOCK` appears only in a
+block-index operand and `NO_CONST` only in a constant-index one.
+
 An opcode byte this table does not assign is refused with
 `unknown opcode byte <n>`.
 
 ### Stack discipline
@@ -224,8 +229,13 @@
 A block is entered with an empty stack. An expression leaves its value on top,
 and a statement leaves nothing behind — `STORE`, `SET_PROPERTY`, `POP`, `SAY`
 and `PRINT` all consume what their statement produced.
 
+`DEF_FIELD` is a statement that consumes one: the code in front of it pushes
+the field's initial value, which is what makes a field's `default` able to be
+any expression rather than only a literal. A `has` with no `default` pushes
+`nothing` first, which is the value the tree-walking VM gives such a field.
+
 Two things are held across a stretch of instructions rather than consumed at
 once:
 
 - A loop holds its iterator (`for each`) or its range (`for each … from`, or

[0m
[0m→ [0mRead docs/BYTECODE.md[90m [limit=100, offset=253][0m
[0m
[0m← [0mEdit docs/BYTECODE.md
Index: /home/runner/work/rbops/rbops/redblue/docs/BYTECODE.md
===================================================================
--- /home/runner/work/rbops/rbops/redblue/docs/BYTECODE.md
+++ /home/runner/work/rbops/rbops/redblue/docs/BYTECODE.md
@@ -284,10 +284,18 @@
 `to f(a)` compiles `DEF_FUNCTION` naming a function block, then `STORE f`.
 `object Name … end` compiles `DEF_OBJECT` naming an object block, then
 `STORE Name`; the object body holds `DEF_FIELD` for each `has` and
 `DEF_METHOD` for each `to can`, and each method is a block of the object body.
-`test "name"` compiles `TEST` naming a test block.
+`object Child extends Parent … end` is the same shape with the parent's name
+in `DEF_OBJECT`'s secondary operand, interned like any other name, so the file
+says *which* object is extended rather than only that one is. `test "name"`
+compiles `TEST` naming a test block.
 
+`has f default e` compiles `e` and then `DEF_FIELD f`, which pops the value the
+expression produced; `has f` compiles a push of `nothing` and then `DEF_FIELD f`.
+Either way the object body reads as one initialisation per field, in source
+order.
+
 `try … end` compiles `TRY` naming a catch block and a finally block, then the
 protected statements inline. The handlers are separate blocks so the protected
 code stays a straight run of instructions with no jump patching.
 

[0m
[0m← [0mEdit docs/BYTECODE.md
Index: /home/runner/work/rbops/rbops/redblue/docs/BYTECODE.md
===================================================================
--- /home/runner/work/rbops/rbops/redblue/docs/BYTECODE.md
+++ /home/runner/work/rbops/rbops/redblue/docs/BYTECODE.md
@@ -307,20 +307,30 @@
 - a version it does not know
 - a file that ends in the middle of any field
 - a count — constants, instructions, blocks, a string length — larger than the
   bytes actually left, **checked before anything is allocated**
+- a constant count that reaches the reserved index `NO_CONST`, checked from the
+  declared count before any entry is read
 - a constant tag, `yes`/`no` byte or block kind this build does not assign
 - a string that is not valid UTF-8
 - a block nested deeper than `MAX_BLOCK_DEPTH`
 - any bytes after the last block
 
 Every one of these is an `Error::Parser` with `Span::unknown()` and a message
 naming what was wrong.
 
+An *operand* is a different matter. The decoder reads records; it does not
+interpret what they address, so a file whose constant index, block index, parent
+name or jump target is out of range is structurally sound and is decoded. Those
+values are reported by `rb dis`, which is where a person reads them, and any VM
+has to check them too when it resolves them. What the decoder does refuse is a
+structure it cannot hold: a tag it does not assign, a count past the bytes
+left, a depth past the limit.
+
 ## What `rb dis` prints
 
 ```
-; redblue bytecode v1
+; redblue bytecode v2
 ; constants: 2
 ;   [0] 1
 ;   [1] n
 
@@ -340,12 +350,25 @@
 nesting. The mnemonic column is padded to the width of the longest mnemonic in
 the *whole* table, so it does not shift with the program.
 
 Each instruction line is the offset, the mnemonic, the operands, and a comment
-carrying the source line and, where the operand names one, the constant it
-names. A constant index outside the pool, and a jump target past the end of its
-block, are reported in that comment rather than read; a jump to the block's
-instruction count is reported as `end of block`.
+carrying the source line and what each operand names. **Every index it prints
+is checked** against the thing it indexes, and an index that is out of range is
+reported in that comment rather than read:
 
+- a constant index outside the pool, including the parent of a `DEF_OBJECT`
+- a block index outside the block's own list, for `DEF_FUNCTION`, `DEF_METHOD`,
+  `DEF_OBJECT`, `TEST` and both halves of a `TRY`
+- a jump target past the end of its block; a jump to the block's instruction
+  count is reported as `end of block`, because that is the documented exit
+
+An operand that has no value to name says nothing: `DEF_OBJECT`'s `NO_CONST`
+prints as `none` rather than as a four-billion-and-something index, and a
+`TRY`'s absent handler prints nothing at all. Where an instruction names more
+than one thing, the clauses are separated by `;`.
+
 The disassembler is a pure function of the chunk: it walks blocks and
 instructions in index order and never sorts or hashes, so `rb dis` prints the
-same bytes for the same file on every run.
\ No newline at end of file
+same bytes for the same file on every run. It keeps its pending blocks on the
+heap rather than recursing per nesting level, so a `Chunk` far deeper than
+`MAX_BLOCK_DEPTH` — which the public fields let a caller build — is printed in
+full instead of overflowing the stack.
\ No newline at end of file

[0m
[0m$ [0mcd /home/runner/work/rbops/rbops/redblue && cat > target/tmp/doc.rb <<'EOF'
set n to 1
say n
EOF
./target/debug/rb compile target/tmp/doc.rb -o target/tmp/doc.rbc >/dev/null && ./target/debug/rb dis target/tmp/doc.rbc
; redblue bytecode v2
; constants: 2
;   [0] 1
;   [1] n

main (main, arity 0)
0000  PUSH_CONST       0  ; line 1: 1
0001  STORE            1  ; line 1: n
0002  LOAD             1  ; line 2: n
0003  SAY                ; line 2
[0m
Now let me run the four gates:
[0m$ [0mcd /home/runner/work/rbops/rbops/redblue && cargo fmt --all -- --check; echo "FMT EXIT=$?"
Diff in /home/runner/work/rbops/rbops/redblue/tests/bytecode_test.rs:454:
     let mut backward = 0usize;
     let mut exits = 0usize;
     for source in sources {
-        let chunk =
-            compile_source(source).unwrap_or_else(|e| panic!("program should compile: {e}\n{source}"));
+        let chunk = compile_source(source)
+            .unwrap_or_else(|e| panic!("program should compile: {e}\n{source}"));
         walk(&chunk.main, &mut |block| {
             visited += 1;
             for instruction in &block.code {
Diff in /home/runner/work/rbops/rbops/redblue/tests/bytecode_test.rs:652:
     assert_eq!(defs.len(), 2, "each object declaration is one DEF_OBJECT");
 
     assert_eq!(
-        defs[0].aux,
-        NO_CONST,
+        defs[0].aux, NO_CONST,
         "an object that extends nothing writes the reserved index, not a 0"
     );
     assert_eq!(
FMT EXIT=1
[0m
[0m$ [0mcd /home/runner/work/rbops/rbops/redblue && cargo fmt --all && cargo fmt --all -- --check; echo "FMT EXIT=$?"
FMT EXIT=0
[0m
[0m$ [0mcd /home/runner/work/rbops/rbops/redblue && cargo clippy --all-targets -- -D warnings 2>&1 | tail -20; echo "CLIPPY EXIT=${PIPESTATUS[0]}"
[1m[92m    Checking[0m redblue v0.1.0 (/home/runner/work/rbops/rbops/redblue)
[1m[91merror[0m[1m: this comparison involving the minimum or maximum element for this type contains a case that is always true or always false[0m
   [1m[94m--> [0msrc/bytecode/format.rs:286:12
    [1m[94m|[0m
[1m[94m286[0m [1m[94m|[0m         if constant_count >= NO_CONST {
    [1m[94m|[0m            [1m[91m^^^^^^^^^^^^^^^^^^^^^^^^^^[0m
    [1m[94m|[0m
    [1m[94m= [0m[1mhelp[0m: because `NO_CONST` is the maximum value for this type, the case where the two sides are not equal never occurs, consider using `constant_count == NO_CONST` instead
    [1m[94m= [0m[1mhelp[0m: for further information visit https://rust-lang.github.io/rust-clippy/rust-1.99.0/index.html#absurd_extreme_comparisons
    [1m[94m= [0m[1mnote[0m: `#[deny(clippy::absurd_extreme_comparisons)]` on by default

[1m[91merror[0m: could not compile `redblue` (lib) due to 1 previous error
[1m[33mwarning[0m: build failed, waiting for other jobs to finish...
[1m[91merror[0m: could not compile `redblue` (lib test) due to 1 previous error
CLIPPY EXIT=101
[0m
[0m← [0mEdit src/bytecode/format.rs
Index: /home/runner/work/rbops/rbops/redblue/src/bytecode/format.rs
===================================================================
--- /home/runner/work/rbops/rbops/redblue/src/bytecode/format.rs
+++ /home/runner/work/rbops/rbops/redblue/src/bytecode/format.rs
@@ -278,13 +278,13 @@
     ));
 }
 
 // `NO_CONST` is a reserved index, so a pool that could reach it would make the
-// operand ambiguous. The declared count is checked before anything is
-// read or allocated, and a file claiming that many constants is refused
-// rather than read.
+// operand ambiguous. It is the maximum `u32`, so equality is the whole
+// of this check; it is refused from the declared count, before any
+// entry is read or anything is allocated.
 let constant_count = reader.u32()?;
-if constant_count >= NO_CONST {
+if constant_count == NO_CONST {
     return Err(Error::Parser(
         format!(
             "a file claims {constant_count} constants, which reaches the reserved index \
              {NO_CONST} that means 'no constant'",

[0m
[0m$ [0mcd /home/runner/work/rbops/rbops/redblue && cargo clippy --all-targets -- -D warnings 2>&1 | tail -20; echo "CLIPPY EXIT=${PIPESTATUS[0]}"
[1m[92m    Checking[0m redblue v0.1.0 (/home/runner/work/rbops/rbops/redblue)
[1m[92m    Finished[0m `dev` profile [unoptimized] target(s) in 1.35s
CLIPPY EXIT=0
[0m
[0m$ [0mcd /home/runner/work/rbops/rbops/redblue && cargo test --all-targets 2>&1 | grep -E "test result|running|error|FAILED|ignored"
running 6 tests
test result: ok. 6 passed; 0 failed; 0 ignored; 0 measured; 0 filtered out; finished in 0.00s
running 0 tests
test result: ok. 0 passed; 0 failed; 0 ignored; 0 measured; 0 filtered out; finished in 0.00s
running 43 tests
test result: ok. 43 passed; 0 failed; 0 ignored; 0 measured; 0 filtered out; finished in 0.26s
running 11 tests
test depth_error_is_catchable_by_try_catch ... ok
test infinite_recursion_is_a_runtime_error_not_a_stack_overflow ... ok
test result: ok. 11 passed; 0 failed; 0 ignored; 0 measured; 0 filtered out; finished in 0.23s
running 26 tests
test edge_a_closure_calling_an_undefined_name_is_a_caught_error ... ok
test edge_unbounded_closure_recursion_is_a_caught_error ... ok
test result: ok. 26 passed; 0 failed; 0 ignored; 0 measured; 0 filtered out; finished in 0.12s
running 13 tests
test edge_non_utf8_rb_file_is_reported_as_an_io_error ... ok
test result: ok. 13 passed; 0 failed; 0 ignored; 0 measured; 0 filtered out; finished in 0.31s
running 21 tests
test edge_division_by_zero_is_a_runtime_error_not_an_assertion ... ok
test edge_malformed_expect_is_a_parse_error ... ok
test result: ok. 21 passed; 0 failed; 0 ignored; 0 measured; 0 filtered out; finished in 0.01s
running 39 tests
test edge_unclosed_block_is_a_parser_error ... ok
test result: ok. 39 passed; 0 failed; 0 ignored; 0 measured; 0 filtered out; finished in 0.74s
running 8 tests
test an_index_that_is_not_a_whole_number_is_a_runtime_error ... ok
test edge_an_out_of_bounds_error_names_the_index_it_was_given ... ok
test edge_out_of_bounds_index_is_a_runtime_error_not_a_silent_nothing ... ok
test indexing_into_an_empty_list_is_a_runtime_error ... ok
test indexing_a_non_list_or_a_field_of_a_non_record_is_a_runtime_error ... ok
test result: ok. 8 passed; 0 failed; 0 ignored; 0 measured; 0 filtered out; finished in 0.00s
running 16 tests
test edge_escape_at_end_of_input_inside_a_string_is_still_an_error ... ok
test edge_invalid_utf8_file_is_an_io_error_not_a_panic ... ok
test test_unterminated_string_is_a_spanned_lexer_error ... ok
test result: ok. 16 passed; 0 failed; 0 ignored; 0 measured; 0 filtered out; finished in 0.00s
running 49 tests
test a_missing_end_is_reported_as_an_error ... ok
test a_wellformed_program_reports_no_errors ... ok
test edge_a_missing_field_is_not_a_lint_error ... ok
test edge_a_record_with_a_repeated_key_is_not_a_lint_error ... ok
test edge_numeric_and_index_edges_are_not_lint_errors ... ok
test edge_rb_lint_prints_the_line_of_a_syntax_error_and_exits_nonzero ... ok
test edge_stray_token_is_an_error_and_not_a_panic ... ok
test edge_unclosed_list_is_an_error_and_not_a_panic ... ok
test edge_unterminated_string_is_an_error_and_not_a_panic ... ok
test the_corpus_produces_no_lint_errors ... ok
test result: ok. 49 passed; 0 failed; 0 ignored; 0 measured; 0 filtered out; finished in 0.03s
running 22 tests
test edge_count_beyond_i64_is_a_clean_error_not_a_panic ... ok
test huge_repeat_count_fails_instead_of_running_forever ... ok
test infinite_while_loop_terminates_with_a_clean_error ... ok
test result: ok. 22 passed; 0 failed; 0 ignored; 0 measured; 0 filtered out; finished in 1.01s
running 20 tests
test edge_a_malformed_number_literal_is_a_lexer_error_not_a_silent_zero ... ok
test edge_division_by_zero_still_reports_an_error_for_every_numerator ... ok
test edge_an_index_at_the_numeric_limit_is_an_error_not_a_panic ... ok
test modulo_by_zero_is_a_runtime_error ... ok
test edge_overflow_to_a_non_finite_number_is_a_runtime_error ... ok
test result: ok. 20 passed; 0 failed; 0 ignored; 0 measured; 0 filtered out; finished in 0.00s
running 26 tests
test edge_malformed_object_declarations_are_parse_errors ... ok
test edge_method_call_on_a_field_is_an_error ... ok
test edge_object_method_that_does_not_exist_is_an_error ... ok
test edge_this_outside_a_method_is_an_error ... ok
test result: ok. 26 passed; 0 failed; 0 ignored; 0 measured; 0 filtered out; finished in 0.05s
running 23 tests
test edge_deep_nesting_is_a_clean_error_not_a_stack_overflow ... ok
test edge_deep_unary_chain_is_a_clean_error_not_a_stack_overflow ... ok
test edge_deeply_nested_blocks_are_a_clean_error_not_a_stack_overflow ... ok
test edge_deeply_nested_functions_are_a_clean_error_not_a_stack_overflow ... ok
test edge_long_flat_binary_chain_is_a_clean_error_not_a_stack_overflow ... ok
test edge_unclosed_constructs_produce_spanned_parser_errors ... ok
test edge_unclosed_string_is_a_spanned_lexer_error ... ok
test malformed_input_error_names_what_it_expected ... ok
test type_mismatch_shaped_input_is_a_parser_error_not_a_panic ... ok
test result: ok. 23 passed; 0 failed; 0 ignored; 0 measured; 0 filtered out; finished in 0.08s
running 25 tests
test test_malformed_json_object_is_an_error_not_a_reordered_record ... ok
test test_property_access_on_a_list_is_a_runtime_error ... ok
test test_record_literal_missing_colon_is_a_parse_error ... ok
test result: ok. 25 passed; 0 failed; 0 ignored; 0 measured; 0 filtered out; finished in 0.12s
running 8 tests
test result: ok. 8 passed; 0 failed; 0 ignored; 0 measured; 0 filtered out; finished in 0.34s
running 5 tests
test result: ok. 5 passed; 0 failed; 0 ignored; 0 measured; 0 filtered out; finished in 0.00s
running 15 tests
test edge_error_on_first_line_points_at_line_one ... ok
test edge_error_on_last_line_points_at_the_last_line ... ok
test test_analyzer_error_carries_position ... ok
test test_io_error_has_no_span ... ok
test edge_runtime_error_inside_a_loop_reports_the_inner_statement ... ok
test test_lexer_error_carries_position ... ok
test test_parser_error_reports_line_and_column ... ok
test edge_runtime_error_reports_the_statement_position ... ok
test result: ok. 15 passed; 0 failed; 0 ignored; 0 measured; 0 filtered out; finished in 0.00s
running 39 tests
test edge_csv_argument_of_the_wrong_type_is_an_error ... ok
test edge_csv_row_index_out_of_bounds_is_a_clean_error ... ok
test edge_csv_unterminated_quote_is_an_error ... ok
test edge_files_paths_that_name_nothing_readable_are_errors ... ok
test edge_files_unreadable_file_is_an_error_when_unprivileged ... ok
test edge_json_argument_of_the_wrong_type_is_an_error ... ok
test edge_files_read_of_a_missing_file_is_a_catchable_error ... ok
test edge_files_argument_of_the_wrong_type_is_an_error ... ok
test edge_json_malformed_input_is_an_error ... ok
test edge_unknown_json_escape_is_an_error_not_silent_corruption ... ok
test result: ok. 39 passed; 0 failed; 0 ignored; 0 measured; 0 filtered out; finished in 5.09s
running 18 tests
test diagnostics_surface_a_spanned_analyzer_error ... ok
test diagnostics_surface_a_spanned_lexer_error ... ok
test diagnostics_surface_a_spanned_parser_error ... ok
test result: ok. 18 passed; 0 failed; 0 ignored; 0 measured; 0 filtered out; finished in 0.00s
[0m
[0m$ [0mcd /home/runner/work/rbops/rbops/redblue && cargo test --all-targets 2>&1 | grep -E "^test result" | awk '{p+=$4; f+=$6; i+=$8} END {print "passed="p, "failed="f, "ignored="i}'
passed=433 failed=0 ignored=0
[0m
[0m$ [0mcd /home/runner/work/rbops/rbops/redblue && cargo test --doc 2>&1 | tail -8
[1m[92m    Finished[0m `test` profile [unoptimized] target(s) in 0.07s
[1m[92m   Doc-tests[0m redblue

running 1 test
test src/bytecode/mod.rs - bytecode (line 12) ... ok

test result: ok. 1 passed; 0 failed; 0 ignored; 0 measured; 0 filtered out; finished in 0.17s
[0m
[0m$ [0mcd /home/runner/work/rbops/rbops/redblue && for f in examples/*.rb; do printf "%-34s " "$f"; if ./target/debug/rb run "$f" >/dev/null 2>&1; then echo ok; else echo FAIL; fi; done
examples/files.rb                  ok
examples/fizzbuzz.rb               ok
examples/formats.rb                ok
examples/hello.rb                  ok
examples/test_arithmetic.rb        ok
examples/time.rb                   ok
[0m
Let me prove the two BLOCKER tests fail against the old codegen:
[0m$ [0mcd /home/runner/work/rbops/rbops/redblue && cp src/bytecode/codegen.rs /tmp/opencode/bak/codegen.rs && python3 - <<'PY'
p='src/bytecode/codegen.rs'
s=open(p).read()
s = s.replace("""                match default {
                    Some(expr) => self.expr(expr, code, line)?,
                    None => {
                        let nothing = self.constant(Constant::Nothing);
                        emit(code, Opcode::PushConst, nothing, 0, line);
                    }
                }""", """                let _ = default;""")
s = s.replace("""                let parent = match extends {
                    Some(parent) => self.text(parent),
                    None => NO_CONST,
                };
                emit(code, Opcode::DefObject, block, parent, line);""", """                let parent = u32::from(extends.is_some());
                let _ = NO_CONST;
                emit(code, Opcode::DefObject, block, parent, line);""")
open(p,'w').write(s)
PY
cargo test --test bytecode_test 2>&1 | grep -E "^(test (an_extending|a_field_default|functions_tests)|test result|assertion|  left|  right| *thread)"
test a_field_default_is_compiled_before_the_declaration_that_consumes_it ... FAILED
test an_extending_object_names_its_parent_in_the_constant_pool ... FAILED
test functions_tests_and_methods_become_named_blocks ... FAILED
thread 'a_field_default_is_compiled_before_the_declaration_that_consumes_it' (26966) panicked at tests/bytecode_test.rs:713:5:
assertion `left == right` failed: a default is compiled in front of the declaration that consumes it
  left: ["DEF_FIELD", "DEF_FIELD"]
thread 'an_extending_object_names_its_parent_in_the_constant_pool' (26967) panicked at tests/bytecode_test.rs:654:5:
assertion `left == right` failed: an object that extends nothing writes the reserved index, not a 0
  left: 0
thread 'functions_tests_and_methods_become_named_blocks' (27004) panicked at tests/bytecode_test.rs:620:5:
assertion `left == right` failed: an object body initialises its fields and declares its methods
  left: ["DEF_FIELD", "DEF_METHOD"]
test result: FAILED. 40 passed; 3 failed; 0 ignored; 0 measured; 0 filtered out; finished in 0.26s
[0m
[0m$ [0mcd /home/runner/work/rbops/rbops/redblue && cp /tmp/opencode/bak/codegen.rs src/bytecode/codegen.rs && python3 - <<'PY'
p='src/bytecode/format.rs'
s=open(p).read()
# revert the reserved-index guard
s = s.replace("""        let constant_count = reader.u32()?;
        if constant_count == NO_CONST {
            return Err(Error::Parser(
                format!(
                    "a file claims {constant_count} constants, which reaches the reserved index \\
                     {NO_CONST} that means 'no constant'",
                ),
                Span::unknown(),
            ));
        }
""", """        let constant_count = reader.u32()?;
""")
open(p,'w').write(s)
PY
cargo test --test bytecode_test 2>&1 | grep -E "^(test edge_a_pool|test result|assertion)"; cp /tmp/opencode/bak/format.rs src/bytecode/format.rs; echo restored
test edge_a_pool_that_reaches_the_reserved_constant_index_is_refused ... FAILED
test result: FAILED. 42 passed; 1 failed; 0 ignored; 0 measured; 0 filtered out; finished in 0.25s
restored
[0m
[0m$ [0mcd /home/runner/work/rbops/rbops/redblue && python3 - <<'PY'
p='src/bytecode/disasm.rs'
s=open(p).read()
s = s.replace("""    if instruction.opcode.takes_block_index() {
        clauses.extend(named_block(block, instruction.arg, ""));
    }
    if instruction.opcode == Opcode::Try {
        clauses.extend(named_block(block, instruction.arg, "catch "));
        clauses.extend(named_block(block, instruction.aux, "finally "));
    }

    if instruction.opcode == Opcode::DefObject && instruction.aux != NO_CONST {
        clauses.push(named_constant(chunk, instruction.aux, "extends "));
    }""","")
s = s.replace("""    // `DEF_OBJECT`'s parent is a name, so it is a constant index too — in
    // `aux`, and reserved when the object extends nothing.
""","")
open(p,'w').write(s)
PY
cargo test --test bytecode_test 2>&1 | grep -E "^(test edge_the_disassembler|test result|assertion)"; cp /tmp/opencode/bak/disasm.rs src/bytecode/disasm.rs; cargo test --test bytecode_test 2>&1 | tail -3
test edge_the_disassembler_reports_a_block_index_out_of_range ... ok
test edge_the_disassembler_reports_an_out_of_range_operand_instead_of_panicking ... ok
test result: ok. 43 passed; 0 failed; 0 ignored; 0 measured; 0 filtered out; finished in 0.26s

test result: ok. 43 passed; 0 failed; 0 ignored; 0 measured; 0 filtered out; finished in 0.26s
[0m
[0m→ [0mRead src/bytecode/disasm.rs[90m [offset=136, limit=35][0m
[0m
[0m$ [0mcd /home/runner/work/rbops/rbops/redblue && python3 - <<'PY'
p='src/bytecode/disasm.rs'
s=open(p).read()
before = s
s = s.replace("""    if instruction.opcode.takes_block_index() {
        clauses.extend(named_block(block, instruction.arg, ""));
    }
    if instruction.opcode == Opcode::Try {
        clauses.extend(named_block(block, instruction.arg, "catch "));
        clauses.extend(named_block(block, instruction.aux, "finally "));
    }
""","")
s = s.replace("""    if instruction.opcode == Opcode::DefObject && instruction.aux != NO_CONST {
        clauses.push(named_constant(chunk, instruction.aux, "extends "));
    }
""","")
assert s != before and "takes_block_index" not in s and "extends " not in s, "patch did not apply"
open(p,'w').write(s)
PY
cargo test --test bytecode_test 2>&1 | grep -E "^(test edge_the_disassembler|test result|assertion|thread| *[A-Za-z].*should be reported)" | head
Traceback (most recent call last):
  File "<stdin>", line 16, in <module>
AssertionError: patch did not apply
test edge_the_disassembler_reports_a_block_index_out_of_range ... ok
test edge_the_disassembler_reports_an_out_of_range_operand_instead_of_panicking ... ok
test result: ok. 43 passed; 0 failed; 0 ignored; 0 measured; 0 filtered out; finished in 0.26s
[0m
[0m$ [0mcd /home/runner/work/rbops/rbops/redblue && python3 - <<'PY'
p='src/bytecode/disasm.rs'
s=open(p).read()
s = s.replace("""    if instruction.opcode.takes_block_index() {
        clauses.extend(named_block(block, instruction.arg, ""));
    }
    if instruction.opcode == Opcode::Try {
        clauses.extend(named_block(block, instruction.arg, "catch "));
        clauses.extend(named_block(block, instruction.aux, "finally "));
    }
""","")
s = s.replace("""    if instruction.opcode == Opcode::DefObject && instruction.aux != NO_CONST {
        clauses.push(named_constant(chunk, instruction.aux, "extends "));
    }
""","")
open(p,'w').write(s)
PY
grep -c "takes_block_index\|named_block(" src/bytecode/disasm.rs; cargo test --test bytecode_test 2>&1 | grep -E "^(test edge_the_disassembler|test result)"
1
[0m
[0m$ [0mcd /home/runner/work/rbops/rbops/redblue && cargo test --test bytecode_test 2>&1 | grep -E "^(test edge_the_disassembler|test result|error)"
(no output)
[0m
[0m$ [0mcd /home/runner/work/rbops/rbops/redblue && cargo test --test bytecode_test 2>&1 | tail -20
[1m[92m   Compiling[0m redblue v0.1.0 (/home/runner/work/rbops/rbops/redblue)
[1m[91merror[0m[1m: function `named_block` is never used[0m
   [1m[94m--> [0msrc/bytecode/disasm.rs:183:4
    [1m[94m|[0m
[1m[94m183[0m [1m[94m|[0m fn named_block(block: &Block, index: u32, what: &str) -> Option<String> {
    [1m[94m|[0m    [1m[91m^^^^^^^^^^^[0m
    [1m[94m|[0m
    [1m[94m= [0m[1mnote[0m: `-D dead-code` implied by `-D warnings`
    [1m[94m= [0m[1mhelp[0m: to override `-D warnings` add `#[expect(dead_code)]` or `#[allow(dead_code)]`

[1m[91merror[0m: could not compile `redblue` (lib) due to 1 previous error
[0m
[0m$ [0mcd /home/runner/work/rbops/rbops/redblue && python3 - <<'PY'
p='src/bytecode/disasm.rs'
s=open(p).read()
i=s.index("/// What the block at `index` is")
s=s[:i]+"""#[allow(dead_code)]
fn named_block(block: &Block, index: u32, what: &str) -> Option<String> {
    match block.blocks.get(index as usize) {
        Some(child) => Some(format!(
            "{what}block {index} ({}, `{}`)",
            child.kind.name(),
            child.name
        )),
        None if index == NO_BLOCK => None,
        None => Some(format!(
            "{what}block {index} is out of range (this block holds {})",
            block.blocks.len()
        )),
    }
}
"""
open(p,'w').write(s)
PY
cargo test --test bytecode_test 2>&1 | grep -E "^(test edge_the_disassembler|test result)"
test edge_the_disassembler_reports_a_block_index_out_of_range ... FAILED
test edge_the_disassembler_reports_an_out_of_range_operand_instead_of_panicking ... ok
test result: FAILED. 41 passed; 2 failed; 0 ignored; 0 measured; 0 filtered out; finished in 0.26s
[0m
[0m$ [0mcd /home/runner/work/rbops/rbops/redblue && cargo test --test bytecode_test edge_the_disassembler_reports_a_block 2>&1 | grep -E "panicked|should be reported" | head -3; cp /tmp/opencode/bak/disasm.rs src/bytecode/disasm.rs && cargo test --test bytecode_test 2>&1 | tail -3
thread 'edge_the_disassembler_reports_a_block_index_out_of_range' (27857) panicked at tests/bytecode_test.rs:1460:5:

test result: ok. 43 passed; 0 failed; 0 ignored; 0 measured; 0 filtered out; finished in 0.26s
[0m
[0m$ [0mcd /home/runner/work/rbops/rbops/redblue && cp tests/bytecode_test.rs /tmp/opencode/bak/bytecode_test.rs && python3 - <<'PY'
p='tests/bytecode_test.rs'
s=open(p).read()
s=s.replace("(instruction.arg as usize) <= block.code.len(),","(instruction.arg as usize) < block.code.len(),")
open(p,'w').write(s)
PY
cargo test --test bytecode_test every_jump_target 2>&1 | grep -E "test result|panicked|jumps to" | head -3; cp /tmp/opencode/bak/bytecode_test.rs tests/bytecode_test.rs && git diff --stat
thread 'every_jump_target_is_inside_its_own_block' (28040) panicked at tests/bytecode_test.rs:463:21:
"JUMP_IF_FALSE" jumps to 9 but block holds 9 instructions
test result: FAILED. 0 passed; 1 failed; 0 ignored; 0 measured; 42 filtered out; finished in 0.00s
 docs/BYTECODE.md             |  96 +++++++-
 phases/phase-018/FINDINGS.md |  10 +-
 phases/phase-018/REPORT.md   | 187 ++++++++++++++++
 src/bytecode/codegen.rs      |  26 ++-
 src/bytecode/disasm.rs       | 217 ++++++++++++------
 src/bytecode/format.rs       | 135 ++++++++---
 src/bytecode/mod.rs          |   2 +-
 src/bytecode/opcode.rs       |  24 +-
 tests/bytecode_test.rs       | 516 ++++++++++++++++++++++++++++++++++++++++---
 9 files changed, 1067 insertions(+), 146 deletions(-)
[0m
Now the phase records. FINDINGS first:
[0m← [0mEdit phases/phase-018/FINDINGS.md
Index: /home/runner/work/rbops/rbops/redblue/phases/phase-018/FINDINGS.md
===================================================================
--- /home/runner/work/rbops/rbops/redblue/phases/phase-018/FINDINGS.md
+++ /home/runner/work/rbops/rbops/redblue/phases/phase-018/FINDINGS.md
@@ -76,15 +76,14 @@
   `docs/BYTECODE.md`, not an implemented behaviour.
 - **Names are stored, not resolved to slots.** `LOAD`/`STORE` carry a name; a
   Redblue closure resolves it against the captured scope. Slot allocation is a
   later stage and a version bump, since it changes what a version-1 file means.
-- **`GET_RANGE` operand counts (1, 2, 3) and `DEF_OBJECT`'s "extends" flag are
-  conventions this compiler established.** A VM written later reads them; if a
-  different split proves better it is a new opcode byte and a version bump.
-- **`Chunk::encode` has no depth guard.** `write_block`
-  (`src/bytecode/format.rs:318`) recurses once per nesting level, so a
-  hand-built `Chunk` deeper than `MAX_BLOCK_DEPTH` recurses rather than being
-  refused. A `.rbc` read from disk cannot be one: `Reader::block` refuses that
-  depth, and codegen refuses to emit it. `encode` returns `Vec<u8>`, so there
-  is no channel to report through — S1b, which owns the VM-facing API, decides
-  whether `encode` becomes `try_encode` or walks the tree with an explicit
-  stack.
\ No newline at end of file
+- **`GET_RANGE` operand counts (1, 2, 3) are a convention this compiler
+  established.** A VM written later reads them; if a different split proves
+  better it is a new opcode byte and a version bump. (The other convention in
+  this list, `DEF_OBJECT`'s "extends" flag, is gone: the parent is a name in
+  the constant pool, which review round 1 fixed. See `REPORT.md`.)
+- **Nothing decides what `NO_CONST` in `DEF_OBJECT` should do about a parent
+  that is not declared.** The tree-walking VM walks the chain by name and
+  reports a missing or cyclic parent at run time (`src/vm.rs`,
+  `declare_object`). A `.rbc` VM has to do the same, and the file gives it
+  everything it needs to: the parent's name, interned like any other.
\ No newline at end of file

[0m
[0m✗ [0mEdit phases/phase-018/FINDINGS.md failed
[91m[1mError: [0mNo changes to apply: oldString and newString are identical.
[0m→ [0mRead phases/phase-018/FINDINGS.md[90m [offset=60][0m
[0m
[0m← [0mEdit phases/phase-018/FINDINGS.md
Index: /home/runner/work/rbops/rbops/redblue/phases/phase-018/FINDINGS.md
===================================================================
--- /home/runner/work/rbops/rbops/redblue/phases/phase-018/FINDINGS.md
+++ /home/runner/work/rbops/rbops/redblue/phases/phase-018/FINDINGS.md
@@ -75,9 +75,9 @@
   being the value a `catch` block is entered with is a requirement written into
   `docs/BYTECODE.md`, not an implemented behaviour.
 - **Names are stored, not resolved to slots.** `LOAD`/`STORE` carry a name; a
   Redblue closure resolves it against the captured scope. Slot allocation is a
-  later stage and a version bump, since it changes what a version-1 file means.
+  later stage and a version bump, since it changes what a version-N file means.
 - **`GET_RANGE` operand counts (1, 2, 3) are a convention this compiler
   established.** A VM written later reads them; if a different split proves
   better it is a new opcode byte and a version bump. (The other convention in
   this list, `DEF_OBJECT`'s "extends" flag, is gone: the parent is a name in

[0m
[0m$ [0mcd /home/runner/work/rbops/rbops/redblue && grep -c "^fn \|^#\[test\]" tests/bytecode_test.rs; grep -c "#\[test\]" tests/bytecode_test.rs; grep -o "fn [a-z_0-9]*" tests/bytecode_test.rs | sed 's/fn //' | sort | head -50; echo "--- edge count:"; grep -c "fn edge_" tests/bytecode_test.rs; echo "--- expect_err count:"; grep -c "expect_err" tests/bytecode_test.rs; echo "--- ignore/allow:"; grep -c "ignore\|allow(clippy" tests/bytecode_test.rs src/bytecode/*.rs
96
43
a_field_default_is_compiled_before_the_declaration_that_consumes_it
an_extending_object_names_its_parent_in_the_constant_pool
blocks_of_kind
calls_carry_their_name_and_arity_and_properties_carry_their_name
compile_encode_decode_round_trips_losslessly
compile_refuses_a_program_the_frontend_rejects
deep_block_chain
disassembly_is_a_deterministic_function_of_the_bytes
edge_a_jump_to_the_end_of_a_block_is_the_exit_not_an_out_of_range_target
edge_a_pool_that_reaches_the_reserved_constant_index_is_refused
edge_a_program_nested_past_the_block_limit_is_refused
edge_a_single_statement_program_is_not_empty
edge_a_tree_deeper_than_the_block_limit_still_renders_and_walks
edge_an_interpolated_text_becomes_build_text_over_its_parts
edge_an_unassigned_byte_in_any_enum_is_rejected
edge_bad_magic_is_rejected
edge_blocks_nested_past_the_limit_are_refused_when_decoding
edge_declared_counts_larger_than_the_file_are_refused
edge_deeply_nested_declarations_still_compile_within_a_bounded_block_tree
edge_duplicate_record_keys_and_missing_names_still_compile
edge_empty_program_compiles_to_an_empty_main_block
edge_every_truncation_of_a_valid_file_is_rejected_without_panicking
edge_non_utf8_string_constant_is_rejected
edge_numeric_boundaries_survive_the_constant_pool
edge_rb_compile_reports_a_bad_source_and_writes_nothing
edge_rb_dis_refuses_a_source_file_and_a_missing_file
edge_the_disassembler_reports_a_block_index_out_of_range
edge_the_disassembler_reports_an_out_of_range_operand_instead_of_panicking
edge_the_same_name_is_one_constant_so_the_pool_is_canonical
edge_trailing_bytes_after_the_last_block_are_refused
edge_unicode_and_escapes_survive_the_constant_pool_byte_for_byte
edge_unknown_format_version_is_rejected
edge_unknown_opcode_byte_is_rejected
every_example_compiles_and_encodes_deterministically
every_jump_target_is_inside_its_own_block
example_sources
expressions_compile_to_the_documented_instruction_sequences
first_opcode_offset
functions_tests_and_methods_become_named_blocks
imports_compile_to_an_import_per_item_bound_to_its_alias
loops_and_branches_produce_jumps_inside_their_own_block
names
ops
project_root
rb_compile_and_dis_cover_every_example_through_the_binary
rb_compile_without_an_output_flag_writes_beside_the_source
rb_compile_writes_a_rbc_that_rb_dis_reads_back
rb_help_documents_the_two_new_subcommands
say
scratch_dir
--- edge count:
25
--- expect_err count:
15
--- ignore/allow:
tests/bytecode_test.rs:0
src/bytecode/codegen.rs:0
src/bytecode/disasm.rs:0
src/bytecode/format.rs:0
src/bytecode/mod.rs:0
src/bytecode/opcode.rs:0
[0m
[0m$ [0mcd /home/runner/work/rbops/rbops/redblue && grep -c "expect_err" tests/bytecode_test.rs; grep -n "assert!(.*!.*success\|is_err()" tests/bytecode_test.rs | wc -l; echo "--- tests asserting a failure:"; grep -n "expect_err\|!.*status.success()" tests/bytecode_test.rs | wc -l
15
1
--- tests asserting a failure:
18
[0m
[0m← [0mWrite phases/phase-018/REPORT.md
Wrote file successfully.
[0m
[0m$ [0mcd /home/runner/work/rbops/rbops/redblue && wc -l docs/BYTECODE.md tests/bytecode_test.rs src/bytecode/*.rs src/lib.rs
373 docs/BYTECODE.md
  1602 tests/bytecode_test.rs
   548 src/bytecode/codegen.rs
   206 src/bytecode/disasm.rs
   568 src/bytecode/format.rs
    33 src/bytecode/mod.rs
   325 src/bytecode/opcode.rs
   317 src/lib.rs
  3972 total
[0m
[0m$ [0mcd /home/runner/work/rbops/rbops/redblue && git diff --numstat -- docs/BYTECODE.md src/ tests/ | head; echo "---"; git show HEAD --stat -- docs/BYTECODE.md | tail -3; echo "--- untracked/modified:"; git status --short
84	12	docs/BYTECODE.md
22	4	src/bytecode/codegen.rs
152	65	src/bytecode/disasm.rs
103	32	src/bytecode/format.rs
1	1	src/bytecode/mod.rs
22	2	src/bytecode/opcode.rs
487	29	tests/bytecode_test.rs
---

 docs/BYTECODE.md | 302 +++++++++++++++++++++++++++++++++++++++++++++++++++++++
 1 file changed, 302 insertions(+)
--- untracked/modified:
 M docs/BYTECODE.md
 M phases/phase-018/FINDINGS.md
 A phases/phase-018/REPORT.md
 M src/bytecode/codegen.rs
 M src/bytecode/disasm.rs
 M src/bytecode/format.rs
 M src/bytecode/mod.rs
 M src/bytecode/opcode.rs
 M tests/bytecode_test.rs
[0m
[0m$ [0mcd /home/runner/work/rbops/rbops/redblue && python3 - <<'PY'
import subprocess
head = subprocess.run(['git','show','HEAD:docs/BYTECODE.md'],capture_output=True,text=True).stdout
cur = open('docs/BYTECODE.md').read()
print("HEAD docs lines:", len(head.splitlines()), " current:", len(cur.splitlines()))
for name, base in (('docs/BYTECODE.md', head),):
    b = base.splitlines(); c = cur.splitlines()
    added = len(c) - len(b)
    print(name, "delta lines:", added)
tests_head = subprocess.run(['git','show','HEAD:tests/bytecode_test.rs'],capture_output=True,text=True).stdout
print("tests HEAD lines:", len(tests_head.splitlines()), "current:", len(open('tests/bytecode_test.rs').read().splitlines()))
for f in ['src/bytecode/mod.rs','src/bytecode/opcode.rs','src/bytecode/format.rs','src/bytecode/codegen.rs','src/bytecode/disasm.rs']:
    h = subprocess.run(['git','show','HEAD:'+f],capture_output=True,text=True).stdout
    print(f, "HEAD:", len(h.splitlines()), "current:", len(open(f).read().splitlines()))
PY
HEAD docs lines: 302  current: 374
docs/BYTECODE.md delta lines: 72
tests HEAD lines: 1144 current: 1602
src/bytecode/mod.rs HEAD: 33 current: 33
src/bytecode/opcode.rs HEAD: 305 current: 325
src/bytecode/format.rs HEAD: 497 current: 568
src/bytecode/codegen.rs HEAD: 530 current: 548
src/bytecode/disasm.rs HEAD: 119 current: 206
[0m
[0m$ [0mcd /home/runner/work/rbops/rbops/redblue && git diff --numstat 563a351^ -- src/lib.rs; echo "---"; git diff --numstat 563a351^ -- docs/BYTECODE.md tests/bytecode_test.rs src/bytecode/
67	2	src/lib.rs
---
374	0	docs/BYTECODE.md
548	0	src/bytecode/codegen.rs
206	0	src/bytecode/disasm.rs
568	0	src/bytecode/format.rs
33	0	src/bytecode/mod.rs
325	0	src/bytecode/opcode.rs
1602	0	tests/bytecode_test.rs
[0m
[0m$ [0mcd /home/runner/work/rbops/rbops/redblue && python3 - <<'PY'
p='phases/phase-018/REPORT.md'
s=open(p).read()
s = s.replace("""| `docs/BYTECODE.md` | +390 −0 |""", """| `docs/BYTECODE.md` | +374 −0 |""")
s = s.replace("""| `src/bytecode/mod.rs` | +34 −0 |""", """| `src/bytecode/mod.rs` | +33 −0 |""")
s = s.replace("""| `src/bytecode/opcode.rs` | +330 −0 |""", """| `src/bytecode/opcode.rs` | +325 −0 |""")
s = s.replace("""| `src/bytecode/format.rs` | +541 −0 |""", """| `src/bytecode/format.rs` | +568 −0 |""")
s = s.replace("""| `src/bytecode/codegen.rs` | +556 −0 |""", """| `src/bytecode/codegen.rs` | +548 −0 |""")
s = s.replace("""| `src/bytecode/disasm.rs` | +206 −0 |""", """| `src/bytecode/disasm.rs` | +206 −0 |""")
s = s.replace("""| `src/lib.rs` | +61 −3 |""", """| `src/lib.rs` | +67 −2 |""")
s = s.replace("""| `tests/bytecode_test.rs` | +1518 −0 | 43 tests |""", """| `tests/bytecode_test.rs` | +1602 −0 | 43 tests |""")
s = s.replace("""- [x] `docs/BYTECODE.md` specifies the format, version and encoding — 390
      lines;""", """- [x] `docs/BYTECODE.md` specifies the format, version and encoding — 374
      lines;""")
open(p,'w').write(s)
PY
grep -n "374\|1602\|+568\|+548\|+325\|+33 \|+67\|+206" phases/phase-018/REPORT.md | head -20
24:| `docs/BYTECODE.md` | +374 −0 | the normative format: magic, `FORMAT_VERSION`, header, constant pool, block records, 13-byte instruction record, the opcode table, the reading rules and what `rb dis` prints |
25:| `src/bytecode/mod.rs` | +33 −0 | module surface — `compile_source`, `Chunk`, `disassemble`, `Opcode`, `FORMAT_VERSION`, `MAX_BLOCK_DEPTH`, `NO_BLOCK`, `NO_CONST` |
26:| `src/bytecode/opcode.rs` | +325 −0 | the opcode table, each opcode's operand/aux usage, and which operand is a constant index or a block index |
27:| `src/bytecode/format.rs` | +568 −0 | `Chunk`/`Block`/`Constant`/`Instruction`, the encoder, and a `Reader` that bounds-checks every field and every declared count |
28:| `src/bytecode/codegen.rs` | +548 −0 | AST → bytecode, one pass per block, interning names into a canonical constant pool |
29:| `src/bytecode/disasm.rs` | +206 −0 | chunk → text; index order only, every printed index checked, heap walk over the block tree |
30:| `src/lib.rs` | +67 −2 | `pub mod bytecode`, re-exports, `rb compile` and `rb dis`, help text |
31:| `tests/bytecode_test.rs` | +1602 −0 | 43 tests |
179:- [x] `docs/BYTECODE.md` specifies the format, version and encoding — 374
[0m
[0m$ [0mcd /home/runner/work/rbops/rbops/redblue && git diff src/bytecode/format.rs
diff --git a/src/bytecode/format.rs b/src/bytecode/format.rs
index 168af77..bdba300 100644
--- a/src/bytecode/format.rs
+++ b/src/bytecode/format.rs
@@ -27,7 +27,16 @@ pub const MAGIC: [u8; 4] = *b"RED\x1a";
 /// A file whose version is anything else is refused rather than guessed at.
 /// Changing anything that an older file would decode differently must bump
 /// this.
-pub const FORMAT_VERSION: u16 = 1;
+///
+/// Version 2 changed two operands a version-1 file reads differently, so a
+/// version-1 file is refused rather than half-understood:
+///
+/// - `DefObject`'s secondary operand is the constant index of the object it
+///   extends — [`NO_CONST`] when it extends nothing — where version 1 wrote a
+///   flag that discarded the parent's name.
+/// - `DefField` consumes the value pushed immediately before it, so a field's
+///   `default` is compiled instead of being dropped.
+pub const FORMAT_VERSION: u16 = 2;
 
 /// The operand that says "there is no block here".
 ///
@@ -35,6 +44,14 @@ pub const FORMAT_VERSION: u16 = 1;
 /// this value rather than inventing an empty block.
 pub const NO_BLOCK: u32 = u32::MAX;
 
+/// The operand that says "there is no constant here".
+///
+/// `DefObject` names the object it extends through its secondary operand and
+/// writes this value when it extends nothing. It has to be a value the pool
+/// can never hold: [`Chunk::decode`] refuses a pool that reaches it, so the
+/// operand is never ambiguous.
+pub const NO_CONST: u32 = u32::MAX;
+
 /// Bytes per instruction record: opcode, `arg`, `aux`, `line`.
 pub const INSTRUCTION_SIZE: usize = 13;
 
@@ -181,6 +198,22 @@ pub struct Chunk {
     pub main: Block,
 }
 
+/// Dropping a nested `Vec<Block>` would put one frame of drop glue on the stack
+/// per level of nesting, so a tree deeper than the compiler emits — the public
+/// fields let a caller build one — could abort the process in a destructor
+/// rather than in a walk. The children are taken out and dropped here one at a
+/// time, so the depth costs heap instead of stack.
+impl Drop for Block {
+    fn drop(&mut self) {
+        let mut pending = std::mem::take(&mut self.blocks);
+        while let Some(mut block) = pending.pop() {
+            // Moved out before the block is dropped, so the drop below finds no
+            // children and this implementation does not recurse.
+            pending.append(&mut block.blocks);
+        }
+    }
+}
+
 impl Chunk {
     /// Compiles Redblue source to bytecode.
     ///
@@ -195,6 +228,12 @@ impl Chunk {
     }
 
     /// The bytes of this chunk, in the format `docs/BYTECODE.md` specifies.
+    ///
+    /// Walks the block tree with an explicit stack, so a `Chunk` nested deeper
+    /// than [`MAX_BLOCK_DEPTH`] — which the public fields let a caller build,
+    /// and which neither the compiler nor the decoder produces — is encoded
+    /// rather than being a stack overflow. The bytes are the same either way;
+    /// a tree past the limit is a file this build's decoder refuses.
     pub fn encode(&self) -> Vec<u8> {
         let mut out = Vec::new();
         out.extend_from_slice(&MAGIC);
@@ -203,7 +242,7 @@ impl Chunk {
         for constant in &self.constants {
             write_constant(&mut out, constant);
         }
-        write_block(&mut out, &self.main);
+        write_block_tree(&mut out, &self.main);
 
         out
     }
@@ -239,7 +278,24 @@ impl Chunk {
             ));
         }
 
-        let constants = reader.count("constant", 1, |reader: &mut Reader| reader.constant())?;
+        // `NO_CONST` is a reserved index, so a pool that could reach it would make the
+        // operand ambiguous. The declared count is checked before anything is
+        // read or allocated, and a file claiming that many constants is refused
+        // rather than read.
+        let constant_count = reader.u32()?;
+        if constant_count >= NO_CONST {
+            return Err(Error::Parser(
+                format!(
+                    "a file claims {constant_count} constants, which reaches the reserved index \
+                     {NO_CONST} that means 'no constant'",
+                ),
+                Span::unknown(),
+            ));
+        }
+        let constants = reader.count(constant_count, "constant", 1, |reader: &mut Reader| {
+            reader.constant()
+        })?;
+
         let main = reader.block(0)?;
 
         if reader.pos != bytes.len() {
@@ -263,19 +319,17 @@ impl Chunk {
 
     /// Every block of the tree, `main` first, then each block's own children in
     /// order.
+    ///
+    /// Walks with an explicit stack, so the depth of the tree is bounded by the
+    /// heap rather than by the call stack.
     pub fn all_blocks(&self) -> Vec<&Block> {
         let mut all = Vec::new();
-        self.main.collect(&mut all);
-        all
-    }
-}
-
-impl Block {
-    fn collect<'a>(&'a self, all: &mut Vec<&'a Block>) {
-        all.push(self);
-        for child in &self.blocks {
-            child.collect(all);
+        let mut pending = vec![&self.main];
+        while let Some(block) = pending.pop() {
+            all.push(block);
+            pending.extend(block.blocks.iter().rev());
         }
+        all
     }
 }
 
@@ -315,20 +369,28 @@ fn write_constant(out: &mut Vec<u8>, constant: &Constant) {
     }
 }
 
-fn write_block(out: &mut Vec<u8>, block: &Block) {
-    out.push(block.kind as u8);
-    write_u32(out, block.arity);
-    write_string(out, &block.name);
-    write_u32(out, block.code.len() as u32);
-    for instruction in &block.code {
-        out.push(instruction.opcode.to_byte());
-        write_u32(out, instruction.arg);
-        write_u32(out, instruction.aux);
-        write_u32(out, instruction.line);
-    }
-    write_u32(out, block.blocks.len() as u32);
-    for child in &block.blocks {
-        write_block(out, child);
+/// Writes `main` and every block nested in it, in the order a depth-first walk
+/// visits them.
+///
+/// The pending blocks sit on the heap, not on the call stack: the walk costs
+/// the same whether the tree is two deep or two hundred, and nothing here can
+/// overflow. Children are pushed in reverse because the stack is popped from
+/// its end, which makes them come out first-to-last.
+fn write_block_tree(out: &mut Vec<u8>, main: &Block) {
+    let mut pending = vec![main];
+    while let Some(block) = pending.pop() {
+        out.push(block.kind as u8);
+        write_u32(out, block.arity);
+        write_string(out, &block.name);
+        write_u32(out, block.code.len() as u32);
+        for instruction in &block.code {
+            out.push(instruction.opcode.to_byte());
+            write_u32(out, instruction.arg);
+            write_u32(out, instruction.aux);
+            write_u32(out, instruction.line);
+        }
+        write_u32(out, block.blocks.len() as u32);
+        pending.extend(block.blocks.iter().rev());
     }
 }
 
@@ -386,14 +448,16 @@ impl<'a> Reader<'a> {
     /// Reads `count` entries, refusing a count the file cannot hold.
     ///
     /// `per_entry` is the smallest number of bytes one entry can occupy; a
-    /// count above `remaining / per_entry` is malformed, not merely large.
+    /// count above `remaining / per_entry` is malformed, not merely large. The
+    /// count itself is read by the caller, which is what lets a caller bound it
+    /// before this is reached.
     fn count<T>(
         &mut self,
+        count: u32,
         what: &str,
         per_entry: usize,
         mut read: impl FnMut(&mut Reader<'a>) -> Result<T>,
     ) -> Result<Vec<T>> {
-        let count = self.u32()?;
         if per_entry > 0 && count as usize > self.remaining() / per_entry {
             return Err(shortfall(&format!("{count} {what}s"), self.remaining()));
         }
@@ -457,10 +521,17 @@ impl<'a> Reader<'a> {
 
         let arity = self.u32()?;
         let name = self.string("block name")?;
-        let code = self.count("instruction", INSTRUCTION_SIZE, |reader: &mut Reader| {
-            reader.instruction()
+        let instruction_count = self.u32()?;
+        let code = self.count(
+            instruction_count,
+            "instruction",
+            INSTRUCTION_SIZE,
+            |reader: &mut Reader| reader.instruction(),
+        )?;
+        let child_count = self.u32()?;
+        let blocks = self.count(child_count, "block", 1, |reader: &mut Reader| {
+            reader.block(depth + 1)
         })?;
-        let blocks = self.count("block", 1, |reader: &mut Reader| reader.block(depth + 1))?;
 
         Ok(Block {
             name,
[0m
[0m← [0mEdit src/bytecode/format.rs
Index: /home/runner/work/rbops/rbops/redblue/src/bytecode/format.rs
===================================================================
--- /home/runner/work/rbops/rbops/redblue/src/bytecode/format.rs
+++ /home/runner/work/rbops/rbops/redblue/src/bytecode/format.rs
@@ -278,13 +278,13 @@
     ));
 }
 
 // `NO_CONST` is a reserved index, so a pool that could reach it would make the
-// operand ambiguous. The declared count is checked before anything is
-// read or allocated, and a file claiming that many constants is refused
-// rather than read.
+// operand ambiguous. It is the maximum `u32`, so equality is the whole
+// of this check; it is refused from the declared count, before any
+// entry is read or anything is allocated.
 let constant_count = reader.u32()?;
-if constant_count >= NO_CONST {
+if constant_count == NO_CONST {
     return Err(Error::Parser(
         format!(
             "a file claims {constant_count} constants, which reaches the reserved index \
              {NO_CONST} that means 'no constant'",

[0m
The restore from backup predates my clippy fix. Re-applying:
[0m$ [0mcd /home/runner/work/rbops/rbops/redblue && git diff src/bytecode/disasm.rs src/bytecode/codegen.rs src/bytecode/opcode.rs src/bytecode/mod.rs
diff --git a/src/bytecode/codegen.rs b/src/bytecode/codegen.rs
index 799ad73..7117dde 100644
--- a/src/bytecode/codegen.rs
+++ b/src/bytecode/codegen.rs
@@ -17,7 +17,7 @@ use crate::parser::{BinaryOp, Expr, Program, Statement, Stmt, UnaryOp};
 
 use crate::bytecode::format::{Block, BlockKind, Chunk, Constant, Instruction, MAX_BLOCK_DEPTH};
 use crate::bytecode::opcode::Opcode;
-use crate::bytecode::NO_BLOCK;
+use crate::bytecode::{NO_BLOCK, NO_CONST};
 
 /// The name a `repeat ... times` loop counts in.
 ///
@@ -283,7 +283,19 @@ impl Compiler {
                 )?;
                 emit(code, Opcode::DefMethod, block, params.len() as u32, line);
             }
-            Statement::Has { name, .. } => {
+            Statement::Has { name, default } => {
+                // The initial value is compiled in front of the declaration
+                // that consumes it, so a `default` may be any expression
+                // rather than only a literal the pool could hold. A field with
+                // no `default` is initialised to `nothing`, which is what the
+                // tree-walking VM gives it.
+                match default {
+                    Some(expr) => self.expr(expr, code, line)?,
+                    None => {
+                        let nothing = self.constant(Constant::Nothing);
+                        emit(code, Opcode::PushConst, nothing, 0, line);
+                    }
+                }
                 let name = self.text(name);
                 emit(code, Opcode::DefField, name, 0, line);
             }
@@ -303,8 +315,14 @@ impl Compiler {
                     depth,
                     blocks,
                 )?;
-                let inherits = u32::from(extends.is_some());
-                emit(code, Opcode::DefObject, block, inherits, line);
+                // The parent goes in as a name, interned like every other name
+                // in the program: a flag saying "this one extends something"
+                // would leave the file unable to say what.
+                let parent = match extends {
+                    Some(parent) => self.text(parent),
+                    None => NO_CONST,
+                };
+                emit(code, Opcode::DefObject, block, parent, line);
                 let name = self.text(name);
                 emit(code, Opcode::Store, name, 0, line);
             }
diff --git a/src/bytecode/disasm.rs b/src/bytecode/disasm.rs
index df188d7..d6bc27d 100644
--- a/src/bytecode/disasm.rs
+++ b/src/bytecode/disasm.rs
@@ -5,12 +5,16 @@
 //! chunk — it walks blocks and instructions in index order and never sorts or
 //! hashes — so `rb dis` prints the same bytes for the same file every time.
 //!
-//! Every index it prints is checked. A hand-built or corrupt chunk with a jump
-//! past the end of its block prints `?` rather than indexing out of range.
+//! Every index it prints is checked: a constant index, a block index, the
+//! object a `DEF_OBJECT` extends, and a jump target are each resolved against
+//! the thing they index, and one that is out of range says so in the
+//! instruction's comment rather than indexing out of range. The walk over the
+//! block tree keeps its pending blocks on the heap, so it renders a tree far
+//! deeper than the compiler emits rather than running out of stack.
 
 use std::fmt::Write as _;
 
-use crate::bytecode::format::{Block, Chunk, Constant};
+use crate::bytecode::format::{Block, Chunk, Constant, Instruction, NO_BLOCK, NO_CONST};
 use crate::bytecode::opcode::Opcode;
 
 /// The width the mnemonic column is padded to.
@@ -34,86 +38,169 @@ pub fn render(chunk: &Chunk) -> String {
     }
     let _ = writeln!(out);
 
-    render_block(&mut out, chunk, &chunk.main, "main", 0);
+    render_blocks(&mut out, chunk, &chunk.main);
     out
 }
 
-fn render_block(out: &mut String, chunk: &Chunk, block: &Block, path: &str, depth: usize) {
-    for _ in 0..depth {
-        out.push_str("  ");
-    }
-    let _ = writeln!(
-        out,
-        "{} ({}, arity {})",
-        path,
-        block.kind.name(),
-        block.arity
-    );
-
-    for (offset, instruction) in block.code.iter().enumerate() {
-        let opcode = instruction.opcode;
-        let mut line = format!("{offset:04}  {:<MNEMONIC_WIDTH$}", opcode.name());
+/// A block still to render, and where it lands in the output.
+struct Pending<'a> {
+    block: &'a Block,
+    /// `main`, then `main.blocks[0]`, then `main.blocks[0].blocks[1]`.
+    path: String,
+    depth: usize,
+    /// Whether a blank line comes before this block. Every nested block has
+    /// one; `main` has nothing in front of it.
+    blank_before: bool,
+}
 
-        if opcode.has_operand() {
-            let _ = write!(line, "{}", instruction.arg);
-            if opcode.has_aux() {
-                let _ = write!(line, ", {}", instruction.aux);
-            }
+/// Renders `main` and every block nested in it, depth first.
+///
+/// The pending blocks are held in a `Vec` rather than in a call frame per level,
+/// so the cost is the tree and not the machine's stack. Output is identical
+/// either way; only the bookkeeping differs.
+fn render_blocks(out: &mut String, chunk: &Chunk, main: &Block) {
+    let mut pending = vec![Pending {
+        block: main,
+        path: "main".to_string(),
+        depth: 0,
+        blank_before: false,
+    }];
+
+    while let Some(item) = pending.pop() {
+        if item.blank_before {
+            out.push('\n');
         }
-
-        if let Some(comment) = describe(chunk, block, instruction) {
-            let _ = write!(line, "  ; {comment}");
+        let Pending {
+            block,
+            path,
+            depth,
+            blank_before: _,
+        } = item;
+
+        for _ in 0..depth {
+            out.push_str("  ");
         }
+        let _ = writeln!(out, "{path} ({}, arity {})", block.kind.name(), block.arity);
 
-        out.push_str(&line);
-        out.push('\n');
-    }
+        for (offset, instruction) in block.code.iter().enumerate() {
+            out.push_str(&render_instruction(chunk, block, offset, instruction));
+        }
 
-    for (index, child) in block.blocks.iter().enumerate() {
-        let _ = writeln!(out);
-        let child_path = format!("{path}.blocks[{index}]");
-        render_block(out, chunk, child, &child_path, depth + 1);
+        for (index, child) in block.blocks.iter().enumerate().rev() {
+            pending.push(Pending {
+                block: child,
+                path: format!("{path}.blocks[{index}]"),
+                depth: depth + 1,
+                blank_before: true,
+            });
+        }
     }
 }
 
-/// The trailing comment: the source line the instruction came from, and the
-/// value an operand names when it names one.
-fn describe(
+/// One instruction line: the offset, the mnemonic, the operands, and the
+/// comment.
+fn render_instruction(
     chunk: &Chunk,
     block: &Block,
-    instruction: &crate::bytecode::Instruction,
-) -> Option<String> {
-    let mut comment = format!("line {}", instruction.line);
+    offset: usize,
+    instruction: &Instruction,
+) -> String {
+    let opcode = instruction.opcode;
+    let mut line = format!("{offset:04}  {:<MNEMONIC_WIDTH$}", opcode.name());
+
+    if opcode.has_operand() {
+        let _ = write!(line, "{}", instruction.arg);
+        if opcode.has_aux() {
+            // `DEF_OBJECT`'s second operand is a name or the reserved index
+            // that means "extends nothing". Printing the reserved index as a
+            // number would bury the one fact a reader wants from the line.
+            if opcode == Opcode::DefObject && instruction.aux == NO_CONST {
+                let _ = write!(line, ", none");
+            } else {
+                let _ = write!(line, ", {}", instruction.aux);
+            }
+        }
+    }
+
+    let _ = write!(line, "  ; {}", describe(chunk, block, instruction));
+
+    line.push('\n');
+    line
+}
+
+/// The trailing comment: the source line the instruction came from, then what
+/// each operand names when it names something, then where a value is out of
+/// range.
+fn describe(chunk: &Chunk, block: &Block, instruction: &Instruction) -> String {
+    let mut clauses = Vec::new();
 
     if instruction.opcode.takes_constant_index() {
-        match chunk.constants.get(instruction.arg as usize) {
-            Some(Constant::Text(text)) => {
-                let _ = write!(comment, ": {}", text.escape_debug());
-            }
-            Some(constant) => {
-                let _ = write!(comment, ": {constant}");
-            }
-            None => {
-                let _ = write!(
-                    comment,
-                    ": constant {} is out of range (the pool holds {})",
-                    instruction.arg,
-                    chunk.constants.len()
-                );
-            }
+        clauses.push(named_constant(chunk, instruction.arg, ""));
+    }
+
+    // `DEF_OBJECT`'s parent is a name, so it is a constant index too — in
+    // `aux`, and reserved when the object extends nothing.
+    if instruction.opcode == Opcode::DefObject && instruction.aux != NO_CONST {
+        clauses.push(named_constant(chunk, instruction.aux, "extends "));
+    }
+
+    if instruction.opcode.takes_block_index() {
+        clauses.extend(named_block(block, instruction.arg, ""));
+    }
+    if instruction.opcode == Opcode::Try {
+        clauses.extend(named_block(block, instruction.arg, "catch "));
+        clauses.extend(named_block(block, instruction.aux, "finally "));
+    }
+
+    if matches!(instruction.opcode, Opcode::Jump | Opcode::JumpIfFalse) {
+        let target = instruction.arg as usize;
+        if target == block.code.len() {
+            // A jump to one past the last instruction is how a loop or an `if`
+            // at the end of a block leaves it. It is a target, not a defect.
+            clauses.push("end of block".to_string());
+        } else if target > block.code.len() {
+            clauses.push(format!(
+                "target {} is outside this block's {} instructions",
+                instruction.arg,
+                block.code.len()
+            ));
         }
     }
 
-    if matches!(instruction.opcode, Opcode::Jump | Opcode::JumpIfFalse)
-        && (instruction.arg as usize) >= block.code.len()
-    {
-        let _ = write!(
-            comment,
-            ": target {} is outside this block's {} instructions",
-            instruction.arg,
-            block.code.len()
-        );
+    if clauses.is_empty() {
+        return format!("line {}", instruction.line);
     }
+    format!("line {}: {}", instruction.line, clauses.join("; "))
+}
 
-    Some(comment)
+/// What the constant at `index` holds, or that the index is past the end of the
+/// pool. `what` is what the constant is for, so the clause reads as a
+/// sentence: `extends Thing`.
+fn named_constant(chunk: &Chunk, index: u32, what: &str) -> String {
+    match chunk.constants.get(index as usize) {
+        Some(Constant::Text(text)) => format!("{what}{}", text.escape_debug()),
+        Some(constant) => format!("{what}{constant}"),
+        None => format!(
+            "constant {index} is out of range (the pool holds {})",
+            chunk.constants.len()
+        ),
+    }
+}
+
+/// What the block at `index` is, or that the index is past the end of the
+/// block's own list. `NO_BLOCK` is a legal operand rather than an out-of-range
+/// one, so it says nothing.
+fn named_block(block: &Block, index: u32, what: &str) -> Option<String> {
+    match block.blocks.get(index as usize) {
+        Some(child) => Some(format!(
+            "{what}block {index} ({}, `{}`)",
+            child.kind.name(),
+            child.name
+        )),
+        None if index == NO_BLOCK => None,
+        None => Some(format!(
+            "{what}block {index} is out of range (this block holds {})",
+            block.blocks.len()
+        )),
+    }
 }
diff --git a/src/bytecode/mod.rs b/src/bytecode/mod.rs
index a6dae5d..0aba7ba 100644
--- a/src/bytecode/mod.rs
+++ b/src/bytecode/mod.rs
@@ -28,6 +28,6 @@ pub use codegen::compile as compile_program;
 pub use disasm::render as disassemble;
 pub use format::{
     compile_source, Block, BlockKind, Chunk, Constant, Instruction, FORMAT_VERSION,
-    INSTRUCTION_SIZE, MAGIC, MAX_BLOCK_DEPTH, NO_BLOCK,
+    INSTRUCTION_SIZE, MAGIC, MAX_BLOCK_DEPTH, NO_BLOCK, NO_CONST,
 };
 pub use opcode::Opcode;
diff --git a/src/bytecode/opcode.rs b/src/bytecode/opcode.rs
index 1b35c94..f530e8c 100644
--- a/src/bytecode/opcode.rs
+++ b/src/bytecode/opcode.rs
@@ -96,9 +96,11 @@ pub enum Opcode {
     /// to the object being defined.
     DefMethod,
     /// Starts an object body; block `arg` holds its fields and methods and
-    /// `aux` is 1 when the declaration extends another object.
+    /// `aux` is the constant index of the object it extends, or
+    /// [`NO_CONST`](super::NO_CONST) when it extends nothing.
     DefObject,
-    /// Declares a field named `constants[arg]` on the object being defined.
+    /// Pops a field's initial value and declares a field named
+    /// `constants[arg]` on the object being defined.
     DefField,
     /// Runs what follows with handlers in place: block `arg` is the catch body
     /// and block `aux` the finally body, either being
@@ -302,4 +304,22 @@ impl Opcode {
                 | Opcode::Import
         )
     }
+
+    /// Whether this opcode's `arg` is an index into the block list of the
+    /// block that holds the instruction.
+    ///
+    /// The disassembler checks it against that list and says so when it is out
+    /// of range, so a corrupt file is read as a diagnostic rather than left for
+    /// whoever runs it next to discover. `Try`'s is the one that may be
+    /// [`NO_BLOCK`](super::NO_BLOCK).
+    pub fn takes_block_index(self) -> bool {
+        matches!(
+            self,
+            Opcode::DefFunction
+                | Opcode::DefMethod
+                | Opcode::DefObject
+                | Opcode::Try
+                | Opcode::Test
+        )
+    }
 }
[0m
[0m$ [0mcd /home/runner/work/rbops/rbops/redblue && grep -rn "FORMAT_VERSION\|NO_BLOCK\|NO_CONST" src/ --include=*.rs | grep -v "^src/bytecode/"
(no output)
[0m
[0m$ [0mcd /home/runner/work/rbops/rbops/redblue && cargo fmt --all -- --check; echo "GATE 1 fmt: EXIT=$?"; cargo clippy --all-targets -- -D warnings 2>&1 | tail -3; echo "GATE 2 clippy: EXIT=${PIPESTATUS[0]}"
GATE 1 fmt: EXIT=0
[1m[92m    Checking[0m redblue v0.1.0 (/home/runner/work/rbops/rbops/redblue)
[1m[92m    Finished[0m `dev` profile [unoptimized] target(s) in 1.36s
GATE 2 clippy: EXIT=0
[0m
[0m$ [0mcd /home/runner/work/rbops/rbops/redblue && cargo test --all-targets 2>&1 | grep -E "^test result" | awk '{p+=$4; f+=$6; i+=$8} END {print "GATE 3 tests: passed="p, "failed="f, "ignored="i}'; cargo test --doc 2>&1 | grep -E "^test result"; echo "GATE 4 doc EXIT=$?"
GATE 3 tests: passed=433 failed=0 ignored=0
test result: ok. 1 passed; 0 failed; 0 ignored; 0 measured; 0 filtered out; finished in 0.17s
GATE 4 doc EXIT=0
[0m
[0m$ [0mcd /home/runner/work/rbops/rbops/redblue && git diff docs/BYTECODE.md
diff --git a/docs/BYTECODE.md b/docs/BYTECODE.md
index 6948ebc..e02070f 100644
--- a/docs/BYTECODE.md
+++ b/docs/BYTECODE.md
@@ -1,6 +1,6 @@
 # The Redblue bytecode format (`.rbc`)
 
-**Format version: 1.** This document is the normative description of the file
+**Format version: 2.** This document is the normative description of the file
 `rb compile` writes and `rb dis` reads. The encoder and decoder that implement
 it are `src/bytecode/format.rs`; the instruction set is
 `src/bytecode/opcode.rs`.
@@ -53,8 +53,21 @@ A file that does not begin with the magic is refused with
 
 ### Format version
 
-A `u16`. This build reads and writes `1`. Any other value is refused with
-`unknown bytecode format version <n>: this build reads version 1`.
+A `u16`. This build reads and writes `2`. Any other value is refused with
+`unknown bytecode format version <n>: this build reads version 2`.
+
+#### What each version changed
+
+Only operands and one rule changed, not the layout or any byte value.
+
+| Version | Change |
+|---|---|
+| 1 | The original format. |
+| 2 | `DEF_OBJECT`'s secondary operand became the constant index of the object it extends — `NO_CONST` when it extends nothing — where version 1 wrote a flag that discarded the parent's name. `DEF_FIELD` became the consumer of the value pushed immediately before it, so a field's `default` is compiled instead of dropped. The decoder refuses a constant pool that reaches the reserved index `NO_CONST`. |
+
+A version-1 file is refused rather than half-read: the same bytes would mean
+two different things, and rule 2 above is what makes that a new version rather
+than an edit.
 
 ### Constant pool
 
@@ -76,6 +89,10 @@ the file is refused before anything is allocated.
 Text entries are interned by the compiler: a name used a hundred times is one
 entry. Number and `yes`/`no` entries are not interned.
 
+The index `NO_CONST` (`0xFFFFFFFF`) is reserved: it is the operand that says
+"this instruction names no constant", and a file whose declared count would make
+it a real index is refused, so the operand is never ambiguous.
+
 ### Blocks
 
 A block is one `to … end`, one `object … end`, one `test "…" … end`, one
@@ -113,6 +130,14 @@ one by its **index in that list**, so the order is part of the format.
 Blocks nest at most `MAX_BLOCK_DEPTH` (64) deep, the same budget the parser
 enforces on `to … end` nesting. A file that nests deeper is refused.
 
+The limit bounds what a *file* may hold, not what the in-memory tree may be:
+`Chunk`'s fields are public, so a caller can build a deeper tree than the
+compiler emits. Every walk over one — `Chunk::encode`, `Chunk::all_blocks` and
+`rb dis` — keeps its pending blocks on the heap, and dropping a `Block` does
+the same, so a tree of any depth is encoded, printed and freed rather than
+overflowing the stack. A tree past the limit is simply a file this build's
+decoder refuses.
+
 ### Instructions
 
 Every instruction is exactly **13 bytes**.
@@ -180,8 +205,8 @@ always `0`.
 | 37 | `GET_RANGE` | — | operand count | builds a range: 1 count, or 2 bounds, or 2 bounds and a step |
 | 38 | `DEF_FUNCTION` | block index | parameter count | binds a closure whose body is that block |
 | 39 | `DEF_METHOD` | block index | parameter count | adds a method to the object being defined |
-| 40 | `DEF_OBJECT` | block index | 1 when it extends another | starts an object body; the block holds its fields and methods |
-| 41 | `DEF_FIELD` | field name index | — | declares a field on the object being defined |
+| 40 | `DEF_OBJECT` | block index | parent name index, or `NO_CONST` | starts an object body; the block holds its fields and methods |
+| 41 | `DEF_FIELD` | field name index | — | pops the field's initial value and declares it on the object being defined |
 | 42 | `TRY` | catch block index, or `NO_BLOCK` | finally block index, or `NO_BLOCK` | runs what follows with those handlers in place |
 | 43 | `IMPORT` | module name index | — | imports a module |
 | 44 | `TEST` | block index | — | runs the test body |
@@ -191,6 +216,11 @@ always `0`.
 A `try` with no `catch` and no `finally` writes it in both fields and creates
 no blocks.
 
+`NO_CONST` is `0xFFFFFFFF` too, and says "this instruction names no constant":
+`DEF_OBJECT` writes it for an object that extends nothing. The two reserved
+values are never compared against each other — `NO_BLOCK` appears only in a
+block-index operand and `NO_CONST` only in a constant-index one.
+
 An opcode byte this table does not assign is refused with
 `unknown opcode byte <n>`.
 
@@ -200,6 +230,11 @@ A block is entered with an empty stack. An expression leaves its value on top,
 and a statement leaves nothing behind — `STORE`, `SET_PROPERTY`, `POP`, `SAY`
 and `PRINT` all consume what their statement produced.
 
+`DEF_FIELD` is a statement that consumes one: the code in front of it pushes
+the field's initial value, which is what makes a field's `default` able to be
+any expression rather than only a literal. A `has` with no `default` pushes
+`nothing` first, which is the value the tree-walking VM gives such a field.
+
 Two things are held across a stretch of instructions rather than consumed at
 once:
 
@@ -211,7 +246,12 @@ once:
   Stage S1b defines how a `catch` block reads it and how a `finally` block runs
   whether or not there was a fault.
 
-Every jump target is an instruction of the block that holds it.
+A jump target is an instruction offset in the block that holds it, or the
+block's instruction count — one past the last instruction — which means "leave
+this block". That second form is not an exception: a `while` loop or a bare
+`if` at the end of a block has no instruction after it, so its exit jump has
+nowhere else to point. A target *past* the instruction count is malformed, and
+`rb dis` reports it.
 
 ### Names, not slots
 
@@ -245,7 +285,15 @@ have to be rewritten to find them.
 `object Name … end` compiles `DEF_OBJECT` naming an object block, then
 `STORE Name`; the object body holds `DEF_FIELD` for each `has` and
 `DEF_METHOD` for each `to can`, and each method is a block of the object body.
-`test "name"` compiles `TEST` naming a test block.
+`object Child extends Parent … end` is the same shape with the parent's name
+in `DEF_OBJECT`'s secondary operand, interned like any other name, so the file
+says *which* object is extended rather than only that one is. `test "name"`
+compiles `TEST` naming a test block.
+
+`has f default e` compiles `e` and then `DEF_FIELD f`, which pops the value the
+expression produced; `has f` compiles a push of `nothing` and then `DEF_FIELD f`.
+Either way the object body reads as one initialisation per field, in source
+order.
 
 `try … end` compiles `TRY` naming a catch block and a finally block, then the
 protected statements inline. The handlers are separate blocks so the protected
@@ -260,6 +308,8 @@ A decoder must refuse, not guess:
 - a file that ends in the middle of any field
 - a count — constants, instructions, blocks, a string length — larger than the
   bytes actually left, **checked before anything is allocated**
+- a constant count that reaches the reserved index `NO_CONST`, checked from the
+  declared count before any entry is read
 - a constant tag, `yes`/`no` byte or block kind this build does not assign
 - a string that is not valid UTF-8
 - a block nested deeper than `MAX_BLOCK_DEPTH`
@@ -268,10 +318,18 @@ A decoder must refuse, not guess:
 Every one of these is an `Error::Parser` with `Span::unknown()` and a message
 naming what was wrong.
 
+An *operand* is a different matter. The decoder reads records; it does not
+interpret what they address, so a file whose constant index, block index, parent
+name or jump target is out of range is structurally sound and is decoded. Those
+values are reported by `rb dis`, which is where a person reads them, and any VM
+has to check them too when it resolves them. What the decoder does refuse is a
+structure it cannot hold: a tag it does not assign, a count past the bytes
+left, a depth past the limit.
+
 ## What `rb dis` prints
 
 ```
-; redblue bytecode v1
+; redblue bytecode v2
 ; constants: 2
 ;   [0] 1
 ;   [1] n
@@ -293,10 +351,24 @@ nesting. The mnemonic column is padded to the width of the longest mnemonic in
 the *whole* table, so it does not shift with the program.
 
 Each instruction line is the offset, the mnemonic, the operands, and a comment
-carrying the source line and, where the operand names one, the constant it
-names. An index outside the pool and a jump outside the block are reported in
-that comment rather than read.
+carrying the source line and what each operand names. **Every index it prints
+is checked** against the thing it indexes, and an index that is out of range is
+reported in that comment rather than read:
+
+- a constant index outside the pool, including the parent of a `DEF_OBJECT`
+- a block index outside the block's own list, for `DEF_FUNCTION`, `DEF_METHOD`,
+  `DEF_OBJECT`, `TEST` and both halves of a `TRY`
+- a jump target past the end of its block; a jump to the block's instruction
+  count is reported as `end of block`, because that is the documented exit
+
+An operand that has no value to name says nothing: `DEF_OBJECT`'s `NO_CONST`
+prints as `none` rather than as a four-billion-and-something index, and a
+`TRY`'s absent handler prints nothing at all. Where an instruction names more
+than one thing, the clauses are separated by `;`.
 
 The disassembler is a pure function of the chunk: it walks blocks and
 instructions in index order and never sorts or hashes, so `rb dis` prints the
-same bytes for the same file on every run.
\ No newline at end of file
+same bytes for the same file on every run. It keeps its pending blocks on the
+heap rather than recursing per nesting level, so a `Chunk` far deeper than
+`MAX_BLOCK_DEPTH` — which the public fields let a caller build — is printed in
+full instead of overflowing the stack.
\ No newline at end of file
[0m
[0m← [0mEdit docs/BYTECODE.md
Index: /home/runner/work/rbops/rbops/redblue/docs/BYTECODE.md
===================================================================
--- /home/runner/work/rbops/rbops/redblue/docs/BYTECODE.md
+++ /home/runner/work/rbops/rbops/redblue/docs/BYTECODE.md
@@ -57,9 +57,10 @@
 `unknown bytecode format version <n>: this build reads version 2`.
 
 #### What each version changed
 
-Only operands and one rule changed, not the layout or any byte value.
+No byte value and no record layout changed in either version — only what an
+operand means, and one refusal.
 
 | Version | Change |
 |---|---|
 | 1 | The original format. |

[0m
[0m$ [0mcd /home/runner/work/rbops/rbops/redblue && printf '\n' >> docs/BYTECODE.md && tail -c 120 docs/BYTECODE.md | cat -A | tail -3
AX_BLOCK_DEPTH` M-bM-^@M-^T which the public fields let a caller build M-bM-^@M-^T is printed in$
full instead of overflowing the stack.$
[0m
[0m$ [0mcd /home/runner/work/rbops/rbops/redblue && git diff tests/bytecode_test.rs | head -200
diff --git a/tests/bytecode_test.rs b/tests/bytecode_test.rs
index 86df3a6..af01871 100644
--- a/tests/bytecode_test.rs
+++ b/tests/bytecode_test.rs
@@ -10,7 +10,7 @@ use std::process::Command;
 
 use redblue::bytecode::{
     compile_source, disassemble, Block, BlockKind, Chunk, Constant, Instruction, Opcode,
-    FORMAT_VERSION, MAGIC,
+    FORMAT_VERSION, MAGIC, NO_BLOCK, NO_CONST,
 };
 
 fn project_root() -> PathBuf {
@@ -264,10 +264,14 @@ fn edge_declared_counts_larger_than_the_file_are_refused() {
         .expect("program should compile")
         .encode();
 
-    // The constant count sits directly after magic and version. Claiming
-    // 4 billion constants must fail on the count, not by trying to allocate.
+    // The constant count sits directly after magic and version. Claiming far
+    // more constants than the file has bytes for must fail on the count, not by
+    // trying to allocate. The count is below the reserved index `NO_CONST`, so
+    // this is the bytes-left check; the reserved one is
+    // `edge_a_pool_that_reaches_the_reserved_index_is_refused`.
+    let too_many = 1_000_000u32;
     let mut lying = bytes.clone();
-    lying[6..10].copy_from_slice(&u32::MAX.to_le_bytes());
+    lying[6..10].copy_from_slice(&too_many.to_le_bytes());
 
     let error = Chunk::decode(&lying).expect_err("a count past the end of the file is malformed");
     assert!(
@@ -286,6 +290,27 @@ fn edge_declared_counts_larger_than_the_file_are_refused() {
     );
 }
 
+/// `NO_CONST` is the operand that says "this instruction names no constant" —
+/// `DEF_OBJECT` writes it for an object that extends nothing. A file claiming a
+/// pool long enough to reach it would make the operand ambiguous, so it is
+/// refused from the declared count, before anything is read or allocated.
+#[test]
+fn edge_a_pool_that_reaches_the_reserved_constant_index_is_refused() {
+    let bytes = compile_source("say 1\n")
+        .expect("program should compile")
+        .encode();
+
+    let mut lying = bytes.clone();
+    lying[6..10].copy_from_slice(&NO_CONST.to_le_bytes());
+
+    let error = Chunk::decode(&lying).expect_err("a pool reaching the reserved index is refused");
+
+    assert!(
+        error.message().contains("reserved") && error.message().contains(&NO_CONST.to_string()),
+        "the refusal should name the reserved index, got: {error}"
+    );
+}
+
 // ---------------------------------------------------------------------------
 // Codegen
 // ---------------------------------------------------------------------------
@@ -409,38 +434,108 @@ fn loops_and_branches_produce_jumps_inside_their_own_block() {
     );
 }
 
+/// Every jump target is inside its own block *or* is that block's documented
+/// exit — the instruction count, one past the last instruction. Both forms are
+/// legal (`docs/BYTECODE.md` §"A jump target is…"); a target past the count is
+/// not, and neither is a jump into another block.
 #[test]
 fn every_jump_target_is_inside_its_own_block() {
-    let chunk = compile_source(
+    let sources = [
         "set total to 0\nrepeat 3 times\n    set total to total + 1\n    if total is 2 then\n        skip\n    end\nend\n",
-    )
-    .expect("program should compile");
+        // A loop and a bare `if` at the end of a block have no instruction
+        // after them, so their exit jumps land on the instruction count. These
+        // two programs are here so the `<=` below is not vacuously true: they
+        // make the exit form the only legal target those jumps can have.
+        "set i to 0\nwhile i is 1\n    say i\nend\n",
+        "set i to 0\nif i is 1 then\n    say i\nend\n",
+    ];
 
     let mut visited = 0usize;
     let mut backward = 0usize;
-    walk(&chunk.main, &mut |block| {
-        visited += 1;
-        for (index, instruction) in block.code.iter().enumerate() {
-            if matches!(instruction.opcode, Opcode::Jump | Opcode::JumpIfFalse) {
-                assert!(
-                    (instruction.arg as usize) < block.code.len(),
-                    "{:?} jumps to {} but block holds {} instructions",
-                    instruction.opcode.name(),
-                    instruction.arg,
-                    block.code.len()
-                );
-                let _ = index;
+    let mut exits = 0usize;
+    for source in sources {
+        let chunk = compile_source(source)
+            .unwrap_or_else(|e| panic!("program should compile: {e}\n{source}"));
+        walk(&chunk.main, &mut |block| {
+            visited += 1;
+            for instruction in &block.code {
+                if matches!(instruction.opcode, Opcode::Jump | Opcode::JumpIfFalse) {
+                    assert!(
+                        (instruction.arg as usize) <= block.code.len(),
+                        "{:?} jumps to {} but block holds {} instructions",
+                        instruction.opcode.name(),
+                        instruction.arg,
+                        block.code.len()
+                    );
+                    if instruction.arg as usize == block.code.len() {
+                        exits += 1;
+                    }
+                }
+                if instruction.opcode == Opcode::Jump {
+                    backward += 1;
+                }
             }
-            if instruction.opcode == Opcode::Jump {
-                backward += 1;
-            }
-        }
-    });
-    assert!(visited >= 1, "the walk should have reached the main block");
+        });
+    }
+    assert!(visited >= 3, "the walk should have reached every block");
     assert_eq!(
-        backward, 1,
-        "`repeat` compiles to exactly one loop-back jump, got {backward}"
+        backward, 2,
+        "`repeat` and `while` each compile to one loop-back jump, got {backward}"
     );
+    assert_eq!(
+        exits, 2,
+        "the `while` and the `if` should each exit their block by jumping to the instruction count, got {exits}"
+    );
+}
+
+/// A loop or a bare `if` at the end of a block has no instruction after it to
+/// jump to, so its exit jump targets the block's instruction count. That is
+/// the documented way out of a block, not a target past the end of one — and
+/// `rb dis` must not report the compiler's own output as malformed.
+#[test]
+fn edge_a_jump_to_the_end_of_a_block_is_the_exit_not_an_out_of_range_target() {
+    for (source, what) in [
+        ("set i to 0\nwhile i is 1\n    say i\nend\n", "while"),
+        ("set i to 0\nif i is 1 then\n    say i\nend\n", "if"),
+    ] {
+        let chunk = compile_source(source).unwrap_or_else(|e| panic!("{what} should compile: {e}"));
+        let end = chunk.main.code.len() as u32;
+
+        let targets: Vec<u32> = chunk
+            .main
+            .code
+            .iter()
+            .filter(|i| matches!(i.opcode, Opcode::Jump | Opcode::JumpIfFalse))
+            .map(|i| i.arg)
+            .collect();
+        assert!(
+            targets.contains(&end),
+            "{what} at the end of a block should jump out to {end}, got {targets:?}"
+        );
+        for target in &targets {
+            assert!(
+                *target <= end,
+                "{what} emitted a jump to {target}, past the end of {end} instructions"
+            );
+        }
+
+        let text = disassemble(&chunk);
+        assert!(
+            !text.contains("outside this block"),
+            "{what} produced a jump `rb dis` calls out of range:\n{text}"
+        );
+        assert!(
+            text.contains("end of block"),
+            "a jump out of the block should say where it lands:\n{text}"
+        );
+
+        let bytes = chunk.encode();
+        assert_eq!(
+            Chunk::decode(&bytes).expect("should round trip"),
+            chunk,
+            "{what}: the exit convention did not survive a round trip"
+        );
+    }
 }
 
 #[test]
@@ -524,8 +619,11 @@ fn functions_tests_and_methods_become_named_blocks() {
     assert_eq!(methods[0].arity, 1);
     assert_eq!(
         names(objects[0]),
-        vec!["DEF_FIELD", "DEF_METHOD"],
-        "an object body declares its fields and its methods"
+        // A `has` with no `default` initialises its field to `nothing`, and
+        // `DEF_FIELD` consumes that value — see
+        // `a_field_default_is_compiled_before_the_declaration_that_consumes_it`.
[0m
[0m$ [0mcd /home/runner/work/rbops/rbops/redblue && git diff tests/bytecode_test.rs | sed -n '200,420p'
+        // `a_field_default_is_compiled_before_the_declaration_that_consumes_it`.
+        vec!["PUSH_CONST", "DEF_FIELD", "DEF_METHOD"],
+        "an object body initialises its fields and declares its methods"
     );
 
     let tests = blocks_of_kind(&chunk.main, BlockKind::Test);
@@ -533,6 +631,132 @@ fn functions_tests_and_methods_become_named_blocks() {
     assert_eq!(tests[0].name, "thing grows");
 }
 
+/// `object Child extends Parent` has to put `Parent` in the file. A flag
+/// saying "this one extends something" is not enough: the parent chain is
+/// walked by name (`src/vm.rs`, `declare_object`), and a file that carries only
+/// the flag cannot be resolved by anything.
+#[test]
+fn an_extending_object_names_its_parent_in_the_constant_pool() {
+    let chunk = compile_source(
+        "object Base\n    has kind default \"base\"\nend\n\
+         object Child extends Base\n    has size default 1\nend\n",
+    )
+    .expect("program should compile");
+
+    let defs: Vec<&Instruction> = chunk
+        .main
+        .code
+        .iter()
+        .filter(|i| i.opcode == Opcode::DefObject)
+        .collect();
+    assert_eq!(defs.len(), 2, "each object declaration is one DEF_OBJECT");
+
+    assert_eq!(
+        defs[0].aux, NO_CONST,
+        "an object that extends nothing writes the reserved index, not a 0"
+    );
+    assert_eq!(
+        chunk.constants[defs[1].aux as usize],
+        Constant::Text("Base".to_string()),
+        "an extending object names its parent through the constant pool, got {:?}",
+        chunk.constants
+    );
+    assert!(
+        (chunk.constants.len() as u64) < NO_CONST as u64,
+        "no pool this compiler writes can reach the reserved index"
+    );
+    assert_eq!(
+        chunk
+            .constants
+            .iter()
+            .filter(|c| **c == Constant::Text("Base".to_string()))
+            .count(),
+        1,
+        "`Base` is interned once, so the parent and the parent's own binding are \
+         the same constant: {:?}",
+        chunk.constants
+    );
+
+    let bytes = chunk.encode();
+    assert_eq!(
+        Chunk::decode(&bytes).expect("should round trip"),
+        chunk,
+        "the parent name must survive a round trip"
+    );
+
+    let text = disassemble(&chunk);
+    let lines: Vec<&str> = text.lines().filter(|l| l.contains("DEF_OBJECT")).collect();
+    assert_eq!(lines.len(), 2, "one line per declaration:\n{text}");
+    assert!(
+        lines[0].contains(", none"),
+        "an object that extends nothing should read `none`, not a reserved index:\n{text}"
+    );
+    assert!(
+        lines[1].contains("extends Base"),
+        "the disassembly should say which object is extended:\n{text}"
+    );
+}
+
+/// A field's `default` is any expression, so it is compiled: the value is
+/// pushed in front of the `DEF_FIELD` that consumes it. Dropping it, as an
+/// earlier build did, lost `has size default 5 + 2` entirely — the file said
+/// the field existed and nothing about what it was initialised to.
+#[test]
+fn a_field_default_is_compiled_before_the_declaration_that_consumes_it() {
+    let chunk = compile_source("object Thing\n    has size default 5 + 2\n    has label\nend\n")
+        .expect("program should compile");
+
+    let objects = blocks_of_kind(&chunk.main, BlockKind::Object);
+    assert_eq!(objects.len(), 1, "the object body is one block");
+    let body = objects[0];
+
+    assert_eq!(
+        names(body),
+        vec![
+            "PUSH_CONST",
+            "PUSH_CONST",
+            "ADD",
+            "DEF_FIELD", // size, defaulted to 5 + 2
+            "PUSH_CONST",
+            "DEF_FIELD", // label, with no default
+        ],
+        "a default is compiled in front of the declaration that consumes it"
+    );
+
+    assert_eq!(
+        chunk.constants[body.code[0].arg as usize],
+        Constant::Number(5.0),
+        "the default's own constants are in the pool: {:?}",
+        chunk.constants
+    );
+    assert_eq!(
+        chunk.constants[body.code[3].arg as usize],
+        Constant::Text("size".to_string()),
+        "DEF_FIELD names the field; its value came off the stack"
+    );
+    assert_eq!(
+        chunk.constants[body.code[4].arg as usize],
+        Constant::Nothing,
+        "a field with no `default` starts as nothing, which is what the VM gives it"
+    );
+    assert_eq!(
+        chunk.constants[body.code[5].arg as usize],
+        Constant::Text("label".to_string()),
+        "and the second field is named the same way"
+    );
+
+    let bytes = chunk.encode();
+    assert_eq!(
+        Chunk::decode(&bytes).expect("should round trip"),
+        chunk,
+        "a compiled default must survive a round trip"
+    );
+    assert!(
+        disassemble(&chunk).contains("ADD"),
+        "the default should be visible in the disassembly"
+    );
+}
+
 #[test]
 fn try_compiles_to_a_handler_instruction_and_separate_blocks() {
     let chunk =
@@ -815,6 +1039,65 @@ fn rb_compile_writes_a_rbc_that_rb_dis_reads_back() {
     );
 }
 
+/// The definition of done for this stage, end to end through the binary: every
+/// file under `examples/` compiles to a `.rbc`, and `rb dis` reads each one
+/// back to exactly the text `disassemble` gives.
+#[test]
+fn rb_compile_and_dis_cover_every_example_through_the_binary() {
+    let dir = scratch_dir("cli-examples");
+    let examples = example_sources();
+    assert!(
+        examples.len() >= 6,
+        "examples/ holds {} files; the corpus should not shrink silently",
+        examples.len()
+    );
+
+    for (name, source) in examples {
+        let input = dir.join(&name);
+        fs::write(&input, &source).expect("scratch source should be writable");
+        let out = dir.join(format!("{}.rbc", name.trim_end_matches(".rb")));
+
+        let compile = Command::new(env!("CARGO_BIN_EXE_rb"))
+            .arg("compile")
+            .arg(&input)
+            .arg("-o")
+            .arg(&out)
+            .output()
+            .expect("rb should be runnable");
+        assert!(
+            compile.status.success(),
+            "rb compile examples/{name} failed: {}",
+            String::from_utf8_lossy(&compile.stderr)
+        );
+        assert!(out.exists(), "rb compile wrote no .rbc for examples/{name}");
+
+        let bytes = fs::read(&out).expect("the .rbc should be readable");
+        assert_eq!(
+            bytes,
+            compile_source(&source)
+                .unwrap_or_else(|e| panic!("examples/{name} should compile: {e}"))
+                .encode(),
+            "examples/{name} compiled by the binary differs from the library"
+        );
+
+        let dis = Command::new(env!("CARGO_BIN_EXE_rb"))
+            .arg("dis")
+            .arg(&out)
+            .output()
+            .expect("rb should be runnable");
+        assert!(
+            dis.status.success(),
+            "rb dis on examples/{name} failed: {}",
+            String::from_utf8_lossy(&dis.stderr)
+        );
+        assert_eq!(
+            String::from_utf8(dis.stdout).expect("disassembly is text"),
+            disassemble(&Chunk::decode(&bytes).expect("the written file should decode")),
+            "rb dis on examples/{name} did not print disassemble()"
+        );
+    }
+}
+
 #[test]
 fn edge_rb_dis_refuses_a_source_file_and_a_missing_file() {
     let dir = scratch_dir("cli-refusals");
@@ -1032,6 +1315,181 @@ fn edge_blocks_nested_past_the_limit_are_refused_when_decoding() {
     );
 }
 
+/// A chain of empty blocks `depth` deep.
+///
+/// The compiler refuses to nest past `MAX_BLOCK_DEPTH` and so does the decoder,
+/// but `Block`'s fields are public: a caller can still build a deeper tree, and
+/// everything that walks one has to cope with it.
+fn deep_block_chain(depth: usize) -> Block {
+    let mut block = Block {
+        name: String::new(),
+        kind: BlockKind::Main,
+        arity: 0,
+        code: Vec::new(),
+        blocks: Vec::new(),
[0m
[0m→ [0mRead src/bytecode/disasm.rs[90m [limit=100][0m
[0m
[0m$ [0mcd /home/runner/work/rbops/rbops/redblue && sed -n '1393,1402p' src/vm.rs; echo "--- declare_object:"; grep -n "fn declare_object" src/vm.rs
Statement::Has {
                    name: field,
                    default,
                } => {
                    let value = match default {
                        Some(expr) => self.evaluate(expr)?,
                        None => Value::Nothing,
                    };
                    fields.insert(field.clone(), value);
                }
--- declare_object:
1375:    fn declare_object(
[0m
[0m$ [0mcd /home/runner/work/rbops/rbops/redblue && sed -n '1,60p' phases/phase-018/REPORT.md
# Phase 018 — Bytecode format and disassembler (bootstrap S1a)

## Reproduction of the finding

Before this phase there was no bytecode representation to bootstrap toward:

```
$ git show 563a351^:src/lib.rs | grep -c bytecode
0
$ ls src/bytecode
ls: cannot access 'src/bytecode': No such file or directory
```

`Lexer → Parser → Analyzer → VM` was the whole pipeline; nothing emitted
anything another process could read. Both commands are run at the parent of the
phase-018 checkpoint and are reproduced by `git show 563a351^:src/lib.rs`.

The finding no longer reproduces on `main`.

## What changed

| File | Lines | What |
|---|---|---|
| `docs/BYTECODE.md` | +374 −0 | the normative format: magic, `FORMAT_VERSION`, header, constant pool, block records, 13-byte instruction record, the opcode table, the reading rules and what `rb dis` prints |
| `src/bytecode/mod.rs` | +33 −0 | module surface — `compile_source`, `Chunk`, `disassemble`, `Opcode`, `FORMAT_VERSION`, `MAX_BLOCK_DEPTH`, `NO_BLOCK`, `NO_CONST` |
| `src/bytecode/opcode.rs` | +325 −0 | the opcode table, each opcode's operand/aux usage, and which operand is a constant index or a block index |
| `src/bytecode/format.rs` | +568 −0 | `Chunk`/`Block`/`Constant`/`Instruction`, the encoder, and a `Reader` that bounds-checks every field and every declared count |
| `src/bytecode/codegen.rs` | +548 −0 | AST → bytecode, one pass per block, interning names into a canonical constant pool |
| `src/bytecode/disasm.rs` | +206 −0 | chunk → text; index order only, every printed index checked, heap walk over the block tree |
| `src/lib.rs` | +67 −2 | `pub mod bytecode`, re-exports, `rb compile` and `rb dis`, help text |
| `tests/bytecode_test.rs` | +1602 −0 | 43 tests |

Continuation pass — a defect found in the checkpoint's own output, fixed:

| File | Lines | What |
|---|---|---|
| `src/bytecode/disasm.rs` | +15 −11 | a jump to one past the last instruction is the block exit, not an out-of-range target; only a target *past* it is reported |
| `docs/BYTECODE.md` | +10 −4 | the "every jump target is an instruction of the block" claim was false; the exit form is now specified |
| `tests/bytecode_test.rs` | +109 −0 | two tests, below |

### The defect the continuation pass fixed

`patch_here` (`src/bytecode/codegen.rs`) points an exit jump at the next
instruction to be emitted, which for a `while` or a bare `if` at the end of a
block is the instruction count. The disassembler compared with `>=`, so the
compiler's own valid output was reported as malformed:

```
$ ./target/debug/rb compile target/tmp/w.rb -o target/tmp/w.rbc
$ ./target/debug/rb dis target/tmp/w.rbc
0005  JUMP_IF_FALSE    9  ; line 2: target 9 is outside this block's 9 instructions
```

The instruction count is now a documented, legal target meaning "leave this
block", and only a target past it is reported. `docs/BYTECODE.md` stated the
opposite of what the compiler emits; it now states what the compiler emits.

## Review round 1

An adversarial review of the pass above returned five findings: two BLOCKER,
[0m
[0m$ [0mcd /home/runner/work/rbops/rbops/redblue && wc -l docs/BYTECODE.md src/bytecode/*.rs tests/bytecode_test.rs
375 docs/BYTECODE.md
   548 src/bytecode/codegen.rs
   206 src/bytecode/disasm.rs
   568 src/bytecode/format.rs
    33 src/bytecode/mod.rs
   325 src/bytecode/opcode.rs
  1602 tests/bytecode_test.rs
  3657 total
[0m
[0m← [0mEdit phases/phase-018/REPORT.md
Index: /home/runner/work/rbops/rbops/redblue/phases/phase-018/REPORT.md
===================================================================
--- /home/runner/work/rbops/rbops/redblue/phases/phase-018/REPORT.md
+++ /home/runner/work/rbops/rbops/redblue/phases/phase-018/REPORT.md
@@ -62,8 +62,18 @@
 constructs the compiler silently dropped on the way to the file — so fixing them
 changed what a file means, and `FORMAT_VERSION` moved from 1 to 2 by the
 format's own rule.
 
+| File | Lines | What |
+|---|---|---|
+| `src/bytecode/codegen.rs` | +18 | `extends` interns the parent's name instead of a flag; a field's `default` is compiled in front of the `DEF_FIELD` that consumes it |
+| `src/bytecode/format.rs` | +71 | `NO_CONST` and the refusal of a pool that reaches it; `encode`, `all_blocks` and `Drop` all walk on the heap |
+| `src/bytecode/opcode.rs` | +20 | what `DEF_OBJECT`'s second operand and `DEF_FIELD`'s stack effect are, and which opcodes take a block index |
+| `src/bytecode/disasm.rs` | +83 | a heap walk over the block tree, and a check for every index it prints |
+| `src/bytecode/mod.rs` | ±0 | re-exports `NO_CONST` |
+| `docs/BYTECODE.md` | +67 | version 2, a version history, the stack discipline, what the decoder refuses versus what `rb dis` reports |
+| `tests/bytecode_test.rs` | +349 | five new tests; four existing ones tightened, none deleted |
+
 ### BLOCKER 1 — `extends` threw the parent's name away
 
 `Statement::Object` compiled to `u32::from(extends.is_some())`: one bit in
 `DEF_OBJECT`'s secondary operand, no operand for *which* object. The parent

[0m
[0m✗ [0mEdit phases/phase-018/REPORT.md failed
[91m[1mError: [0mNo changes to apply: oldString and newString are identical.
[0m
[0m$ [0mcd /home/runner/work/rbops/rbops/redblue && python3 - <<'PY'
p='phases/phase-018/REPORT.md'
s=open(p).read()
s=s.replace("| `docs/BYTECODE.md` | +374 −0 |","| `docs/BYTECODE.md` | +375 −0 |")
s=s.replace("""- [x] `docs/BYTECODE.md` specifies the format, version and encoding — 374
      lines;""","""- [x] `docs/BYTECODE.md` specifies the format, version and encoding — 375
      lines;""")
open(p,'w').write(s)
PY
grep -n "375" phases/phase-018/REPORT.md
24:| `docs/BYTECODE.md` | +375 −0 | the normative format: magic, `FORMAT_VERSION`, header, constant pool, block records, 13-byte instruction record, the opcode table, the reading rules and what `rb dis` prints |
189:- [x] `docs/BYTECODE.md` specifies the format, version and encoding — 375
[0m
[0m# [0mTodos
[✓] BLOCKER 1: encode DEF_OBJECT's parent object name (constant index + NO_CONST sentinel) and bump FORMAT_VERSION
[✓] BLOCKER 2: encode a `has ... default <expr>` value (push before DEF_FIELD)
[✓] MAJOR 4: walk the block tree iteratively in disasm/collect/encode/drop (no per-level recursion)
[✓] MAJOR 5: bounds-check block operands (and the parent name index) so every printed index is checked
[✓] MAJOR 3: test at 426 must allow the documented exit form (<=) and pin it
[✓] Update docs/BYTECODE.md to the version-2 format
[✓] Add tests: extends, non-trivial default, deep-tree walk, block-index reporting, reserved index
[✓] Update phases/phase-018/FINDINGS.md and REPORT.md for round 1
[•] Re-run the four gates: fmt --check, clippy -D warnings, test --all-targets, test --doc
[0m
Final run of all four gates on the finished tree:
[0m$ [0mcd /home/runner/work/rbops/rbops/redblue && echo "=== GATE 1: cargo fmt --all -- --check" && cargo fmt --all -- --check && echo "PASS" && echo "=== GATE 2: cargo clippy --all-targets -- -D warnings" && cargo clippy --all-targets -- -D warnings 2>&1 | tail -2 && echo "PASS"
=== GATE 1: cargo fmt --all -- --check
PASS
=== GATE 2: cargo clippy --all-targets -- -D warnings
[1m[92m    Finished[0m `dev` profile [unoptimized] target(s) in 0.09s
PASS
[0m
[0m$ [0mcd /home/runner/work/rbops/rbops/redblue && echo "=== GATE 3: cargo test --all-targets" && cargo test --all-targets 2>&1 | grep -E "^test result" | awk '{p+=$4; f+=$6; i+=$8} END {print "passed="p" failed="f" ignored="i}'
=== GATE 3: cargo test --all-targets
passed=433 failed=0 ignored=0
[0m
[0m$ [0mcd /home/runner/work/rbops/rbops/redblue && echo "=== GATE 4: cargo test --doc" && cargo test --doc 2>&1 | tail -4
=== GATE 4: cargo test --doc
test src/bytecode/mod.rs - bytecode (line 12) ... ok

test result: ok. 1 passed; 0 failed; 0 ignored; 0 measured; 0 filtered out; finished in 0.17s
[0m
[0m$ [0mcd /home/runner/work/rbops/rbops/redblue && grep -rn "#\[ignore\]\|// skip\|allow(clippy::" src/bytecode tests/bytecode_test.rs | wc -l; echo "--- ignore/skip/allow count above (expect 0)"; for f in examples/*.rb; do printf "%-30s" "$f"; ./target/debug/rb run "$f" >/dev/null 2>&1 && echo "run ok" || echo "run FAIL"; done
0
--- ignore/skip/allow count above (expect 0)
examples/files.rb             run ok
examples/fizzbuzz.rb          run ok
examples/formats.rb           run ok
examples/hello.rb             run ok
examples/test_arithmetic.rb   run ok
examples/time.rb              run ok
[0m
[0m$ [0mcd /home/runner/work/rbops/rbops/redblue && rm -f target/tmp/ob.rb target/tmp/ob.rbc target/tmp/doc.rb target/tmp/doc.rbc && git status --short && git diff --stat
M docs/BYTECODE.md
 M phases/phase-018/FINDINGS.md
 A phases/phase-018/REPORT.md
 M src/bytecode/codegen.rs
 M src/bytecode/disasm.rs
 M src/bytecode/format.rs
 M src/bytecode/mod.rs
 M src/bytecode/opcode.rs
 M tests/bytecode_test.rs
 docs/BYTECODE.md             |  97 +++++++-
 phases/phase-018/FINDINGS.md |  15 +-
 phases/phase-018/REPORT.md   | 331 +++++++++++++++++++++++++++
 src/bytecode/codegen.rs      |  26 ++-
 src/bytecode/disasm.rs       | 217 ++++++++++++------
 src/bytecode/format.rs       | 135 ++++++++---
 src/bytecode/mod.rs          |   2 +-
 src/bytecode/opcode.rs       |  24 +-
 tests/bytecode_test.rs       | 516 ++++++++++++++++++++++++++++++++++++++++---
 9 files changed, 1214 insertions(+), 149 deletions(-)
[0m
All five findings are fixed, with the two BLOCKERs and the three MAJORs.

**BLOCKER 1 — `extends` discarded the parent name.** `DEF_OBJECT`'s secondary operand is now the interned constant index of the parent, with a new `NO_CONST` reserved index for "extends nothing" (mirroring `NO_BLOCK`). `rb dis` prints `none` and names the parent: `0002  DEF_OBJECT 1, 2  ; line 5: extends Base; block 1 (object, Child)`. A pool that could reach `NO_CONST` is refused from the declared count (`src/bytecode/format.rs:281`), so the operand is never ambiguous.

**BLOCKER 2 — `has f default e` discarded the value.** `DEF_FIELD` now consumes the value pushed in front of it, so any expression is a default; `has f` pushes `nothing`, as the VM gives it. `has size default 5 + 2` compiles to `PUSH_CONST, PUSH_CONST, ADD, DEF_FIELD`.

Both changed what a file means, so `FORMAT_VERSION` went 1 → 2 per the format's own rule 2 — a checkpoint-era `.rbc` is now refused with a named message.

**MAJOR 3** — `every_jump_target_is_inside_its_own_block` asserted `<` while the spec defines `== code.len()` as the legal exit; it now asserts `<=` across three programs and pins `exits == 2` so the check isn't vacuous.

**MAJOR 4** — `render_blocks`, `all_blocks`, `encode` and (found by the new test dying) `Drop for Block` all recursed per nesting level; all four are explicit-stack now, in the same DFS order.

**MAJOR 5** — block operands are bounds-checked (`DefFunction`, `DefMethod`, `DefObject`, `Test`, both halves of `Try`) as is the parent index, so the module's "every printed index is checked" is now true. The decoder still accepts an out-of-range *operand* — it reads records, it does not resolve them — and the doc now says so explicitly instead of implying otherwise.

**Gates** (re-run on the finished tree): `cargo fmt --all -- --check` pass · `cargo clippy --all-targets -- -D warnings` pass · `cargo test --all-targets` 433 passed / 0 failed / 0 ignored (43 in `bytecode_test`) · `cargo test --doc` 1 passed. `./rbops/verify.sh` is still absent from this checkout and is recorded as *not run*. 0 `#[ignore]`, `// skip` or `allow(clippy::`; no test deleted.

I did not take the tests on trust: restoring each old behaviour makes its test fail, and restoring recursion aborts the new depth test with `has overflowed its stack` in all four places. `REPORT.md` records that table, and `edge_declared_counts_larger_than_the_file_are_refused` now claims1,000,000 constants instead of `u32::MAX` so it keeps testing the bytes-left check instead of shadowing the new reserved-index test.
