[0m
> build · space-bunny-free
[0m
[0m$ [0mgit status --short && git log --oneline -5
189dd38 rbops: phase-016 (2026-10-04T20:24:25Z)
2c4f470 rbops: phase-016 (2026-10-04T17:19:54Z)
58d9644 rbops: phase-015 (2026-10-04T12:38:03Z)
329e83d rbops: phase-015 (2026-10-04T12:30:57Z)
27d4aeb rbops: phase-014 (2026-10-04T11:39:19Z)
[0m
I'll start by running the four gates to see the current state.
[0m$ [0mls && ls phases/phase-016/ 2>/dev/null; ls rbops 2>&1 | head -3
AGENTS.md
CODE_OF_CONDUCT.md
CONTRIBUTING.md
Cargo.lock
Cargo.toml
HANDOUT.md
LICENSE
PHILOSOPHY.md
README.md
ROADMAP.md
SPEC.md
docs
err.txt
errors.txt
examples
export.sh
modules
phases
src
target
test.redblue
tests
tooling
FINDINGS.md
REPORT.md
ls: cannot access 'rbops': No such file or directory
[0m
[0m$ [0mcargo fmt --all -- --check 2>&1 | tail -20; echo "FMT_EXIT=$?"
FMT_EXIT=0
[0m
[0m$ [0mls tests/ && ls phases/
call_depth_test.rs
closure_capture_test.rs
discovery_test.rs
expect_test.rs
formatter_test.rs
index_bounds_test.rs
integration_test.rb
lexer_robustness_test.rs
linter_test.rs
loop_bounds_test.rs
numeric_edge_test.rs
object_model_test.rs
parser_hardening_test.rs
record_order_test.rs
redblue_suite_test.rs
redblue_test.rs
span_test.rs
stdlib_modules_test.rs
suite.rb
test_arithmetic.rb
test_closures.rb
test_control_flow.rb
test_functions.rb
test_lists.rb
test_modules.rb
test_numeric_edges.rb
test_object_model.rb
test_objects.rb
test_records.rb
test_text.rb
phase-002
phase-003
phase-004
phase-006
phase-007
phase-008
phase-009
phase-010
phase-011
phase-012
phase-013
phase-014
phase-015
phase-016
[0m
[0m$ [0mcargo clippy --all-targets -- -D warnings 2>&1 | tail -20
[1m[92m    Checking[0m base64 v0.21.7
[1m[92m    Checking[0m core_detect v1.0.0
[1m[92m    Checking[0m encoding_rs v0.8.42
[1m[92m    Checking[0m serde v1.0.229
[1m[92m    Checking[0m regex-automata v0.4.18
[1m[92m    Checking[0m serde_urlencoded v0.7.1
[1m[92m    Checking[0m hyper v0.14.32
[1m[92m    Checking[0m rustls-pemfile v1.0.4
[1m[92m    Checking[0m url v2.5.8
[1m[92m    Checking[0m num-traits v0.2.19
[1m[92m    Checking[0m mime v0.3.17
[1m[92m    Checking[0m sync_wrapper v0.1.2
[1m[92m    Checking[0m iana-time-zone v0.1.65
[1m[92m    Checking[0m ipnet v2.12.2
[1m[92m    Checking[0m chrono v0.4.45
[1m[92m    Checking[0m regex v1.13.1
[1m[92m    Checking[0m hyper-tls v0.5.0
[1m[92m    Checking[0m reqwest v0.11.27
[1m[92m    Checking[0m redblue v0.1.0 (/home/runner/work/rbops/rbops/redblue)
[1m[92m    Finished[0m `dev` profile [unoptimized] target(s) in 9.15s
[0m
[0m$ [0mcargo test --all-targets 2>&1 | tail -60
test edge_render_of_a_span_past_the_last_line_still_reports_the_location ... ok
test edge_render_without_a_file_omits_the_file_name ... ok
test edge_unknown_span_renders_message_only ... ok
test edge_empty_source_is_a_valid_empty_program ... ok
test test_analyzer_error_carries_position ... ok
test edge_runtime_error_reports_the_statement_position ... ok
test edge_runtime_error_inside_a_loop_reports_the_inner_statement ... ok
test test_every_failed_program_reports_a_position ... ok
test test_lexer_error_carries_position ... ok
test test_io_error_has_no_span ... ok
test test_render_draws_source_line_and_caret ... ok
test test_parser_error_reports_line_and_column ... ok

test result: ok. 15 passed; 0 failed; 0 ignored; 0 measured; 0 filtered out; finished in 0.00s

[1m[92m     Running[0m tests/stdlib_modules_test.rs (target/debug/deps/stdlib_modules_test-44e8a6e80a6961d9)

running 39 tests
test csv_quoted_field_keeps_its_inner_spaces ... ok
test csv_quoted_field_may_contain_a_newline ... ok
test csv_doubled_quote_is_one_literal_quote ... ok
test csv_quoted_field_with_embedded_comma_is_one_cell ... ok
test csv_unicode_cells_survive_the_parse ... ok
test edge_csv_argument_of_the_wrong_type_is_an_error ... ok
test csv_parses_crlf_and_lf_the_same ... ok
test edge_csv_ragged_rows_keep_their_own_cells ... ok
test edge_csv_unterminated_quote_is_an_error ... ok
test edge_csv_row_index_out_of_bounds_is_a_clean_error ... ok
test edge_csv_empty_text_and_a_blank_line ... ok
test edge_empty_file_reads_as_empty_text ... ok
test edge_files_paths_that_name_nothing_readable_are_errors ... ok
test edge_files_unreadable_file_is_an_error_when_unprivileged ... ok
test edge_json_argument_of_the_wrong_type_is_an_error ... ok
test edge_files_argument_of_the_wrong_type_is_an_error ... ok
test edge_json_control_characters_are_escaped_on_write ... ok
test edge_files_read_of_a_missing_file_is_a_catchable_error ... ok
test edge_json_duplicate_key_keeps_the_last_value ... ok
test edge_json_missing_field_is_nothing_and_present_field_is_not ... ok
test edge_json_numeric_boundaries ... ok
test edge_json_malformed_input_is_an_error ... ok
test edge_json_singleton_and_scalar_values ... ok
test edge_unknown_json_escape_is_an_error_not_silent_corruption ... ok
test files_append_creates_then_appends ... ok
test files_copy_and_rename_move_content ... ok
test files_exists_and_delete_bracket_a_files_life ... ok
test files_handles_a_path_with_spaces ... ok
test files_lines_splits_lines_and_keeps_blank_ones ... ok
test files_paths_are_relative_to_the_working_directory_and_not_confined ... ok
test files_write_then_read_round_trips_in_a_temp_dir ... ok
test json_record_keys_are_escaped_when_written ... ok
test json_round_trips_nesting_unicode_and_empty_containers ... ok
test json_stringify_keeps_field_order ... ok
test json_unicode_escape_decodes_to_its_character ... ok
test json_unicode_text_survives_stringify_unchanged ... ok
test edge_network_rejects_an_argument_that_is_not_a_url ... ok
test network_timeouts_are_published_and_bounded ... ok
test edge_network_get_to_a_black_holed_address_gives_up ... ok

test result: ok. 39 passed; 0 failed; 0 ignored; 0 measured; 0 filtered out; finished in 5.07s
[0m
[0m$ [0mcargo test --all-targets 2>&1 | grep -E "^test result|Running|error|FAILED|failures" | head -60
[1m[92m     Running[0m unittests src/lib.rs (target/debug/deps/redblue-7d7ce44e2f853c89)
test result: ok. 6 passed; 0 failed; 0 ignored; 0 measured; 0 filtered out; finished in 0.00s
[1m[92m     Running[0m unittests src/main.rs (target/debug/deps/rb-8167dd149c470e83)
test result: ok. 0 passed; 0 failed; 0 ignored; 0 measured; 0 filtered out; finished in 0.00s
[1m[92m     Running[0m tests/call_depth_test.rs (target/debug/deps/call_depth_test-013268260908da46)
test depth_error_is_catchable_by_try_catch ... ok
test infinite_recursion_is_a_runtime_error_not_a_stack_overflow ... ok
test result: ok. 11 passed; 0 failed; 0 ignored; 0 measured; 0 filtered out; finished in 0.40s
[1m[92m     Running[0m tests/closure_capture_test.rs (target/debug/deps/closure_capture_test-7d26f2e51ac08c64)
test edge_a_closure_calling_an_undefined_name_is_a_caught_error ... ok
test edge_unbounded_closure_recursion_is_a_caught_error ... ok
test result: ok. 26 passed; 0 failed; 0 ignored; 0 measured; 0 filtered out; finished in 0.10s
[1m[92m     Running[0m tests/discovery_test.rs (target/debug/deps/discovery_test-79de866773a12d8a)
test edge_non_utf8_rb_file_is_reported_as_an_io_error ... ok
test edge_project_tests_directory_has_no_failures ... ok
test result: ok. 13 passed; 0 failed; 0 ignored; 0 measured; 0 filtered out; finished in 0.25s
[1m[92m     Running[0m tests/expect_test.rs (target/debug/deps/expect_test-801527129008a328)
test edge_division_by_zero_is_a_runtime_error_not_an_assertion ... ok
test edge_malformed_expect_is_a_parse_error ... ok
test result: ok. 21 passed; 0 failed; 0 ignored; 0 measured; 0 filtered out; finished in 0.01s
[1m[92m     Running[0m tests/formatter_test.rs (target/debug/deps/formatter_test-fc355be720350638)
test edge_unclosed_block_is_a_parser_error ... ok
test result: ok. 39 passed; 0 failed; 0 ignored; 0 measured; 0 filtered out; finished in 0.58s
[1m[92m     Running[0m tests/index_bounds_test.rs (target/debug/deps/index_bounds_test-eeb24cdcbfe3acce)
test an_index_that_is_not_a_whole_number_is_a_runtime_error ... ok
test edge_an_out_of_bounds_error_names_the_index_it_was_given ... ok
test indexing_into_an_empty_list_is_a_runtime_error ... ok
test edge_out_of_bounds_index_is_a_runtime_error_not_a_silent_nothing ... ok
test indexing_a_non_list_or_a_field_of_a_non_record_is_a_runtime_error ... ok
test result: ok. 8 passed; 0 failed; 0 ignored; 0 measured; 0 filtered out; finished in 0.00s
[1m[92m     Running[0m tests/lexer_robustness_test.rs (target/debug/deps/lexer_robustness_test-3ecbca6637402e5f)
test edge_escape_at_end_of_input_inside_a_string_is_still_an_error ... ok
test edge_invalid_utf8_file_is_an_io_error_not_a_panic ... ok
test test_unterminated_string_is_a_spanned_lexer_error ... ok
test result: ok. 16 passed; 0 failed; 0 ignored; 0 measured; 0 filtered out; finished in 0.00s
[1m[92m     Running[0m tests/linter_test.rs (target/debug/deps/linter_test-04311e5f5be14e2a)
test a_missing_end_is_reported_as_an_error ... ok
test a_wellformed_program_reports_no_errors ... ok
test edge_a_missing_field_is_not_a_lint_error ... ok
test edge_a_record_with_a_repeated_key_is_not_a_lint_error ... ok
test edge_numeric_and_index_edges_are_not_lint_errors ... ok
test edge_rb_lint_prints_the_line_of_a_syntax_error_and_exits_nonzero ... ok
test edge_stray_token_is_an_error_and_not_a_panic ... ok
test edge_unclosed_list_is_an_error_and_not_a_panic ... ok
test edge_unterminated_string_is_an_error_and_not_a_panic ... ok
test the_corpus_produces_no_lint_errors ... ok
test result: ok. 48 passed; 0 failed; 0 ignored; 0 measured; 0 filtered out; finished in 0.02s
[1m[92m     Running[0m tests/loop_bounds_test.rs (target/debug/deps/loop_bounds_test-e5c79236bf0caf6e)
test edge_count_beyond_i64_is_a_clean_error_not_a_panic ... ok
test infinite_while_loop_terminates_with_a_clean_error ... ok
test result: ok. 22 passed; 0 failed; 0 ignored; 0 measured; 0 filtered out; finished in 1.01s
[1m[92m     Running[0m tests/numeric_edge_test.rs (target/debug/deps/numeric_edge_test-a26f846a4d9316a7)
test edge_a_malformed_number_literal_is_a_lexer_error_not_a_silent_zero ... ok
test edge_division_by_zero_still_reports_an_error_for_every_numerator ... ok
test edge_an_index_at_the_numeric_limit_is_an_error_not_a_panic ... ok
test edge_overflow_to_a_non_finite_number_is_a_runtime_error ... ok
test modulo_by_zero_is_a_runtime_error ... ok
test result: ok. 20 passed; 0 failed; 0 ignored; 0 measured; 0 filtered out; finished in 0.00s
[1m[92m     Running[0m tests/object_model_test.rs (target/debug/deps/object_model_test-2738feab8dcf5240)
test edge_malformed_object_declarations_are_parse_errors ... ok
[0m
[0m$ [0mcargo test --all-targets 2>&1 | grep -E "test result:" | awk -F'[ ;]' '{s+=$4} END {print "TOTAL PASSED:", s}'; cargo test --all-targets 2>&1 | grep -E "failed|FAILED" | head
TOTAL PASSED: 371
test result: ok. 6 passed; 0 failed; 0 ignored; 0 measured; 0 filtered out; finished in 0.00s
test result: ok. 0 passed; 0 failed; 0 ignored; 0 measured; 0 filtered out; finished in 0.00s
test result: ok. 11 passed; 0 failed; 0 ignored; 0 measured; 0 filtered out; finished in 0.19s
test result: ok. 26 passed; 0 failed; 0 ignored; 0 measured; 0 filtered out; finished in 0.10s
test result: ok. 13 passed; 0 failed; 0 ignored; 0 measured; 0 filtered out; finished in 0.24s
test result: ok. 21 passed; 0 failed; 0 ignored; 0 measured; 0 filtered out; finished in 0.01s
test result: ok. 39 passed; 0 failed; 0 ignored; 0 measured; 0 filtered out; finished in 0.58s
test a_nested_index_out_of_bounds_reports_the_index_that_failed ... ok
test result: ok. 8 passed; 0 failed; 0 ignored; 0 measured; 0 filtered out; finished in 0.00s
test result: ok. 16 passed; 0 failed; 0 ignored; 0 measured; 0 filtered out; finished in 0.00s
[0m
[0m$ [0mcargo build 2>&1 | tail -3; ls -la target/debug/rb
[1m[92m    Finished[0m `dev` profile [unoptimized] target(s) in 0.05s
-rwxr-xr-x 2 runner runner 12025440 Oct  4 23:17 target/debug/rb
[0m
[0m$ [0mfor f in examples/*.rb; do out=$(./target/debug/rb lint "$f"); if [ -n "$out" ]; then echo "=== $f"; echo "$out"; fi; done; echo "--- examples done ---"
--- examples done ---
[0m
[0m$ [0mfor f in tests/*.rb; do out=$(./target/debug/rb lint "$f"); if [ -n "$out" ]; then echo "=== $f"; echo "$out"; fi; done; echo "--- tests done ---"
Warning: line 47: Unused variable: 'past_end'
Warning: line 145: Unused variable: 'row'
Warning: line 153: Unused variable: 'cells'
Warning: line 170: Unused variable: 'bad'
Warning: line 88: Unused variable: 'bad'
Warning: line 74: Unused variable: 'bad'
Warning: line 52: Parameter 'v' shadows an outer variable
Warning: line 189: Unused variable: 'ignored'
Warning: line 175: Unused variable: 'only_inside'
Warning: line 108: Unused variable: 'bad'
Warning: line 195: Unused variable: 'marker'
Warning: line 124: Unused variable: 'item'
Warning: line 197: Unused variable: 'bad'
Warning: line 11: Unused variable: 'x'
Warning: line 124: Unused variable: 'bad'
Warning: line 40: Unused variable: 'name'
Warning: line 121: Unused variable: 'bad'
Warning: line 139: Unused variable: 'word'
--- tests done ---
[0m
[0m$ [0mfor f in tests/*.rb; do out=$(./target/debug/rb lint "$f"); if [ -n "$out" ]; then echo "=== $f"; echo "$out"; fi; done
Warning: line 47: Unused variable: 'past_end'
Warning: line 145: Unused variable: 'row'
Warning: line 153: Unused variable: 'cells'
Warning: line 170: Unused variable: 'bad'
Warning: line 88: Unused variable: 'bad'
Warning: line 74: Unused variable: 'bad'
Warning: line 52: Parameter 'v' shadows an outer variable
Warning: line 189: Unused variable: 'ignored'
Warning: line 175: Unused variable: 'only_inside'
Warning: line 108: Unused variable: 'bad'
Warning: line 195: Unused variable: 'marker'
Warning: line 124: Unused variable: 'item'
Warning: line 197: Unused variable: 'bad'
Warning: line 11: Unused variable: 'x'
Warning: line 124: Unused variable: 'bad'
Warning: line 40: Unused variable: 'name'
Warning: line 121: Unused variable: 'bad'
Warning: line 139: Unused variable: 'word'
[0m
[0m$ [0m./target/debug/rb lint tests/test_lists.rb; echo "exit=$?"
Warning: line 124: Unused variable: 'item'
Warning: line 197: Unused variable: 'bad'
exit=0
[0m
[0m$ [0mfor f in tests/*.rb; do ./target/debug/rb lint "$f" > /dev/null 2>&1 || true; n=$(./target/debug/rb lint "$f" 2>&1 | wc -l); if [ "$n" -gt 0 ]; then printf '%s %s\n' "$n" "$f"; fi; done
4 tests/integration_test.rb
1 tests/suite.rb
1 tests/test_arithmetic.rb
2 tests/test_closures.rb
1 tests/test_control_flow.rb
2 tests/test_functions.rb
2 tests/test_lists.rb
1 tests/test_numeric_edges.rb
1 tests/test_records.rb
3 tests/test_text.rb
[0m
[0m$ [0mfor f in tests/*.rb; do echo "=== $f"; ./target/debug/rb lint "$f" 2>&1; echo "  (exit=$?)"; done
=== tests/integration_test.rb
Warning: line 47: Unused variable: 'past_end'
Warning: line 145: Unused variable: 'row'
Warning: line 153: Unused variable: 'cells'
Warning: line 170: Unused variable: 'bad'
  (exit=0)
=== tests/suite.rb
Warning: line 88: Unused variable: 'bad'
  (exit=0)
=== tests/test_arithmetic.rb
Warning: line 74: Unused variable: 'bad'
  (exit=0)
=== tests/test_closures.rb
Warning: line 52: Parameter 'v' shadows an outer variable
Warning: line 189: Unused variable: 'ignored'
  (exit=0)
=== tests/test_control_flow.rb
Warning: line 175: Unused variable: 'only_inside'
  (exit=0)
=== tests/test_functions.rb
Warning: line 108: Unused variable: 'bad'
Warning: line 195: Unused variable: 'marker'
  (exit=0)
=== tests/test_lists.rb
Warning: line 124: Unused variable: 'item'
Warning: line 197: Unused variable: 'bad'
  (exit=0)
=== tests/test_modules.rb
  (exit=0)
=== tests/test_numeric_edges.rb
Warning: line 11: Unused variable: 'x'
  (exit=0)
=== tests/test_object_model.rb
  (exit=0)
=== tests/test_objects.rb
  (exit=0)
=== tests/test_records.rb
Warning: line 124: Unused variable: 'bad'
  (exit=0)
=== tests/test_text.rb
Warning: line 40: Unused variable: 'name'
Warning: line 121: Unused variable: 'bad'
Warning: line 139: Unused variable: 'word'
  (exit=0)
[0m
[0m$ [0msed -n '40,60p;85,95p;140,175p' tests/integration_test.rb
set first to items[0]
    set last to items[-1]
    expect first to be 1
    expect last to be 3
    // One past the end names no element, so it is caught rather than answered.
    set caught to no
    try
        set past_end to items[999]
    catch error
        set caught to yes
    end
    expect caught to be yes
end

test "integration: a record survives assignment and field round trip"
    set config to {host: "localhost", port: 8080}
    expect config.host to be "localhost"
    expect config.port to be 8080
    set config.port to 9090
    expect config.port to be 9090
end
    set marker to 1
    expect marker to be 1
    expect ran to be yes
end

test "integration: unicode text survives every stage"
    set original to "héllo 世界 🎉"
    set copied to original
    expect copied is original to be yes
    expect length(original) to be 18
end
    expect data.rows[1].cells[0] to be 4
    expect data.rows[-1].cells[-1] to be 6
    // Stepping off the outer list is caught at the outer level.
    set caught_outer to no
    try
        set row to data.rows[9]
    catch error
        set caught_outer to yes
    end
    expect caught_outer to be yes
    // And stepping off the inner one is caught at the inner level, leaving the
    // walk above it untouched.
    set caught_inner to no
    set cells to no
    try
        set cells to data.rows[0].cells[9]
    catch error
        set caught_inner to yes
    end
    expect caught_inner to be yes
    expect length(data.rows[0].cells) to be 3
    // A record field that was never written is still nothing, which is a
    // different operation from indexing and does not fail.
    expect data.rows[0].missing is nothing to be yes
end

test "edge_integration_a_divisor_of_zero_stops_the_program_at_that_line"
    set finished to no
    try
        set halfway to 1 + 1
        set bad to 1 / 0
        set finished to yes
    catch error
        set finished to no
    end
    expect halfway to be 2
[0m
[0m$ [0msed -n '45,56p;185,200p' tests/test_closures.rb; echo "--- control_flow"; sed -n '170,180p' tests/test_control_flow.rb
set b to make_b(1)
    expect a() to be 2
    expect b() to be 101
end

test "closures: a parameter shadows what the declaration captured"
    to outer(v)
        to inner(v)
            give back v * 2
        end
        give back inner(21)
    end
    end
    set broken to outer()
    set caught to no
    try
        set ignored to broken()
    catch error
        set caught to yes
    end
    expect caught to be yes
end

test "edge_closures_a_caught_failure_leaves_the_scope_stack_balanced"
    to outer(n)
        to blow_up()
            give back n / 0
        end
--- control_flow
test "edge_control_conditional_branch_does_not_leak_into_the_enclosing_scope"
    // The analyser gives an `if` body its own scope, so a name first written
    // there is not visible afterwards and the program is rejected.
    set n to 0
    if n is 0 then
        set only_inside to 1
    end
    expect n to be 0
end

test "edge_control_an_empty_condition_source_still_parses"
[0m
[0m→ [0mRead src/linter.rs
[0m→ [0mRead tests/linter_test.rs
[0m
[0m$ [0mgrep -n "pub enum Statement" -A 200 src/parser.rs | head -220
96:pub enum Statement {
97-    // say "Hello"
98-    Say(Expr),
99-
100-    // Expression statement (for side effects)
101-    Expr(Expr),
102-
103-    // print "Hello"
104-    Print(Expr),
105-
106-    // set x to 10
107-    Set {
108-        name: String,
109-        value: Expr,
110-    },
111-
112-    // set x.y to 10
113-    SetProperty {
114-        object: String,
115-        property: String,
116-        value: Expr,
117-    },
118-
119-    // if condition then ... end
120-    If {
121-        condition: Expr,
122-        then_branch: Vec<Stmt>,
123-        else_branch: Vec<Stmt>,
124-    },
125-
126-    // for each x in list ... end
127-    ForEach {
128-        variable: String,
129-        iterable: Expr,
130-        body: Vec<Stmt>,
131-    },
132-
133-    // for each i from 1 to 10 ... end
134-    ForRange {
135-        variable: String,
136-        start: Expr,
137-        end: Expr,
138-        step: Option<Expr>,
139-        body: Vec<Stmt>,
140-    },
141-
142-    // repeat 10 times ... end
143-    Repeat {
144-        count: Expr,
145-        body: Vec<Stmt>,
146-    },
147-
148-    // while condition ... end
149-    While {
150-        condition: Expr,
151-        body: Vec<Stmt>,
152-    },
153-
154-    // break
155-    Break,
156-
157-    // skip
158-    Skip,
159-
160-    // return value
161-    Return(Option<Expr>),
162-
163-    // give back value
164-    GiveBack(Option<Expr>),
165-
166-    // to function(args) ... end
167-    Function {
168-        name: String,
169-        params: Vec<String>,
170-        body: Vec<Stmt>,
171-    },
172-
173-    // to can method(args) ... end
174-    Method {
175-        name: String,
176-        params: Vec<String>,
177-        body: Vec<Stmt>,
178-    },
179-
180-    // has name [default <expr>] — a field declaration, only inside an object
181-    Has {
182-        name: String,
183-        default: Option<Expr>,
184-    },
185-
186-    // object Name ... end
187-    Object {
188-        name: String,
189-        extends: Option<String>,
190-        body: Vec<Stmt>,
191-    },
192-
193-    // try ... catch ... end
194-    Try {
195-        body: Vec<Stmt>,
196-        catch_var: Option<String>,
197-        catch_body: Vec<Stmt>,
198-        finally_body: Vec<Stmt>,
199-    },
200-
201-    // import module
202-    Import(Vec<ImportItem>),
203-
204-    // test "name" ... end
205-    Test {
206-        name: String,
207-        body: Vec<Stmt>,
208-    },
209-}
210-
211-#[derive(Debug, Clone)]
212-pub struct ImportItem {
213-    pub name: String,
214-    pub alias: Option<String>,
215-}
216-
217-/// A statement together with the source position it was parsed from.
218-#[derive(Debug, Clone)]
219-pub struct Stmt {
220-    pub span: Span,
221-    pub statement: Statement,
222-}
223-
224-#[derive(Debug, Clone)]
225-pub struct Program {
226-    pub statements: Vec<Stmt>,
227-}
228-
229-/// The deepest an expression may nest before the parser gives up with a
230-/// spanned [`Error::Parser`].
231-///
232-/// Every nested bracket, prefix operator, call argument and left-associative
233-/// binary chain makes the expression tree one level deeper. Parsing recurses
234-/// per level and dropping the finished tree recurses per level, so an
235-/// unbounded depth turns a long line of source into "has overflowed its stack"
236-/// and a core dump instead of a diagnostic.
237-///
238-/// The value is deliberately small. libstd gives a spawned thread a 2 MiB
239-/// stack, and a debug build spends roughly 16 KiB of stack per level of nested
240-/// brackets (eleven frames of `parse_primary` .. `parse_postfix`). Measured on
241-/// this repository, 123 levels is where a 2 MiB test thread dies; 64 leaves
242-/// nearly a 2x margin while staying far above anything hand-written.
243-pub const MAX_NESTING_DEPTH: usize = 64;
244-
245-/// The deepest `if` / `for` / `to` / `object` / `try` / `test` blocks may nest
246-/// before the parser gives up with a spanned [`Error::Parser`].
247-///
248-/// A block body is parsed by a recursive call back into `parse_statement`, so
249-/// each nested block is a level of parser recursion, and the analyzer and VM
250-/// then walk the same tree. The same 64-level budget as
251-/// [`MAX_NESTING_DEPTH`] is used, because the same 2 MiB stack has to hold it.
252-pub const MAX_BLOCK_DEPTH: usize = 64;
253-
254-pub struct Parser {
255-    tokens: Vec<Token>,
256-    pos: usize,
257-    depth: usize,
258-    block_depth: usize,
259-}
260-
261-impl Parser {
262-    pub fn new(tokens: Vec<Token>) -> Self {
263-        Self {
264-            tokens,
265-            pos: 0,
266-            depth: 0,
267-            block_depth: 0,
268-        }
269-    }
270-
271-    fn current(&self) -> Option<&Token> {
272-        self.tokens.get(self.pos)
273-    }
274-
275-    /// The position of the token about to be read. Falls back to the last
276-    /// token when the input has run out, and to [`Span::unknown`] only when
277-    /// there is no token at all (an empty file).
278-    fn span(&self) -> Span {
279-        match self.current().or_else(|| self.tokens.last()) {
280-            Some(token) => token.span(),
281-            None => Span::unknown(),
282-        }
283-    }
284-
285-    fn advance(&mut self) -> Option<Token> {
286-        if self.pos < self.tokens.len() {
287-            self.pos += 1;
288-            Some(self.tokens[self.pos - 1].clone())
289-        } else {
290-            None
291-        }
292-    }
293-
294-    fn expect(&mut self, kind: &TokenKind) -> Result<Token> {
295-        let token = self
296-            .advance()
[0m
[0m→ [0mRead phases/phase-016/FINDINGS.md
[0m
[0m$ [0mgrep -rn "InterpolatedText" src/ | head -20; echo "---"; grep -rn "interpolat" src/lexer.rs src/parser.rs | head -20
src/parser.rs:56:    InterpolatedText(Vec<Expr>),
src/formatter.rs:527:            Expr::InterpolatedText(parts) => {
src/linter.rs:366:            Expr::InterpolatedText(parts) => {
src/analyzer.rs:283:            Expr::InterpolatedText(parts) => {
src/vm.rs:722:            Expr::InterpolatedText(parts) => {
---
src/parser.rs:55:    // String interpolation
[0m
[0m$ [0mcd /home/runner/work/rbops/rbops/redblue && echo "== method calls"; grep -rn "\.\w*(" examples/*.rb tests/*.rb | head -8; echo "== unary"; grep -rnE "set \w+ to -|not | is not " examples/*.rb tests/*.rb | head -8; echo "== has default"; grep -rn "^\s*has " examples/*.rb tests/*.rb | head; echo "== for from..to"; grep -rn "for each .* from " examples/*.rb tests/*.rb | head; echo "== finally"; grep -rn "finally" examples/*.rb tests/*.rb | head; echo "== bare return"; grep -rnE "^\s*(return|give back)\s*$" examples/*.rb tests/*.rb | head
== method calls
examples/files.rb:5:files.write("output.txt", "Hello from Redblue!")
examples/files.rb:7:set content to files.read("output.txt")
examples/files.rb:11:if files.exists("output.txt") then
examples/files.rb:15:set lines to files.lines("output.txt")
examples/files.rb:19:files.append("output.txt", " - appended text")
examples/files.rb:21:set updated to files.read("output.txt")
examples/files.rb:25:files.copy("output.txt", "output_copy.txt")
examples/files.rb:27:if files.exists("output_copy.txt") then
== unary
tests/integration_test.rb:126:    while i is not 1000
tests/integration_test.rb:162:    // different operation from indexing and does not fail.
tests/suite.rb:83:test "suite: a number cannot be concatenated onto text"
tests/suite.rb:146:    while n is not 5
tests/test_arithmetic.rb:114:    // 9007199254740993 is 2^53+1, which is not representable as an f64, so the
tests/test_closures.rb:9:// * globals are not captured, so a closure that counts in a global counts for
tests/test_closures.rb:12://   reads its own environment and not a same-named binding of its caller
tests/test_closures.rb:14:// `give back` does not leave a function in this build, so a conditional result
== has default
tests/test_object_model.rb:22:        has name default "world"
tests/test_object_model.rb:33:        has total default 0
tests/test_object_model.rb:61:        has tag default "base"
tests/test_object_model.rb:64:        has tag default "derived"
tests/test_object_model.rb:65:        has extra default 1
tests/test_object_model.rb:75:        has a default 1
tests/test_object_model.rb:81:        has b default 2
tests/test_object_model.rb:84:        has c default 3
tests/test_object_model.rb:94:        has name default "field"
tests/test_object_model.rb:105:        has json
== for from..to
== finally
== bare return
[0m
[0m$ [0mcd /home/runner/work/rbops/rbops/redblue && grep -n "Unary" src/parser.rs | head; echo "== methodcall parse"; grep -n "MethodCall" src/parser.rs | head; echo "== finally parse"; grep -n "finally\|Finally" src/parser.rs | head; echo "== step"; grep -n "step\|Step" src/parser.rs | head
22:    // Unary operations
23:    Unary {
24:        op: UnaryOp,
90:pub enum UnaryOp {
1349:                    return Ok(Expr::Unary {
1350:                        op: UnaryOp::Not,
1359:                    return Ok(Expr::Unary {
1360:                        op: UnaryOp::Neg,
== methodcall parse
43:    MethodCall {
1436:                        expr = Expr::MethodCall {
== finally parse
198:        finally_body: Vec<Stmt>,
963:            && self.current().map(|t| &t.kind) != Some(&TokenKind::Finally)
992:            while self.current().map(|t| &t.kind) != Some(&TokenKind::Finally)
1003:        let mut finally_body = Vec::new();
1006:            kind: TokenKind::Finally,
1017:                    finally_body.push(stmt);
1029:            finally_body,
== step
138:        step: Option<Expr>,
[0m
[0m$ [0mcd /home/runner/work/rbops/rbops/redblue && sed -n '1340,1370p' src/parser.rs; echo "=== for range parse"; grep -n "ForRange" -B 30 src/parser.rs | grep -n "TokenKind::By\|By =>" | head; grep -n "TokenKind::By" src/parser.rs src/lexer.rs | head
fn parse_unary(&mut self) -> Result<Expr> {
        if let Some(token) = self.current() {
            match &token.kind {
                TokenKind::Not => {
                    self.advance();
                    self.enter_nesting()?;
                    let expr = self.parse_unary()?;
                    self.leave_nesting(1);
                    return Ok(Expr::Unary {
                        op: UnaryOp::Not,
                        expr: Box::new(expr),
                    });
                }
                TokenKind::Minus => {
                    self.advance();
                    self.enter_nesting()?;
                    let expr = self.parse_unary()?;
                    self.leave_nesting(1);
                    return Ok(Expr::Unary {
                        op: UnaryOp::Neg,
                        expr: Box::new(expr),
                    });
                }
                _ => {}
            }
        }

        self.parse_postfix()
    }

=== for range parse
[0m
[0m$ [0mcd /home/runner/work/rbops/rbops/redblue && grep -n "ForRange" src/parser.rs; echo "---"; grep -n "fn parse_for" -A 60 src/parser.rs | head -70
134:    ForRange {
---
651:    fn parse_for(&mut self) -> Result<Option<Statement>> {
652-        self.advance(); // consume 'for'
653-
654-        match self.current() {
655-            Some(Token {
656-                kind: TokenKind::Each,
657-                ..
658-            }) => {
659-                self.advance();
660-
661-                let variable = match self.current() {
662-                    Some(Token {
663-                        kind: TokenKind::Identifier(name),
664-                        ..
665-                    }) => {
666-                        let n = name.clone();
667-                        self.advance();
668-                        n
669-                    }
670-                    _ => {
671-                        return Err(Error::Parser(
672-                            "Expected variable name".to_string(),
673-                            self.span(),
674-                        ))
675-                    }
676-                };
677-
678-                self.expect(&TokenKind::In)?;
679-                let iterable = self.parse_expression()?;
680-                self.skip_newlines();
681-
682-                let mut body = Vec::new();
683-                while self.current().map(|t| &t.kind) != Some(&TokenKind::End)
684-                    && self.current().map(|t| &t.kind) != Some(&TokenKind::Eof)
685-                {
686-                    if let Some(stmt) = self.parse_statement()? {
687-                        body.push(stmt);
688-                    }
689-                    self.skip_newlines();
690-                }
691-
692-                self.expect(&TokenKind::End)?;
693-
694-                Ok(Some(Statement::ForEach {
695-                    variable,
696-                    iterable,
697-                    body,
698-                }))
699-            }
700-            _ => Err(Error::Parser(
701-                "Expected 'each' after 'for'".to_string(),
702-                self.span(),
703-            )),
704-        }
705-    }
706-
707-    fn parse_repeat(&mut self) -> Result<Option<Statement>> {
708-        self.advance(); // consume 'repeat'
709-        let count = self.parse_expression()?;
710-        self.expect(&TokenKind::Times)?;
711-        self.skip_newlines();
[0m
[0m$ [0mcd /home/runner/work/rbops/rbops/redblue && for v in Say Expr Print Set SetProperty If ForEach ForRange Repeat While Break Skip Return GiveBack Function Method Has Object Try Import Test; do n=$(grep -c "Statement::$v {" src/parser.rs); printf '%-12s %s\n' "$v" "$n"; done; echo "=== exprs"; for v in Number Text YesNo Nothing Variable Binary Unary Call Property MethodCall Index InterpolatedText List Record Expect; do n=$(grep -c "Expr::$v {" src/parser.rs); printf '%-20s %s\n' "$v" "$n"; done
Say          0
Expr         0
Print        0
Set          1
SetProperty  1
If           1
ForEach      1
ForRange     0
Repeat       1
While        1
Break        0
Skip         0
Return       0
GiveBack     0
Function     1
Method       1
Has          1
Object       1
Try          1
Import       0
Test         1
=== exprs
Number               0
Text                 0
YesNo                0
Nothing              0
Variable             0
Binary               5
Unary                2
Call                 1
Property             2
MethodCall           1
Index                1
InterpolatedText     0
List                 0
Record               0
Expect               1
[0m
[0m$ [0mcd /home/runner/work/rbops/rbops/redblue && for v in ForRange Return GiveBack Import; do printf '=== %s\n' "$v"; grep -n "Statement::$v" src/parser.rs | head -5; done; echo "=== bare give back"; grep -n "GiveBack\|Return" src/parser.rs | head -12
=== ForRange
=== Return
449:                Some(Statement::Return(expr))
=== GiveBack
458:                Some(Statement::GiveBack(expr))
=== Import
519:                Some(Statement::Import(items))
=== bare give back
161:    Return(Option<Expr>),
164:    GiveBack(Option<Expr>),
311:    /// Returns a spanned [`Error::Parser`] once the nesting passes
442:            TokenKind::Return => {
449:                Some(Statement::Return(expr))
451:            TokenKind::GiveBack => {
458:                Some(Statement::GiveBack(expr))
[0m
[0m$ [0mcd /home/runner/work/rbops/rbops/redblue && sed -n '440,462p' src/parser.rs
Some(Statement::Skip)
            }
            TokenKind::Return => {
                self.advance();
                let expr = if self.is_expression_start() {
                    Some(self.parse_expression()?)
                } else {
                    None
                };
                Some(Statement::Return(expr))
            }
            TokenKind::GiveBack => {
                self.advance();
                let expr = if self.is_expression_start() {
                    Some(self.parse_expression()?)
                } else {
                    None
                };
                Some(Statement::GiveBack(expr))
            }
            TokenKind::To => self.parse_function()?,
            TokenKind::Object => self.parse_object()?,
            TokenKind::Try => self.parse_try()?,
[0m
[0m$ [0mcd /home/runner/work/rbops/rbops/redblue && echo "== print"; grep -rn "^\s*print " examples/*.rb tests/*.rb modules/*.rb | head -3; echo "== break/skip"; grep -rnE "^\s*(break|skip)\s*$" examples/*.rb tests/*.rb | head -5; echo "== prefix not / neg"; grep -rnE "(say|set|expect|if) (not |-)" examples/*.rb tests/*.rb | head -5; echo "== method call on object"; grep -rn "to can" examples/*.rb tests/*.rb modules/*.rb | head -5; echo "== finally"; grep -rn "finally" examples/*.rb tests/*.rb modules/*.rb | head -3; echo "== import alias"; grep -rn "^import" examples/*.rb tests/*.rb modules/*.rb | head -10
== print
== break/skip
tests/test_lists.rb:99:            skip
tests/test_lists.rb:113:            break
== prefix not / neg
tests/test_arithmetic.rb:120:    expect -0.0 is 0 to be yes
== method call on object
tests/test_object_model.rb:3:// `object Name [extends Parent]` with `has` fields and `to can` methods is
tests/test_object_model.rb:23:        to can greet(greeting)
tests/test_object_model.rb:34:        to can bump()
tests/test_object_model.rb:46:        to can role()
tests/test_object_model.rb:51:        to can role()
== finally
== import alias
[0m
[0m$ [0mcd /home/runner/work/rbops/rbops/redblue && sed -n '40,60p' tests/test_object_model.rb; echo "=== imports anywhere"; grep -rn "import " examples/*.rb tests/*.rb modules/*.rb | head -10; echo "=== print anywhere"; grep -rn "\bprint\b" SPEC.md docs/GRAMMAR.md | head -5
expect bumped.total to be 1
    expect Counter.total to be 0
end

test "objects: the nearest declaration of a method answers"
    object Person
        to can role()
            give back "person"
        end
    end
    object Employee extends Person
        to can role()
            give back "employee"
        end
    end
    expect Employee.role() to be "employee"
    expect Person.role() to be "person"
end

test "objects: a field declared by the child shadows the parent's field"
    object Base
=== imports anywhere
tests/integration_test.rb:82:test "integration: a module import sits inside a working program"
tests/integration_test.rb:84:    import SuiteKit
tests/test_modules.rb:3:// `import Name` loads `modules/Name.rb`. The loader keeps only the module's
tests/test_modules.rb:6:// testable today: a resolvable import succeeds and an unresolvable one is a
tests/test_modules.rb:12:        import SuiteKit
tests/test_modules.rb:20:test "modules: an import does not disturb the surrounding program"
tests/test_modules.rb:21:    import SuiteKit
tests/test_modules.rb:30:    import SuiteKit
tests/test_modules.rb:31:    import SuiteKit
tests/test_modules.rb:36:test "modules: an import can appear after ordinary statements"
=== print anywhere
SPEC.md:237:3. **Non-finite numbers still print.** A number that is not finite can only be
SPEC.md:749:print "Hello"         // Print without newline
[0m
[0m$ [0mcd /home/runner/work/rbops/rbops/redblue && mkdir -p target/tmp/lint && grep -n "Statement::Print(\|TokenKind::Print" src/parser.rs src/lexer.rs | head
src/parser.rs:424:            TokenKind::Print => {
src/parser.rs:427:                Some(Statement::Print(expr))
src/lexer.rs:278:            "print" => TokenKind::Print,
[0m
[0m$ [0mcd /home/runner/work/rbops/rbops/redblue && cat > target/tmp/lint/probe1.rb <<'EOF'
set value to 5
if not value is 5 then
    print "not five"
end
set doubled to -value
say doubled
try
    say 1 / 0
catch err
    say "caught"
finally
    set log to "done"
end
say log
to shout(msg)
    if msg is nothing then
        give back
    end
    print msg
    give back msg
end
say shout("hi")
EOF
./target/debug/rb lint target/tmp/lint/probe1.rb; echo "exit=$?"
exit=0
[0m
[0m$ [0mcd /home/runner/work/rbops/rbops/redblue && ls docs/ && wc -l SPEC.md docs/*.md README.md 2>/dev/null
GRAMMAR.md
  846 SPEC.md
  523 docs/GRAMMAR.md
  205 README.md
 1574 total
[0m
[0m$ [0mcd /home/runner/work/rbops/rbops/redblue && python3 - <<'PY'
import re, os, pathlib
out = pathlib.Path("target/tmp/lint/snippets"); out.mkdir(parents=True, exist_ok=True)
n=0
for doc in ["SPEC.md","docs/GRAMMAR.md","README.md","PHILOSOPHY.md"]:
    text = pathlib.Path(doc).read_text()
    for m in re.finditer(r"```(?:redblue|rb)?\n(.*?)```", text, re.S):
        code = m.group(1)
        if not code.strip(): continue
        n+=1
        p = out/f"{doc.replace('/','_')}-{n:03d}.rb"
        p.write_text(code)
print("extracted", n)
PY
ls target/tmp/lint/snippets | wc -l
extracted 116
116
[0m
[0m$ [0mcd /home/runner/work/rbops/rbops/redblue && for f in target/tmp/lint/snippets/*.rb; do out=$(./target/debug/rb lint "$f" 2>&1); if [ -n "$out" ]; then echo "### $(basename $f)"; echo "$out"; fi; done
### PHILOSOPHY.md-105.rb
Error: line 1: Syntax error: Expected Then but got Identifier("age")
### PHILOSOPHY.md-106.rb
Error: line 1: Syntax error: Unexpected character '>'
### PHILOSOPHY.md-107.rb
Error: line 2: Syntax error: Expected variable name
### PHILOSOPHY.md-108.rb
Error: line 1: Syntax error: Unexpected character '\''
### PHILOSOPHY.md-109.rb
Error: line 1: Syntax error: Unexpected character '\''
### PHILOSOPHY.md-110.rb
Error: line 4: Syntax error: Expected variable name
### PHILOSOPHY.md-111.rb
Error: line 1: Syntax error: Expected Then but got Identifier("than")
### PHILOSOPHY.md-112.rb
Error: line 12: Syntax error: Expected In but got From
### PHILOSOPHY.md-113.rb
Error: line 14: Syntax error: Expected function name
### PHILOSOPHY.md-114.rb
Error: line 20: Syntax error: Expected Then but got Identifier("purchase")
### PHILOSOPHY.md-115.rb
Error: line 1: Syntax error: Unexpected token Async
### PHILOSOPHY.md-116.rb
Error: line 2: Syntax error: Unexpected token MightFail
### README.md-095.rb
Error: line 10: Syntax error: Expected Then but got Identifier("than")
### README.md-096.rb
Error: line 2: Syntax error: Unexpected character '#'
### README.md-097.rb
Error: line 2: Syntax error: Unexpected character '#'
### README.md-098.rb
Error: line 2: Syntax error: Unexpected character '#'
### README.md-099.rb
Error: line 2: Syntax error: Unexpected character '#'
### README.md-100.rb
Error: line 2: Syntax error: Unexpected character '#'
### README.md-101.rb
Error: line 2: Syntax error: Unexpected character '#'
### README.md-102.rb
Error: line 2: Syntax error: Unexpected character '#'
### README.md-103.rb
Error: line 2: Syntax error: Unexpected character '#'
### README.md-104.rb
Error: line 2: Syntax error: Unexpected character '#'
### SPEC.md-002.rb
Error: line 1: Syntax error: Unexpected character '='
### SPEC.md-003.rb
Warning: line 1: Unused variable: 'name'
Warning: line 3: Unused variable: 'camelCase'
Warning: line 4: Unused variable: '名前'
### SPEC.md-004.rb
Error: line 23: Syntax error: Expected field name
### SPEC.md-006.rb
Error: line 9: Syntax error: Unexpected token Object
### SPEC.md-007.rb
Warning: line 1: Unused variable: 'x'
Warning: line 2: Unused variable: 'name'
### SPEC.md-008.rb
Warning: line 1: Unused variable: 'x'
Warning: line 2: Unused variable: 'name'
### SPEC.md-009.rb
Warning: line 1: Unused variable: 'name'
Warning: line 2: Unused variable: 'x'
Warning: line 3: Unused variable: 'greeting'
### SPEC.md-010.rb
Warning: line 1: Unused variable: 'name'
### SPEC.md-011.rb
Error: line 1: Syntax error: Expected function name
### SPEC.md-012.rb
Warning: line 1: Unused variable: 'sum'
Warning: line 2: Unused variable: 'diff'
Warning: line 3: Unused variable: 'product'
Warning: line 4: Unused variable: 'quotient'
Warning: line 5: Unused variable: 'remainder'
### SPEC.md-013.rb
Error: line 8: Syntax error: Invalid number '1.2.3'
### SPEC.md-014.rb
Error: line 7: Syntax error: Unexpected character '>'
### SPEC.md-015.rb
Error: line 1: Syntax error: Expected Then but got Identifier("than")
### SPEC.md-016.rb
Warning: line 1: Unused variable: 'greeting'
Warning: line 2: Unused variable: 'message'
### SPEC.md-017.rb
Warning: line 1: Unused variable: 'first'
Warning: line 2: Unused variable: 'x_coord'
### SPEC.md-018.rb
Warning: line 1: Unused variable: 'len'
Warning: line 2: Unused variable: 'result'
### SPEC.md-019.rb
Error: line 9: Syntax error: Unexpected token In
### SPEC.md-020.rb
Error: line 11: Syntax error: Unexpected character '>'
### SPEC.md-021.rb
Error: line 1: Syntax error: Unexpected token When
### SPEC.md-022.rb
Error: line 1: Syntax error: Unexpected token Unless
### SPEC.md-024.rb
Error: line 1: Syntax error: Expected In but got From
### SPEC.md-026.rb
Error: line 1: Syntax error: Unexpected character '>'
### SPEC.md-027.rb
Error: line 3: Syntax error: Unexpected character '>'
### SPEC.md-028.rb
Error: line 3: Syntax error: Expected Then but got Skip
### SPEC.md-030.rb
Error: line 6: Syntax error: Unexpected character '>'
### SPEC.md-031.rb
Error: line 6: Syntax error: Expected RightParen but got Identifier("default")
### SPEC.md-032.rb
Error: line 1: Syntax error: Expected RightParen but got Identifier("as")
### SPEC.md-033.rb
Error: line 1: Syntax error: Unexpected token To
### SPEC.md-034.rb
Error: line 3: Syntax error: Expected function name
### SPEC.md-035.rb
Warning: line 1: Unused variable: 'Person'
### SPEC.md-036.rb
Error: line 1: Syntax error: Unexpected token New
### SPEC.md-037.rb
Error: line 12: Syntax error: Unexpected token New
### SPEC.md-038.rb
Warning: line 1: Unused variable: 'Employee'
### SPEC.md-039.rb
Warning: line 1: Unused variable: 'Circle'
### SPEC.md-040.rb
Error: line 1: Syntax error: Unexpected token Module
### SPEC.md-041.rb
Warning: line 3: Unused variable: 'area'
### SPEC.md-042.rb
Warning: line 1: Unused import: 'MathUtils'
Warning: line 3: Unused variable: 'area'
### SPEC.md-043.rb
Error: line 2: Syntax error: Unexpected token MightFail
### SPEC.md-044.rb
Error: line 2: Syntax error: Unexpected token MightFail
### SPEC.md-045.rb
Error: line 2: Syntax error: Unexpected token MightFail
### SPEC.md-046.rb
Error: line 1: Syntax error: Expected function name
### SPEC.md-047.rb
Error: line 1: Syntax error: Unexpected token Async
### SPEC.md-048.rb
Error: line 1: Syntax error: Unexpected token Async
### SPEC.md-049.rb
Error: line 1: Syntax error: Unexpected token Async
### SPEC.md-050.rb
Error: line 3: Syntax error: Unexpected token Ask
### SPEC.md-051.rb
Warning: line 1: Unused variable: 'upper'
Warning: line 2: Unused variable: 'lower'
Warning: line 3: Unused variable: 'parts'
Warning: line 4: Unused variable: 'joined'
### SPEC.md-052.rb
Warning: line 1: Unused variable: 'pi'
Warning: line 2: Unused variable: 'sqrt2'
Warning: line 3: Unused variable: 'rand'
Warning: line 4: Unused variable: 'rounded'
### SPEC.md-053.rb
Error: line 2: Syntax error: Unexpected token MightFail
### SPEC.md-054.rb
Error: line 1: Syntax error: Unexpected token To
### SPEC.md-055.rb
Error: line 1: Syntax error: Unexpected token Wait
### SPEC.md-056.rb
Error: line 1: Syntax error: Unexpected character '\''
### docs_GRAMMAR.md-057.rb
Error: line 3: Syntax error: Unexpected character '\''
### docs_GRAMMAR.md-058.rb
Error: line 1: Syntax error: Unexpected character '='
### docs_GRAMMAR.md-059.rb
Error: line 1: Syntax error: Unexpected character '='
### docs_GRAMMAR.md-060.rb
Error: line 1: Syntax error: Unexpected character '='
### docs_GRAMMAR.md-061.rb
Error: line 2: Syntax error: Unexpected character '='
### docs_GRAMMAR.md-062.rb
Error: line 2: Syntax error: Unexpected character '='
### docs_GRAMMAR.md-063.rb
Error: line 1: Syntax error: Unexpected character '='
### docs_GRAMMAR.md-064.rb
Error: line 1: Syntax error: Unexpected character '='
### docs_GRAMMAR.md-065.rb
Error: line 1: Syntax error: Unexpected character '='
### docs_GRAMMAR.md-066.rb
Error: line 2: Syntax error: Unexpected character '='
### docs_GRAMMAR.md-067.rb
Error: line 1: Syntax error: Unexpected character '='
### docs_GRAMMAR.md-068.rb
Error: line 2: Syntax error: Unexpected character '='
### docs_GRAMMAR.md-069.rb
Error: line 1: Syntax error: Unexpected character '='
### docs_GRAMMAR.md-070.rb
Error: line 1: Syntax error: Unexpected character '='
### docs_GRAMMAR.md-071.rb
Error: line 1: Syntax error: Unexpected character '='
### docs_GRAMMAR.md-072.rb
Error: line 1: Syntax error: Unexpected character '='
### docs_GRAMMAR.md-073.rb
Error: line 1: Syntax error: Unexpected character '='
### docs_GRAMMAR.md-074.rb
Error: line 1: Syntax error: Unexpected character '='
### docs_GRAMMAR.md-075.rb
Error: line 1: Syntax error: Unexpected character '='
### docs_GRAMMAR.md-076.rb
Error: line 1: Syntax error: Unexpected character '='
### docs_GRAMMAR.md-077.rb
Error: line 1: Syntax error: Unexpected character '='
### docs_GRAMMAR.md-078.rb
Error: line 1: Syntax error: Unexpected character '='
### docs_GRAMMAR.md-079.rb
Error: line 1: Syntax error: Unexpected character '='
### docs_GRAMMAR.md-080.rb
Error: line 1: Syntax error: Unexpected character '='
### docs_GRAMMAR.md-081.rb
Error: line 1: Syntax error: Unexpected character '='
### docs_GRAMMAR.md-082.rb
Error: line 1: Syntax error: Unexpected character '='
### docs_GRAMMAR.md-083.rb
Error: line 1: Syntax error: Unexpected character '='
### docs_GRAMMAR.md-084.rb
Error: line 1: Syntax error: Unexpected character '='
### docs_GRAMMAR.md-085.rb
Error: line 1: Syntax error: Unexpected character '='
### docs_GRAMMAR.md-086.rb
Error: line 1: Syntax error: Unexpected character '='
### docs_GRAMMAR.md-087.rb
Error: line 1: Syntax error: Unexpected character '='
### docs_GRAMMAR.md-089.rb
Warning: line 1: Unused variable: 'name'
Warning: line 2: Unused variable: 'age'
Warning: line 3: Unused variable: 'items'
### docs_GRAMMAR.md-090.rb
Error: line 1: Syntax error: Expected Then but got Identifier("than")
### docs_GRAMMAR.md-091.rb
Error: line 1: Syntax error: Expected In but got From
### docs_GRAMMAR.md-092.rb
Warning: line 5: Unused variable: 'result'
### docs_GRAMMAR.md-093.rb
Error: line 10: Syntax error: Unexpected token New
### docs_GRAMMAR.md-094.rb
Error: line 2: Syntax error: Unexpected token MightFail
[0m
[0m$ [0mcd /home/runner/work/rbops/rbops/redblue && for n in SPEC.md-042 docs_GRAMMAR.md-092 SPEC.md-035 SPEC.md-038 SPEC.md-039 SPEC.md-041 SPEC.md-003; do echo "######## $n"; cat -A target/tmp/lint/snippets/$n.rb | sed 's/\$$//' | head -20; done
######## SPEC.md-042
import MathUtils as M

set area to M.circle_area(5)
######## docs_GRAMMAR.md-092
to add(a, b)
    give back a + b
end

set result to add(1, 2)
######## SPEC.md-035
object Person
    has name
    has age
    has email default nothing
    
    to introduce()
        say "I'm {this.name}"
    end
    
    to can email(message)
        // email implementation
    end
end
######## SPEC.md-038
object Employee extends Person
    has salary
    has department
    
    to get_bonus()
        give back this.salary * 0.1
    end
end
######## SPEC.md-039
object Circle
    has radius
    has color default "white"
    
    to area()
        give back math.PI * this.radius * this.radius
    end
end
######## SPEC.md-041
import MathUtils

set area to MathUtils.circle_area(5)
######## SPEC.md-003
set name to "Alice"
set _private to 10
set camelCase to 20
set M-eM-^PM-^MM-eM-^IM-^M to "Japanese"  // Unicode allowed
[0m
[0m$ [0mcd /home/runner/work/rbops/rbops/redblue && grep -n "fn parse_import" -A 60 src/parser.rs
(no output)
[0m
[0m$ [0mcd /home/runner/work/rbops/rbops/redblue && sed -n '470,525p' src/parser.rs
kind: TokenKind::Identifier(name),
                        ..
                    }) = self.current()
                    {
                        let name = name.clone();
                        self.advance();

                        let alias = if let Some(Token {
                            kind: TokenKind::To,
                            ..
                        }) = self.current()
                        {
                            self.advance();
                            if let Some(Token {
                                kind: TokenKind::Identifier(alias),
                                ..
                            }) = self.current()
                            {
                                let a = alias.clone();
                                self.advance();
                                Some(a)
                            } else {
                                return Err(Error::Parser(
                                    "Expected alias after 'to'".to_string(),
                                    self.span(),
                                ));
                            }
                        } else {
                            None
                        };

                        items.push(ImportItem { name, alias });
                    } else {
                        return Err(Error::Parser(
                            "Expected module name".to_string(),
                            self.span(),
                        ));
                    }

                    if let Some(Token {
                        kind: TokenKind::Comma,
                        ..
                    }) = self.current()
                    {
                        self.advance();
                        continue;
                    }
                    break;
                }
                Some(Statement::Import(items))
            }
            TokenKind::Newline => {
                self.advance();
                return Ok(None);
            }
            _ => {
[0m
[0m$ [0mcd /home/runner/work/rbops/rbops/redblue && grep -n "import" SPEC.md docs/GRAMMAR.md | head -20
SPEC.md:77:| Modules | module, import, export, as |
SPEC.md:637:import MathUtils
SPEC.md:645:import MathUtils as M
SPEC.md:834:| module/import/export | Module system |
docs/GRAMMAR.md:48:         | 'module' | 'import' | 'export' | 'as'
docs/GRAMMAR.md:147:                   { import_statement }
docs/GRAMMAR.md:152:import_statement = 'import' identifier { 'as' identifier }
docs/GRAMMAR.md:153:                 | 'import' identifier '.' identifier 'as' identifier
[0m
[0m$ [0mcd /home/runner/work/rbops/rbops/redblue && python3 - <<'PY'
import subprocess, pathlib, itertools, random
random.seed(7)
files = sorted(list(pathlib.Path("examples").glob("*.rb")) + list(pathlib.Path("tests").glob("*.rb")))
tmp = pathlib.Path("target/tmp/lint/fuzz.rb")
panics = []
cases = 0
def run(text, label):
    global cases
    tmp.write_text(text)
    p = subprocess.run(["./target/debug/rb","lint",str(tmp)], capture_output=True, text=True)
    cases += 1
    if p.returncode not in (0,1) or "panicked" in p.stderr or "stack backtrace" in p.stderr:
        panics.append((label, p.returncode, p.stderr[:300]))
for f in files:
    src = f.read_text()
    n = len(src)
    cuts = sorted(set([0,1,2,3,n-1,n] + [random.randrange(0,n+1) for _ in range(60)]))
    for c in cuts:
        run(src[:c], f"{f.name}[:{c}]")
print("cases:", cases, "panics:", len(panics))
for p in panics[:10]:
    print(p)
PY
cases: 1210 panics: 0
[0m
[0m$ [0mcd /home/runner/work/rbops/rbops/redblue && ./target/debug/rb lint target/tmp/lint/does-not-exist.rb; echo "exit=$?"; echo "--- dir"; ./target/debug/rb lint tests; echo "exit=$?"; echo "--- no args"; ./target/debug/rb lint; echo "exit=$?"; echo "--- empty file"; : > target/tmp/lint/empty.rb; ./target/debug/rb lint target/tmp/lint/empty.rb; echo "exit=$?"; echo "--- non-utf8"; printf 'say "\xff\xfe"\n' > target/tmp/lint/bad.bin.rb; ./target/debug/rb lint target/tmp/lint/bad.bin.rb; echo "exit=$?"
Error reading file: No such file or directory (os error 2)
Error reading file: Is a directory (os error 21)
exit=1
--- dir
exit=1
--- no args
Error: IoError: No such file or directory (os error 2)
exit=1
--- empty file
exit=0
--- non-utf8
Error reading file: stream did not contain valid UTF-8
exit=1
[0m
[0m$ [0mcd /home/runner/work/rbops/rbops/redblue && grep -n "lint" src/lib.rs | head -20
5:pub mod linter;
142:                "lint" => match fs::read_to_string(path) {
144:                        let (errors, warnings) = linter::lint(&source);
212:    println!("  rb lint <file>  Lint a Redblue file");
219:    println!("  rb lint examples/hello.rb");
[0m
[0m→ [0mRead src/lib.rs[90m [offset=100, limit=100][0m
[0m
[0m$ [0mcd /home/runner/work/rbops/rbops/redblue && cat > target/tmp/lint/probe2.rb <<'EOF'
import files

set total to 0
set names to ["a", "b"]

to add(label, amount)
    say label
    set running to total + amount
    give back running
end

for each name in names
    if name is "a" then
        set total to add(name, 1)
    end
end

while total is less than 5
    set total to total + 1
end

repeat 3 times
    if total is 4 then
        break
    end
    skip
end

try
    say files.exists("x.txt")
catch err
    say err
finally
    set last to total
end

say last
say total
say names
EOF
./target/debug/rb lint target/tmp/lint/probe2.rb; echo "exit=$?"
cat > target/tmp/lint/probe3.rb <<'EOF'
set width to 3
set height to 4

object Shape
    has sides default 0

    to can area()
        give back 0
    end

    to can label(prefix)
        give back prefix
    end
end

object Square extends Shape
    has sides default 4

    to can area()
        give back width * height
    end
end

set s to Square
say s.area()
say s.label("sq")
say s.sides
say files_missing_check()
EOF
sed -i '/files_missing_check/d' target/tmp/lint/probe3.rb
./target/debug/rb lint target/tmp/lint/probe3.rb; echo "exit=$?"
exit=0
exit=0
[0m
[0m$ [0mcd /home/runner/work/rbops/rbops/redblue && printf 'import MathUtils as M\n\nset area to M.circle_area(5)\nsay area\n' > target/tmp/lint/alias.rb && ./target/debug/rb lint target/tmp/lint/alias.rb; echo "lint exit=$?"; ./target/debug/rb run target/tmp/lint/alias.rb; echo "run exit=$?"
Warning: line 1: Unused import: 'MathUtils'
lint exit=0
Error: AnalyzerError: Unknown variable 'as'
Unknown variable 'M'
Unknown variable 'M'
  --> target/tmp/lint/alias.rb:1:18
1 | import MathUtils as M
  |                  ^
run exit=1
[0m
[0m$ [0mcd /home/runner/work/rbops/rbops/redblue && grep -rn "import .* to \|import .* as " SPEC.md docs/GRAMMAR.md README.md AGENTS.md PHILLOSOPHY.md 2>/dev/null | head; echo "=== code/tests using 'to' alias"; grep -rn "import .* to " tests/*.rb examples/*.rb src/ | head
SPEC.md:645:import MathUtils as M
AGENTS.md:182:import files, network as net         // Multiple imports with alias
=== code/tests using 'to' alias
tests/test_modules.rb:46:        import SuiteKit to K
tests/test_modules.rb:80:        import NopeNotHere to N
[0m
[0m$ [0mcd /home/runner/work/rbops/rbops/redblue && cat > target/tmp/lint/probe4.rb <<'EOF'
set fallback to "none"
set n to 5
set who to 1

object Box
    has label default fallback

    to can greet(greeting)
        say "hi"
    end

    to can greet2(who)
        say "hi"
    end
end

set b to Box
say b.label
say b.greet("a")

if not n is 5 then
    print "no"
end
EOF
./target/debug/rb lint target/tmp/lint/probe4.rb; echo "exit=$?"; ./target/debug/rb run target/tmp/lint/probe4.rb; echo "run exit=$?"
Warning: line 3: Unused variable: 'who'
Warning: line 12: Parameter 'who' shadows an outer variable
exit=0
Error: RuntimeError: Unknown function 'b_greet'
  --> target/tmp/lint/probe4.rb:19:1
19 | say b.greet("a")
   | ^
run exit=1
[0m
[0m$ [0mcd /home/runner/work/rbops/rbops/redblue && mkdir -p target/tmp/lint/t && python3 - <<'PY'
import subprocess, pathlib
snips = {
"print_clean": 'set shown to 1\nprint shown\n',
"print_unused": 'set spare to 1\nprint "no newline"\n',
"unary_clean": 'set n to 5\nset negated to -n\nif not n then\n    say "impossible"\nend\nsay negated\n',
"unary_unused": 'set spare to 1\nsay -1\n',
"finally_clean": 'set logged to no\ntry\n    say 1 / 0\ncatch err\n    say "caught"\nfinally\n    set logged to yes\nend\nsay logged\n',
"finally_unused": 'try\n    say "fine"\nfinally\n    set forgotten to 1\nend\nsay "done"\n',
"bare_give_back": 'to quiet(v)\n    if v is 0 then\n        give back\n    end\n    give back v\nend\n\nto stop()\n    return\nend\n\nsay quiet(1)\nsay stop()\n',
"method_param": 'object Person\n    to can role()\n        give back "person"\n    end\n\n    to can greet(who)\n        say "hello"\n    end\nend\n\nsay Person.role()\n',
"method_shadow": 'set who to 1\nobject Person\n    to can greet(who)\n        say who\n    end\nend\n\nsay Person.greet("a")\nsay who\n',
"has_default": 'set fallback to "none"\nobject Box\n    has label default fallback\nend\n\nset b to Box\nsay b.label\n',
"has_field_is_not_a_binding": 'set label to 1\nobject Box\n    has label\nend\n\nset b to Box\nsay b.label\nsay label\n',
"mutual": 'to is_even(n)\n    if n is 0 then\n        give back yes\n    end\n    give back is_odd(n - 1)\nend\n\nto is_odd(n)\n    if n is 0 then\n        give back no\n    end\n    give back is_even(n - 1)\nend\n\nsay is_even(4)\n',
"mutual_unused": 'to is_even(n)\n    if n is 0 then\n        give back yes\n    end\n    set leftover to 1\n    give back is_odd(n - 1)\nend\n\nto is_odd(n)\n    if n is 0 then\n        give back no\n    end\n    give back is_even(n - 1)\nend\n\nsay is_even(4)\n',
"three_scopes": 'set total to 0\nfor each outer_name in ["a"]\n    for each inner_name in ["b"]\n        to report(label)\n            say label\n            say total\n        end\n        say report(inner_name)\n    end\nend\nsay total\n',
"unclosed_object": 'object Box\n    has label\n',
}
d = pathlib.Path("target/tmp/lint/t")
for name, src in snips.items():
    p = d/f"{name}.rb"
    p.write_text(src)
    r = subprocess.run(["./target/debug/rb","lint",str(p)],capture_output=True,text=True)
    print(f"### {name} (exit {r.returncode})")
    out = (r.stderr or r.stdout).strip()
    print(out if out else "  <clean>")
PY
### print_clean (exit 0)
  <clean>
### print_unused (exit 0)
Warning: line 1: Unused variable: 'spare'
### unary_clean (exit 0)
  <clean>
### unary_unused (exit 0)
Warning: line 1: Unused variable: 'spare'
### finally_clean (exit 0)
  <clean>
### finally_unused (exit 0)
Warning: line 4: Unused variable: 'forgotten'
### bare_give_back (exit 0)
  <clean>
### method_param (exit 0)
  <clean>
### method_shadow (exit 0)
Warning: line 3: Parameter 'who' shadows an outer variable
### has_default (exit 0)
  <clean>
### has_field_is_not_a_binding (exit 0)
  <clean>
### mutual (exit 0)
  <clean>
### mutual_unused (exit 0)
Warning: line 5: Unused variable: 'leftover'
### three_scopes (exit 0)
Warning: line 2: Unused variable: 'outer_name'
### unclosed_object (exit 1)
Error: line 3: Syntax error: Expected End but got Eof
[0m
[0m← [0mEdit tests/linter_test.rs
Index: /home/runner/work/rbops/rbops/redblue/tests/linter_test.rs
===================================================================
--- /home/runner/work/rbops/rbops/redblue/tests/linter_test.rs
+++ /home/runner/work/rbops/rbops/redblue/tests/linter_test.rs
@@ -233,8 +233,64 @@
         vec!["Parameter 'err' shadows an outer variable"]
     );
 }
 
+#[test]
+fn an_unread_object_method_parameter_is_not_an_unused_variable() {
+    // `to can` is a second signature syntax with its own branch in the linter
+    // (`Statement::Method`). An unread parameter there is part of the signature
+    // in exactly the way an unread `to` parameter is.
+    let source = "object Person\n    to can role()\n        give back \"person\"\n    end\n\n    to can greet(who)\n        say \"hello\"\n    end\nend\n\nsay Person.role()\n";
+    assert_eq!(
+        every_message(source),
+        Vec::<String>::new(),
+        "an unread method parameter is not a leftover binding: {:?}",
+        every_message(source)
+    );
+}
+
+#[test]
+fn edge_a_method_parameter_that_hides_a_file_variable_is_reported() {
+    let source = "set who to 1\nobject Person\n    to can greet(who)\n        say who\n    end\nend\n\nsay Person.greet(\"a\")\nsay who\n";
+    assert_eq!(
+        warnings(source),
+        vec!["Parameter 'who' shadows an outer variable"],
+        "the method body sees its own `who`, not the file's"
+    );
+}
+
+// --- object fields ---------------------------------------------------------
+
+#[test]
+fn edge_a_field_declaration_is_not_a_variable_binding() {
+    // `has label` declares a field on the object. It binds no variable, so it
+    // neither reads the file's `label` nor shadows it.
+    let source = "set label to 1\nobject Box\n    has label\nend\n\nset b to Box\nsay b.label\nsay label\n";
+    assert_eq!(
+        every_message(source),
+        Vec::<String>::new(),
+        "a field name is not a variable name: {:?}",
+        every_message(source)
+    );
+}
+
+#[test]
+fn edge_a_field_default_reads_the_name_it_defaults_from() {
+    let source = "set fallback to \"none\"\nobject Box\n    has label default fallback\nend\n\nset b to Box\nsay b.label\n";
+    assert_eq!(
+        every_message(source),
+        Vec::<String>::new(),
+        "the default expression reads `fallback`: {:?}",
+        every_message(source)
+    );
+}
+
+#[test]
+fn edge_a_literal_field_default_reads_nothing() {
+    let source = "object Box\n    has label default \"none\"\nend\n\nset b to Box\nsay b.label\n";
+    assert_eq!(every_message(source), Vec::<String>::new());
+}
+
 // --- source that does not parse -------------------------------------------
 
 #[test]
 fn a_missing_end_is_reported_as_an_error() {

[0m
All gates are green. Now let me add the missing coverage — reachable linter branches no test touches.
[0m← [0mEdit tests/linter_test.rs
Index: /home/runner/work/rbops/rbops/redblue/tests/linter_test.rs
===================================================================
--- /home/runner/work/rbops/rbops/redblue/tests/linter_test.rs
+++ /home/runner/work/rbops/rbops/redblue/tests/linter_test.rs
@@ -356,8 +356,97 @@
     assert_eq!(errors("set items to [1, 2\n").len(), 1);
 }
 
 #[test]
+fn an_unclosed_object_is_an_error_and_not_a_panic() {
+    // The `missing end` rule has to hold for every block, not only `if`: an
+    // `object` whose `end` is missing must fail the lint rather than lint the
+    // half-open body it was given.
+    let found = errors("object Box\n    has label\n");
+    assert_eq!(found.len(), 1, "{:?}", found);
+    assert!(
+        found[0].contains("End"),
+        "the error must name what is missing: {:?}",
+        found
+    );
+    assert!(
+        warnings("object Box\n    has label\n").is_empty(),
+        "a file that does not parse is reported once, not warned about line by line"
+    );
+}
+
+#[test]
+fn edge_print_reads_what_it_prints() {
+    assert_eq!(
+        every_message("set shown to 1\nprint shown\n"),
+        Vec::<String>::new(),
+        "`print` reads its operand the way `say` does"
+    );
+    assert_eq!(
+        warnings("set spare to 1\nprint \"no newline\"\n"),
+        vec!["Unused variable: 'spare'"],
+        "and a name `print` does not mention is still unused"
+    );
+}
+
+#[test]
+fn edge_a_unary_operand_counts_as_read() {
+    // `-n` and `not n` are their own branch in the linter (`Expr::Unary`). If it
+    // did not walk the operand, both of these names would be reported unused.
+    let source =
+        "set n to 5\nset negated to -n\nif not n then\n    say \"impossible\"\nend\nsay negated\n";
+    assert_eq!(
+        every_message(source),
+        Vec::<String>::new(),
+        "the operand of a unary operator is read: {:?}",
+        every_message(source)
+    );
+    assert_eq!(warnings("set spare to 1\nsay -1\n"), vec!["Unused variable: 'spare'"]);
+}
+
+#[test]
+fn edge_a_binding_made_in_a_finally_block_is_reported_when_unread() {
+    let clean = "set logged to no\ntry\n    say 1 / 0\ncatch err\n    say \"caught\"\nfinally\n    set logged to yes\nend\nsay logged\n";
+    assert_eq!(
+        every_message(clean),
+        Vec::<String>::new(),
+        "a `finally` binding read after the `try` is used: {:?}",
+        every_message(clean)
+    );
+    let (_, warnings) = split("try\n    say \"fine\"\nfinally\n    set forgotten to 1\nend\nsay \"done\"\n");
+    assert_eq!(warnings.len(), 1, "{:?}", warnings);
+    assert_eq!(warnings[0].message, "Unused variable: 'forgotten'");
+    assert_eq!(warnings[0].line, 4, "the warning points at the `finally` body");
+}
+
+#[test]
+fn edge_a_finally_binding_does_not_shadow_the_catch_binding() {
+    // The `catch` binding and the `finally` body are sibling blocks. A name in
+    // `finally` is not hiding the error the `catch` clause received.
+    let source = "try\n    say 1 / 0\ncatch err\n    say err\nfinally\n    set logged to \"done\"\nend\nsay logged\n";
+    assert_eq!(
+        every_message(source),
+        Vec::<String>::new(),
+        "the two blocks must not be treated as nested: {:?}",
+        every_message(source)
+    );
+}
+
+#[test]
+fn edge_a_bare_give_back_is_neither_a_read_nor_a_finding() {
+    // `give back` and `return` with no operand are their own branch
+    // (`Return(None)`, `GiveBack(None)`). A body that returns nothing is still a
+    // body, and the linter must not reach past it to claim a name is unread.
+    let source = "to quiet(v)\n    if v is 0 then\n        give back\n    end\n    give back v\nend\n\nto stop()\n    return\nend\n\nsay quiet(1)\nsay stop()\n";
+    assert_eq!(
+        every_message(source),
+        Vec::<String>::new(),
+        "a bare `give back` reads nothing and reports nothing: {:?}",
+        every_message(source)
+    );
+}
+
+#[test]
 fn edge_deeply_nested_blocks_are_a_diagnostic_not_a_stack_overflow() {
     let mut source = String::new();
     for _ in 0..500 {
         source.push_str("repeat 1 times\n");

[0m
[0m← [0mEdit tests/linter_test.rs
Index: /home/runner/work/rbops/rbops/redblue/tests/linter_test.rs
===================================================================
--- /home/runner/work/rbops/rbops/redblue/tests/linter_test.rs
+++ /home/runner/work/rbops/rbops/redblue/tests/linter_test.rs
@@ -572,8 +572,38 @@
     let source = "repeat 2 times\n    set middle to 1\nend\nsay \"hi\"\n";
     assert_eq!(warnings(source), vec!["Unused variable: 'middle'"]);
 }
 
+#[test]
+fn edge_mutually_recursive_functions_do_not_leak_names_into_each_other() {
+    let source = "to is_even(n)\n    if n is 0 then\n        give back yes\n    end\n    give back is_odd(n - 1)\nend\n\nto is_odd(n)\n    if n is 0 then\n        give back no\n    end\n    give back is_even(n - 1)\nend\n\nsay is_even(4)\n";
+    assert_eq!(
+        every_message(source),
+        Vec::<String>::new(),
+        "each parameter is read inside the function that binds it: {:?}",
+        every_message(source)
+    );
+
+    let (_, warnings) =
+        split("to is_even(n)\n    if n is 0 then\n        give back yes\n    end\n    set leftover to 1\n    give back is_odd(n - 1)\nend\n\nto is_odd(n)\n    if n is 0 then\n        give back no\n    end\n    give back is_even(n - 1)\nend\n\nsay is_even(4)\n");
+    assert_eq!(warnings.len(), 1, "{:?}", warnings);
+    assert_eq!(warnings[0].message, "Unused variable: 'leftover'");
+    assert_eq!(warnings[0].line, 5, "the warning points inside `is_even`");
+}
+
+#[test]
+fn edge_three_nested_scopes_keep_their_own_names() {
+    // A loop inside a loop inside a function: each of the three owns a name,
+    // and the only unread one is the one nobody reads.
+    let source = "set total to 0\nfor each outer_name in [\"a\"]\n    for each inner_name in [\"b\"]\n        to report(label)\n            say label\n            say total\n        end\n        say report(inner_name)\n    end\nend\nsay total\n";
+    assert_eq!(
+        warnings(source),
+        vec!["Unused variable: 'outer_name'"],
+        "only the name no scope reads is reported: {:?}",
+        warnings(source)
+    );
+}
+
 // --- the corpus ------------------------------------------------------------
 
 /// Every `.rb` file in `examples/` and `tests/` is the language's
 /// specification-by-example. The linter may only speak about them when it has

[0m
Now the nesting/recursion cases:
[0m$ [0mcd /home/runner/work/rbops/rbops/redblue && cargo test --test linter_test 2>&1 | tail -40
test edge_a_record_with_a_repeated_key_is_not_a_lint_error ... ok
test edge_bom_and_crlf_source_lints_clean ... ok
test edge_a_unary_operand_counts_as_read ... ok
test edge_an_unread_loop_variable_is_reported ... ok
test edge_empty_and_singleton_collections_are_linted ... ok
test edge_deeply_nested_expressions_are_a_diagnostic_not_a_stack_overflow ... ok
test edge_every_parent_in_a_chain_of_extends_is_read ... ok
test edge_empty_and_whitespace_only_source_lints_clean ... ok
test edge_extends_of_an_undeclared_parent_is_still_a_plain_read ... ok
test edge_import_inside_a_block_is_not_a_file_dependency ... ok
test edge_import_used_through_its_alias_is_not_reported ... ok
test edge_deeply_nested_blocks_are_a_diagnostic_not_a_stack_overflow ... ok
test edge_import_used_through_its_original_name_is_not_reported ... ok
test edge_mutually_recursive_functions_do_not_leak_names_into_each_other ... ok
test edge_a_long_source_is_linted_without_truncation ... ok
test edge_numeric_and_index_edges_are_not_lint_errors ... ok
test edge_print_reads_what_it_prints ... ok
test edge_rb_lint_prints_the_line_of_a_syntax_error_and_exits_nonzero ... ok
test edge_rb_lint_prints_the_line_of_every_warning ... ok
test edge_stray_token_is_an_error_and_not_a_panic ... ok
test edge_the_leaf_of_an_extends_chain_is_still_reported_when_unread ... ok
test edge_three_nested_scopes_keep_their_own_names ... ok
test edge_unclosed_list_is_an_error_and_not_a_panic ... ok
test edge_unicode_source_reports_the_right_line ... ok
test edge_unicode_variable_names_are_linted ... ok
test edge_unterminated_string_is_an_error_and_not_a_panic ... ok
test edge_every_shadow_warning_in_the_corpus_hides_a_real_outer_binding ... ok
test field_assignment_is_not_a_false_positive ... ok
test edge_warning_order_is_stable_and_follows_the_source ... ok
test function_parameter_is_not_a_false_positive ... ok
test nested_scopes_do_not_leak_names_into_each_other ... ok
test reassignment_inside_a_loop_is_not_shadowing ... ok
test edge_no_unused_import_warning_in_the_corpus_names_a_used_module ... ok
test unused_variable_is_reported_with_its_line ... ok
test the_examples_lint_without_warnings ... ok
test edge_no_unused_variable_warning_in_the_corpus_names_a_read_variable ... ok
test the_corpus_produces_no_lint_errors ... ok

test result: ok. 61 passed; 0 failed; 0 ignored; 0 measured; 0 filtered out; finished in 0.02s
[0m
[0m← [0mEdit tests/linter_test.rs
Index: /home/runner/work/rbops/rbops/redblue/tests/linter_test.rs
===================================================================
--- /home/runner/work/rbops/rbops/redblue/tests/linter_test.rs
+++ /home/runner/work/rbops/rbops/redblue/tests/linter_test.rs
@@ -245,8 +245,24 @@
         Vec::<String>::new(),
         "an unread method parameter is not a leftover binding: {:?}",
         every_message(source)
     );
+
+    // The same method with a body binding in it, to show the body is linted and
+    // the silence above is a decision rather than a linter that walked away.
+    let with_leftover = "object Person\n    to can greet(who)\n        set greeting to who\n        say greeting\n    end\nend\n\nsay Person.greet(\"a\")\n";
+    assert_eq!(
+        every_message(with_leftover),
+        Vec::<String>::new(),
+        "a read body binding is not a finding either: {:?}",
+        every_message(with_leftover)
+    );
+    let (_, warnings) = split("object Person\n    to can greet(who)\n        set greeting to who\n    end\nend\n\nsay Person.greet(\"a\")\n");
+    assert_eq!(
+        warnings.iter().map(|w| w.message.as_str()).collect::<Vec<_>>(),
+        vec!["Unused variable: 'greeting'"],
+        "the method body is linted: only `who`, the signature, is left alone"
+    );
 }
 
 #[test]
 fn edge_a_method_parameter_that_hides_a_file_variable_is_reported() {

[0m
Every clean-only assertion needs a positive control so it can actually fail. Let me strengthen them:
[0m← [0mEdit tests/linter_test.rs
Index: /home/runner/work/rbops/rbops/redblue/tests/linter_test.rs
===================================================================
--- /home/runner/work/rbops/rbops/redblue/tests/linter_test.rs
+++ /home/runner/work/rbops/rbops/redblue/tests/linter_test.rs
@@ -286,8 +286,16 @@
         Vec::<String>::new(),
         "a field name is not a variable name: {:?}",
         every_message(source)
     );
+    // Positive control: the same file with a genuinely unread name is reported,
+    // so the silence above is the linter's decision and not an empty walk.
+    let (_, warnings) = split("set label to 1\nset spare to 1\nobject Box\n    has label\nend\n\nset b to Box\nsay b.label\nsay label\n");
+    assert_eq!(
+        warnings.iter().map(|w| w.message.as_str()).collect::<Vec<_>>(),
+        vec!["Unused variable: 'spare'"],
+        "the file's own bindings are still linted"
+    );
 }
 
 #[test]
 fn edge_a_field_default_reads_the_name_it_defaults_from() {
@@ -297,14 +305,22 @@
         Vec::<String>::new(),
         "the default expression reads `fallback`: {:?}",
         every_message(source)
     );
+    let (_, warnings) = split("set fallback to \"none\"\nset spare to 1\nobject Box\n    has label default fallback\nend\n\nset b to Box\nsay b.label\n");
+    assert_eq!(
+        warnings.iter().map(|w| w.message.as_str()).collect::<Vec<_>>(),
+        vec!["Unused variable: 'spare'"],
+        "`fallback` is read by the default and `spare` by nothing"
+    );
 }
 
 #[test]
 fn edge_a_literal_field_default_reads_nothing() {
     let source = "object Box\n    has label default \"none\"\nend\n\nset b to Box\nsay b.label\n";
     assert_eq!(every_message(source), Vec::<String>::new());
+    let (_, warnings) = split("object Box\n    has label default \"none\"\nend\n\nset spare to 1\nsay spare\n");
+    assert_eq!(warnings.len(), 0, "a literal default reads no name");
 }
 
 // --- source that does not parse -------------------------------------------
 

[0m
[0m← [0mEdit tests/linter_test.rs
Index: /home/runner/work/rbops/rbops/redblue/tests/linter_test.rs
===================================================================
--- /home/runner/work/rbops/rbops/redblue/tests/linter_test.rs
+++ /home/runner/work/rbops/rbops/redblue/tests/linter_test.rs
@@ -460,8 +460,16 @@
         Vec::<String>::new(),
         "the two blocks must not be treated as nested: {:?}",
         every_message(source)
     );
+    // Positive control: the same two blocks with the same name in `finally` do
+    // hide the `catch` binding, and that shadow is reported.
+    let shadowing = "try\n    say 1 / 0\ncatch err\n    say err\nfinally\n    set err to \"done\"\nend\nsay err\n";
+    assert_eq!(
+        warnings(shadowing),
+        vec!["Parameter 'err' shadows an outer variable"],
+        "a `finally` that really does reuse the error name is reported"
+    );
 }
 
 #[test]
 fn edge_a_bare_give_back_is_neither_a_read_nor_a_finding() {
@@ -474,8 +482,14 @@
         Vec::<String>::new(),
         "a bare `give back` reads nothing and reports nothing: {:?}",
         every_message(source)
     );
+    let (_, warnings) = split("to quiet(v)\n    if v is 0 then\n        give back\n    end\n    set leftover to 1\n    give back v\nend\n\nsay quiet(1)\n");
+    assert_eq!(
+        warnings.iter().map(|w| w.message.as_str()).collect::<Vec<_>>(),
+        vec!["Unused variable: 'leftover'"],
+        "the body either side of the bare `give back` is still linted"
+    );
 }
 
 #[test]
 fn edge_deeply_nested_blocks_are_a_diagnostic_not_a_stack_overflow() {

[0m
[0m$ [0mcd /home/runner/work/rbops/rbops/redblue && cargo test --test linter_test 2>&1 | grep -E "^test |test result|panicked|assertion|left|right" | tail -30
test edge_print_reads_what_it_prints ... ok
test edge_rb_lint_prints_the_line_of_a_syntax_error_and_exits_nonzero ... ok
test edge_rb_lint_prints_the_line_of_every_warning ... ok
test edge_stray_token_is_an_error_and_not_a_panic ... ok
test edge_the_leaf_of_an_extends_chain_is_still_reported_when_unread ... ok
test edge_three_nested_scopes_keep_their_own_names ... ok
test edge_unclosed_list_is_an_error_and_not_a_panic ... ok
test edge_unicode_source_reports_the_right_line ... ok
test edge_unicode_variable_names_are_linted ... ok
test edge_unterminated_string_is_an_error_and_not_a_panic ... ok
test edge_warning_order_is_stable_and_follows_the_source ... ok
test field_assignment_is_not_a_false_positive ... ok
test function_parameter_is_not_a_false_positive ... ok
test nested_scopes_do_not_leak_names_into_each_other ... ok
test reassignment_inside_a_loop_is_not_shadowing ... ok
test edge_no_unused_import_warning_in_the_corpus_names_a_used_module ... ok
test edge_every_shadow_warning_in_the_corpus_hides_a_real_outer_binding ... ok
test unused_variable_is_reported_with_its_line ... ok
test the_examples_lint_without_warnings ... ok
test edge_no_unused_variable_warning_in_the_corpus_names_a_read_variable ... ok
test the_corpus_produces_no_lint_errors ... ok
thread 'edge_a_finally_binding_does_not_shadow_the_catch_binding' (16227) panicked at tests/linter_test.rs:467:5:
assertion `left == right` failed: a `finally` that really does reuse the error name is reported
  left: []
 right: ["Parameter 'err' shadows an outer variable"]
thread 'edge_a_literal_field_default_reads_nothing' (16228) panicked at tests/linter_test.rs:322:5:
assertion `left == right` failed: a literal default reads no name
  left: 1
 right: 0
test result: FAILED. 59 passed; 2 failed; 0 ignored; 0 measured; 0 filtered out; finished in 0.02s
[0m
[0m$ [0mcd /home/runner/work/rbops/rbops/redblue && printf 'try\n    say 1 / 0\ncatch err\n    say err\nfinally\n    set err to "done"\nend\nsay err\n' > target/tmp/lint/t/fin.rb && ./target/debug/rb run target/tmp/lint/t/fin.rb; echo "run exit=$?"; echo "=== analyzer scope for finally"; grep -n "finally_body" -B 6 -A 12 src/analyzer.rs | head -50
error
done
run exit=0
=== analyzer scope for finally
197-                self.pop_scope();
198-            }
199-            Statement::Try {
200-                body,
201-                catch_var,
202-                catch_body,
203:                finally_body,
204-            } => {
205-                for stmt in body {
206-                    self.analyze_statement(stmt);
207-                }
208-                if let Some(var) = catch_var {
209-                    self.push_scope();
210-                    self.declare(var);
211-                    for stmt in catch_body {
212-                        self.analyze_statement(stmt);
213-                    }
214-                    self.pop_scope();
215-                }
216:                for stmt in finally_body {
217-                    self.analyze_statement(stmt);
218-                }
219-            }
220-            Statement::Import(_) => {}
221-            Statement::Expr(expr) => {
222-                self.analyze_expr(expr, &span);
223-            }
224-            Statement::Test { body, .. } => {
225-                for stmt in body {
226-                    self.analyze_statement(stmt);
227-                }
228-            }
[0m
[0m$ [0mcd /home/runner/work/rbops/rbops/redblue && printf 'set item to 1\ntry\n    say "x"\nfinally\n    for each item in [1]\n        say item\n    end\nend\nsay item\n' > target/tmp/lint/t/fin2.rb && ./target/debug/rb lint target/tmp/lint/t/fin2.rb; echo "exit=$?"
Warning: line 5: Variable 'item' shadows an outer variable
exit=0
[0m
[0m← [0mEdit tests/linter_test.rs
Index: /home/runner/work/rbops/rbops/redblue/tests/linter_test.rs
===================================================================
--- /home/runner/work/rbops/rbops/redblue/tests/linter_test.rs
+++ /home/runner/work/rbops/rbops/redblue/tests/linter_test.rs
@@ -451,24 +451,26 @@
 }
 
 #[test]
 fn edge_a_finally_binding_does_not_shadow_the_catch_binding() {
-    // The `catch` binding and the `finally` body are sibling blocks. A name in
-    // `finally` is not hiding the error the `catch` clause received.
-    let source = "try\n    say 1 / 0\ncatch err\n    say err\nfinally\n    set logged to \"done\"\nend\nsay logged\n";
+    // The `catch` binding and the `finally` body are sibling blocks: the
+    // analyzer closes the catch scope before it walks `finally`
+    // (`src/analyzer.rs:208-218`), so a name reused there is a new binding and
+    // not a shadow. Reporting it would be the false positive.
+    let source = "try\n    say 1 / 0\ncatch err\n    say err\nfinally\n    set err to \"done\"\nend\nsay err\n";
     assert_eq!(
         every_message(source),
         Vec::<String>::new(),
-        "the two blocks must not be treated as nested: {:?}",
+        "the `catch` binding is a signature and the `finally` name is its own: {:?}",
         every_message(source)
     );
-    // Positive control: the same two blocks with the same name in `finally` do
-    // hide the `catch` binding, and that shadow is reported.
-    let shadowing = "try\n    say 1 / 0\ncatch err\n    say err\nfinally\n    set err to \"done\"\nend\nsay err\n";
+    // Positive control: a `finally` body is walked, and a binding in it that
+    // really does hide a file-level name is reported.
+    let shadowing = "set item to 1\ntry\n    say \"x\"\nfinally\n    for each item in [1]\n        say item\n    end\nend\nsay item\n";
     assert_eq!(
         warnings(shadowing),
-        vec!["Parameter 'err' shadows an outer variable"],
-        "a `finally` that really does reuse the error name is reported"
+        vec!["Variable 'item' shadows an outer variable"],
+        "the `finally` body is linted against the scopes around it"
     );
 }
 
 #[test]

[0m
[0m← [0mEdit tests/linter_test.rs
Index: /home/runner/work/rbops/rbops/redblue/tests/linter_test.rs
===================================================================
--- /home/runner/work/rbops/rbops/redblue/tests/linter_test.rs
+++ /home/runner/work/rbops/rbops/redblue/tests/linter_test.rs
@@ -317,10 +317,14 @@
 #[test]
 fn edge_a_literal_field_default_reads_nothing() {
     let source = "object Box\n    has label default \"none\"\nend\n\nset b to Box\nsay b.label\n";
     assert_eq!(every_message(source), Vec::<String>::new());
-    let (_, warnings) = split("object Box\n    has label default \"none\"\nend\n\nset spare to 1\nsay spare\n");
-    assert_eq!(warnings.len(), 0, "a literal default reads no name");
+    let (_, warnings) = split("object Box\n    has label default \"none\"\nend\n\nset spare to 1\n");
+    assert_eq!(
+        warnings.iter().map(|w| w.message.as_str()).collect::<Vec<_>>(),
+        vec!["Unused variable: 'spare'"],
+        "a literal default reads no name, and the rest of the file is linted"
+    );
 }
 
 // --- source that does not parse -------------------------------------------
 

[0m
[0m$ [0mcd /home/runner/work/rbops/rbops/redblue && cargo test --test linter_test 2>&1 | grep -E "test result|panicked|assertion|left:|right:|FAILED"
test edge_a_literal_field_default_reads_nothing ... FAILED
thread 'edge_a_literal_field_default_reads_nothing' (16419) panicked at tests/linter_test.rs:322:5:
assertion `left == right` failed: a literal default reads no name, and the rest of the file is linted
  left: ["Unused variable: 'Box'", "Unused variable: 'spare'"]
 right: ["Unused variable: 'spare'"]
test result: FAILED. 60 passed; 1 failed; 0 ignored; 0 measured; 0 filtered out; finished in 0.02s
[0m
[0m← [0mEdit tests/linter_test.rs
Index: /home/runner/work/rbops/rbops/redblue/tests/linter_test.rs
===================================================================
--- /home/runner/work/rbops/rbops/redblue/tests/linter_test.rs
+++ /home/runner/work/rbops/rbops/redblue/tests/linter_test.rs
@@ -317,9 +317,9 @@
 #[test]
 fn edge_a_literal_field_default_reads_nothing() {
     let source = "object Box\n    has label default \"none\"\nend\n\nset b to Box\nsay b.label\n";
     assert_eq!(every_message(source), Vec::<String>::new());
-    let (_, warnings) = split("object Box\n    has label default \"none\"\nend\n\nset spare to 1\n");
+    let (_, warnings) = split("object Box\n    has label default \"none\"\nend\n\nset spare to 1\nset b to Box\nsay b.label\n");
     assert_eq!(
         warnings.iter().map(|w| w.message.as_str()).collect::<Vec<_>>(),
         vec!["Unused variable: 'spare'"],
         "a literal default reads no name, and the rest of the file is linted"

[0m
[0m$ [0mcd /home/runner/work/rbops/rbops/redblue && cargo test --test linter_test 2>&1 | grep -E "test result|panicked|assertion|left:|right:|FAILED"
test result: ok. 61 passed; 0 failed; 0 ignored; 0 measured; 0 filtered out; finished in 0.02s
[0m
[0m$ [0mcd /home/runner/work/rbops/rbops/redblue && cargo fmt --all -- --check 2>&1 | head -40; echo "FMT=$?"
Diff in /home/runner/work/rbops/rbops/redblue/tests/linter_test.rs:258:
     );
     let (_, warnings) = split("object Person\n    to can greet(who)\n        set greeting to who\n    end\nend\n\nsay Person.greet(\"a\")\n");
     assert_eq!(
-        warnings.iter().map(|w| w.message.as_str()).collect::<Vec<_>>(),
+        warnings
+            .iter()
+            .map(|w| w.message.as_str())
+            .collect::<Vec<_>>(),
         vec!["Unused variable: 'greeting'"],
         "the method body is linted: only `who`, the signature, is left alone"
     );
Diff in /home/runner/work/rbops/rbops/redblue/tests/linter_test.rs:280:
 fn edge_a_field_declaration_is_not_a_variable_binding() {
     // `has label` declares a field on the object. It binds no variable, so it
     // neither reads the file's `label` nor shadows it.
-    let source = "set label to 1\nobject Box\n    has label\nend\n\nset b to Box\nsay b.label\nsay label\n";
+    let source =
+        "set label to 1\nobject Box\n    has label\nend\n\nset b to Box\nsay b.label\nsay label\n";
     assert_eq!(
         every_message(source),
         Vec::<String>::new(),
Diff in /home/runner/work/rbops/rbops/redblue/tests/linter_test.rs:291:
     // so the silence above is the linter's decision and not an empty walk.
     let (_, warnings) = split("set label to 1\nset spare to 1\nobject Box\n    has label\nend\n\nset b to Box\nsay b.label\nsay label\n");
     assert_eq!(
-        warnings.iter().map(|w| w.message.as_str()).collect::<Vec<_>>(),
+        warnings
+            .iter()
+            .map(|w| w.message.as_str())
+            .collect::<Vec<_>>(),
         vec!["Unused variable: 'spare'"],
         "the file's own bindings are still linted"
     );
Diff in /home/runner/work/rbops/rbops/redblue/tests/linter_test.rs:308:
     );
     let (_, warnings) = split("set fallback to \"none\"\nset spare to 1\nobject Box\n    has label default fallback\nend\n\nset b to Box\nsay b.label\n");
     assert_eq!(
-        warnings.iter().map(|w| w.message.as_str()).collect::<Vec<_>>(),
+        warnings
FMT=0
[0m
[0m$ [0mcd /home/runner/work/rbops/rbops/redblue && cargo fmt --all && cargo fmt --all -- --check && echo "FMT CLEAN"
FMT CLEAN
[0m
[0m$ [0mcd /home/runner/work/rbops/rbops/redblue && cargo clippy --all-targets -- -D warnings 2>&1 | tail -20
[1m[92m    Checking[0m redblue v0.1.0 (/home/runner/work/rbops/rbops/redblue)
[1m[92m    Finished[0m `dev` profile [unoptimized] target(s) in 0.21s
[0m
[0m$ [0mcd /home/runner/work/rbops/rbops/redblue && cargo test --all-targets 2>&1 | grep -E "test result:|FAILED|panicked" | awk -F'[ ;]' '/test result/{p+=$4; f+=$6; i+=$8} END{print "passed:",p," failed:",f," ignored:",i}'
passed: 384  failed: 0  ignored: 0
[0m
[0m$ [0mcd /home/runner/work/rbops/rbops/redblue && grep -n "Statement::Has" -A 12 src/analyzer.rs | head -20; echo "=== linter finally line"; grep -n "self.analyze_body(finally_body)" src/linter.rs; echo "=== analyzer finally lines"; sed -n '216,219p' src/analyzer.rs
176:            Statement::Has { default, .. } => {
177-                if let Some(expr) = default {
178-                    self.analyze_expr(expr, &span);
179-                }
180-            }
181-            Statement::Object {
182-                name,
183-                extends,
184-                body,
185-            } => {
186-                self.declare(name);
187-                if let Some(parent) = extends {
188-                    if !self.lookup(parent) {
=== linter finally line
304:                self.analyze_body(finally_body);
=== analyzer finally lines
                for stmt in finally_body {
                    self.analyze_statement(stmt);
                }
            }
[0m
[0m← [0mEdit tests/linter_test.rs
Index: /home/runner/work/rbops/rbops/redblue/tests/linter_test.rs
===================================================================
--- /home/runner/work/rbops/rbops/redblue/tests/linter_test.rs
+++ /home/runner/work/rbops/rbops/redblue/tests/linter_test.rs
@@ -281,9 +281,11 @@
 
 #[test]
 fn edge_a_field_declaration_is_not_a_variable_binding() {
     // `has label` declares a field on the object. It binds no variable, so it
-    // neither reads the file's `label` nor shadows it.
+    // neither reads the file's `label` nor shadows it. The analyser agrees:
+    // `Statement::Has` walks the default expression and ignores the name
+    // (`src/analyzer.rs:176-180`), so a field is never a variable here.
     let source =
         "set label to 1\nobject Box\n    has label\nend\n\nset b to Box\nsay b.label\nsay label\n";
     assert_eq!(
         every_message(source),

[0m
[0m$ [0mcd /home/runner/work/rbops/rbops/redblue && cargo fmt --all -- --check && cargo test --test linter_test 2>&1 | grep -E "test result|FAILED" && cargo build 2>&1 | tail -2 && for f in examples/*.rb; do ./target/debug/rb run "$f" > /dev/null || echo "RUN FAIL $f"; done; echo "examples run ok"; ./target/debug/rb lint tests/suite.rb; echo "lint exit=$?"
test result: ok. 61 passed; 0 failed; 0 ignored; 0 measured; 0 filtered out; finished in 0.02s
[1m[92m    Finished[0m `dev` profile [unoptimized] target(s) in 0.05s
examples run ok
Warning: line 88: Unused variable: 'bad'
lint exit=0
[0m
[0m← [0mEdit phases/phase-016/FINDINGS.md
Index: /home/runner/work/rbops/rbops/redblue/phases/phase-016/FINDINGS.md
===================================================================
--- /home/runner/work/rbops/rbops/redblue/phases/phase-016/FINDINGS.md
+++ /home/runner/work/rbops/rbops/redblue/phases/phase-016/FINDINGS.md
@@ -88,4 +88,58 @@
 
 If a later gate wants `rb lint` silent over `tests/`, those tests must first
 read their values, which would be a change to the language's test corpus and
 should be its own phase.
+
+### F4 — `import X as Y` is the documented alias syntax and the parser does not read it
+
+`SPEC.md:645` writes `import MathUtils as M`, `docs/GRAMMAR.md:152` gives
+`import_statement = 'import' identifier { 'as' identifier }`, and `AGENTS.md:182`
+writes `import files, network as net`. `parse_import`
+(`src/parser.rs:479-497`) accepts `to` instead of `as`, and nothing else. So the
+documented form parses the import, drops the alias, and leaves `as M` to be
+re-read as two expression statements.
+
+Reproduced on the built binary:
+
+```
+$ cat target/tmp/lint/alias.rb
+import MathUtils as M
+
+set area to M.circle_area(5)
+say area
+
+$ ./target/debug/rb run target/tmp/lint/alias.rb
+Error: AnalyzerError: Unknown variable 'as'
+Unknown variable 'M'
+Unknown variable 'M'
+  --> target/tmp/lint/alias.rb:1:18
+exit=1
+
+$ ./target/debug/rb lint target/tmp/lint/alias.rb
+Warning: line 1: Unused import: 'MathUtils'
+exit=0
+```
+
+The linter's warning is true of the tree it was handed — nothing in that tree
+mentions `MathUtils` — so it is not a linter false positive. It is the linter
+being honest about a parse that lost the alias. `tests/test_modules.rb:46` and
+`:80` use `import SuiteKit to K` / `import NopeNotHere to N`, so the working
+form is `to` and the documented form is `as`; both cannot be right.
+
+Not this phase's work: it is a change to the parser and a decision about which
+of the two spellings the language keeps, and the linter cannot be made correct
+about `as` without it. Recording it so a grammar phase can settle it.
+
+### F5 — the linter gives a `finally` body a scope the analyser does not
+
+`src/linter.rs:304` walks the `finally` body through `analyze_body`, which pushes
+a scope. `src/analyzer.rs:216-218` walks the same body with no scope pushed, so
+a name written there belongs to the enclosing scope in the analyser.
+
+Nothing observable depends on it today, and `edge_a_finally_binding_does_not_shadow_the_catch_binding`
+pins the behaviour that agrees with the analyser: the `catch` binding's scope is
+closed before `finally` runs, so reusing that name in `finally` is a new binding
+and not a shadow. The divergence would matter only if a rule were ever written
+that reads through a block boundary. Noted so the next phase that touches
+`finally` knows the two walkers disagree.
+

[0m
Now the FINDINGS for what I discovered, then the report:
[0m$ [0mcd /home/runner/work/rbops/rbops/redblue && git diff --stat && grep -c "^fn \|^#\[test\]" tests/linter_test.rs && grep -c "#\[test\]" tests/linter_test.rs && grep -c "fn edge_" tests/linter_test.rs
phases/phase-016/FINDINGS.md |  54 ++++++++++
 tests/linter_test.rs         | 252 +++++++++++++++++++++++++++++++++++++++++++
 2 files changed, 306 insertions(+)
136
61
42
[0m
[0m$ [0mcd /home/runner/work/rbops/rbops/redblue && git diff tests/linter_test.rs | grep "^+fn \|^+    fn " | sed 's/^+//'
fn an_unread_object_method_parameter_is_not_an_unused_variable() {
fn edge_a_method_parameter_that_hides_a_file_variable_is_reported() {
fn edge_a_field_declaration_is_not_a_variable_binding() {
fn edge_a_field_default_reads_the_name_it_defaults_from() {
fn edge_a_literal_field_default_reads_nothing() {
fn an_unclosed_object_is_an_error_and_not_a_panic() {
fn edge_print_reads_what_it_prints() {
fn edge_a_unary_operand_counts_as_read() {
fn edge_a_binding_made_in_a_finally_block_is_reported_when_unread() {
fn edge_a_finally_binding_does_not_shadow_the_catch_binding() {
fn edge_a_bare_give_back_is_neither_a_read_nor_a_finding() {
fn edge_mutually_recursive_functions_do_not_leak_names_into_each_other() {
fn edge_three_nested_scopes_keep_their_own_names() {
[0m
Now let me run the four gates one final time and capture exact output for the report.
[0m$ [0mcd /home/runner/work/rbops/rbops/redblue && echo "=== GATE 1"; cargo fmt --all -- --check && echo "fmt: clean"; echo "=== GATE 2"; cargo clippy --all-targets -- -D warnings 2>&1 | tail -3; echo "=== GATE 3"; cargo test --all-targets 2>&1 | grep -E "test result:" | awk -F'[ ;]' '{p+=$4; f+=$6; i+=$8} END{print "passed:",p," failed:",f," ignored:",i}'; echo "=== GATE 4"; ls rbops/verify.sh 2>&1
=== GATE 1
fmt: clean
=== GATE 2
[1m[92m    Checking[0m redblue v0.1.0 (/home/runner/work/rbops/rbops/redblue)
[1m[92m    Finished[0m `dev` profile [unoptimized] target(s) in 0.20s
=== GATE 3
passed: 384  failed: 0  ignored: 0
=== GATE 4
ls: cannot access 'rbops/verify.sh': No such file or directory
[0m
[0m$ [0mcd /home/runner/work/rbops/rbops/redblue && echo "== examples lint (expect silence)"; for f in examples/*.rb; do ./target/debug/rb lint "$f"; done; echo "== examples run"; for f in examples/*.rb; do ./target/debug/rb run "$f" > /dev/null || echo "FAIL $f"; done; echo ok; echo "== test suite"; ./target/debug/rb test tests/suite.rb 2>&1 | tail -5; echo "== ignores"; grep -rn "#\[ignore\]\|allow(clippy::" src tests | wc -l
== examples lint (expect silence)
== examples run
ok
== test suite
...................
[32mTest Results: 19 total, 19 passed, 0 failed, 0 skipped (100.0% success)[0m
Duration: 0ms

== ignores
0
[0m
[0m← [0mWrite phases/phase-016/REPORT.md
Wrote file successfully.
[0m
[0m$ [0mcd /home/runner/work/rbops/rbops/redblue && echo "=== GATE 1"; cargo fmt --all -- --check && echo "pass"; echo "=== GATE 2"; cargo clippy --all-targets -- -D warnings 2>&1 | tail -2; echo "=== GATE 3"; cargo test --all-targets 2>&1 | grep -cE "^test .* ok$"; cargo test --all-targets 2>&1 | grep -E "test result:" | awk -F'[ ;]' '{p+=$4; f+=$6; i+=$8} END{print "passed:",p," failed:",f," ignored:",i}'; echo "=== git"; git status --short
=== GATE 1
pass
=== GATE 2
[1m[92m    Finished[0m `dev` profile [unoptimized] target(s) in 0.07s
=== GATE 3
384
passed: 384  failed: 0  ignored: 0
=== git
 M phases/phase-016/FINDINGS.md
 M phases/phase-016/REPORT.md
 M tests/linter_test.rs
[0m
[0m$ [0mcd /home/runner/work/rbops/rbops/redblue && rm -rf target/tmp/lint && echo cleaned; git diff --stat
cleaned
 phases/phase-016/FINDINGS.md |  54 ++++++++++
 phases/phase-016/REPORT.md   | 205 ++++++++++++++---------------------
 tests/linter_test.rs         | 252 +++++++++++++++++++++++++++++++++++++++++++
 3 files changed, 386 insertions(+), 125 deletions(-)
[0m
DONE

Summary of the resumed phase-016 run:

**Verified first.** All three available gates were green before I touched anything: `cargo fmt --check` clean, `cargo clippy --all-targets -D warnings` clean, `cargo test --all-targets` 371 passed / 0 failed. `rbops/verify.sh` does not exist in this checkout (`ls rbops/verify.sh` → no such file), so gate 4 is reported as not run rather than passed.

**Re-verified the previous attempt's claims instead of trusting them.** `examples/` is silent under `rb lint` and all 6 examples run; `rb test tests/suite.rb` is 19/19. Ran 1210 truncated prefixes of every corpus file through the real `rb lint`: 0 panics, every exit code 0 or 1. Confirmed every reachable `match` arm of `src/linter.rs` is now hit by a test or a corpus file.

**No production code changed** — the linter is correct on every reachable branch of the implemented grammar. The two unreachable arms (`Statement::ForRange`, `Expr::InterpolatedText`) are dead in the parser, not the linter.

**What was missing, and is now added:** 13 tests (`tests/linter_test.rs` 48 → 61) covering six forms no test or corpus file reached: `print`, `-n`/`not n`, a `finally` body, bare `return`/`give back`, `to can` method parameters, and `has` field declarations. Each asserts a non-empty message list at least once, so none can pass against a silent linter.

**Two new findings.** F4: `import X as Y` is the documented alias syntax (`SPEC.md:645`, `docs/GRAMMAR.md:152`, `AGENTS.md:182`) but `parse_import` (`src/parser.rs:479-497`) accepts `to` — the documented form drops the alias, and `rb lint` reports `Unused import: 'MathUtils'` for `SPEC.md`'s own example. Parser/grammar decision, not linter work, so it is recorded rather than fixed. F5: the linter gives a `finally` body a scope the analyser does not (`src/linter.rs:304` vs `src/analyzer.rs:216-218`); harmless today, pinned by a test.

Final state: fmt clean, clippy clean, **384 passed / 0 failed / 0 ignored**, zero new `#[ignore]` or `allow(clippy::`, `REPORT.md` rewritten with the gate output above it.
