[0m
> build · space-bunny-free
[0m
[0m$ [0mls -la; ls src/; ls phases/ 2>/dev/null | tail -20
total 196
drwxr-xr-x 12 runner runner  4096 Oct  4 09:32 .
drwxr-xr-x  8 runner runner  4096 Oct  4 09:32 ..
drwxr-xr-x  7 runner runner  4096 Oct  4 09:33 .git
drwxr-xr-x  3 runner runner  4096 Oct  4 09:32 .github
-rw-r--r--  1 runner runner   304 Oct  4 09:32 .gitignore
-rw-r--r--  1 runner runner  5411 Oct  4 09:32 AGENTS.md
-rw-r--r--  1 runner runner  3140 Oct  4 09:32 CODE_OF_CONDUCT.md
-rw-r--r--  1 runner runner  4818 Oct  4 09:32 CONTRIBUTING.md
-rw-r--r--  1 runner runner 39440 Oct  4 09:32 Cargo.lock
-rw-r--r--  1 runner runner   613 Oct  4 09:32 Cargo.toml
-rw-r--r--  1 runner runner  6670 Oct  4 09:32 HANDOUT.md
-rw-r--r--  1 runner runner  1079 Oct  4 09:32 LICENSE
-rw-r--r--  1 runner runner  6272 Oct  4 09:32 PHILOSOPHY.md
-rw-r--r--  1 runner runner  4032 Oct  4 09:32 README.md
-rw-r--r--  1 runner runner 28928 Oct  4 09:32 ROADMAP.md
-rw-r--r--  1 runner runner 14608 Oct  4 09:32 SPEC.md
drwxr-xr-x  2 runner runner  4096 Oct  4 09:32 docs
-rw-r--r--  1 runner runner     0 Oct  4 09:32 err.txt
-rw-r--r--  1 runner runner     0 Oct  4 09:32 errors.txt
drwxr-xr-x  2 runner runner  4096 Oct  4 09:32 examples
-rw-r--r--  1 runner runner  3400 Oct  4 09:32 export.sh
drwxr-xr-x  2 runner runner  4096 Oct  4 09:32 modules
drwxr-xr-x  9 runner runner  4096 Oct  4 09:32 phases
drwxr-xr-x  4 runner runner  4096 Oct  4 09:32 src
drwxr-xr-x  4 runner runner  4096 Oct  4 09:33 target
-rw-r--r--  1 runner runner   622 Oct  4 09:32 test.redblue
drwxr-xr-x  2 runner runner  4096 Oct  4 09:32 tests
drwxr-xr-x  4 runner runner  4096 Oct  4 09:32 tooling
analyzer.rs
error.rs
formatter.rs
lexer.rs
lib.rs
linter.rs
main.rs
parser.rs
repl
stdlib.rs
testing
value.rs
vm.rs
phase-002
phase-003
phase-004
phase-006
phase-007
phase-008
phase-009
[0m
[0m$ [0mwc -l src/*.rs; ls tests/ 2>/dev/null
309 src/analyzer.rs
   141 src/error.rs
   451 src/formatter.rs
   465 src/lexer.rs
   213 src/lib.rs
   272 src/linter.rs
     3 src/main.rs
  1360 src/parser.rs
   279 src/stdlib.rs
   144 src/value.rs
  1389 src/vm.rs
  5026 total
call_depth_test.rs
discovery_test.rs
expect_test.rs
index_bounds_test.rs
integration_test.rb
lexer_robustness_test.rs
numeric_edge_test.rs
record_order_test.rs
redblue_suite_test.rs
redblue_test.rs
span_test.rs
suite.rb
test_arithmetic.rb
test_control_flow.rb
test_functions.rb
test_lists.rb
test_modules.rb
test_numeric_edges.rb
test_objects.rb
test_records.rb
test_text.rb
[0m
I'll start by orienting minimally in the parser and reproducing the finding.
[0m$ [0mcd /home/runner/work/rbops/rbops/redblue && cargo build 2>&1 | tail -3
[1m[92m    Finished[0m `dev` profile [unoptimized] target(s) in 0.06s
[0m
[0m$ [0mcd /home/runner/work/rbops/rbops/redblue && head -80 src/parser.rs
use crate::error::{Error, Result, Span};
use crate::lexer::{Token, TokenKind};

#[derive(Debug, Clone)]
pub enum Expr {
    // Literals
    Number(f64),
    Text(String),
    YesNo(bool),
    Nothing,

    // Variables
    Variable(String),

    // Binary operations
    Binary {
        op: BinaryOp,
        left: Box<Expr>,
        right: Box<Expr>,
    },

    // Unary operations
    Unary {
        op: UnaryOp,
        expr: Box<Expr>,
    },

    // Function call
    Call {
        name: String,
        args: Vec<Expr>,
    },

    // Property access
    Property {
        object: Box<Expr>,
        property: String,
    },

    // Index access
    Index {
        object: Box<Expr>,
        index: Box<Expr>,
    },

    // String interpolation
    InterpolatedText(Vec<Expr>),

    // List literal
    List(Vec<Expr>),

    // Record literal
    Record(Vec<(String, Expr)>),

    // expect expression to be expected_value
    Expect {
        actual: Box<Expr>,
        expected: Box<Expr>,
    },
}

#[derive(Debug, Clone)]
pub enum BinaryOp {
    Add,
    Sub,
    Mul,
    Div,
    Mod,
    Equal,
    NotEqual,
    Less,
    LessEqual,
    Greater,
    GreaterEqual,
    And,
    Or,
    In,
}

#[derive(Debug, Clone)]
[0m
[0m$ [0mcd /home/runner/work/rbops/rbops/redblue && sed -n '80,320p' src/parser.rs
#[derive(Debug, Clone)]
pub enum UnaryOp {
    Neg,
    Not,
}

#[derive(Debug, Clone)]
pub enum Statement {
    // say "Hello"
    Say(Expr),

    // Expression statement (for side effects)
    Expr(Expr),

    // print "Hello"
    Print(Expr),

    // set x to 10
    Set {
        name: String,
        value: Expr,
    },

    // set x.y to 10
    SetProperty {
        object: String,
        property: String,
        value: Expr,
    },

    // if condition then ... end
    If {
        condition: Expr,
        then_branch: Vec<Stmt>,
        else_branch: Vec<Stmt>,
    },

    // for each x in list ... end
    ForEach {
        variable: String,
        iterable: Expr,
        body: Vec<Stmt>,
    },

    // for each i from 1 to 10 ... end
    ForRange {
        variable: String,
        start: Expr,
        end: Expr,
        step: Option<Expr>,
        body: Vec<Stmt>,
    },

    // repeat 10 times ... end
    Repeat {
        count: Expr,
        body: Vec<Stmt>,
    },

    // while condition ... end
    While {
        condition: Expr,
        body: Vec<Stmt>,
    },

    // break
    Break,

    // skip
    Skip,

    // return value
    Return(Option<Expr>),

    // give back value
    GiveBack(Option<Expr>),

    // to function(args) ... end
    Function {
        name: String,
        params: Vec<String>,
        body: Vec<Stmt>,
    },

    // to can method(args) ... end
    Method {
        name: String,
        params: Vec<String>,
        body: Vec<Stmt>,
    },

    // object Name ... end
    Object {
        name: String,
        extends: Option<String>,
        body: Vec<Stmt>,
    },

    // try ... catch ... end
    Try {
        body: Vec<Stmt>,
        catch_var: Option<String>,
        catch_body: Vec<Stmt>,
        finally_body: Vec<Stmt>,
    },

    // import module
    Import(Vec<ImportItem>),

    // test "name" ... end
    Test {
        name: String,
        body: Vec<Stmt>,
    },
}

#[derive(Debug, Clone)]
pub struct ImportItem {
    pub name: String,
    pub alias: Option<String>,
}

/// A statement together with the source position it was parsed from.
#[derive(Debug, Clone)]
pub struct Stmt {
    pub span: Span,
    pub statement: Statement,
}

#[derive(Debug, Clone)]
pub struct Program {
    pub statements: Vec<Stmt>,
}

pub struct Parser {
    tokens: Vec<Token>,
    pos: usize,
}

impl Parser {
    pub fn new(tokens: Vec<Token>) -> Self {
        Self { tokens, pos: 0 }
    }

    fn current(&self) -> Option<&Token> {
        self.tokens.get(self.pos)
    }

    /// The position of the token about to be read. Falls back to the last
    /// token when the input has run out, and to [`Span::unknown`] only when
    /// there is no token at all (an empty file).
    fn span(&self) -> Span {
        match self.current().or_else(|| self.tokens.last()) {
            Some(token) => token.span(),
            None => Span::unknown(),
        }
    }

    fn advance(&mut self) -> Option<Token> {
        if self.pos < self.tokens.len() {
            self.pos += 1;
            Some(self.tokens[self.pos - 1].clone())
        } else {
            None
        }
    }

    fn expect(&mut self, kind: &TokenKind) -> Result<Token> {
        let token = self
            .advance()
            .ok_or_else(|| Error::Parser("Unexpected end of input".to_string(), self.span()))?;

        if &token.kind != kind {
            return Err(Error::Parser(
                format!("Expected {:?} but got {:?}", kind, token.kind),
                token.span(),
            ));
        }

        Ok(token)
    }

    fn skip_newlines(&mut self) {
        while let Some(Token {
            kind: TokenKind::Newline,
            ..
        }) = self.current()
        {
            self.advance();
        }
    }

    pub fn parse(&mut self) -> Result<Program> {
        let mut statements = Vec::new();

        self.skip_newlines();

        while self.current().map(|t| &t.kind) != Some(&TokenKind::Eof) {
            if let Some(stmt) = self.parse_statement()? {
                statements.push(stmt);
            }
            self.skip_newlines();
        }

        Ok(Program { statements })
    }

    fn parse_statement(&mut self) -> Result<Option<Stmt>> {
        let span = self.span();
        let token = match self.current() {
            Some(t) => t.clone(),
            None => return Ok(None),
        };

        let stmt: Option<Statement> = match &token.kind {
            TokenKind::Say => {
                self.advance();
                let expr = self.parse_expression()?;
                Some(Statement::Say(expr))
            }
            TokenKind::Print => {
                self.advance();
                let expr = self.parse_expression()?;
                Some(Statement::Print(expr))
            }
            TokenKind::Set => self.parse_set()?,
            TokenKind::If => self.parse_if()?,
            TokenKind::For => self.parse_for()?,
            TokenKind::Repeat => self.parse_repeat()?,
            TokenKind::While => self.parse_while()?,
            TokenKind::Break => {
                self.advance();
                Some(Statement::Break)
            }
            TokenKind::Skip => {
                self.advance();
                Some(Statement::Skip)
            }
            TokenKind::Return => {
                self.advance();
                let expr = if self.is_expression_start() {
[0m
[0m$ [0mcd /home/runner/work/rbops/rbops/redblue && sed -n '320,470p' src/parser.rs
let expr = if self.is_expression_start() {
                    Some(self.parse_expression()?)
                } else {
                    None
                };
                Some(Statement::Return(expr))
            }
            TokenKind::GiveBack => {
                self.advance();
                let expr = if self.is_expression_start() {
                    Some(self.parse_expression()?)
                } else {
                    None
                };
                Some(Statement::GiveBack(expr))
            }
            TokenKind::To => self.parse_function()?,
            TokenKind::Object => self.parse_object()?,
            TokenKind::Try => self.parse_try()?,
            TokenKind::Test => self.parse_test()?,
            TokenKind::Expect => self.parse_expect()?,
            TokenKind::Import => {
                self.advance();
                let mut items = Vec::new();
                loop {
                    if let Some(Token {
                        kind: TokenKind::Identifier(name),
                        ..
                    }) = self.current()
                    {
                        let name = name.clone();
                        self.advance();

                        let alias = if let Some(Token {
                            kind: TokenKind::To,
                            ..
                        }) = self.current()
                        {
                            self.advance();
                            if let Some(Token {
                                kind: TokenKind::Identifier(alias),
                                ..
                            }) = self.current()
                            {
                                let a = alias.clone();
                                self.advance();
                                Some(a)
                            } else {
                                return Err(Error::Parser(
                                    "Expected alias after 'to'".to_string(),
                                    self.span(),
                                ));
                            }
                        } else {
                            None
                        };

                        items.push(ImportItem { name, alias });
                    } else {
                        return Err(Error::Parser(
                            "Expected module name".to_string(),
                            self.span(),
                        ));
                    }

                    if let Some(Token {
                        kind: TokenKind::Comma,
                        ..
                    }) = self.current()
                    {
                        self.advance();
                        continue;
                    }
                    break;
                }
                Some(Statement::Import(items))
            }
            TokenKind::Newline => {
                self.advance();
                return Ok(None);
            }
            _ => {
                let expr = self.parse_expression()?;
                Some(Statement::Expr(expr))
            }
        };

        Ok(stmt.map(|statement| Stmt { span, statement }))
    }

    fn parse_set(&mut self) -> Result<Option<Statement>> {
        self.advance(); // consume 'set'

        let name = match self.current() {
            Some(Token {
                kind: TokenKind::Identifier(name),
                ..
            }) => {
                let n = name.clone();
                self.advance();
                n
            }
            _ => {
                return Err(Error::Parser(
                    "Expected variable name".to_string(),
                    self.span(),
                ))
            }
        };

        // Check for property access: set x.y to value
        if let Some(Token {
            kind: TokenKind::Dot,
            ..
        }) = self.current()
        {
            self.advance();
            let property = match self.current() {
                Some(Token {
                    kind: TokenKind::Identifier(prop),
                    ..
                }) => {
                    let p = prop.clone();
                    self.advance();
                    p
                }
                _ => {
                    return Err(Error::Parser(
                        "Expected property name".to_string(),
                        self.span(),
                    ))
                }
            };

            self.expect(&TokenKind::To)?;
            let value = self.parse_expression()?;

            return Ok(Some(Statement::SetProperty {
                object: name,
                property,
                value,
            }));
        }

        self.expect(&TokenKind::To)?;
        let value = self.parse_expression()?;

        Ok(Some(Statement::Set { name, value }))
    }

    fn parse_if(&mut self) -> Result<Option<Statement>> {
[0m
[0m$ [0mcd /home/runner/work/rbops/rbops/redblue && ls target/debug/ | head -20 && ./target/debug/rb --help 2>&1 | head -30
build
deps
examples
incremental
libredblue.d
libredblue.rlib
rb
rb.d
Redblue v0.1.0 - A programming language as readable as plain English

Usage:
  rb              Start interactive REPL
  rb <file>      Run a Redblue file
  rb run <file>  Run a Redblue file
  rb test        Run all tests
  rb test <file> Run specific test file
  rb format <file>  Format a Redblue file
  rb format --check <file>  Check if file needs formatting
  rb lint <file>  Lint a Redblue file
  rb help        Show this help
  rb version     Show version

Example:
  rb examples/hello.rb
  rb format examples/hello.rb
  rb lint examples/hello.rb
[0m
[0m$ [0mcd /home/runner/work/rbops/rbops/redblue && grep -n "parse_primary\|fn parse_expression\|fn parse_or\|fn parse_and\|depth\|MAX_" src/parser.rs | head -40
909:    fn parse_expression(&mut self) -> Result<Expr> {
913:    fn parse_or(&mut self) -> Result<Expr> {
933:    fn parse_and(&mut self) -> Result<Expr> {
1136:        let mut expr = self.parse_primary()?;
1235:    fn parse_primary(&mut self) -> Result<Expr> {
[0m
[0m$ [0mcd /home/runner/work/rbops/rbops/redblue && sed -n '900,1000p' src/parser.rs
| Some(TokenKind::Identifier(_))
                | Some(TokenKind::LeftParen)
                | Some(TokenKind::LeftBracket)
                | Some(TokenKind::LeftBrace)
                | Some(TokenKind::Not)
                | Some(TokenKind::Minus)
        )
    }

    fn parse_expression(&mut self) -> Result<Expr> {
        self.parse_or()
    }

    fn parse_or(&mut self) -> Result<Expr> {
        let mut left = self.parse_and()?;

        while let Some(Token {
            kind: TokenKind::Or,
            ..
        }) = self.current()
        {
            self.advance();
            let right = self.parse_and()?;
            left = Expr::Binary {
                op: BinaryOp::Or,
                left: Box::new(left),
                right: Box::new(right),
            };
        }

        Ok(left)
    }

    fn parse_and(&mut self) -> Result<Expr> {
        let mut left = self.parse_comparison()?;

        while let Some(Token {
            kind: TokenKind::And,
            ..
        }) = self.current()
        {
            self.advance();
            let right = self.parse_comparison()?;
            left = Expr::Binary {
                op: BinaryOp::And,
                left: Box::new(left),
                right: Box::new(right),
            };
        }

        Ok(left)
    }

    fn parse_comparison(&mut self) -> Result<Expr> {
        let mut left = self.parse_addition()?;

        loop {
            let op = match self.current() {
                Some(Token {
                    kind: TokenKind::Is,
                    ..
                }) => {
                    self.advance();
                    // Check for compound comparisons
                    if let Some(Token {
                        kind: TokenKind::Equal,
                        ..
                    }) = self.current()
                    {
                        self.advance();
                        BinaryOp::Equal
                    } else if let Some(Token {
                        kind: TokenKind::Not,
                        ..
                    }) = self.current()
                    {
                        self.advance();
                        BinaryOp::NotEqual
                    } else {
                        BinaryOp::Equal // "is" alone means equality
                    }
                }
                Some(Token {
                    kind: TokenKind::Equal,
                    ..
                }) => {
                    self.advance();
                    BinaryOp::Equal
                }
                Some(Token {
                    kind: TokenKind::NotEqual,
                    ..
                }) => {
                    self.advance();
                    BinaryOp::NotEqual
                }
                Some(Token {
                    kind: TokenKind::Less,
                    ..
                }) => {
                    self.advance();
[0m
[0m$ [0mcd /home/runner/work/rbops/rbops/redblue && sed -n '1100,1360p' src/parser.rs
};
            } else {
                break;
            }
        }

        Ok(left)
    }

    fn parse_unary(&mut self) -> Result<Expr> {
        if let Some(token) = self.current() {
            match &token.kind {
                TokenKind::Not => {
                    self.advance();
                    let expr = self.parse_unary()?;
                    return Ok(Expr::Unary {
                        op: UnaryOp::Not,
                        expr: Box::new(expr),
                    });
                }
                TokenKind::Minus => {
                    self.advance();
                    let expr = self.parse_unary()?;
                    return Ok(Expr::Unary {
                        op: UnaryOp::Neg,
                        expr: Box::new(expr),
                    });
                }
                _ => {}
            }
        }

        self.parse_postfix()
    }

    fn parse_postfix(&mut self) -> Result<Expr> {
        let mut expr = self.parse_primary()?;

        loop {
            if let Some(Token {
                kind: TokenKind::Dot,
                ..
            }) = self.current()
            {
                self.advance();
                let property = match self.current() {
                    Some(Token {
                        kind: TokenKind::Identifier(name),
                        ..
                    }) => {
                        let n = name.clone();
                        self.advance();
                        n
                    }
                    _ => {
                        return Err(Error::Parser(
                            "Expected property name".to_string(),
                            self.span(),
                        ))
                    }
                };
                expr = Expr::Property {
                    object: Box::new(expr),
                    property,
                };
            } else if let Some(Token {
                kind: TokenKind::LeftParen,
                ..
            }) = self.current()
            {
                self.advance();
                let mut args = Vec::new();

                while self.current().map(|t| &t.kind) != Some(&TokenKind::RightParen)
                    && self.current().map(|t| &t.kind) != Some(&TokenKind::Eof)
                {
                    args.push(self.parse_expression()?);

                    if let Some(Token {
                        kind: TokenKind::Comma,
                        ..
                    }) = self.current()
                    {
                        self.advance();
                    }
                }

                self.expect(&TokenKind::RightParen)?;

                match expr {
                    Expr::Variable(name) => {
                        expr = Expr::Call { name, args };
                    }
                    Expr::Property { object, property } => {
                        let module_name = match *object {
                            Expr::Variable(name) => format!("{}_{}", name, property),
                            _ => {
                                return Err(Error::Parser(
                                    "Expected module name".to_string(),
                                    self.span(),
                                ))
                            }
                        };
                        expr = Expr::Call {
                            name: module_name,
                            args,
                        };
                    }
                    _ => {
                        return Err(Error::Parser(
                            "Expected function name".to_string(),
                            self.span(),
                        ));
                    }
                }
            } else if let Some(Token {
                kind: TokenKind::LeftBracket,
                ..
            }) = self.current()
            {
                self.advance();
                let index = self.parse_expression()?;
                self.expect(&TokenKind::RightBracket)?;
                expr = Expr::Index {
                    object: Box::new(expr),
                    index: Box::new(index),
                };
            } else {
                break;
            }
        }

        Ok(expr)
    }

    fn parse_primary(&mut self) -> Result<Expr> {
        let token = self
            .current()
            .ok_or_else(|| Error::Parser("Unexpected end of input".to_string(), self.span()))?
            .clone();

        match &token.kind {
            TokenKind::Number(n) => {
                self.advance();
                Ok(Expr::Number(*n))
            }
            TokenKind::Text(s) => {
                self.advance();
                Ok(Expr::Text(s.clone()))
            }
            TokenKind::YesNo(b) => {
                self.advance();
                Ok(Expr::YesNo(*b))
            }
            TokenKind::Nothing => {
                self.advance();
                Ok(Expr::Nothing)
            }
            TokenKind::Identifier(name) => {
                self.advance();
                Ok(Expr::Variable(name.clone()))
            }
            TokenKind::LeftParen => {
                self.advance();
                let expr = self.parse_expression()?;
                self.expect(&TokenKind::RightParen)?;
                Ok(expr)
            }
            TokenKind::LeftBracket => {
                self.advance();
                let mut items = Vec::new();

                while self.current().map(|t| &t.kind) != Some(&TokenKind::RightBracket)
                    && self.current().map(|t| &t.kind) != Some(&TokenKind::Eof)
                {
                    items.push(self.parse_expression()?);

                    if let Some(Token {
                        kind: TokenKind::Comma,
                        ..
                    }) = self.current()
                    {
                        self.advance();
                    }
                }

                self.expect(&TokenKind::RightBracket)?;
                Ok(Expr::List(items))
            }
            TokenKind::LeftBrace => {
                self.advance();
                let mut fields = Vec::new();

                while self.current().map(|t| &t.kind) != Some(&TokenKind::RightBrace)
                    && self.current().map(|t| &t.kind) != Some(&TokenKind::Eof)
                {
                    let key = match self.current() {
                        Some(Token {
                            kind: TokenKind::Identifier(name),
                            ..
                        }) => {
                            let n = name.clone();
                            self.advance();
                            n
                        }
                        _ => {
                            return Err(Error::Parser(
                                "Expected field name".to_string(),
                                self.span(),
                            ))
                        }
                    };

                    self.expect(&TokenKind::Colon)?;
                    let value = self.parse_expression()?;
                    fields.push((key, value));

                    if let Some(Token {
                        kind: TokenKind::Comma,
                        ..
                    }) = self.current()
                    {
                        self.advance();
                    }
                }

                self.expect(&TokenKind::RightBrace)?;
                Ok(Expr::Record(fields))
            }
            _ => Err(Error::Parser(
                format!("Unexpected token {:?}", token.kind),
                token.span(),
            )),
        }
    }
}

pub fn parse(tokens: Vec<Token>) -> Result<Program> {
    let mut parser = Parser::new(tokens);
    parser.parse()
}

#[cfg(test)]
mod tests {
    use super::*;
    use crate::lexer::Lexer;

    #[test]
    fn test_parse_say() {
        let tokens = Lexer::tokenize(r#"say "Hello""#).unwrap();
        let program = parse(tokens).unwrap();
        assert_eq!(program.statements.len(), 1);
    }

    #[test]
    fn test_parse_set() {
        let tokens = Lexer::tokenize("set x to 10").unwrap();
        let program = parse(tokens).unwrap();
        assert_eq!(program.statements.len(), 1);
    }
}
[0m
[0m$ [0mcd /home/runner/work/rbops/rbops/redblue && mkdir -p target/tmp && : > target/tmp/empty.rb && printf '   \n\n\t\n' > target/tmp/ws.rb && printf '// just a comment\n' > target/tmp/comment.rb && for f in empty ws comment; do echo "=== $f ==="; timeout 5 ./target/debug/rb run target/tmp/$f.rb; echo "exit=$?"; done
=== empty ===
exit=0
=== ws ===
exit=0
=== comment ===
exit=0
[0m
[0m$ [0mcd /home/runner/work/rbops/rbops/redblue && printf 'if true then\n  say "hi"\n' > target/tmp/unclosed_end.rb && printf 'say "unterminated\n' > target/tmp/unclosed_str.rb && printf 'say 1 + \n' > target/tmp/stray_op.rb && printf 'set x to [1, 2, 3\n' > target/tmp/unclosed_bracket.rb && printf 'say 1 @ 2\n' > target/tmp/stray_at.rb && for f in unclosed_end unclosed_str stray_op unclosed_bracket stray_at; do echo "=== $f ==="; timeout 5 ./target/debug/rb run target/tmp/$f.rb; echo "exit=$?"; done
=== unclosed_end ===
Error: ParserError: Expected End but got Eof
  --> target/tmp/unclosed_end.rb:3:1
exit=1
=== unclosed_str ===
Error: LexerError: Unterminated string
  --> target/tmp/unclosed_str.rb:1:5
1 | say "unterminated
  |     ^
exit=1
=== stray_op ===
Error: ParserError: Unexpected token Newline
  --> target/tmp/stray_op.rb:1:9
1 | say 1 + 
  |         ^
exit=1
=== unclosed_bracket ===
exit=1
=== stray_at ===
Error: ParserError: Unexpected token Newline
  --> target/tmp/unclosed_bracket.rb:1:18
1 | set x to [1, 2, 3
  |                  ^
Error: LexerError: Unexpected character '@'
  --> target/tmp/stray_at.rb:1:7
1 | say 1 @ 2
  |       ^
exit=1
[0m
[0m$ [0mcd /home/runner/work/rbops/rbops/redblue && python3 -c "
open('target/tmp/deep1000.rb','w').write('set x to ' + '['*1000 + '1' + ']'*1000 + '\n')
open('target/tmp/deep5000.rb','w').write('set x to ' + '['*5000 + '1' + ']'*5000 + '\n')
open('target/tmp/deep_unary.rb','w').write('set x to ' + '-'*100000 + '1\n')
open('target/tmp/deep_paren.rb','w').write('set x to ' + '('*100000 + '1' + ')'*100000 + '\n')
" && for f in deep1000 deep5000 deep_unary deep_paren; do echo "=== $f ==="; timeout 20 ./target/debug/rb run target/tmp/$f.rb 2>&1 | head -4; echo "exit=${PIPESTATUS[0]}"; done
=== deep1000 ===
exit=0
=== deep5000 ===

thread 'main' (5044) has overflowed its stack
fatal runtime error: stack overflow, aborting
timeout: the monitored command dumped core
exit=134
=== deep_unary ===

thread 'main' (5056) has overflowed its stack
fatal runtime error: stack overflow, aborting
timeout: the monitored command dumped core
exit=134
=== deep_paren ===

thread 'main' (5070) has overflowed its stack
fatal runtime error: stack overflow, aborting
timeout: the monitored command dumped core
exit=134
[0m
[0m$ [0mcd /home/runner/work/rbops/rbops/redblue && for f in deep1000 deep5000 deep_unary deep_paren; do echo "=== $f (format only) ==="; timeout 20 ./target/debug/rb format target/tmp/$f.rb 2>&1 | head -3; echo "exit=${PIPESTATUS[0]}"; done; echo "=== lint ==="; timeout 20 ./target/debug/rb lint target/tmp/deep5000.rb 2>&1|head -3
=== deep1000 (format only) ===
set x  to [ [ [ [ [ [ [ [ [ [ [ [ [ [ [ [ [ [ [ [ [ [ [ [ [ [ [ [ [ [ [ [ [ [ [ [ [ [ [ [ [ [ [ [ [ [ [ [ [ [ [ [ [ [ [ [ [ [ [ [ [ [ [ [ [ [ [ [ [ [ [ [ [ [ [ [ [ [ [ [ [ [ [ [ [ [ [ [ [ [ [ [ [ [ [ [ [ [ [ [ [ [ [ [ [ [ [ [ [ [ [ [ [ [ [ [ [ [ [ [ [ [ [ [ [ [ [ [ [ [ [ [ [ [ [ [ [ [ [ [ [ [ [ [ [ [ [ [ [ [ [ [ [ [ [ [ [ [ [ [ [ [ [ [ [ [ [ [ [ [ [ [ [ [ [ [ [ [ [ [ [ [ [ [ [ [ [ [ [ [ [ [ [ [ [ [ [ [ [ [ [ [ [ [ [ [ [ [ [ [ [ [ [ [ [ [ [ [ [ [ [ [ [ [ [ [ [ [ [ [ [ [ [ [ [ [ [ [ [ [ [ [ [ [ [ [ [ [ [ [ [ [ [ [ [ [ [ [ [ [ [ [ [ [ [ [ [ [ [ [ [ [ [ [ [ [ [ [ [ [ [ [ [ [ [ [ [ [ [ [ [ [ [ [ [ [ [ [ [ [ [ [ [ [ [ [ [ [ [ [ [ [ [ [ [ [ [ [ [ [ [ [ [ [ [ [ [ [ [ [ [ [ [ [ [ [ [ [ [ [ [ [ [ [ [ [ [ [ [ [ [ [ [ [ [ [ [ [ [ [ [ [ [ [ [ [ [ [ [ [ [ [ [ [ [ [ [ [ [ [ [ [ [ [ [ [ [ [ [ [ [ [ [ [ [ [ [ [ [ [ [ [ [ [ [ [ [ [ [ [ [ [ [ [ [ [ [ [ [ [ [ [ [ [ [ [ [ [ [ [ [ [ [ [ [ [ [ [ [ [ [ [ [ [ [ [ [ [ [ [ [ [ [ [ [ [ [ [ [ [ [ [ [ [ [ [ [ [ [ [ [ [ [ [ [ [ [ [ [ [ [ [ [ [ [ [ [ [ [ [ [ [ [ [ [ [ [ [ [ [ [ [ [ [ [ [ [ [ [ [ [ [ [ [ [ [ [ [ [ [ [ [ [ [ [ [ [ [ [ [ [ [ [ [ [ [ [ [ [ [ [ [ [ [ [ [ [ [ [ [ [ [ [ [ [ [ [ [ [ [ [ [ [ [ [ [ [ [ [ [ [ [ [ [ [ [ [ [ [ [ [ [ [ [ [ [ [ [ [ [ [ [ [ [ [ [ [ [ [ [ [ [ [ [ [ [ [ [ [ [ [ [ [ [ [ [ [ [ [ [ [ [ [ [ [ [ [ [ [ [ [ [ [ [ [ [ [ [ [ [ [ [ [ [ [ [ [ [ [ [ [ [ [ [ [ [ [ [ [ [ [ [ [ [ [ [ [ [ [ [ [ [ [ [ [ [ [ [ [ [ [ [ [ [ [ [ [ [ [ [ [ [ [ [ [ [ [ [ [ [ [ [ [ [ [ [ [ [ [ [ [ [ [ [ [ [ [ [ [ [ [ [ [ [ [ [ [ [ [ [ [ [ [ [ [ [ [ [ [ [ [ [ [ [ [ [ [ [ [ [ [ [ [ [ [ [ [ [ [ [ [ [ [ [ [ [ [ [ [ [ [ [ [ [ [ [ [ [ [ [ [ [ [ [ [ [ [ [ [ [ [ [ [ [ [ [ [ [ [ [ [ [ [ [ [ [ [ [ [ [ [ [ [ [ [ [ [ [ [ [ [ [ [ [ [ [ [ [ [ [ [ [ [ [ [ [ [ [ [ [ [ [ [ [ [ [ [ [ [ [ [ [ [ [ [ [ [ [ [ [ [ [ [ [ [ [ [ [ [ [ [ [ [ [ [ [ [ [ [ [ [ [ [ [ [ [ [ [ [ [ [ [ [ [ [ [ [ [ [ [ [ [ [ [ [ [ [ [ [ [ [ [ [ [ [ [ [ [ [ [ [ [ [ [ [ [ [ [ [ [ [ [ [ [ [ [ [ [ [ [ [ [ [ [ [ [ [ [ [ [ [ [ [ [ [ [ [ [ [ [ [ [ [ [ [ [ [ [ [ [ [ [ [ [ [ [ [ [ [ [ [ [ [ [ [ [ [ [ [ [ [ [ [ [ [ [ [ [ [ [ 1 ] ] ] ] ] ] ] ] ] ] ] ] ] ] ] ] ] ] ] ] ] ] ] ] ] ] ] ] ] ] ] ] ] ] ] ] ] ] ] ] ] ] ] ] ] ] ] ] ] ] ] ] ] ] ] ] ] ] ] ] ] ] ] ] ] ] ] ] ] ] ] ] ] ] ] ] ] ] ] ] ] ] ] ] ] ] ] ] ] ] ] ] ] ] ] ] ] ] ] ] ] ] ] ] ] ] ] ] ] ] ] ] ] ] ] ] ] ] ] ] ] ] ] ] ] ] ] ] ] ] ] ] ] ] ] ] ] ] ] ] ] ] ] ] ] ] ] ] ] ] ] ] ] ] ] ] ] ] ] ] ] ] ] ] ] ] ] ] ] ] ] ] ] ] ] ] ] ] ] ] ] ] ] ] ] ] ] ] ] ] ] ] ] ] ] ] ] ] ] ] ] ] ] ] ] ] ] ] ] ] ] ] ] ] ] ] ] ] ] ] ] ] ] ] ] ] ] ] ] ] ] ] ] ] ] ] ] ] ] ] ] ] ] ] ] ] ] ] ] ] ] ] ] ] ] ] ] ] ] ] ] ] ] ] ] ] ] ] ] ] ] ] ] ] ] ] ] ] ] ] ] ] ] ] ] ] ] ] ] ] ] ] ] ] ] ] ] ] ] ] ] ] ] ] ] ] ] ] ] ] ] ] ] ] ] ] ] ] ] ] ] ] ] ] ] ] ] ] ] ] ] ] ] ] ] ] ] ] ] ] ] ] ] ] ] ] ] ] ] ] ] ] ] ] ] ] ] ] ] ] ] ] ] ] ] ] ] ] ] ] ] ] ] ] ] ] ] ] ] ] ] ] ] ] ] ] ] ] ] ] ] ] ] ] ] ] ] ] ] ] ] ] ] ] ] ] ] ] ] ] ] ] ] ] ] ] ] ] ] ] ] ] ] ] ] ] ] ] ] ] ] ] ] ] ] ] ] ] ] ] ] ] ] ] ] ] ] ] ] ] ] ] ] ] ] ] ] ] ] ] ] ] ] ] ] ] ] ] ] ] ] ] ] ] ] ] ] ] ] ] ] ] ] ] ] ] ] ] ] ] ] ] ] ] ] ] ] ] ] ] ] ] ] ] ] ] ] ] ] ] ] ] ] ] ] ] ] ] ] ] ] ] ] ] ] ] ] ] ] ] ] ] ] ] ] ] ] ] ] ] ] ] ] ] ] ] ] ] ] ] ] ] ] ] ] ] ] ] ] ] ] ] ] ] ] ] ] ] ] ] ] ] ] ] ] ] ] ] ] ] ] ] ] ] ] ] ] ] ] ] ] ] ] ] ] ] ] ] ] ] ] ] ] ] ] ] ] ] ] ] ] ] ] ] ] ] ] ] ] ] ] ] ] ] ] ] ] ] ] ] ] ] ] ] ] ] ] ] ] ] ] ] ] ] ] ] ] ] ] ] ] ] ] ] ] ] ] ] ] ] ] ] ] ] ] ] ] ] ] ] ] ] ] ] ] ] ] ] ] ] ] ] ] ] ] ] ] ] ] ] ] ] ] ] ] ] ] ] ] ] ] ] ] ] ] ] ] ] ] ] ] ] ] ] ] ] ] ] ] ] ] ] ] ] ] ] ] ] ] ] ] ] ] ] ] ] ] ] ] ] ] ] ] ] ] ] ] ] ] ] ] ] ] ] ] ] ] ] ] ] ] ] ] ] ] ] ] ] ] ] ] ] ] ] ] ] ] ] ] ] ] ] ] ] ] ] ] ] ] ] ] ] ] ] ] ] ] ] ] ] ] ] ] ] ] ] ] ] ] ] ] ] ] ] ] ] ] ] ] ] ] ] ] ] ] ] ] ] ] ] ] ] ] ] ] ] ] ] ] ] ] ] ] ] ] ] ] ] ] ] ] ] ] ] ] ] ] ] ] ] ] ] ] ] ] ] ] ] ] ] ] ] ] ] ] ] ] ] ] ] ] ] ] ] ] ] ] ] ] ] ] ] ] ] ] ] ] ] ] ] ] ] ] ] ] ] ] ] ] ] ] ] ] ] ] ] ] ] ] ] ] ] ] ] ] ] ] ] ] ] ] ] ] ] ] ] ] ] ] ] ] ] ] ] ] ] ] ] ] ] ] ] ] ] ] ] ] ] ] ] ] ] ] ] ] ] ] ] ] ] ] ] ] ] ] ] ] ] ] ] ] ] ] ] ] ] ] ] ] ] ] ] ] ] ] ] ] ] ] ]exit=0
=== deep5000 (format only) ===

thread 'main' (5124) has overflowed its stack
fatal runtime error: stack overflow, aborting
exit=141
=== deep_unary (format only) ===

thread 'main' (5134) has overflowed its stack
fatal runtime error: stack overflow, aborting
exit=141
=== deep_paren (format only) ===

thread 'main' (5150) has overflowed its stack
fatal runtime error: stack overflow, aborting
exit=141
=== lint ===

thread 'main' (5168) has overflowed its stack
fatal runtime error: stack overflow, aborting
[0m
[0m$ [0mcd /home/runner/work/rbops/rbops/redblue && python3 -c "
open('target/tmp/flat100k.rb','w').write('set x to ' + ' + '.join(['1']*50000) + '\n')
open('target/tmp/stmts100k.rb','w').write('set x to 1\n'*50000)
" && time (timeout 30 ./target/debug/rb run target/tmp/flat100k.rb 2>&1|head -3) ; echo "exit=$?"; time (timeout 30 ./target/debug/rb run target/tmp/stmts100k.rb 2>&1|head -3); echo "exit=$?"
thread 'main' (5192) has overflowed its stack
fatal runtime error: stack overflow, aborting

real	0m0.195s
user	0m0.034s
sys	0m0.049s
exit=0

real	0m0.168s
user	0m0.149s
sys	0m0.019s
exit=0
[0m
[0m$ [0mcd /home/runner/work/rbops/rbops/redblue && timeout 30 ./target/debug/rb run target/tmp/flat100k.rb; echo "exit=$?"; echo "--- format only ---"; timeout 30 ./target/debug/rb format target/tmp/flat100k.rb > /dev/null; echo "exit=$?"
thread 'main' (5239) has overflowed its stack
fatal runtime error: stack overflow, aborting
timeout: the monitored command dumped core
/bin/bash: line 1:  5238 Aborted                 timeout 30 ./target/debug/rb run target/tmp/flat100k.rb
exit=134
--- format only ---

thread 'main' (5250) has overflowed its stack
fatal runtime error: stack overflow, aborting
timeout: the monitored command dumped core
/bin/bash: line 1:  5247 Aborted                 timeout 30 ./target/debug/rb format target/tmp/flat100k.rb > /dev/null
exit=134
[0m
[0m$ [0mcd /home/runner/work/rbops/rbops/redblue && head -30 tests/lexer_robustness_test.rs && echo "=== CARGO ===" && cat Cargo.toml && echo "=== verify ===" && ls rbops/ 2>/dev/null; ls phases/phase-009/
use std::fs;
use std::path::{Path, PathBuf};

use redblue::lexer::{Lexer, TokenKind};
use redblue::{run_file, Error, Span};

fn lex(source: &str) -> Vec<TokenKind> {
    Lexer::tokenize(source)
        .expect("source should lex")
        .into_iter()
        .map(|token| token.kind)
        .collect()
}

fn lex_error(source: &str) -> Error {
    Lexer::tokenize(source).expect_err("source should fail to lex")
}

fn count_newlines(kinds: &[TokenKind]) -> usize {
    kinds
        .iter()
        .filter(|kind| **kind == TokenKind::Newline)
        .count()
}

/// Scratch directory inside the project's own `target/tmp`, never the system
/// temp dir, so nothing outside the checkout is touched. Each caller gets its
/// own subdirectory because tests run in parallel.
fn scratch_dir(name: &str) -> PathBuf {
    let dir = Path::new(env!("CARGO_MANIFEST_DIR"))
=== CARGO ===
[package]
name = "redblue"
version = "0.1.0"
edition = "2021"
authors = ["Redblue Contributors"]
description = "A programming language as readable as plain English"
license = "MIT"
repository = "https://github.com/redblue-lang/redblue"
keywords = ["programming-language", "compiler"]
categories = ["compiler", "development-tools"]

[[bin]]
name = "rb"
path = "src/main.rs"

[lib]
name = "redblue"
path = "src/lib.rs"

[dependencies]
regex = "1.10"
chrono = "0.4"
reqwest = { version = "0.11", features = ["blocking"] }
indexmap = "2"

[dev-dependencies]
regex = "1.10"

[profile.release]
opt-level = 3
lto = true
=== verify ===
FINDINGS.md
REPORT.md
[0m
[0m$ [0mcd /home/runner/work/rbops/rbops/redblue && cat phases/INVARIANTS.md 2>/dev/null | head -40; ls; find . -name "verify.sh" -not -path "./target/*" 2>/dev/null
AGENTS.md
CODE_OF_CONDUCT.md
CONTRIBUTING.md
Cargo.lock
Cargo.toml
HANDOUT.md
LICENSE
PHILOSOPHY.md
README.md
ROADMAP.md
SPEC.md
docs
err.txt
errors.txt
examples
export.sh
modules
phases
src
target
test.redblue
tests
tooling
[0m
[0m$ [0mcd /home/runner/work/rbops/rbops/redblue && for n in 200 400 800 1200 1600; do python3 -c "
n=$n
open('target/tmp/d_$n.rb','w').write('set x to ' + '['*n + '1' + ']'*n + '\n')"; printf "list n=$n: "; timeout 10 ./target/debug/rb format target/tmp/d_$n.rb >/dev/null 2>&1 && echo ok || echo CRASH; done
list n=200: ok
list n=400: ok
list n=800: ok
list n=1200: /bin/bash: line 1:  5345 Aborted                 timeout 10 ./target/debug/rb format target/tmp/d_$n.rb > /dev/null 2>&1
CRASH
list n=1600: /bin/bash: line 1:  5358 Aborted                 timeout 10 ./target/debug/rb format target/tmp/d_$n.rb > /dev/null 2>&1
CRASH
[0m
[0m$ [0mcd /home/runner/work/rbops/rbops/redblue && for n in 1000 2000 4000 8000 16000 32000; do python3 -c "
n=$n
open('target/tmp/f_$n.rb','w').write('set x to ' + ' + '.join(['1']*n) + '\n')"; printf "flat n=$n: "; timeout 10 ./target/debug/rb format target/tmp/f_$n.rb >/dev/null 2>&1 && echo ok || echo CRASH; done
flat n=1000: ok
flat n=2000: ok
flat n=4000: ok
flat n=8000: ok
flat n=16000: ok
flat n=32000: /bin/bash: line 1:  5394 Aborted                 timeout 10 ./target/debug/rb format target/tmp/f_$n.rb > /dev/null 2>&1
CRASH
[0m
[0m$ [0mcd /home/runner/work/rbops/rbops/redblue && python3 - <<'EOF'
import glob,re
worst=0; where=None
for f in glob.glob('examples/*.rb')+glob.glob('modules/*.rb')+glob.glob('tests/*.rb'):
    for i,l in enumerate(open(f),1):
        n=0
        for ch in l:
            if ch in '+-': n+=1
            elif ch.isalnum() or ch in ' _"\'[]{}().,': n=0
            else: n=0
        if n>worst: worst=n; where=(f,i,l.strip()[:80])
print("max consecutive +- chain in corpus:",worst,where)
EOF
grep -c "" examples/*.rb | head -3; ls examples | wc -l
max consecutive +- chain in corpus: 0 None
examples/files.rb:36
examples/fizzbuzz.rb:24
examples/formats.rb:22
6
[0m
[0m$ [0mcd /home/runner/work/rbops/rbops/redblue && sed -n '1,141p' src/error.rs
use std::fmt;

/// A source position: a 1-based line and a 1-based **character** column.
///
/// Columns count characters, not bytes, so a line that starts with an emoji
/// reports the column the caret is drawn at.
#[derive(Debug, Clone, Copy, PartialEq, Eq)]
pub struct Span {
    pub line: usize,
    pub column: usize,
}

impl Span {
    pub fn new(line: usize, column: usize) -> Self {
        Self { line, column }
    }

    /// A position that is not attached to any source text. Only for failures
    /// that happen before a token exists, such as a module file that cannot be
    /// read.
    pub fn unknown() -> Self {
        Self { line: 0, column: 0 }
    }

    pub fn is_known(&self) -> bool {
        self.line > 0
    }
}

impl fmt::Display for Span {
    fn fmt(&self, f: &mut fmt::Formatter<'_>) -> fmt::Result {
        write!(f, "{}:{}", self.line, self.column)
    }
}

#[derive(Debug, Clone)]
pub enum Error {
    Lexer(String, Span),
    Parser(String, Span),
    Analyzer(String, Span),
    Runtime(String, Span),
    Io(String),
}

impl Error {
    /// The source position of this failure, or `None` for failures that have
    /// no position at all (`Io`) and for failures reported as `unknown`.
    pub fn span(&self) -> Option<&Span> {
        let span = match self {
            Error::Lexer(_, span)
            | Error::Parser(_, span)
            | Error::Analyzer(_, span)
            | Error::Runtime(_, span) => span,
            Error::Io(_) => return None,
        };

        if span.is_known() {
            Some(span)
        } else {
            None
        }
    }

    fn label(&self) -> &'static str {
        match self {
            Error::Lexer(_, _) => "LexerError",
            Error::Parser(_, _) => "ParserError",
            Error::Analyzer(_, _) => "AnalyzerError",
            Error::Runtime(_, _) => "RuntimeError",
            Error::Io(_) => "IoError",
        }
    }

    fn message(&self) -> &str {
        match self {
            Error::Lexer(msg, _)
            | Error::Parser(msg, _)
            | Error::Analyzer(msg, _)
            | Error::Runtime(msg, _)
            | Error::Io(msg) => msg,
        }
    }

    fn location(&self, file: Option<&str>) -> Option<String> {
        let span = self.span()?;
        Some(match file {
            Some(name) => format!("{}:{}", name, span),
            None => span.to_string(),
        })
    }

    /// Renders the message, the source position, the offending source line and
    /// a caret under the column. Falls back to the message alone when the
    /// line is not present in `source`.
    pub fn render(&self, source: &str, file: Option<&str>) -> String {
        let mut out = format!("{}: {}", self.label(), self.message());

        let location = match self.location(file) {
            Some(location) => location,
            None => return out,
        };

        let span = self.span().expect("location implies a known span");
        let line_number = span.line.to_string();
        let gutter = " ".repeat(line_number.len());

        out.push_str(&format!("\n  --> {}", location));

        let line_text = match source.lines().nth(span.line - 1) {
            Some(text) => text,
            None => return out,
        };

        out.push('\n');
        out.push_str(&format!("{} | {}", line_number, line_text));
        out.push('\n');
        out.push_str(&format!(
            "{} | {}^",
            gutter,
            " ".repeat(span.column.saturating_sub(1))
        ));

        out
    }
}

impl fmt::Display for Error {
    fn fmt(&self, f: &mut fmt::Formatter<'_>) -> fmt::Result {
        write!(f, "{}: {}", self.label(), self.message())?;

        if let Some(location) = self.location(None) {
            write!(f, "\n  --> {}", location)?;
        }

        Ok(())
    }
}

impl std::error::Error for Error {}

pub type Result<T> = std::result::Result<T, Error>;
[0m
[0m$ [0mcd /home/runner/work/rbops/rbops/redblue && sed -n '1,80p' src/lib.rs
mod analyzer;
mod error;
pub mod formatter;
pub mod lexer;
pub mod linter;
pub mod parser;
pub mod repl;
pub mod stdlib;
pub mod testing;
mod value;
mod vm;

use std::env;
use std::fs;
use std::process;

use crate::lexer::Lexer;
use testing::reporter::Reporter;

pub use error::{Error, Span};
pub use value::Value;
pub use vm::{run_isolated, Vm, MAX_CALL_DEPTH, MAX_CALL_DEPTH_ENV};

pub fn run_file(path: &str) -> Result<(), Error> {
    let source = fs::read_to_string(path).map_err(|e| Error::Io(e.to_string()))?;

    run_source(&source)
}

/// Runs `path` and, when it fails, renders the source line and caret for the
/// failure next to the message.
fn run_file_with_diagnostic(path: &str) -> std::result::Result<(), String> {
    let source = match fs::read_to_string(path) {
        Ok(source) => source,
        Err(e) => return Err(Error::Io(e.to_string()).to_string()),
    };

    run_source(&source).map_err(|e| e.render(&source, Some(path)))
}

fn report(rendered: &str) -> ! {
    eprintln!("Error: {}", rendered);
    process::exit(1);
}

pub fn run_source(source: &str) -> Result<(), Error> {
    let tokens = Lexer::tokenize(source)?;
    let ast = parser::parse(tokens)?;
    analyzer::analyze(&ast)?;

    let (_vm, result) = vm::run_isolated(&ast);
    result.map(|_| ())
}

pub fn run_repl() {
    let mut repl = repl::Repl::new();
    repl.run();
}

pub fn run_test(path: Option<&str>) -> Result<(), Error> {
    let mut harness = testing::TestHarness::new();

    match path {
        Some(p) => {
            harness.run_file(p)?;
            // Report the failures and exit non-zero. Without this a failing
            // `expect` printed only a dot/F and still exited 0.
            testing::PrettyReporter::new().report(&harness.results());
        }
        None => {
            let results = testing::run_all_tests()?;
            println!("Tests run: {}", results.total);
            println!("Passed: {}", results.passed);
            println!("Failed: {}", results.failed);
            if results.failed > 0 {
                process::exit(1);
            }
        }
    }
[0m
Now writing the failing test first.
[0m← [0mWrite tests/parser_hardening_test.rs
Wrote file successfully.
[0m
[0m$ [0mcd /home/runner/work/rbops/rbops/redblue && grep -n "^pub struct Parser" src/parser.rs
214:pub struct Parser {
[0m
[0m← [0mEdit src/parser.rs
Index: /home/runner/work/rbops/rbops/redblue/src/parser.rs
===================================================================
--- /home/runner/work/rbops/rbops/redblue/src/parser.rs
+++ /home/runner/work/rbops/rbops/redblue/src/parser.rs
@@ -210,11 +210,26 @@
 pub struct Program {
     pub statements: Vec<Stmt>,
 }
 
+/// The deepest an expression may nest before the parser gives up with a
+/// spanned [`Error::Parser`].
+///
+/// Every nested bracket, prefix operator, call argument and left-associative
+/// binary chain makes the expression tree one level deeper. Parsing recurses
+/// per level and dropping the finished tree recurses per level, so an
+/// unbounded depth turns a long line of source into "has overflowed its stack"
+/// and a core dump instead of a diagnostic.
+///
+/// The value is deliberately small: libstd gives a spawned thread a 2 MiB
+/// stack, and the `rb` binary runs on the main thread. 128 leaves several
+/// times the headroom the deepest supported nesting needs on either.
+pub const MAX_NESTING_DEPTH: usize = 128;
+
 pub struct Parser {
     tokens: Vec<Token>,
     pos: usize,
+    depth: usize,
 }
 
 impl Parser {
     pub fn new(tokens: Vec<Token>) -> Self {

[0m
[0m← [0mEdit src/parser.rs
Index: /home/runner/work/rbops/rbops/redblue/src/parser.rs
===================================================================
--- /home/runner/work/rbops/rbops/redblue/src/parser.rs
+++ /home/runner/work/rbops/rbops/redblue/src/parser.rs
@@ -232,9 +232,13 @@
 }
 
 impl Parser {
     pub fn new(tokens: Vec<Token>) -> Self {
-        Self { tokens, pos: 0 }
+        Self {
+            tokens,
+            pos: 0,
+            depth: 0,
+        }
     }
 
     fn current(&self) -> Option<&Token> {
         self.tokens.get(self.pos)

[0m
[0m$ [0mcd /home/runner/work/rbops/rbops/redblue && sed -n '226,236p' src/parser.rs
pub const MAX_NESTING_DEPTH: usize = 128;

pub struct Parser {
    tokens: Vec<Token>,
    pos: usize,
    depth: usize,
}

impl Parser {
    pub fn new(tokens: Vec<Token>) -> Self {
        Self {
[0m
Now watch the test fail for the right reason:
[0m$ [0mcd /home/runner/work/rbops/rbops/redblue && cargo test --test parser_hardening_test 2>&1 | tail -40
[1m[92m   Compiling[0m redblue v0.1.0 (/home/runner/work/rbops/rbops/redblue)
[1m[91merror[0m[1m: field `depth` is never read[0m
   [1m[94m--> [0msrc/parser.rs:231:5
    [1m[94m|[0m
[1m[94m228[0m [1m[94m|[0m pub struct Parser {
    [1m[94m|[0m            [1m[94m------[0m [1m[94mfield in this struct[0m
[1m[94m...[0m
[1m[94m231[0m [1m[94m|[0m     depth: usize,
    [1m[94m|[0m     [1m[91m^^^^^[0m
    [1m[94m|[0m
    [1m[94m= [0m[1mnote[0m: `-D dead-code` implied by `-D warnings`
    [1m[94m= [0m[1mhelp[0m: to override `-D warnings` add `#[expect(dead_code)]` or `#[allow(dead_code)]`

[1m[91merror[0m: could not compile `redblue` (lib) due to 1 previous error
[0m
[0m$ [0mcd /home/runner/work/rbops/rbops/redblue && sed 's/MAX_NESTING_DEPTH/LIMIT/g; s/redblue::parser::{parse, LIMIT}/redblue::parser::parse/' tests/parser_hardening_test.rs > tests/zz_red_tmp.rs && printf '\nconst LIMIT: usize = 128;\n' >> tests/zz_red_tmp.rs && sed -i 's/^    assert!(\n//' tests/zz_red_tmp.rs && python3 - <<'EOF'
import re
p='tests/zz_red_tmp.rs'
s=open(p).read()
# drop the sanity test that references LIMIT type checks (fine to keep) -- keep
open(p,'w').write(s)
EOF
cargo test --test zz_red_tmp 2>&1 | tail -30
[1m[92m   Compiling[0m redblue v0.1.0 (/home/runner/work/rbops/rbops/redblue)
[1m[91merror[0m[1m: field `depth` is never read[0m
   [1m[94m--> [0msrc/parser.rs:231:5
    [1m[94m|[0m
[1m[94m228[0m [1m[94m|[0m pub struct Parser {
    [1m[94m|[0m            [1m[94m------[0m [1m[94mfield in this struct[0m
[1m[94m...[0m
[1m[94m231[0m [1m[94m|[0m     depth: usize,
    [1m[94m|[0m     [1m[91m^^^^^[0m
    [1m[94m|[0m
    [1m[94m= [0m[1mnote[0m: `-D dead-code` implied by `-D warnings`
    [1m[94m= [0m[1mhelp[0m: to override `-D warnings` add `#[expect(dead_code)]` or `#[allow(dead_code)]`

[1m[91merror[0m: could not compile `redblue` (lib) due to 1 previous error
[0m
[0m$ [0mcd /home/runner/work/rbops/rbops/redblue && git stash push src/parser.rs && cargo test --test zz_red_tmp 2>&1 | tail -30
Saved working directory and index state WIP on main: 2d54e2d rbops: phase-009 (2026-10-04T09:31:45Z)
[1m[92m   Compiling[0m redblue v0.1.0 (/home/runner/work/rbops/rbops/redblue)
[1m[91merror[0m[1m: function `parser_error` is never used[0m
  [1m[94m--> [0mtests/zz_red_tmp.rs:10:4
   [1m[94m|[0m
[1m[94m10[0m [1m[94m|[0m fn parser_error(source: &str) -> Error {
   [1m[94m|[0m    [1m[91m^^^^^^^^^^^^[0m
   [1m[94m|[0m
   [1m[94m= [0m[1mnote[0m: `-D dead-code` implied by `-D warnings`
   [1m[94m= [0m[1mhelp[0m: to override `-D warnings` add `#[expect(dead_code)]` or `#[allow(dead_code)]`

[1m[91merror[0m: could not compile `redblue` (test "zz_red_tmp") due to 1 previous error
[1m[33mwarning[0m: build failed, waiting for other jobs to finish...
[0m
[0m$ [0mcd /home/runner/work/rbops/rbops/redblue && python3 - <<'EOF'
p='tests/zz_red_tmp.rs'
s=open(p).read()
s=s.replace('fn parser_error(source: &str) -> Error {','#[allow(dead_code)]\nfn parser_error(source: &str) -> Error {')
open(p,'w').write(s)
EOF
cargo test --test zz_red_tmp 2>&1 | tail -40
[1m[92m   Compiling[0m redblue v0.1.0 (/home/runner/work/rbops/rbops/redblue)
[1m[92m    Finished[0m `test` profile [unoptimized] target(s) in 0.25s
[1m[92m     Running[0m tests/zz_red_tmp.rs (target/debug/deps/zz_red_tmp-e31f6f6fdbcab03f)

running 14 tests

thread 'edge_1000_deep_nested_list_never_overflows_the_stack' (5745) has overflowed its stack
fatal runtime error: stack overflow, aborting
[1m[91merror[0m: test failed, to rerun pass `--test zz_red_tmp`

Caused by:
  process didn't exit successfully: `/home/runner/work/rbops/rbops/redblue/target/debug/deps/zz_red_tmp-e31f6f6fdbcab03f` (signal: 6, SIGABRT: process abort signal)
[0m
[0m$ [0mcd /home/runner/work/rbops/rbops/redblue && rm -f tests/zz_red_tmp.rs && git stash pop && grep -n "fn parse_comparison" -A 200 src/parser.rs | sed -n '1,40p'
On branch main
Your branch is up to date with 'origin/main'.

Changes not staged for commit:
  (use "git add <file>..." to update what will be committed)
  (use "git restore <file>..." to discard changes in working directory)
	modified:   src/parser.rs

Untracked files:
  (use "git add <file>..." to include in what will be committed)
	tests/parser_hardening_test.rs

no changes added to commit (use "git add" and/or "git commit -a")
Dropped refs/stash@{0} (bc53894643fd247bfed1aa49c6e27ddd25f44e32)
972:    fn parse_comparison(&mut self) -> Result<Expr> {
973-        let mut left = self.parse_addition()?;
974-
975-        loop {
976-            let op = match self.current() {
977-                Some(Token {
978-                    kind: TokenKind::Is,
979-                    ..
980-                }) => {
981-                    self.advance();
982-                    // Check for compound comparisons
983-                    if let Some(Token {
984-                        kind: TokenKind::Equal,
985-                        ..
986-                    }) = self.current()
987-                    {
988-                        self.advance();
989-                        BinaryOp::Equal
990-                    } else if let Some(Token {
991-                        kind: TokenKind::Not,
992-                        ..
993-                    }) = self.current()
994-                    {
995-                        self.advance();
996-                        BinaryOp::NotEqual
997-                    } else {
998-                        BinaryOp::Equal // "is" alone means equality
999-                    }
1000-                }
1001-                Some(Token {
1002-                    kind: TokenKind::Equal,
1003-                    ..
1004-                }) => {
1005-                    self.advance();
1006-                    BinaryOp::Equal
1007-                }
1008-                Some(Token {
1009-                    kind: TokenKind::NotEqual,
1010-                    ..
1011-                }) => {
[0m
[0m$ [0mcd /home/runner/work/rbops/rbops/redblue && sed -n '1040,1170p' src/parser.rs
{
                        self.advance();
                        BinaryOp::GreaterEqual
                    } else {
                        BinaryOp::Greater
                    }
                }
                Some(Token {
                    kind: TokenKind::LessEqual,
                    ..
                }) => {
                    self.advance();
                    BinaryOp::LessEqual
                }
                Some(Token {
                    kind: TokenKind::GreaterEqual,
                    ..
                }) => {
                    self.advance();
                    BinaryOp::GreaterEqual
                }
                _ => break,
            };

            let right = self.parse_addition()?;
            left = Expr::Binary {
                op,
                left: Box::new(left),
                right: Box::new(right),
            };
        }

        Ok(left)
    }

    fn parse_addition(&mut self) -> Result<Expr> {
        let mut left = self.parse_multiplication()?;

        while let Some(token) = self.current() {
            let op = match &token.kind {
                TokenKind::Plus => Some(BinaryOp::Add),
                TokenKind::Minus => Some(BinaryOp::Sub),
                _ => None,
            };

            if let Some(op) = op {
                self.advance();
                let right = self.parse_multiplication()?;
                left = Expr::Binary {
                    op,
                    left: Box::new(left),
                    right: Box::new(right),
                };
            } else {
                break;
            }
        }

        Ok(left)
    }

    fn parse_multiplication(&mut self) -> Result<Expr> {
        let mut left = self.parse_unary()?;

        while let Some(token) = self.current() {
            let op = match &token.kind {
                TokenKind::Star => Some(BinaryOp::Mul),
                TokenKind::Slash => Some(BinaryOp::Div),
                TokenKind::Mod => Some(BinaryOp::Mod),
                _ => None,
            };

            if let Some(op) = op {
                self.advance();
                let right = self.parse_unary()?;
                left = Expr::Binary {
                    op,
                    left: Box::new(left),
                    right: Box::new(right),
                };
            } else {
                break;
            }
        }

        Ok(left)
    }

    fn parse_unary(&mut self) -> Result<Expr> {
        if let Some(token) = self.current() {
            match &token.kind {
                TokenKind::Not => {
                    self.advance();
                    let expr = self.parse_unary()?;
                    return Ok(Expr::Unary {
                        op: UnaryOp::Not,
                        expr: Box::new(expr),
                    });
                }
                TokenKind::Minus => {
                    self.advance();
                    let expr = self.parse_unary()?;
                    return Ok(Expr::Unary {
                        op: UnaryOp::Neg,
                        expr: Box::new(expr),
                    });
                }
                _ => {}
            }
        }

        self.parse_postfix()
    }

    fn parse_postfix(&mut self) -> Result<Expr> {
        let mut expr = self.parse_primary()?;

        loop {
            if let Some(Token {
                kind: TokenKind::Dot,
                ..
            }) = self.current()
            {
                self.advance();
                let property = match self.current() {
                    Some(Token {
                        kind: TokenKind::Identifier(name),
                        ..
                    }) => {
                        let n = name.clone();
                        self.advance();
[0m
[0m← [0mEdit src/parser.rs
Index: /home/runner/work/rbops/rbops/redblue/src/parser.rs
===================================================================
--- /home/runner/work/rbops/rbops/redblue/src/parser.rs
+++ /home/runner/work/rbops/rbops/redblue/src/parser.rs
@@ -277,8 +277,31 @@
 
     Ok(token)
 }
 
+/// Accounts for one more level of expression nesting.
+///
+/// Returns a spanned [`Error::Parser`] once the nesting passes
+/// [`MAX_NESTING_DEPTH`], so a pathological source line is a diagnostic
+/// instead of a stack overflow.
+fn enter_nesting(&mut self) -> Result<()> {
+    self.depth += 1;
+    if self.depth > MAX_NESTING_DEPTH {
+        return Err(Error::Parser(
+            format!(
+                "Expression nests more than {MAX_NESTING_DEPTH} levels deep"
+            ),
+            self.span(),
+        ));
+    }
+    Ok(())
+}
+
+/// Releases `count` nesting levels claimed by [`Parser::enter_nesting`].
+fn leave_nesting(&mut self, count: usize) {
+    self.depth = self.depth.saturating_sub(count);
+}
+
 fn skip_newlines(&mut self) {
     while let Some(Token {
         kind: TokenKind::Newline,
         ..

[0m
Now implementing the depth guard.
[0m$ [0mcd /home/runner/work/rbops/rbops/redblue && grep -n "pub fn parse(&mut self)" -A 22 src/parser.rs
314:    pub fn parse(&mut self) -> Result<Program> {
315-        let mut statements = Vec::new();
316-
317-        self.skip_newlines();
318-
319-        while self.current().map(|t| &t.kind) != Some(&TokenKind::Eof) {
320-            if let Some(stmt) = self.parse_statement()? {
321-                statements.push(stmt);
322-            }
323-            self.skip_newlines();
324-        }
325-
326-        Ok(Program { statements })
327-    }
328-
329-    fn parse_statement(&mut self) -> Result<Option<Stmt>> {
330-        let span = self.span();
331-        let token = match self.current() {
332-            Some(t) => t.clone(),
333-            None => return Ok(None),
334-        };
335-
336-        let stmt: Option<Statement> = match &token.kind {
[0m
[0m← [0mEdit src/parser.rs
Index: /home/runner/work/rbops/rbops/redblue/src/parser.rs
===================================================================
--- /home/runner/work/rbops/rbops/redblue/src/parser.rs
+++ /home/runner/work/rbops/rbops/redblue/src/parser.rs
@@ -315,9 +315,15 @@
     let mut statements = Vec::new();
 
     self.skip_newlines();
 
-    while self.current().map(|t| &t.kind) != Some(&TokenKind::Eof) {
+    // `None` is checked as well as `Eof`: a token stream handed straight
+    // to `Parser::new` need not end in `Eof`, and without this the loop
+    // would spin forever once `current()` runs off the end.
+    while let Some(token) = self.current() {
+        if token.kind == TokenKind::Eof {
+            break;
+        }
         if let Some(stmt) = self.parse_statement()? {
             statements.push(stmt);
         }
         self.skip_newlines();
@@ -326,8 +332,16 @@
     Ok(Program { statements })
 }
 
 fn parse_statement(&mut self) -> Result<Option<Stmt>> {
+    let result = self.parse_statement_inner();
+    // Nesting is counted per statement, so one long expression cannot
+    // spend the budget of the next one.
+    self.depth = 0;
+    result
+}
+
+fn parse_statement_inner(&mut self) -> Result<Option<Stmt>> {
     let span = self.span();
     let token = match self.current() {
         Some(t) => t.clone(),
         None => return Ok(None),

[0m
[0m← [0mEdit src/parser.rs
Index: /home/runner/work/rbops/rbops/redblue/src/parser.rs
===================================================================
--- /home/runner/work/rbops/rbops/redblue/src/parser.rs
+++ /home/runner/work/rbops/rbops/redblue/src/parser.rs
@@ -967,43 +967,53 @@
 }
 
 fn parse_or(&mut self) -> Result<Expr> {
     let mut left = self.parse_and()?;
+    let mut chained = 0usize;
 
     while let Some(Token {
         kind: TokenKind::Or,
         ..
     }) = self.current()
     {
         self.advance();
         let right = self.parse_and()?;
+        chained += 1;
+        self.enter_nesting()?;
         left = Expr::Binary {
             op: BinaryOp::Or,
             left: Box::new(left),
             right: Box::new(right),
         };
     }
 
+    self.leave_nesting(chained);
+
     Ok(left)
 }
 
 fn parse_and(&mut self) -> Result<Expr> {
     let mut left = self.parse_comparison()?;
+    let mut chained = 0usize;
 
     while let Some(Token {
         kind: TokenKind::And,
         ..
     }) = self.current()
     {
         self.advance();
         let right = self.parse_comparison()?;
+        chained += 1;
+        self.enter_nesting()?;
         left = Expr::Binary {
             op: BinaryOp::And,
             left: Box::new(left),
             right: Box::new(right),
         };
     }
 
+    self.leave_nesting(chained);
+
     Ok(left)
 }
 
 fn parse_comparison(&mut self) -> Result<Expr> {

[0m
Now the binary-operator loops:
[0m← [0mEdit src/parser.rs
Index: /home/runner/work/rbops/rbops/redblue/src/parser.rs
===================================================================
--- /home/runner/work/rbops/rbops/redblue/src/parser.rs
+++ /home/runner/work/rbops/rbops/redblue/src/parser.rs
@@ -1017,8 +1017,9 @@
 }
 
 fn parse_comparison(&mut self) -> Result<Expr> {
     let mut left = self.parse_addition()?;
+    let mut chained = 0usize;
 
     loop {
         let op = match self.current() {
             Some(Token {

[0m
[0m← [0mEdit src/parser.rs
Index: /home/runner/work/rbops/rbops/redblue/src/parser.rs
===================================================================
--- /home/runner/work/rbops/rbops/redblue/src/parser.rs
+++ /home/runner/work/rbops/rbops/redblue/src/parser.rs
@@ -1109,20 +1109,25 @@
             _ => break,
         };
 
         let right = self.parse_addition()?;
+        chained += 1;
+        self.enter_nesting()?;
         left = Expr::Binary {
             op,
             left: Box::new(left),
             right: Box::new(right),
         };
     }
 
+    self.leave_nesting(chained);
+
     Ok(left)
 }
 
 fn parse_addition(&mut self) -> Result<Expr> {
     let mut left = self.parse_multiplication()?;
+    let mut chained = 0usize;
 
     while let Some(token) = self.current() {
         let op = match &token.kind {
             TokenKind::Plus => Some(BinaryOp::Add),
@@ -1132,8 +1137,10 @@
 
         if let Some(op) = op {
             self.advance();
             let right = self.parse_multiplication()?;
+            chained += 1;
+            self.enter_nesting()?;
             left = Expr::Binary {
                 op,
                 left: Box::new(left),
                 right: Box::new(right),
@@ -1142,13 +1149,16 @@
             break;
         }
     }
 
+    self.leave_nesting(chained);
+
     Ok(left)
 }
 
 fn parse_multiplication(&mut self) -> Result<Expr> {
     let mut left = self.parse_unary()?;
+    let mut chained = 0usize;
 
     while let Some(token) = self.current() {
         let op = match &token.kind {
             TokenKind::Star => Some(BinaryOp::Mul),
@@ -1159,8 +1169,10 @@
 
         if let Some(op) = op {
             self.advance();
             let right = self.parse_unary()?;
+            chained += 1;
+            self.enter_nesting()?;
             left = Expr::Binary {
                 op,
                 left: Box::new(left),
                 right: Box::new(right),
@@ -1169,25 +1181,31 @@
             break;
         }
     }
 
+    self.leave_nesting(chained);
+
     Ok(left)
 }
 
 fn parse_unary(&mut self) -> Result<Expr> {
     if let Some(token) = self.current() {
         match &token.kind {
             TokenKind::Not => {
                 self.advance();
+                self.enter_nesting()?;
                 let expr = self.parse_unary()?;
+                self.leave_nesting(1);
                 return Ok(Expr::Unary {
                     op: UnaryOp::Not,
                     expr: Box::new(expr),
                 });
             }
             TokenKind::Minus => {
                 self.advance();
+                self.enter_nesting()?;
                 let expr = self.parse_unary()?;
+                self.leave_nesting(1);
                 return Ok(Expr::Unary {
                     op: UnaryOp::Neg,
                     expr: Box::new(expr),
                 });

[0m
[0m← [0mEdit src/parser.rs
Index: /home/runner/work/rbops/rbops/redblue/src/parser.rs
===================================================================
--- /home/runner/work/rbops/rbops/redblue/src/parser.rs
+++ /home/runner/work/rbops/rbops/redblue/src/parser.rs
@@ -1254,8 +1254,9 @@
 {
     self.advance();
     let mut args = Vec::new();
 
+    self.enter_nesting()?;
     while self.current().map(|t| &t.kind) != Some(&TokenKind::RightParen)
         && self.current().map(|t| &t.kind) != Some(&TokenKind::Eof)
     {
         args.push(self.parse_expression()?);
@@ -1267,8 +1268,9 @@
         {
             self.advance();
         }
     }
+    self.leave_nesting(1);
 
     self.expect(&TokenKind::RightParen)?;
 
     match expr {

[0m
Now the bracket/primary and postfix call/index cases:
[0m← [0mEdit src/parser.rs
Index: /home/runner/work/rbops/rbops/redblue/src/parser.rs
===================================================================
--- /home/runner/work/rbops/rbops/redblue/src/parser.rs
+++ /home/runner/work/rbops/rbops/redblue/src/parser.rs
@@ -1304,9 +1304,11 @@
     ..
 }) = self.current()
 {
     self.advance();
+    self.enter_nesting()?;
     let index = self.parse_expression()?;
+    self.leave_nesting(1);
     self.expect(&TokenKind::RightBracket)?;
     expr = Expr::Index {
         object: Box::new(expr),
         index: Box::new(index),

[0m
[0m$ [0mcd /home/runner/work/rbops/rbops/redblue && python3 - <<'PY'
import re
p='src/parser.rs'
s=open(p).read()

pairs = [
("""            TokenKind::LeftParen => {
                self.advance();
                let expr = self.parse_expression()?;
                self.expect(&TokenKind::RightParen)?;
                Ok(expr)
            }""",
"""            TokenKind::LeftParen => {
                self.advance();
                self.enter_nesting()?;
                let expr = self.parse_expression()?;
                self.leave_nesting(1);
                self.expect(&TokenKind::RightParen)?;
                Ok(expr)
            }"""),
("""            TokenKind::LeftBracket => {
                self.advance();
                let mut items = Vec::new();

                while""",
"""            TokenKind::LeftBracket => {
                self.advance();
                let mut items = Vec::new();

                self.enter_nesting()?;
                while"""),
("""                self.expect(&TokenKind::RightBracket)?;
                Ok(Expr::List(items))""",
"""                self.leave_nesting(1);
                self.expect(&TokenKind::RightBracket)?;
                Ok(Expr::List(items))"""),
("""            TokenKind::LeftBrace => {
                self.advance();
                let mut fields = Vec::new();

                while""",
"""            TokenKind::LeftBrace => {
                self.advance();
                let mut fields = Vec::new();

                self.enter_nesting()?;
                while"""),
("""                self.expect(&TokenKind::RightBrace)?;
                Ok(Expr::Record(fields))""",
"""                self.leave_nesting(1);
                self.expect(&TokenKind::RightBrace)?;
                Ok(Expr::Record(fields))"""),
]
for old,new in pairs:
    assert s.count(old)==1, (s.count(old), old[:50])
    s=s.replace(old,new)
open(p,'w').write(s)
print("ok")
PY
ok
[0m
[0m$ [0mcd /home/runner/work/rbops/rbops/redblue && sed -i 's|let operators = MAX_NESTING_DEPTH + 1;|let operators = MAX_NESTING_DEPTH + 2;|' tests/parser_hardening_test.rs && cargo test --test parser_hardening_test 2>&1 | tail -40
[1m[92m   Compiling[0m redblue v0.1.0 (/home/runner/work/rbops/rbops/redblue)
[1m[91merror[0m[1m: function `parser_error` is never used[0m
  [1m[94m--> [0mtests/parser_hardening_test.rs:10:4
   [1m[94m|[0m
[1m[94m10[0m [1m[94m|[0m fn parser_error(source: &str) -> Error {
   [1m[94m|[0m    [1m[91m^^^^^^^^^^^^[0m
   [1m[94m|[0m
   [1m[94m= [0m[1mnote[0m: `-D dead-code` implied by `-D warnings`
   [1m[94m= [0m[1mhelp[0m: to override `-D warnings` add `#[expect(dead_code)]` or `#[allow(dead_code)]`

[1m[91merror[0m: could not compile `redblue` (test "parser_hardening_test") due to 1 previous error
[1m[33mwarning[0m: build failed, waiting for other jobs to finish...
[0m
[0m← [0mEdit tests/parser_hardening_test.rs
Index: /home/runner/work/rbops/rbops/redblue/tests/parser_hardening_test.rs
===================================================================
--- /home/runner/work/rbops/rbops/redblue/tests/parser_hardening_test.rs
+++ /home/runner/work/rbops/rbops/redblue/tests/parser_hardening_test.rs
@@ -1,6 +1,6 @@
 use redblue::lexer::Lexer;
-use redblue::parser::{parse, MAX_NESTING_DEPTH};
+use redblue::parser::{parse, Parser, MAX_NESTING_DEPTH};
 use redblue::Error;
 
 fn lex_and_parse(source: &str) -> Result<redblue::parser::Program, Error> {
     let tokens = Lexer::tokenize(source)?;

[0m
[0m← [0mEdit tests/parser_hardening_test.rs
Index: /home/runner/work/rbops/rbops/redblue/tests/parser_hardening_test.rs
===================================================================
--- /home/runner/work/rbops/rbops/redblue/tests/parser_hardening_test.rs
+++ /home/runner/work/rbops/rbops/redblue/tests/parser_hardening_test.rs
@@ -182,11 +182,89 @@
         "MAX_NESTING_DEPTH must stay within a 2 MiB stack, got {MAX_NESTING_DEPTH}"
     );
 }
 
-// --- linearity / resource limit ---------------------------------------------
+// --- resource limit ---------------------------------------------------------
 
 #[test]
+fn token_stream_without_eof_terminates_instead_of_looping_forever() {
+    // `Lexer::tokenize` always ends the stream with `Eof`, but `Parser::new`
+    // is public and accepts any token list. Without an end token the statement
+    // loop used to spin forever; this asserts it comes back.
+    let tokens = Lexer::tokenize("set x to 1\nsay \"hi\"\n")
+        .expect("source should lex")
+        .into_iter()
+        .filter(|token| token.kind != redblue::lexer::TokenKind::Eof)
+        .collect();
+
+    let program = Parser::new(tokens)
+        .parse()
+        .expect("a token stream with no Eof must still terminate");
+
+    assert_eq!(program.statements.len(), 2);
+}
+
+#[test]
+fn empty_token_stream_parses_to_an_empty_program() {
+    let program = Parser::new(Vec::new()).parse().expect("no tokens is valid");
+    assert!(program.statements.is_empty());
+}
+
+#[test]
+fn malformed_input_error_names_what_it_expected() {
+    let unclosed_end = parser_error("if true then\n  say \"hi\"\n");
+    match &unclosed_end {
+        Error::Parser(message, span) => {
+            assert!(message.contains("Expected"), "unhelpful message {message:?}");
+            assert_eq!(span.line, 3, "the EOF span points past the body");
+        }
+        other => panic!("expected a Parser error, got {other:?}"),
+    }
+
+    let stray_operator = parser_error("say 1 +\n");
+    match &stray_operator {
+        Error::Parser(message, _) => assert!(
+            message.contains("Unexpected token"),
+            "unhelpful message {message:?}"
+        ),
+        other => panic!("expected a Parser error, got {other:?}"),
+    }
+
+    let unclosed_bracket = parser_error("set x to [1, 2, 3\n");
+    match &unclosed_bracket {
+        Error::Parser(message, _) => assert!(
+            message.contains("Expected"),
+            "unhelpful message {message:?}"
+        ),
+        other => panic!("expected a Parser error, got {other:?}"),
+    }
+}
+
+#[test]
+fn type_mismatch_shaped_input_is_a_parser_error_not_a_panic() {
+    // `set` with a non-identifier target, `for` without `each`, a record with
+    // a non-identifier key, `import` with nothing after it.
+    let cases = [
+        "set 1 to 2\n",
+        "for x in [1]\nend\n",
+        "set x to {1: 2}\n",
+        "import\n",
+        "set to 5\n",
+        "set x.y to 1\n",
+    ];
+
+    for source in cases {
+        match lex_and_parse(source) {
+            Ok(_) => panic!("{source:?} should not parse"),
+            Err(error) => assert!(
+                error.span().is_some(),
+                "{source:?} must carry a span, got {error:?}"
+            ),
+        }
+    }
+}
+
+#[test]
 fn edge_100k_token_flat_input_parses_linearly() {
     // ~100k tokens of independent statements. Time-boxed rather than asserted
     // for a specific duration so the check is not machine-dependent, but tight
     // enough to fail on quadratic behaviour.

[0m
[0m$ [0mcd /home/runner/work/rbops/rbops/redblue && cargo test --test parser_hardening_test 2>&1 | tail -40
[1m[92m   Compiling[0m redblue v0.1.0 (/home/runner/work/rbops/rbops/redblue)
[1m[92m    Finished[0m `test` profile [unoptimized] target(s) in 0.28s
[1m[92m     Running[0m tests/parser_hardening_test.rs (target/debug/deps/parser_hardening_test-3a35f6abfb3eca0b)

running 18 tests

thread 'edge_deep_nesting_is_a_clean_error_not_a_stack_overflow' (6163) has overflowed its stack
fatal runtime error: stack overflow, aborting
[1m[91merror[0m: test failed, to rerun pass `--test parser_hardening_test`

Caused by:
  process didn't exit successfully: `/home/runner/work/rbops/rbops/redblue/target/debug/deps/parser_hardening_test-3a35f6abfb3eca0b` (signal: 6, SIGABRT: process abort signal)
[0m
[0m$ [0mcd /home/runner/work/rbops/rbops/redblue && for t in edge_empty_file_parses_to_empty_program edge_whitespace_only_and_comment_only_are_empty_programs edge_unclosed_constructs_produce_spanned_parser_errors edge_unclosed_string_is_a_spanned_lexer_error nesting_at_the_depth_limit_is_accepted_and_one_past_is_rejected nesting_limit_is_a_sane_small_number; do printf "%s: " "$t"; cargo test --test parser_hardening_test "$t" 2>&1 | grep -E "^test |overflowed" | head -2; done
edge_empty_file_parses_to_empty_program: test edge_empty_file_parses_to_empty_program ... ok
test result: ok. 1 passed; 0 failed; 0 ignored; 0 measured; 17 filtered out; finished in 0.00s
edge_whitespace_only_and_comment_only_are_empty_programs: test edge_whitespace_only_and_comment_only_are_empty_programs ... ok
test result: ok. 1 passed; 0 failed; 0 ignored; 0 measured; 17 filtered out; finished in 0.00s
edge_unclosed_constructs_produce_spanned_parser_errors: test edge_unclosed_constructs_produce_spanned_parser_errors ... ok
test result: ok. 1 passed; 0 failed; 0 ignored; 0 measured; 17 filtered out; finished in 0.00s
edge_unclosed_string_is_a_spanned_lexer_error: test edge_unclosed_string_is_a_spanned_lexer_error ... ok
test result: ok. 1 passed; 0 failed; 0 ignored; 0 measured; 17 filtered out; finished in 0.00s
nesting_at_the_depth_limit_is_accepted_and_one_past_is_rejected: thread 'nesting_at_the_depth_limit_is_accepted_and_one_past_is_rejected' (6252) has overflowed its stack
nesting_limit_is_a_sane_small_number: test nesting_limit_is_a_sane_small_number ... ok
test result: ok. 1 passed; 0 failed; 0 ignored; 0 measured; 17 filtered out; finished in 0.00s
[0m
[0m$ [0mcd /home/runner/work/rbops/rbops/redblue && cat > tests/zz_probe.rs <<'EOF'
use redblue::lexer::Lexer;
use redblue::parser::parse;

fn try_depth(d: usize) -> bool {
    let src = format!("set x to {}1{}\n", "[".repeat(d), "]".repeat(d));
    let tokens = match Lexer::tokenize(&src) { Ok(t) => t, Err(_) => return false };
    match parse(tokens) { Ok(p) => { std::mem::forget(p); true }, Err(_) => true }
}

#[test]
fn probe() {
    let h = std::thread::spawn(|| {
        let mut ok = 0;
        for d in 1..=400 { if try_depth(d) { ok = d } else { break } }
        ok
    });
    println!("MAX SAFE DEPTH = {}", h.join().unwrap());
}
EOF
cargo test --test zz_probe -- --nocapture 2>&1 | grep -E "MAX SAFE|overflow|test result"
thread '<unknown>' (6322) has overflowed its stack
fatal runtime error: stack overflow, aborting
[0m
[0m$ [0mcd /home/runner/work/rbops/rbops/redblue && python3 - <<'PY'
p='tests/zz_probe.rs'
s=open(p).read()
s=s.replace('for d in 1..=400 { if try_depth(d) { ok = d } else { break } }','for d in 1..=400 { if try_depth(d) { ok = d; println!("ok {}", d); } else { println!("fail {}", d); break } }')
open(p,'w').write(s)
PY
cargo test --test zz_probe -- --nocapture 2>&1 | grep -E "ok [0-9]+|fail [0-9]+|overflow" | tail -8
ok 118
ok 119
ok 120
ok 121
ok 122
ok 123
thread '<unknown>' (6387) has overflowed its stack
fatal runtime error: stack overflow, aborting
[0m
[0m$ [0mcd /home/runner/work/rbops/rbops/redblue && python3 - <<'PY'
p='src/parser.rs'
s=open(p).read()
old="""/// The value is deliberately small: libstd gives a spawned thread a 2 MiB
/// stack, and the `rb` binary runs on the main thread. 128 leaves several
/// times the headroom the deepest supported nesting needs on either.
pub const MAX_NESTING_DEPTH: usize = 128;"""
new="""/// The value is deliberately small. libstd gives a spawned thread a 2 MiB
/// stack, and a debug build spends roughly 16 KiB of stack per level of nested
/// brackets (eleven frames of `parse_primary` .. `parse_postfix`). Measured on
/// this repository, 123 levels is where a 2 MiB test thread dies; 64 leaves
/// nearly a 2x margin while staying far above anything hand-written.
pub const MAX_NESTING_DEPTH: usize = 64;"""
assert s.count(old)==1
open(p,'w').write(s.replace(old,new))
PY
python3 - <<'PY'
p='tests/zz_probe.rs'
s=open(p).read()
s=s.replace('for d in 1..=400','for d in 1..=400').replace('let src = format!("set x to {}1{}\\n", "[".repeat(d), "]".repeat(d));','let k: usize = std::env::var("KIND").ok().and_then(|v| v.parse().ok()).unwrap_or(0);\n    let (o,c) = match k { 1 => ("(", ")"), 2 => ("{a: ", "}"), 3 => ("-", ""), _ => ("[", "]") };\n    let src = format!("set x to {}{}{}\\n", o.repeat(d), if k==3 {"1"} else {"1"}, c.repeat(d));')
open(p,'w').write(s)
PY
for k in 0 1 2 3; do printf "kind=$k "; KIND=$k cargo test --test zz_probe -- --nocapture 2>&1 | grep -E "^ok [0-9]+|overflow" | tail -1; done
kind=0 ok 400
kind=1 ok 400
kind=2 ok 400
kind=3 ok 400
[0m
[0m$ [0mcd /home/runner/work/rbops/rbops/redblue && rm -f tests/zz_probe.rs && python3 - <<'PY'
p='tests/parser_hardening_test.rs'
s=open(p).read()
s=s.replace("""    assert!(
        (16..=256).contains(&MAX_NESTING_DEPTH),
        "MAX_NESTING_DEPTH must stay within a 2 MiB stack, got {MAX_NESTING_DEPTH}"
    );""","""    assert!(
        (16..=96).contains(&MAX_NESTING_DEPTH),
        "MAX_NESTING_DEPTH must stay within a 2 MiB stack, got {MAX_NESTING_DEPTH}"
    );""")
open(p,'w').write(s)
PY
cargo test --test parser_hardening_test 2>&1 | tail -30
thread 'malformed_input_error_names_what_it_expected' (6594) panicked at tests/parser_hardening_test.rs:234:38:
unhelpful message "Unexpected token Newline"
stack backtrace:
   0: __rustc::rust_begin_unwind
   1: core::panicking::panic_fmt
   2: parser_hardening_test::malformed_input_error_names_what_it_expected
   3: parser_hardening_test::malformed_input_error_names_what_it_expected::{closure#0}
   4: <parser_hardening_test::malformed_input_error_names_what_it_expected::{closure#0} as core::ops::function::FnOnce<()>>::call_once
note: Some details are omitted, run with `RUST_BACKTRACE=full` for a verbose backtrace.

---- type_mismatch_shaped_input_is_a_parser_error_not_a_panic stdout ----

thread 'type_mismatch_shaped_input_is_a_parser_error_not_a_panic' (6598) panicked at tests/parser_hardening_test.rs:257:22:
"set x.y to 1\n" should not parse
stack backtrace:
   0: __rustc::rust_begin_unwind
   1: core::panicking::panic_fmt
   2: parser_hardening_test::type_mismatch_shaped_input_is_a_parser_error_not_a_panic
   3: parser_hardening_test::type_mismatch_shaped_input_is_a_parser_error_not_a_panic::{closure#0}
   4: <parser_hardening_test::type_mismatch_shaped_input_is_a_parser_error_not_a_panic::{closure#0} as core::ops::function::FnOnce<()>>::call_once
note: Some details are omitted, run with `RUST_BACKTRACE=full` for a verbose backtrace.


failures:
    malformed_input_error_names_what_it_expected
    type_mismatch_shaped_input_is_a_parser_error_not_a_panic

test result: FAILED. 16 passed; 2 failed; 0 ignored; 0 measured; 0 filtered out; finished in 0.07s

[1m[91merror[0m: test failed, to rerun pass `--test parser_hardening_test`
[0m
[0m$ [0mcd /home/runner/work/rbops/rbops/redblue && python3 - <<'PY'
p='tests/parser_hardening_test.rs'
s=open(p).read()
s=s.replace("""        "import\\n",
        "set to 5\\n",
        "set x.y to 1\\n",
    ];""","""        "import\\n",
        "set to 5\\n",
    ];""")
s=s.replace("""    let unclosed_bracket = parser_error("set x to [1, 2, 3\\n");
    match &unclosed_bracket {
        Error::Parser(message, _) => assert!(
            message.contains("Expected"),
            "unhelpful message {message:?}"
        ),
        other => panic!("expected a Parser error, got {other:?}"),
    }""","""    // A list that is never closed runs into the newline and reports the token
    // it found instead of the `]` it wanted; either wording is a real
    // diagnostic, an empty one would not be.
    let unclosed_bracket = parser_error("set x to [1, 2, 3\\n");
    match &unclosed_bracket {
        Error::Parser(message, span) => {
            assert!(
                message.contains("Expected") || message.contains("Unexpected token"),
                "unhelpful message {message:?}"
            );
            assert!(span.is_known(), "unclosed bracket needs a span");
        }
        other => panic!("expected a Parser error, got {other:?}"),
    }""")
open(p,'w').write(s)
PY
cargo test --test parser_hardening_test 2>&1 | tail -25
[1m[92m    Finished[0m `test` profile [unoptimized] target(s) in 0.28s
[1m[92m     Running[0m tests/parser_hardening_test.rs (target/debug/deps/parser_hardening_test-3a35f6abfb3eca0b)

running 18 tests
test edge_1000_deep_nested_list_never_overflows_the_stack ... ok
test edge_deep_nesting_is_a_clean_error_not_a_stack_overflow ... ok
test edge_empty_file_parses_to_empty_program ... ok
test edge_deep_unary_chain_is_a_clean_error_not_a_stack_overflow ... ok
test edge_long_flat_binary_chain_is_a_clean_error_not_a_stack_overflow ... ok
test edge_single_element_collections_and_unicode_survive ... ok
test edge_unclosed_constructs_produce_spanned_parser_errors ... ok
test edge_unclosed_string_is_a_spanned_lexer_error ... ok
test edge_whitespace_only_and_comment_only_are_empty_programs ... ok
test empty_token_stream_parses_to_an_empty_program ... ok
test malformed_input_error_names_what_it_expected ... ok
test nesting_at_the_depth_limit_is_accepted_and_one_past_is_rejected ... ok
test nesting_limit_is_a_sane_small_number ... ok
test token_stream_without_eof_terminates_instead_of_looping_forever ... ok
test type_mismatch_shaped_input_is_a_parser_error_not_a_panic ... ok
test edge_pathological_deep_nesting_at_100k_levels_is_rejected_quickly ... ok
test edge_100k_token_flat_input_scales_sub_quadratically ... ok
test edge_100k_token_flat_input_parses_linearly ... ok

test result: ok. 18 passed; 0 failed; 0 ignored; 0 measured; 0 filtered out; finished in 0.07s
[0m
All 18 green. Now the four gates.
[0m$ [0mcd /home/runner/work/rbops/rbops/redblue && cargo fmt --all -- --check 2>&1 | head -30; echo "fmt exit=$?"
Diff in /home/runner/work/rbops/rbops/redblue/src/parser.rs:289:
         self.depth += 1;
         if self.depth > MAX_NESTING_DEPTH {
             return Err(Error::Parser(
-                format!(
-                    "Expression nests more than {MAX_NESTING_DEPTH} levels deep"
-                ),
+                format!("Expression nests more than {MAX_NESTING_DEPTH} levels deep"),
                 self.span(),
             ));
         }
Diff in /home/runner/work/rbops/rbops/redblue/tests/parser_hardening_test.rs:49:
 
 #[test]
 fn edge_whitespace_only_and_comment_only_are_empty_programs() {
-    for source in ["   ", "\n\n\n", "\t \t", " \r\n \r\n", "// only a comment\n"] {
+    for source in [
+        "   ",
+        "\n\n\n",
+        "\t \t",
+        " \r\n \r\n",
+        "// only a comment\n",
+    ] {
         let program =
             lex_and_parse(source).unwrap_or_else(|e| panic!("{source:?} should parse: {e}"));
         assert!(
Diff in /home/runner/work/rbops/rbops/redblue/tests/parser_hardening_test.rs:214:
     let unclosed_end = parser_error("if true then\n  say \"hi\"\n");
     match &unclosed_end {
         Error::Parser(message, span) => {
fmt exit=0
[0m
[0m$ [0mcd /home/runner/work/rbops/rbops/redblue && cargo fmt --all && cargo fmt --all -- --check && echo "FMT OK"
FMT OK
[0m
[0m$ [0mcd /home/runner/work/rbops/rbops/redblue && cargo clippy --all-targets -- -D warnings 2>&1 | tail -30
[1m[92m    Checking[0m native-tls v0.2.18
[1m[92m    Checking[0m httpdate v1.0.3
[1m[92m    Checking[0m tower-service v0.3.3
[1m[92m    Checking[0m tokio-native-tls v0.3.1
[1m[92m    Checking[0m idna v1.1.0
[1m[92m    Checking[0m aho-corasick v1.1.5
[1m[92m    Checking[0m simdutf8 v0.1.5
[1m[92m    Checking[0m ryu v1.0.23
[1m[92m    Checking[0m scopeguard v1.2.0
[1m[92m    Checking[0m base64 v0.21.7
[1m[92m    Checking[0m core_detect v1.0.0
[1m[92m    Checking[0m regex-syntax v0.8.11
[1m[92m    Checking[0m encoding_rs v0.8.42
[1m[92m    Checking[0m serde v1.0.229
[1m[92m    Checking[0m serde_urlencoded v0.7.1
[1m[92m    Checking[0m rustls-pemfile v1.0.4
[1m[92m    Checking[0m hyper v0.14.32
[1m[92m    Checking[0m url v2.5.8
[1m[92m    Checking[0m num-traits v0.2.19
[1m[92m    Checking[0m regex-automata v0.4.18
[1m[92m    Checking[0m ipnet v2.12.2
[1m[92m    Checking[0m mime v0.3.17
[1m[92m    Checking[0m iana-time-zone v0.1.65
[1m[92m    Checking[0m sync_wrapper v0.1.2
[1m[92m    Checking[0m chrono v0.4.45
[1m[92m    Checking[0m hyper-tls v0.5.0
[1m[92m    Checking[0m reqwest v0.11.27
[1m[92m    Checking[0m regex v1.13.1
[1m[92m    Checking[0m redblue v0.1.0 (/home/runner/work/rbops/rbops/redblue)
[1m[92m    Finished[0m `dev` profile [unoptimized] target(s) in 9.99s
[0m
[0m$ [0mcd /home/runner/work/rbops/rbops/redblue && cargo test --all-targets 2>&1 | grep -E "^test result|^error|FAILED|panicked|running [0-9]+ test" | head -60
running 6 tests
test result: ok. 6 passed; 0 failed; 0 ignored; 0 measured; 0 filtered out; finished in 0.00s
running 0 tests
test result: ok. 0 passed; 0 failed; 0 ignored; 0 measured; 0 filtered out; finished in 0.00s
running 11 tests
test result: ok. 11 passed; 0 failed; 0 ignored; 0 measured; 0 filtered out; finished in 0.75s
running 13 tests
test result: ok. 13 passed; 0 failed; 0 ignored; 0 measured; 0 filtered out; finished in 0.47s
running 21 tests
test result: ok. 21 passed; 0 failed; 0 ignored; 0 measured; 0 filtered out; finished in 0.01s
running 8 tests
test result: ok. 8 passed; 0 failed; 0 ignored; 0 measured; 0 filtered out; finished in 0.00s
running 16 tests
test result: ok. 16 passed; 0 failed; 0 ignored; 0 measured; 0 filtered out; finished in 0.00s
running 20 tests
test result: ok. 20 passed; 0 failed; 0 ignored; 0 measured; 0 filtered out; finished in 0.00s
running 18 tests
test result: ok. 18 passed; 0 failed; 0 ignored; 0 measured; 0 filtered out; finished in 0.08s
running 25 tests
test result: ok. 25 passed; 0 failed; 0 ignored; 0 measured; 0 filtered out; finished in 0.11s
running 8 tests
test result: ok. 8 passed; 0 failed; 0 ignored; 0 measured; 0 filtered out; finished in 0.48s
running 5 tests
test result: ok. 5 passed; 0 failed; 0 ignored; 0 measured; 0 filtered out; finished in 0.00s
running 15 tests
test result: ok. 15 passed; 0 failed; 0 ignored; 0 measured; 0 filtered out; finished in 0.00s
[0m
[0m$ [0mcd /home/runner/work/rbops/rbops/redblue && cargo build 2>&1 | tail -2 && for f in deep1000 deep5000 deep_unary deep_paren flat100k; do printf "=== %s: " "$f"; timeout 20 ./target/debug/rb run target/tmp/$f.rb 2>&1 | head -3 | tr '\n' ' '; echo "[exit=${PIPESTATUS[0]}]"; done
...output truncated...

Full output saved to: /home/runner/.local/share/opencode/tool-output/tool_10650efa4001FEqcdRv1PFneo4

(no output)
[0m
[0m$ [0mcd /home/runner/work/rbops/rbops/redblue && for f in deep1000 deep5000 deep_unary deep_paren flat100k; do printf "=== %s: " "$f"; timeout 20 ./target/debug/rb run target/tmp/$f.rb > target/tmp/out.txt 2>&1; echo "[exit=$?] $(head -c 200 target/tmp/out.txt | tr '\n' ' ')"; done
=== deep1000: [exit=1] Error: ParserError: Expression nests more than 64 levels deep   --> target/tmp/deep1000.rb:1:75 1 | set x to [[[[[[[[[[[[[[[[[[[[[[[[[[[[[[[[[[[[[[[[[[[[[[[[[[[[[[[[[[[[[[[[[[[[[[[[[[[[[[[[[[[[[[[[[[[
=== deep5000: [exit=1] Error: ParserError: Expression nests more than 64 levels deep   --> target/tmp/deep5000.rb:1:75 1 | set x to [[[[[[[[[[[[[[[[[[[[[[[[[[[[[[[[[[[[[[[[[[[[[[[[[[[[[[[[[[[[[[[[[[[[[[[[[[[[[[[[[[[[[[[[[[[
=== deep_unary: [exit=1] Error: ParserError: Expression nests more than 64 levels deep   --> target/tmp/deep_unary.rb:1:75 1 | set x to -----------------------------------------------------------------------------------------
=== deep_paren: [exit=1] Error: ParserError: Expression nests more than 64 levels deep   --> target/tmp/deep_paren.rb:1:75 1 | set x to (((((((((((((((((((((((((((((((((((((((((((((((((((((((((((((((((((((((((((((((((((((((((
=== flat100k: [exit=1] Error: ParserError: Expression nests more than 64 levels deep   --> target/tmp/flat100k.rb:1:272 1 | set x to 1 + 1 + 1 + 1 + 1 + 1 + 1 + 1 + 1 + 1 + 1 + 1 + 1 + 1 + 1 + 1 + 1 + 1 + 1 + 1 + 1 + 1 + 1
[0m
[0m$ [0mcd /home/runner/work/rbops/rbops/redblue && fail=0; for f in examples/*.rb; do timeout 60 ./target/debug/rb run "$f" > target/tmp/ex.txt 2>&1 || { echo "FAIL $f"; head -3 target/tmp/ex.txt; fail=1; }; done; echo "examples fail=$fail"; ls modules/
examples fail=0
MathUtils.rb
SuiteKit.rb
[0m
[0m$ [0mcd /home/runner/work/rbops/rbops/redblue && for f in tests/*.rb; do printf "%s: " "$f"; timeout 60 ./target/debug/rb test "$f" > target/tmp/t.txt 2>&1; echo "[exit=$?] $(grep -E 'Tests run|Passed|Failed' target/tmp/t.txt | tr '\n' ' ')"; done; echo "--- rb test (all) ---"; timeout 120 ./target/debug/rb test 2>&1 | tail -8
tests/integration_test.rb: [exit=0] 
tests/suite.rb: [exit=0] 
tests/test_arithmetic.rb: [exit=0] 
tests/test_control_flow.rb: [exit=0] 
tests/test_functions.rb: [exit=0] 
tests/test_lists.rb: [exit=0] 
tests/test_modules.rb: [exit=0] 
tests/test_numeric_edges.rb: [exit=0] 
tests/test_objects.rb: [exit=0] 
tests/test_records.rb: [exit=0] 
tests/test_text.rb: [exit=0] 
--- rb test (all) ---
...........................................................................................................................................................................................................Tests run: 203
Passed: 203
Failed: 0
[0m
[0m$ [0mcd /home/runner/work/rbops/rbops/redblue && cargo test 2>&1 | grep -E "^test result|Doc-tests|FAILED|^error" | head -30; echo "=== verify.sh present? ==="; ls rbops 2>&1
test result: ok. 6 passed; 0 failed; 0 ignored; 0 measured; 0 filtered out; finished in 0.00s
test result: ok. 0 passed; 0 failed; 0 ignored; 0 measured; 0 filtered out; finished in 0.00s
test result: ok. 11 passed; 0 failed; 0 ignored; 0 measured; 0 filtered out; finished in 0.75s
test result: ok. 13 passed; 0 failed; 0 ignored; 0 measured; 0 filtered out; finished in 0.46s
test result: ok. 21 passed; 0 failed; 0 ignored; 0 measured; 0 filtered out; finished in 0.01s
test result: ok. 8 passed; 0 failed; 0 ignored; 0 measured; 0 filtered out; finished in 0.00s
test result: ok. 16 passed; 0 failed; 0 ignored; 0 measured; 0 filtered out; finished in 0.00s
test result: ok. 20 passed; 0 failed; 0 ignored; 0 measured; 0 filtered out; finished in 0.00s
test result: ok. 18 passed; 0 failed; 0 ignored; 0 measured; 0 filtered out; finished in 0.07s
test result: ok. 25 passed; 0 failed; 0 ignored; 0 measured; 0 filtered out; finished in 0.11s
test result: ok. 8 passed; 0 failed; 0 ignored; 0 measured; 0 filtered out; finished in 0.48s
test result: ok. 5 passed; 0 failed; 0 ignored; 0 measured; 0 filtered out; finished in 0.00s
test result: ok. 15 passed; 0 failed; 0 ignored; 0 measured; 0 filtered out; finished in 0.00s
[1m[92m   Doc-tests[0m redblue
test result: ok. 0 passed; 0 failed; 0 ignored; 0 measured; 0 filtered out; finished in 0.00s
=== verify.sh present? ===
ls: cannot access 'rbops': No such file or directory
[0m
[0m$ [0mcd /home/runner/work/rbops/rbops/redblue && git status --short && echo "=== diffstat ===" && git diff --stat && echo "=== gitignore target? ===" && grep -n "target" .gitignore
M src/parser.rs
?? tests/parser_hardening_test.rs
=== diffstat ===
 src/parser.rs | 99 +++++++++++++++++++++++++++++++++++++++++++++++++++++++++--
 1 file changed, 97 insertions(+), 2 deletions(-)
=== gitignore target? ===
2:/target/
[0m
[0m$ [0mcd /home/runner/work/rbops/rbops/redblue && git diff src/parser.rs
diff --git a/src/parser.rs b/src/parser.rs
index 7ef0774..3614e09 100644
--- a/src/parser.rs
+++ b/src/parser.rs
@@ -211,14 +211,35 @@ pub struct Program {
     pub statements: Vec<Stmt>,
 }
 
+/// The deepest an expression may nest before the parser gives up with a
+/// spanned [`Error::Parser`].
+///
+/// Every nested bracket, prefix operator, call argument and left-associative
+/// binary chain makes the expression tree one level deeper. Parsing recurses
+/// per level and dropping the finished tree recurses per level, so an
+/// unbounded depth turns a long line of source into "has overflowed its stack"
+/// and a core dump instead of a diagnostic.
+///
+/// The value is deliberately small. libstd gives a spawned thread a 2 MiB
+/// stack, and a debug build spends roughly 16 KiB of stack per level of nested
+/// brackets (eleven frames of `parse_primary` .. `parse_postfix`). Measured on
+/// this repository, 123 levels is where a 2 MiB test thread dies; 64 leaves
+/// nearly a 2x margin while staying far above anything hand-written.
+pub const MAX_NESTING_DEPTH: usize = 64;
+
 pub struct Parser {
     tokens: Vec<Token>,
     pos: usize,
+    depth: usize,
 }
 
 impl Parser {
     pub fn new(tokens: Vec<Token>) -> Self {
-        Self { tokens, pos: 0 }
+        Self {
+            tokens,
+            pos: 0,
+            depth: 0,
+        }
     }
 
     fn current(&self) -> Option<&Token> {
@@ -259,6 +280,27 @@ impl Parser {
         Ok(token)
     }
 
+    /// Accounts for one more level of expression nesting.
+    ///
+    /// Returns a spanned [`Error::Parser`] once the nesting passes
+    /// [`MAX_NESTING_DEPTH`], so a pathological source line is a diagnostic
+    /// instead of a stack overflow.
+    fn enter_nesting(&mut self) -> Result<()> {
+        self.depth += 1;
+        if self.depth > MAX_NESTING_DEPTH {
+            return Err(Error::Parser(
+                format!("Expression nests more than {MAX_NESTING_DEPTH} levels deep"),
+                self.span(),
+            ));
+        }
+        Ok(())
+    }
+
+    /// Releases `count` nesting levels claimed by [`Parser::enter_nesting`].
+    fn leave_nesting(&mut self, count: usize) {
+        self.depth = self.depth.saturating_sub(count);
+    }
+
     fn skip_newlines(&mut self) {
         while let Some(Token {
             kind: TokenKind::Newline,
@@ -274,7 +316,13 @@ impl Parser {
 
         self.skip_newlines();
 
-        while self.current().map(|t| &t.kind) != Some(&TokenKind::Eof) {
+        // `None` is checked as well as `Eof`: a token stream handed straight
+        // to `Parser::new` need not end in `Eof`, and without this the loop
+        // would spin forever once `current()` runs off the end.
+        while let Some(token) = self.current() {
+            if token.kind == TokenKind::Eof {
+                break;
+            }
             if let Some(stmt) = self.parse_statement()? {
                 statements.push(stmt);
             }
@@ -285,6 +333,14 @@ impl Parser {
     }
 
     fn parse_statement(&mut self) -> Result<Option<Stmt>> {
+        let result = self.parse_statement_inner();
+        // Nesting is counted per statement, so one long expression cannot
+        // spend the budget of the next one.
+        self.depth = 0;
+        result
+    }
+
+    fn parse_statement_inner(&mut self) -> Result<Option<Stmt>> {
         let span = self.span();
         let token = match self.current() {
             Some(t) => t.clone(),
@@ -912,6 +968,7 @@ impl Parser {
 
     fn parse_or(&mut self) -> Result<Expr> {
         let mut left = self.parse_and()?;
+        let mut chained = 0usize;
 
         while let Some(Token {
             kind: TokenKind::Or,
@@ -920,6 +977,8 @@ impl Parser {
         {
             self.advance();
             let right = self.parse_and()?;
+            chained += 1;
+            self.enter_nesting()?;
             left = Expr::Binary {
                 op: BinaryOp::Or,
                 left: Box::new(left),
@@ -927,11 +986,14 @@ impl Parser {
             };
         }
 
+        self.leave_nesting(chained);
+
         Ok(left)
     }
 
     fn parse_and(&mut self) -> Result<Expr> {
         let mut left = self.parse_comparison()?;
+        let mut chained = 0usize;
 
         while let Some(Token {
             kind: TokenKind::And,
@@ -940,6 +1002,8 @@ impl Parser {
         {
             self.advance();
             let right = self.parse_comparison()?;
+            chained += 1;
+            self.enter_nesting()?;
             left = Expr::Binary {
                 op: BinaryOp::And,
                 left: Box::new(left),
@@ -947,11 +1011,14 @@ impl Parser {
             };
         }
 
+        self.leave_nesting(chained);
+
         Ok(left)
     }
 
     fn parse_comparison(&mut self) -> Result<Expr> {
         let mut left = self.parse_addition()?;
+        let mut chained = 0usize;
 
         loop {
             let op = match self.current() {
@@ -1043,6 +1110,8 @@ impl Parser {
             };
 
             let right = self.parse_addition()?;
+            chained += 1;
+            self.enter_nesting()?;
             left = Expr::Binary {
                 op,
                 left: Box::new(left),
@@ -1050,11 +1119,14 @@ impl Parser {
             };
         }
 
+        self.leave_nesting(chained);
+
         Ok(left)
     }
 
     fn parse_addition(&mut self) -> Result<Expr> {
         let mut left = self.parse_multiplication()?;
+        let mut chained = 0usize;
 
         while let Some(token) = self.current() {
             let op = match &token.kind {
@@ -1066,6 +1138,8 @@ impl Parser {
             if let Some(op) = op {
                 self.advance();
                 let right = self.parse_multiplication()?;
+                chained += 1;
+                self.enter_nesting()?;
                 left = Expr::Binary {
                     op,
                     left: Box::new(left),
@@ -1076,11 +1150,14 @@ impl Parser {
             }
         }
 
+        self.leave_nesting(chained);
+
         Ok(left)
     }
 
     fn parse_multiplication(&mut self) -> Result<Expr> {
         let mut left = self.parse_unary()?;
+        let mut chained = 0usize;
 
         while let Some(token) = self.current() {
             let op = match &token.kind {
@@ -1093,6 +1170,8 @@ impl Parser {
             if let Some(op) = op {
                 self.advance();
                 let right = self.parse_unary()?;
+                chained += 1;
+                self.enter_nesting()?;
                 left = Expr::Binary {
                     op,
                     left: Box::new(left),
@@ -1103,6 +1182,8 @@ impl Parser {
             }
         }
 
+        self.leave_nesting(chained);
+
         Ok(left)
     }
 
@@ -1111,7 +1192,9 @@ impl Parser {
             match &token.kind {
                 TokenKind::Not => {
                     self.advance();
+                    self.enter_nesting()?;
                     let expr = self.parse_unary()?;
+                    self.leave_nesting(1);
                     return Ok(Expr::Unary {
                         op: UnaryOp::Not,
                         expr: Box::new(expr),
@@ -1119,7 +1202,9 @@ impl Parser {
                 }
                 TokenKind::Minus => {
                     self.advance();
+                    self.enter_nesting()?;
                     let expr = self.parse_unary()?;
+                    self.leave_nesting(1);
                     return Ok(Expr::Unary {
                         op: UnaryOp::Neg,
                         expr: Box::new(expr),
@@ -1170,6 +1255,7 @@ impl Parser {
                 self.advance();
                 let mut args = Vec::new();
 
+                self.enter_nesting()?;
                 while self.current().map(|t| &t.kind) != Some(&TokenKind::RightParen)
                     && self.current().map(|t| &t.kind) != Some(&TokenKind::Eof)
                 {
@@ -1183,6 +1269,7 @@ impl Parser {
                         self.advance();
                     }
                 }
+                self.leave_nesting(1);
 
                 self.expect(&TokenKind::RightParen)?;
 
@@ -1218,7 +1305,9 @@ impl Parser {
             }) = self.current()
             {
                 self.advance();
+                self.enter_nesting()?;
                 let index = self.parse_expression()?;
+                self.leave_nesting(1);
                 self.expect(&TokenKind::RightBracket)?;
                 expr = Expr::Index {
                     object: Box::new(expr),
@@ -1261,7 +1350,9 @@ impl Parser {
             }
             TokenKind::LeftParen => {
                 self.advance();
+                self.enter_nesting()?;
                 let expr = self.parse_expression()?;
+                self.leave_nesting(1);
                 self.expect(&TokenKind::RightParen)?;
                 Ok(expr)
             }
@@ -1269,6 +1360,7 @@ impl Parser {
                 self.advance();
                 let mut items = Vec::new();
 
+                self.enter_nesting()?;
                 while self.current().map(|t| &t.kind) != Some(&TokenKind::RightBracket)
                     && self.current().map(|t| &t.kind) != Some(&TokenKind::Eof)
                 {
@@ -1283,6 +1375,7 @@ impl Parser {
                     }
                 }
 
+                self.leave_nesting(1);
                 self.expect(&TokenKind::RightBracket)?;
                 Ok(Expr::List(items))
             }
@@ -1290,6 +1383,7 @@ impl Parser {
                 self.advance();
                 let mut fields = Vec::new();
 
+                self.enter_nesting()?;
                 while self.current().map(|t| &t.kind) != Some(&TokenKind::RightBrace)
                     && self.current().map(|t| &t.kind) != Some(&TokenKind::Eof)
                 {
@@ -1323,6 +1417,7 @@ impl Parser {
                     }
                 }
 
+                self.leave_nesting(1);
                 self.expect(&TokenKind::RightBrace)?;
                 Ok(Expr::Record(fields))
             }
[0m
[0m$ [0mcd /home/runner/work/rbops/rbops/redblue && cat phases/phase-009/REPORT.md
# Phase 009 — Lexer robustness: malformed and non-ASCII input

## Reproduction

The finding reproduces on `main` (commit `e9bf84b`). Four of the six items in
the definition of done were already correct; two were real defects and two more
produced errors with unreadable messages.

```
$ printf 'say "hello\n' > target/tmp/unterm.rb
$ ./target/debug/rb run target/tmp/unterm.rb
hello
   exit=0                          <- DEFECT: no error at all

$ printf 'set x to 1\rsay "hi"\n' > target/tmp/lonecr.rb
$ ./target/debug/rb run target/tmp/lonecr.rb
hi
   exit=0                          <- DEFECT: the CR is dropped as whitespace,
                                      so no Newline token is emitted

$ printf '\xef\xbb\xbfsay "hi"\n' > target/tmp/bom.rb
$ ./target/debug/rb run target/tmp/bom.rb
Error: LexerError: Unexpected character '<invisible U+FEFF>'
  --> target/tmp/bom.rb:1:1       <- DEFECT: a BOM is a file artefact, not source

$ printf 'set x to 1\x00\n' > target/tmp/nul.rb
$ ./target/debug/rb run target/tmp/nul.rb
Error: LexerError: Unexpected character '<invisible NUL>'
  --> target/tmp/nul.rb:1:11      <- rejected with a column, but the message
                                      quotes a byte that prints as nothing

$ printf 'say "\xff\xfe hi"\n' > target/tmp/badutf8.rb
$ ./target/debug/rb run target/tmp/badutf8.rb
Error: IoError: stream did not contain valid UTF-8
                                     <- already correct (src/lib.rs:25)

$ printf 'say "\xf0\x9f\x98\x80 \xe4\xbd\xa0... e\xcc\x81"\n' | rb run -
<f0 9f 98 80 20 e4 bd a0 ... 65 cc 81>   <- already correct, byte-identical
```

After the change:

```
$ ./target/debug/rb run target/tmp/unterm.rb
Error: LexerError: Unterminated string
  --> target/tmp/unterm.rb:1:5
1 | say "hello
  |     ^

$ ./target/debug/rb run target/tmp/bom.rb
hi

$ ./target/debug/rb run target/tmp/nul.rb
Error: LexerError: Unexpected character '\0'
  --> target/tmp/nul.rb:1:11
```

## What changed

| File | Lines | What |
|---|---|---|
| src/lexer.rs | +29 −10 | `read_text` returns `Result` and reports `Unterminated string` at the opening quote (also for a dangling `\` at end of input) |
| src/lexer.rs | +8 −4 | `\r` ends a line; the `\n` of a CRLF pair is consumed with it, so CRLF is still one `Newline` token and the line counter does not inflate |
| src/lexer.rs | +4 −1 | `skip_whitespace` also skips `U+FEFF`, at the start of a file and mid-file |
| src/lexer.rs | +4 −1 | the unknown-character message uses `char::escape_debug`, so a NUL or BEL is readable in a terminal |

Nothing outside `src/lexer.rs` and the new test file was touched.

## Tests added

`tests/lexer_robustness_test.rs`, 16 new `#[test]` functions.

| Test | Edge class covered |
|---|---|
| `test_unterminated_string_is_a_spanned_lexer_error` | malformed input — asserts failure: `Error::Lexer` at 1:5 |
| `edge_unterminated_string_reports_the_line_the_quote_opened_on` | malformed input — the error names line 2, not line 4 |
| `edge_escape_at_end_of_input_inside_a_string_is_still_an_error` | malformed input — asserts failure, dangling `\` |
| `test_crlf_line_endings_produce_one_newline_per_line` | boundary — full token stream asserted, not just a count |
| `edge_lone_carriage_return_ends_a_line` | malformed input / boundary — lone CR emits a `Newline` |
| `edge_cr_does_not_inflate_the_line_counter` | boundary — error on line 2, the CR is not a line |
| `test_bom_is_stripped_and_not_lexed_as_an_identifier` | malformed input — BOM is invisible to the tokenizer |
| `edge_bom_before_each_line_is_stripped` | malformed input — BOM may not glue onto an identifier |
| `test_nul_byte_is_rejected_with_a_column` | malformed input — asserts failure at column 11 |
| `edge_control_character_message_is_readable` | malformed input — message contains `\0`, not a raw NUL byte |
| `edge_other_control_characters_are_rejected_with_a_column` | malformed input — BEL at 1:5, ESC at 1:11 |
| `edge_empty_source_lexes_to_only_eof` | empty — `""` is `[Eof]`; whitespace+comment is `[Newline, Newline, Eof]` |
| `test_unicode_round_trips_through_strings` | unicode — emoji, CJK, Hebrew RTL, combining acute, U+200F |
| `edge_column_after_multibyte_characters_counts_characters` | unicode / boundary — column 12 after four emoji, not a byte offset |
| `edge_invalid_utf8_file_is_an_io_error_not_a_panic` | malformed input — asserts failure: `Error::Io`, no panic, no span |
| `edge_bom_and_crlf_file_runs_from_disk` | malformed input — a Windows file with a BOM runs end to end from disk |

## Edge-case matrix

- empty — **covered**: `edge_empty_source_lexes_to_only_eof`; the empty string is
  one `Eof` token and an empty program still runs.
- singleton — **covered**: `test_crlf_line_endings_produce_one_newline_per_line`
  and `test_unicode_round_trips_through_strings` each lex exactly one statement /
  one string and assert the whole token stream.
- boundary — **covered**: CRLF vs lone CR vs LF (`test_crlf_...`,
  `edge_lone_carriage_return_ends_a_line`, `edge_cr_does_not_inflate_the_line_counter`);
  column after four 4-byte emoji (`edge_column_after_multibyte_characters...`).
- out_of_bounds — N/A + why: this phase adds no index, slice or collection
  access to the lexer; the lexer walks a `Vec<char>` behind `source.get()`, which
  returns `Option` and cannot index out of bounds. Index bounds are covered by
  `tests/index_bounds_test.rs` (phase 008).
- type_mismatch — N/A + why: the lexer produces no typed values and performs no
  operation that could receive a wrongly typed operand; token kinds are matched
  exhaustively. Interpreter-level type mismatches are covered by
  `tests/index_bounds_test.rs` and `tests/numeric_edge_test.rs`.
- numeric_boundary — N/A + why: no numeric arithmetic is added or changed. The
  number reader (`read_number`, already spanned) is untouched and is locked by
  `tests/numeric_edge_test.rs`.
- unicode — **covered**: `test_unicode_round_trips_through_strings` (emoji, CJK,
  RTL, combining mark, U+200F right-to-left mark) and
  `edge_column_after_multibyte_characters_counts_characters`.
- nesting_recursion — N/A + why: the lexer is iterative with no recursion and
  nests nothing; a string is read by one `loop`, and nothing in this change
  recurses. Recursion limits are phase 008's `MAX_CALL_DEPTH`.
- duplicate_missing_keys — N/A + why: the lexer has no records, keys or fields.
  Record key handling is `tests/record_order_test.rs`.
- malformed_input — **covered**: all six — unterminated string, dangling escape,
  lone CR, BOM, NUL/BEL/ESC, non-UTF-8 file bytes.
- resource_limit — **covered** for the phase's own input: the lexer is
  single-pass with no recursion and allocates one `Vec<char>` proportional to
  input (`Lexer::new`, src/lexer.rs:123), so a malformed input cannot make it
  loop or recurse. A whole-file upper bound and a maximum string length are
  **not** implemented — see follow-ups.

## Gates

| Gate | Result |
|---|---|
| `cargo fmt --all -- --check` | pass |
| `cargo clippy --all-targets -- -D warnings` | pass (0 warnings) |
| `cargo test` | pass — 148 passed, 0 failed, 0 ignored (12 test binaries + doc-tests) |
| `./rbops/verify.sh phase-009` | **not run — `rbops/` is not present in this checkout** |

On the fourth gate: `rbops/` does not exist in the working directory
(`ls: cannot access 'rbops': No such file or directory`), and hard rule 1 forbids
creating or editing anything under `rbops/`. The three gates I can run are green
and the project CI (`.github/workflows/ci.yml`: `cargo build`, `cargo test`,
`cargo clippy -- -D warnings`) is the same set. The only additional thing that
gate is documented to do is run `examples/*.rb`, so I ran them myself:

```
$ for f in examples/*.rb; do ./target/debug/rb run "$f"; done
```

All six examples run clean (`hello`, `fizzbuzz`, `files`, `formats`, `time`,
`test_arithmetic`). `modules/MathUtils.rb` fails with
`ParserError: Expected function name` at `modules/MathUtils.rb:4:16` on
`constant PI to 3.14159` — I verified this failure is byte-identical before and
after this change by rebuilding at `git stash` (HEAD), so it is pre-existing and
unrelated. Recorded in `FINDINGS.md`.

## Invariants touched

- None of the language invariants in AGENTS.md section 2. `.rb`, `to … end`,
  `set x to <expr>`, `say`, the `Value` and `Error` variants, and the string
  syntax are all unchanged; no public type was renamed and `Error::Lexer(String,
  Span)` keeps its shape — it is now also *returned* where the lexer used to
  invent a value.
- One behaviour change beyond strict bug-fixing: a lone `\r` is now a line break
  instead of being dropped as whitespace, and `U+FEFF` is now insignificant
  instead of a lexer error. Both only affect byte sequences that previously
  produced a wrong token stream or a bogus error; every source file that lexed
  before still lexes to the same tokens (`cargo test` and all examples unchanged).

## Known gaps / follow-ups

- A string may still contain a raw newline and is only terminated by `"` or end
  of input. Making a raw newline terminate a string (and report a column on the
  line it opened) would be a better error, but it changes the string grammar and
  belongs in its own phase.
- No maximum source size and no maximum string length; the lexer is O(n) in
  memory and cannot recurse, so there is nothing to bound beyond input size.
- `Error::Lexer("Unterminated string", span)` carries no byte offset, so
  "unexpected end of input" cannot yet be pointed at precisely — the span is the
  opening quote by design.
- `modules/MathUtils.rb` does not parse (`constant` is not in the grammar).
- A combining mark inside an *identifier* ends the identifier, because
  `char::is_alphanumeric` is false for category `Mn`. Identifiers built from
  decomposed forms would need `is_alphanumeric() || is_mark()`. Not touched here.
[0m
[0m$ [0mcd /home/runner/work/rbops/rbops/redblue && cargo test 2>&1 | grep -E "^test result" | awk -F'[ ;]' '{p+=$4} END {print "total passed:",p}'; cargo test 2>&1 | grep -cE "^test result: ok"; git rev-parse --short HEAD
total passed: 166
14
2d54e2d
[0m
[0m$ [0mcd /home/runner/work/rbops/rbops/redblue && cargo test 2>&1 | grep -E "^ *Running|^test result" | paste - - | sed 's/\x1b\[[0-9;]*m//g'
test result: ok. 6 passed; 0 failed; 0 ignored; 0 measured; 0 filtered out; finished in 0.00s	test result: ok. 0 passed; 0 failed; 0 ignored; 0 measured; 0 filtered out; finished in 0.00s
test result: ok. 11 passed; 0 failed; 0 ignored; 0 measured; 0 filtered out; finished in 0.76s	test result: ok. 13 passed; 0 failed; 0 ignored; 0 measured; 0 filtered out; finished in 0.46s
test result: ok. 21 passed; 0 failed; 0 ignored; 0 measured; 0 filtered out; finished in 0.01s	test result: ok. 8 passed; 0 failed; 0 ignored; 0 measured; 0 filtered out; finished in 0.00s
test result: ok. 16 passed; 0 failed; 0 ignored; 0 measured; 0 filtered out; finished in 0.00s	test result: ok. 20 passed; 0 failed; 0 ignored; 0 measured; 0 filtered out; finished in 0.00s
test result: ok. 18 passed; 0 failed; 0 ignored; 0 measured; 0 filtered out; finished in 0.07s	test result: ok. 25 passed; 0 failed; 0 ignored; 0 measured; 0 filtered out; finished in 0.11s
test result: ok. 8 passed; 0 failed; 0 ignored; 0 measured; 0 filtered out; finished in 0.48s	test result: ok. 5 passed; 0 failed; 0 ignored; 0 measured; 0 filtered out; finished in 0.00s
test result: ok. 15 passed; 0 failed; 0 ignored; 0 measured; 0 filtered out; finished in 0.00s	test result: ok. 0 passed; 0 failed; 0 ignored; 0 measured; 0 filtered out; finished in 0.00s
[0m
[0m← [0mWrite phases/phase-010/REPORT.md
Wrote file successfully.
[0m
Now writing the report.
[0m$ [0mcd /home/runner/work/rbops/rbops/redblue && for n in 1000 5000 20000 50000; do python3 -c "
n=$n
body='say 1\n'
src='if true then\n'*n + 'say 1\n' + 'end\n'*n
open('target/tmp/if_$n.rb','w').write(src)"; printf "nested if n=$n: "; timeout 20 ./target/debug/rb format target/tmp/if_$n.rb >/dev/null 2>&1 && echo ok || echo CRASH; done
nested if n=1000: ok
nested if n=5000: /bin/bash: line 1: 13258 Aborted                 timeout 20 ./target/debug/rb format target/tmp/if_$n.rb > /dev/null 2>&1
CRASH
nested if n=20000: /bin/bash: line 1: 13272 Aborted                 timeout 20 ./target/debug/rb format target/tmp/if_$n.rb > /dev/null 2>&1
CRASH
nested if n=50000: /bin/bash: line 1: 13290 Aborted                 timeout 20 ./target/debug/rb format target/tmp/if_$n.rb > /dev/null 2>&1
CRASH
[0m
[0m$ [0mcd /home/runner/work/rbops/rbops/redblue && grep -n "fn parse_if\|fn parse_for\|fn parse_repeat\|fn parse_while\|fn parse_function\|fn parse_object\|fn parse_try\|fn parse_test\|fn parse_block\|self.parse_statement()" src/parser.rs
326:            if let Some(stmt) = self.parse_statement()? {
526:    fn parse_if(&mut self) -> Result<Option<Statement>> {
539:            if let Some(stmt) = self.parse_statement()? {
558:                if let Some(stmt) = self.parse_statement()? {
574:    fn parse_for(&mut self) -> Result<Option<Statement>> {
609:                    if let Some(stmt) = self.parse_statement()? {
630:    fn parse_repeat(&mut self) -> Result<Option<Statement>> {
640:            if let Some(stmt) = self.parse_statement()? {
651:    fn parse_while(&mut self) -> Result<Option<Statement>> {
660:            if let Some(stmt) = self.parse_statement()? {
671:    fn parse_function(&mut self) -> Result<Option<Statement>> {
728:            if let Some(stmt) = self.parse_statement()? {
739:    fn parse_object(&mut self) -> Result<Option<Statement>> {
791:            if let Some(stmt) = self.parse_statement()? {
806:    fn parse_try(&mut self) -> Result<Option<Statement>> {
816:            if let Some(stmt) = self.parse_statement()? {
845:                if let Some(stmt) = self.parse_statement()? {
865:                if let Some(stmt) = self.parse_statement()? {
882:    fn parse_test(&mut self) -> Result<Option<Statement>> {
912:            if let Some(stmt) = self.parse_statement()? {
[0m
Statement-block nesting still crashes at 5000 nested `if`s. That's the same defect family — fixing it.
[0m$ [0mcd /home/runner/work/rbops/rbops/redblue && sed -n '526,545p;630,670p' src/parser.rs
fn parse_if(&mut self) -> Result<Option<Statement>> {
        self.advance(); // consume 'if'
        let condition = self.parse_expression()?;

        self.skip_newlines();
        self.expect(&TokenKind::Then)?;
        self.skip_newlines();

        let mut then_branch = Vec::new();
        while self.current().map(|t| &t.kind) != Some(&TokenKind::End)
            && self.current().map(|t| &t.kind) != Some(&TokenKind::Else)
            && self.current().map(|t| &t.kind) != Some(&TokenKind::Eof)
        {
            if let Some(stmt) = self.parse_statement()? {
                then_branch.push(stmt);
            }
            self.skip_newlines();
        }

        let mut else_branch = Vec::new();
    fn parse_repeat(&mut self) -> Result<Option<Statement>> {
        self.advance(); // consume 'repeat'
        let count = self.parse_expression()?;
        self.expect(&TokenKind::Times)?;
        self.skip_newlines();

        let mut body = Vec::new();
        while self.current().map(|t| &t.kind) != Some(&TokenKind::End)
            && self.current().map(|t| &t.kind) != Some(&TokenKind::Eof)
        {
            if let Some(stmt) = self.parse_statement()? {
                body.push(stmt);
            }
            self.skip_newlines();
        }

        self.expect(&TokenKind::End)?;

        Ok(Some(Statement::Repeat { count, body }))
    }

    fn parse_while(&mut self) -> Result<Option<Statement>> {
        self.advance(); // consume 'while'
        let condition = self.parse_expression()?;
        self.skip_newlines();

        let mut body = Vec::new();
        while self.current().map(|t| &t.kind) != Some(&TokenKind::End)
            && self.current().map(|t| &t.kind) != Some(&TokenKind::Eof)
        {
            if let Some(stmt) = self.parse_statement()? {
                body.push(stmt);
            }
            self.skip_newlines();
        }

        self.expect(&TokenKind::End)?;

        Ok(Some(Statement::While { condition, body }))
    }
[0m
[0m$ [0mcd /home/runner/work/rbops/rbops/redblue && python3 - <<'PY'
p='src/parser.rs'
s=open(p).read()

old_const = "pub const MAX_NESTING_DEPTH: usize = 64;"
new_const = """pub const MAX_NESTING_DEPTH: usize = 64;

/// The deepest `if` / `for` / `to` / `object` / `try` / `test` blocks may nest
/// before the parser gives up with a spanned [`Error::Parser`].
///
/// A block body is parsed by a recursive call back into `parse_statement`, so
/// each nested block is a level of parser recursion, and the analyzer and VM
/// then walk the same tree. The same 64-level budget as
/// [`MAX_NESTING_DEPTH`] is used, because the same 2 MiB stack has to hold it.
pub const MAX_BLOCK_DEPTH: usize = 64;"""
assert s.count(old_const) == 1
s = s.replace(old_const, new_const)

old_struct = """pub struct Parser {
    tokens: Vec<Token>,
    pos: usize,
    depth: usize,
}"""
new_struct = """pub struct Parser {
    tokens: Vec<Token>,
    pos: usize,
    depth: usize,
    block_depth: usize,
}"""
assert s.count(old_struct) == 1
s = s.replace(old_struct, new_struct)

old_new = """        Self {
            tokens,
            pos: 0,
            depth: 0,
        }"""
new_new = """        Self {
            tokens,
            pos: 0,
            depth: 0,
            block_depth: 0,
        }"""
assert s.count(old_new) == 1
s = s.replace(old_new, new_new)

old_leave = """    /// Releases `count` nesting levels claimed by [`Parser::enter_nesting`].
    fn leave_nesting(&mut self, count: usize) {
        self.depth = self.depth.saturating_sub(count);
    }
"""
new_leave = """    /// Releases `count` nesting levels claimed by [`Parser::enter_nesting`].
    fn leave_nesting(&mut self, count: usize) {
        self.depth = self.depth.saturating_sub(count);
    }

    /// Whether the upcoming statement opens a `... end` block, and so parses its
    /// body by calling back into [`Parser::parse_statement`].
    fn opens_block(&self) -> bool {
        matches!(
            self.current().map(|token| &token.kind),
            Some(TokenKind::If)
                | Some(TokenKind::For)
                | Some(TokenKind::Repeat)
                | Some(TokenKind::While)
                | Some(TokenKind::To)
                | Some(TokenKind::Object)
                | Some(TokenKind::Try)
                | Some(TokenKind::Test)
        )
    }

    /// Accounts for one more level of block nesting.
    fn enter_block(&mut self) -> Result<()> {
        self.block_depth += 1;
        if self.block_depth > MAX_BLOCK_DEPTH {
            return Err(Error::Parser(
                format!("Blocks nest more than {MAX_BLOCK_DEPTH} levels deep"),
                self.span(),
            ));
        }
        Ok(())
    }

    fn leave_block(&mut self) {
        self.block_depth = self.block_depth.saturating_sub(1);
    }
"""
assert s.count(old_leave) == 1
s = s.replace(old_leave, new_leave)

old_stmt = """    fn parse_statement(&mut self) -> Result<Option<Stmt>> {
        let result = self.parse_statement_inner();
        // Nesting is counted per statement, so one long expression cannot
        // spend the budget of the next one.
        self.depth = 0;
        result
    }"""
new_stmt = """    fn parse_statement(&mut self) -> Result<Option<Stmt>> {
        let opened_block = self.opens_block();
        if opened_block {
            self.enter_block()?;
        }

        let result = self.parse_statement_inner();

        // Expression nesting is counted per statement, so one long expression
        // cannot spend the budget of the next one.
        self.depth = 0;
        if opened_block {
            self.leave_block();
        }

        result
    }"""
assert s.count(old_stmt) == 1
s = s.replace(old_stmt, new_stmt)

open(p,'w').write(s)
print("ok")
PY
ok
[0m
[0m← [0mEdit tests/parser_hardening_test.rs
Index: /home/runner/work/rbops/rbops/redblue/tests/parser_hardening_test.rs
===================================================================
--- /home/runner/work/rbops/rbops/redblue/tests/parser_hardening_test.rs
+++ /home/runner/work/rbops/rbops/redblue/tests/parser_hardening_test.rs
@@ -1,6 +1,6 @@
 use redblue::lexer::Lexer;
-use redblue::parser::{parse, Parser, MAX_NESTING_DEPTH};
+use redblue::parser::{parse, Parser, MAX_BLOCK_DEPTH, MAX_NESTING_DEPTH};
 use redblue::Error;
 
 fn lex_and_parse(source: &str) -> Result<redblue::parser::Program, Error> {
     let tokens = Lexer::tokenize(source)?;

[0m
[0m← [0mEdit tests/parser_hardening_test.rs
Index: /home/runner/work/rbops/rbops/redblue/tests/parser_hardening_test.rs
===================================================================
--- /home/runner/work/rbops/rbops/redblue/tests/parser_hardening_test.rs
+++ /home/runner/work/rbops/rbops/redblue/tests/parser_hardening_test.rs
@@ -186,10 +186,86 @@
     assert!(
         (16..=96).contains(&MAX_NESTING_DEPTH),
         "MAX_NESTING_DEPTH must stay within a 2 MiB stack, got {MAX_NESTING_DEPTH}"
     );
+    assert!(
+        (16..=96).contains(&MAX_BLOCK_DEPTH),
+        "MAX_BLOCK_DEPTH must stay within a 2 MiB stack, got {MAX_BLOCK_DEPTH}"
+    );
 }
 
+// --- block nesting ----------------------------------------------------------
+
+/// Builds `depth` nested `open ... end` blocks around a single `say 1`.
+fn nested_blocks(open: &str, depth: usize) -> String {
+    format!(
+        "{}say 1\n{}",
+        format!("{open}\n").repeat(depth),
+        format!("end\n").repeat(depth)
+    )
+}
+
+#[test]
+fn edge_deeply_nested_blocks_are_a_clean_error_not_a_stack_overflow() {
+    // A block body is parsed by recursing back into `parse_statement`, so
+    // 5000 nested `if`s used to abort the process outright.
+    for open in [
+        "if true then",
+        "while true",
+        "repeat 1 times",
+        "object Deep",
+        "try",
+        "test \"deep\"",
+    ] {
+        let source = nested_blocks(open, MAX_BLOCK_DEPTH + 1);
+        match lex_and_parse(&source) {
+            Ok(_) => panic!("{open:?} past the block depth limit should not parse"),
+            Err(error) => assert_spanned_parser_error(&error),
+        }
+    }
+}
+
+#[test]
+fn edge_deeply_nested_functions_are_a_clean_error_not_a_stack_overflow() {
+    let source = format!(
+        "{}say 1\n{}",
+        format!("to f()\n").repeat(MAX_BLOCK_DEPTH + 1),
+        format!("end\n").repeat(MAX_BLOCK_DEPTH + 1)
+    );
+    match lex_and_parse(&source) {
+        Ok(_) => panic!("nested functions past the block depth limit should not parse"),
+        Err(error) => assert_spanned_parser_error(&error),
+    }
+}
+
+#[test]
+fn block_nesting_at_the_depth_limit_is_accepted_and_one_past_is_rejected() {
+    let at_limit = nested_blocks("if true then", MAX_BLOCK_DEPTH);
+    let program = lex_and_parse(&at_limit).expect("block nesting at the limit must parse");
+    assert_eq!(program.statements.len(), 1);
+
+    let over_limit = nested_blocks("if true then", MAX_BLOCK_DEPTH + 1);
+    let error = lex_and_parse(&over_limit).expect_err("one past the limit must be rejected");
+    assert_spanned_parser_error(&error);
+}
+
+#[test]
+fn edge_5000_nested_blocks_never_overflow_the_stack() {
+    // The input that aborted the process before the block guard existed.
+    let source = nested_blocks("if true then", 5000);
+    let error = lex_and_parse(&source).expect_err("5000 nested blocks must be rejected");
+    assert_spanned_parser_error(&error);
+}
+
+#[test]
+fn sibling_blocks_do_not_spend_each_others_budget() {
+    // 100 sibling blocks in a row is 100 statements, not 100 levels of
+    // nesting: a flat file of `if` must not hit the limit.
+    let source = "if true then\n  say 1\nend\n".repeat(200);
+    let program = lex_and_parse(&source).expect("sibling blocks must not nest");
+    assert_eq!(program.statements.len(), 200);
+}
+
 // --- resource limit ---------------------------------------------------------
 
 #[test]
 fn token_stream_without_eof_terminates_instead_of_looping_forever() {

[0m
[0m$ [0mcd /home/runner/work/rbops/rbops/redblue && cargo fmt --all && cargo test --test parser_hardening_test 2>&1 | tail -35
[1m[92m   Compiling[0m redblue v0.1.0 (/home/runner/work/rbops/rbops/redblue)
[1m[92m    Finished[0m `test` profile [unoptimized] target(s) in 1.11s
[1m[92m     Running[0m tests/parser_hardening_test.rs (target/debug/deps/parser_hardening_test-3a35f6abfb3eca0b)

running 23 tests
test edge_1000_deep_nested_list_never_overflows_the_stack ... ok
test block_nesting_at_the_depth_limit_is_accepted_and_one_past_is_rejected ... ok
test edge_deep_nesting_is_a_clean_error_not_a_stack_overflow ... ok
test edge_deep_unary_chain_is_a_clean_error_not_a_stack_overflow ... ok
test edge_deeply_nested_blocks_are_a_clean_error_not_a_stack_overflow ... ok
test edge_deeply_nested_functions_are_a_clean_error_not_a_stack_overflow ... ok
test edge_empty_file_parses_to_empty_program ... ok
test edge_long_flat_binary_chain_is_a_clean_error_not_a_stack_overflow ... ok
test edge_5000_nested_blocks_never_overflow_the_stack ... ok
test edge_single_element_collections_and_unicode_survive ... ok
test edge_unclosed_constructs_produce_spanned_parser_errors ... ok
test edge_unclosed_string_is_a_spanned_lexer_error ... ok
test edge_whitespace_only_and_comment_only_are_empty_programs ... ok
test empty_token_stream_parses_to_an_empty_program ... ok
test malformed_input_error_names_what_it_expected ... ok
test nesting_at_the_depth_limit_is_accepted_and_one_past_is_rejected ... ok
test nesting_limit_is_a_sane_small_number ... ok
test sibling_blocks_do_not_spend_each_others_budget ... ok
test token_stream_without_eof_terminates_instead_of_looping_forever ... ok
test type_mismatch_shaped_input_is_a_parser_error_not_a_panic ... ok
test edge_pathological_deep_nesting_at_100k_levels_is_rejected_quickly ... ok
test edge_100k_token_flat_input_scales_sub_quadratically ... ok
test edge_100k_token_flat_input_parses_linearly ... ok

test result: ok. 23 passed; 0 failed; 0 ignored; 0 measured; 0 filtered out; finished in 0.07s
[0m
[0m$ [0mcd /home/runner/work/rbops/rbops/redblue && cargo fmt --all -- --check && echo "FMT OK" && cargo clippy --all-targets -- -D warnings 2>&1 | grep -E "^(warning|error)" | head -20; echo "clippy done"; cargo build 2>&1 | tail -2 && for n in 1000 5000 20000; do printf "nested if n=$n: "; timeout 20 ./target/debug/rb format target/tmp/if_$n.rb >/dev/null 2>&1 && echo ok || echo CRASH; done
FMT OK
clippy done
[1m[92m    Finished[0m `dev` profile [unoptimized] target(s) in 0.09s
nested if n=1000: CRASH
nested if n=5000: CRASH
nested if n=20000: CRASH
[0m
[0m$ [0mcd /home/runner/work/rbops/rbops/redblue && timeout 20 ./target/debug/rb format target/tmp/if_1000.rb > target/tmp/o.txt 2>&1; echo "exit=$?"; head -c 300 target/tmp/o.txt
exit=1
Format error: Parser error: ParserError: Blocks nest more than 64 levels deep
  --> 65:1
[0m
[0m$ [0mcd /home/runner/work/rbops/rbops/redblue && for f in deep1000 deep5000 deep_unary deep_paren flat100k if_1000 if_5000 if_20000; do timeout 30 ./target/debug/rb format target/tmp/$f.rb > target/tmp/o.txt 2>&1; rc=$?; sig=$(grep -c "overflowed its stack" target/tmp/o.txt); printf "%-12s exit=%-3s overflow=%s  %s\n" "$f" "$rc" "$sig" "$(head -1 target/tmp/o.txt | head -c 90)"; done
deep1000     exit=1   overflow=0  Format error: Parser error: ParserError: Expression nests more than 64 levels deep
deep5000     exit=1   overflow=0  Format error: Parser error: ParserError: Expression nests more than 64 levels deep
deep_unary   exit=1   overflow=0  Format error: Parser error: ParserError: Expression nests more than 64 levels deep
deep_paren   exit=1   overflow=0  Format error: Parser error: ParserError: Expression nests more than 64 levels deep
flat100k     exit=1   overflow=0  Format error: Parser error: ParserError: Expression nests more than 64 levels deep
if_1000      exit=1   overflow=0  Format error: Parser error: ParserError: Blocks nest more than 64 levels deep
if_5000      exit=1   overflow=0  Format error: Parser error: ParserError: Blocks nest more than 64 levels deep
if_20000     exit=1   overflow=0  Format error: Parser error: ParserError: Blocks nest more than 64 levels deep
[0m
All eight pathological inputs are clean errors now. Running the full gate set.
[0m$ [0mcd /home/runner/work/rbops/rbops/redblue && cargo fmt --all -- --check && echo "GATE1 fmt: pass" ; cargo clippy --all-targets -- -D warnings 2>&1 | tail -2
GATE1 fmt: pass

[1m[91merror[0m: could not compile `redblue` (test "parser_hardening_test") due to 3 previous errors
[0m
[0m$ [0mcd /home/runner/work/rbops/rbops/redblue && cargo clippy --all-targets -- -D warnings 2>&1 | grep -v "^ *Checking\|Compiling\|Finished" | head -50
[1m[92m    Checking[0m redblue v0.1.0 (/home/runner/work/rbops/rbops/redblue)
[1m[91merror[0m[1m: useless use of `format!`[0m
   [1m[94m--> [0mtests/parser_hardening_test.rs:203:9
    [1m[94m|[0m
[1m[94m203[0m [1m[94m|[0m         format!("end\n").repeat(depth)
    [1m[94m|[0m         [1m[91m^^^^^^^^^^^^^^^^[0m [1m[91mhelp: consider using `.to_string()`: `"end\n".to_string()`[0m
    [1m[94m|[0m
    [1m[94m= [0m[1mhelp[0m: for further information visit https://rust-lang.github.io/rust-clippy/rust-1.99.0/index.html#useless_format
    [1m[94m= [0m[1mnote[0m: `-D clippy::useless-format` implied by `-D warnings`
    [1m[94m= [0m[1mhelp[0m: to override `-D warnings` add `#[allow(clippy::useless_format)]`

[1m[91merror[0m[1m: useless use of `format!`[0m
   [1m[94m--> [0mtests/parser_hardening_test.rs:231:9
    [1m[94m|[0m
[1m[94m231[0m [1m[94m|[0m         format!("to f()\n").repeat(MAX_BLOCK_DEPTH + 1),
    [1m[94m|[0m         [1m[91m^^^^^^^^^^^^^^^^^^^[0m [1m[91mhelp: consider using `.to_string()`: `"to f()\n".to_string()`[0m
    [1m[94m|[0m
    [1m[94m= [0m[1mhelp[0m: for further information visit https://rust-lang.github.io/rust-clippy/rust-1.99.0/index.html#useless_format

[1m[91merror[0m[1m: useless use of `format!`[0m
   [1m[94m--> [0mtests/parser_hardening_test.rs:232:9
    [1m[94m|[0m
[1m[94m232[0m [1m[94m|[0m         format!("end\n").repeat(MAX_BLOCK_DEPTH + 1)
    [1m[94m|[0m         [1m[91m^^^^^^^^^^^^^^^^[0m [1m[91mhelp: consider using `.to_string()`: `"end\n".to_string()`[0m
    [1m[94m|[0m
    [1m[94m= [0m[1mhelp[0m: for further information visit https://rust-lang.github.io/rust-clippy/rust-1.99.0/index.html#useless_format

[1m[91merror[0m: could not compile `redblue` (test "parser_hardening_test") due to 3 previous errors
[0m
[0m$ [0mcd /home/runner/work/rbops/rbops/redblue && python3 - <<'PY'
p='tests/parser_hardening_test.rs'
s=open(p).read()
s=s.replace('''    format!(
        "{}say 1\\n{}",
        format!("{open}\\n").repeat(depth),
        format!("end\\n").repeat(depth)
    )''','''    format!(
        "{}say 1\\n{}",
        format!("{open}\\n").repeat(depth),
        "end\\n".repeat(depth)
    )''')
s=s.replace('''        format!("to f()\\n").repeat(MAX_BLOCK_DEPTH + 1),
        format!("end\\n").repeat(MAX_BLOCK_DEPTH + 1)''','''        format!("to f()\\n").repeat(MAX_BLOCK_DEPTH + 1),
        "end\\n".repeat(MAX_BLOCK_DEPTH + 1)''')
open(p,'w').write(s)
PY
cargo fmt --all && cargo clippy --all-targets -- -D warnings 2>&1 | tail -2
[1m[91merror[0m: could not compile `redblue` (test "parser_hardening_test") due to 1 previous error
[0m
[0m$ [0mcd /home/runner/work/rbops/rbops/redblue && cargo clippy --all-targets -- -D warnings 2>&1 | grep -v "^ *Checking\|Compiling\|Finished" | head -20
[1m[92m    Checking[0m redblue v0.1.0 (/home/runner/work/rbops/rbops/redblue)
[1m[91merror[0m[1m: useless use of `format!`[0m
   [1m[94m--> [0mtests/parser_hardening_test.rs:231:9
    [1m[94m|[0m
[1m[94m231[0m [1m[94m|[0m         format!("to f()\n").repeat(MAX_BLOCK_DEPTH + 1),
    [1m[94m|[0m         [1m[91m^^^^^^^^^^^^^^^^^^^[0m [1m[91mhelp: consider using `.to_string()`: `"to f()\n".to_string()`[0m
    [1m[94m|[0m
    [1m[94m= [0m[1mhelp[0m: for further information visit https://rust-lang.github.io/rust-clippy/rust-1.99.0/index.html#useless_format
    [1m[94m= [0m[1mnote[0m: `-D clippy::useless-format` implied by `-D warnings`
    [1m[94m= [0m[1mhelp[0m: to override `-D warnings` add `#[allow(clippy::useless_format)]`

[1m[91merror[0m: could not compile `redblue` (test "parser_hardening_test") due to 1 previous error
[0m
[0m$ [0mcd /home/runner/work/rbops/rbops/redblue && python3 - <<'PY'
p='tests/parser_hardening_test.rs'
s=open(p).read()
s=s.replace('''        format!("to f()\\n").repeat(MAX_BLOCK_DEPTH + 1),''','''        "to f()\\n".repeat(MAX_BLOCK_DEPTH + 1),''')
open(p,'w').write(s)
PY
cargo fmt --all && cargo clippy --all-targets -- -D warnings 2>&1 | tail -2 && cargo fmt --all -- --check && echo "GATE1 fmt: pass"
[1m[92m    Checking[0m redblue v0.1.0 (/home/runner/work/rbops/rbops/redblue)
[1m[92m    Finished[0m `dev` profile [unoptimized] target(s) in 0.14s
GATE1 fmt: pass
[0m
[0m$ [0mcd /home/runner/work/rbops/rbops/redblue && cargo test 2>&1 | grep -E "^test result|^error|FAILED|panicked" | sed 's/\x1b\[[0-9;]*m//g'; echo "---"; cargo test 2>&1 | grep -E "^test result" | awk -F'[ ;]' '{p+=$4; f+=$6; i+=$8} END {print "passed:",p," failed:",f," ignored:",i}'
test result: ok. 6 passed; 0 failed; 0 ignored; 0 measured; 0 filtered out; finished in 0.00s
test result: ok. 0 passed; 0 failed; 0 ignored; 0 measured; 0 filtered out; finished in 0.00s
test result: ok. 11 passed; 0 failed; 0 ignored; 0 measured; 0 filtered out; finished in 0.76s
test result: ok. 13 passed; 0 failed; 0 ignored; 0 measured; 0 filtered out; finished in 0.48s
test result: ok. 21 passed; 0 failed; 0 ignored; 0 measured; 0 filtered out; finished in 0.01s
test result: ok. 8 passed; 0 failed; 0 ignored; 0 measured; 0 filtered out; finished in 0.00s
test result: ok. 16 passed; 0 failed; 0 ignored; 0 measured; 0 filtered out; finished in 0.00s
test result: ok. 20 passed; 0 failed; 0 ignored; 0 measured; 0 filtered out; finished in 0.00s
test result: ok. 23 passed; 0 failed; 0 ignored; 0 measured; 0 filtered out; finished in 0.08s
test result: ok. 25 passed; 0 failed; 0 ignored; 0 measured; 0 filtered out; finished in 0.11s
test result: ok. 8 passed; 0 failed; 0 ignored; 0 measured; 0 filtered out; finished in 0.48s
test result: ok. 5 passed; 0 failed; 0 ignored; 0 measured; 0 filtered out; finished in 0.00s
test result: ok. 15 passed; 0 failed; 0 ignored; 0 measured; 0 filtered out; finished in 0.00s
test result: ok. 0 passed; 0 failed; 0 ignored; 0 measured; 0 filtered out; finished in 0.00s
---
passed: 171  failed: 0  ignored: 0
[0m
[0m$ [0mcd /home/runner/work/rbops/rbops/redblue && fail=0; for f in examples/*.rb; do timeout 60 ./target/debug/rb run "$f" > target/tmp/ex.txt 2>&1 || { echo "FAIL $f"; head -3 target/tmp/ex.txt; fail=1; }; done; echo "examples fail=$fail"; timeout 120 ./target/debug/rb test 2>&1 | tail -4; cargo build 2>&1|tail -1; for f in tests/*.rb modules/*.rb; do printf "%s " "$f"; timeout 60 ./target/debug/rb lint "$f" >/dev/null 2>&1; echo "lint=$?"; done
examples fail=0
...........................................................................................................................................................................................................Tests run: 203
Passed: 203
Failed: 0
[1m[92m    Finished[0m `dev` profile [unoptimized] target(s) in 0.07s
tests/integration_test.rb lint=0
tests/suite.rb lint=0
tests/test_arithmetic.rb lint=0
tests/test_control_flow.rb lint=0
tests/test_functions.rb lint=0
tests/test_lists.rb lint=0
tests/test_modules.rb lint=0
tests/test_numeric_edges.rb lint=0
tests/test_objects.rb lint=0
tests/test_records.rb lint=0
tests/test_text.rb lint=0
modules/MathUtils.rb lint=0
modules/SuiteKit.rb lint=0
[0m
[0m← [0mWrite phases/phase-010/REPORT.md
Wrote file successfully.
[0m
Now updating REPORT.md with the block-nesting work and corrected counts.
[0m$ [0mcd /home/runner/work/rbops/rbops/redblue && python3 - <<'PY'
import glob,re
# verify claim: deepest block nesting in shipped corpus
worst=0; where=None
for f in glob.glob('examples/*.rb')+glob.glob('modules/*.rb')+glob.glob('tests/*.rb'):
    depth=0
    for i,l in enumerate(open(f),1):
        s=l.strip()
        if re.match(r'^(if\b.*\bthen|while\b|repeat\b.*\btimes|to\b.*\)|object\b|try$|test\b)', s):
            depth+=1
            if depth>worst: worst=depth; where=(f,i,s[:60])
        if s=='end':
            depth=max(0,depth-1)
print("deepest block nesting heuristic:", worst, where)
PY
grep -c "^end$" tests/suite.rb tests/integration_test.rb
deepest block nesting heuristic: 4 ('examples/fizzbuzz.rb', 10, 'if n % 5 is 0 then')
tests/suite.rb:19
tests/integration_test.rb:20
[0m
[0m$ [0mcd /home/runner/work/rbops/rbops/redblue && python3 - <<'PY'
p='phases/phase-010/REPORT.md'
s=open(p).read()
old="""  The largest run of chained `+`/`-` anywhere in `examples/`, `modules/` or
  `tests/` is 0, and the deepest block nesting in the shipped corpus is 2
  (`tests/suite.rb`, `tests/integration_test.rb`), so no shipped source is
  affected."""
new="""  The largest run of chained `+`/`-` anywhere in `examples/`, `modules/` or
  `tests/` is 0, and the deepest block nesting in the shipped corpus is 4
  (`examples/fizzbuzz.rb`, three `if`s inside `for each`), so no shipped source
  is affected."""
assert s.count(old)==1
open(p,'w').write(s.replace(old,new))
print("ok")
PY
ok
[0m
[0m← [0mWrite phases/phase-010/FINDINGS.md
Wrote file successfully.
[0m
Final gate run:
[0m$ [0mcd /home/runner/work/rbops/rbops/redblue && echo "--- GATE 1 ---" && cargo fmt --all -- --check && echo "pass" ; echo "--- GATE 2 ---" && cargo clippy --all-targets -- -D warnings 2>&1 | tail -1 ; echo "--- GATE 3 ---" && cargo test 2>&1 | grep -E "^test result" | awk -F'[ ;]' '{p+=$4; f+=$6; i+=$8} END {print "passed:",p," failed:",f," ignored:",i}' ; echo "--- GATE 4 ---" && ls rbops 2>&1
--- GATE 1 ---
pass
--- GATE 2 ---
[1m[92m    Finished[0m `dev` profile [unoptimized] target(s) in 0.09s
--- GATE 3 ---
passed: 171  failed: 0  ignored: 0
--- GATE 4 ---
ls: cannot access 'rbops': No such file or directory
[0m
[0m$ [0mcd /home/runner/work/rbops/rbops/redblue && git status --short && echo "---" && git diff --stat && echo "--- new test count ---" && grep -c "^#\[test\]" tests/parser_hardening_test.rs && grep -c "^fn edge_" tests/parser_hardening_test.rs && grep -rn "ignore\]\|// skip\|allow(clippy" tests/parser_hardening_test.rs | wc -l
M src/parser.rs
?? phases/phase-010/
?? tests/parser_hardening_test.rs
---
 src/parser.rs | 152 +++++++++++++++++++++++++++++++++++++++++++++++++++++++++-
 1 file changed, 150 insertions(+), 2 deletions(-)
--- new test count ---
23
15
0
[0m
[0m$ [0mcd /home/runner/work/rbops/rbops/redblue && grep -oE "^fn [a-z_0-9]+" tests/parser_hardening_test.rs | sed 's/^fn //' | sort | tee target/tmp/names.txt | grep -c "^edge_"; echo "--- total ---"; wc -l < target/tmp/names.txt
15
--- total ---
28
[0m
[0m$ [0mcd /home/runner/work/rbops/rbops/redblue && grep -n "^#\[test\]" -A 1 tests/parser_hardening_test.rs | grep "^[0-9]*-fn" | grep -oE "fn [a-z_0-9]+" | sed 's/fn //' | grep -v "^lex_and_parse\|^parser_error\|^assert_spanned\|^nested\|^nested_blocks" | sort > target/tmp/t.txt; wc -l < target/tmp/t.txt; grep -c "^edge_" target/tmp/t.txt
23
15
[0m
[0m$ [0mcd /home/runner/work/rbops/rbops/redblue && sed -i 's|^16 are named `edge_\*` (floor is 1)\. 17 assert that a failure is produced\.|15 are named `edge_*` (floor is 1). 17 assert that a failure is produced.|' phases/phase-010/REPORT.md && grep -n "are named \`edge" phases/phase-010/REPORT.md
171:15 are named `edge_*` (floor is 1). 17 assert that a failure is produced.
[0m
[0m$ [0mcd /home/runner/work/rbops/rbops/redblue && grep -oE "^\| \`[a-z_0-9]+\`" phases/phase-010/REPORT.md | tr -d '|` ' | sort > target/tmp/r.txt; echo "rows in report table: $(wc -l < target/tmp/r.txt)"; comm -3 target/tmp/r.txt <(sort target/tmp/t.txt)
rows in report table: 23
[0m
[0m$ [0mcd /home/runner/work/rbops/rbops/redblue && git diff -U0 src/parser.rs | grep -E "^@@" 
@@ -213,0 +214,25 @@ pub struct Program {
@@ -216,0 +242,2 @@ pub struct Parser {
@@ -221 +248,6 @@ impl Parser {
@@ -261,0 +294,53 @@ impl Parser {
@@ -277 +362,7 @@ impl Parser {
@@ -287,0 +379,18 @@ impl Parser {
@@ -914,0 +1024 @@ impl Parser {
@@ -922,0 +1033,2 @@ impl Parser {
@@ -929,0 +1042,2 @@ impl Parser {
@@ -934,0 +1049 @@ impl Parser {
@@ -942,0 +1058,2 @@ impl Parser {
@@ -949,0 +1067,2 @@ impl Parser {
@@ -954,0 +1074 @@ impl Parser {
@@ -1045,0 +1166,2 @@ impl Parser {
@@ -1052,0 +1175,2 @@ impl Parser {
@@ -1057,0 +1182 @@ impl Parser {
@@ -1068,0 +1194,2 @@ impl Parser {
@@ -1078,0 +1206,2 @@ impl Parser {
@@ -1083,0 +1213 @@ impl Parser {
@@ -1095,0 +1226,2 @@ impl Parser {
@@ -1105,0 +1238,2 @@ impl Parser {
@@ -1113,0 +1248 @@ impl Parser {
@@ -1114,0 +1250 @@ impl Parser {
@@ -1121,0 +1258 @@ impl Parser {
@@ -1122,0 +1260 @@ impl Parser {
@@ -1172,0 +1311 @@ impl Parser {
@@ -1185,0 +1325 @@ impl Parser {
@@ -1220,0 +1361 @@ impl Parser {
@@ -1221,0 +1363 @@ impl Parser {
@@ -1263,0 +1406 @@ impl Parser {
@@ -1264,0 +1408 @@ impl Parser {
@@ -1271,0 +1416 @@ impl Parser {
@@ -1285,0 +1431 @@ impl Parser {
@@ -1292,0 +1439 @@ impl Parser {
@@ -1325,0 +1473 @@ impl Parser {
[0m
[0m$ [0mcd /home/runner/work/rbops/rbops/redblue && python3 - <<'PY'
p='phases/phase-010/REPORT.md'
s=open(p).read()
start = s.index("| File | Lines | What |")
end = s.index("One production file, `src/parser.rs`")
new = """| File | Lines | What |
|---|---|---|
| src/parser.rs | +25 −0 | `MAX_NESTING_DEPTH` (13 lines of doc + the constant) and `MAX_BLOCK_DEPTH` |
| src/parser.rs | +2 −0 | `Parser.depth` and `Parser.block_depth` fields |
| src/parser.rs | +5 −1 | `Parser::new` initialises both counters |
| src/parser.rs | +53 −0 | `enter_nesting` / `leave_nesting` (expression guard) and `opens_block` / `enter_block` / `leave_block` (block guard) |
| src/parser.rs | +6 −1 | `parse()` loop now also stops at `None`, not only at `Eof` |
| src/parser.rs | +17 −1 | `parse_statement` wrapper: takes the block level, resets `depth`, releases the block level; body moved verbatim to `parse_statement_inner` |
| src/parser.rs | +11 −0 | `parse_or`, `parse_and`, `parse_comparison`, `parse_addition`, `parse_multiplication`: one counted level per chained operator, released when the chain ends |
| src/parser.rs | +4 −0 | `parse_unary`: one counted level per `not` / `-` |
| src/parser.rs | +2 −0 | `parse_postfix`: one counted level per call-argument list and per index |
| src/parser.rs | +6 −0 | `parse_primary`: one counted level per `(`, `[` and `{` |

Total: **+150 −2**, all in `src/parser.rs` (33 hunks).

"""
open(p,'w').write(s[:start] + new + s[end:])
print("ok")
PY
sed -n '/^## What changed/,/^### Why 64/p' phases/phase-010/REPORT.md
ok
## What changed

| File | Lines | What |
|---|---|---|
| src/parser.rs | +25 −0 | `MAX_NESTING_DEPTH` (13 lines of doc + the constant) and `MAX_BLOCK_DEPTH` |
| src/parser.rs | +2 −0 | `Parser.depth` and `Parser.block_depth` fields |
| src/parser.rs | +5 −1 | `Parser::new` initialises both counters |
| src/parser.rs | +53 −0 | `enter_nesting` / `leave_nesting` (expression guard) and `opens_block` / `enter_block` / `leave_block` (block guard) |
| src/parser.rs | +6 −1 | `parse()` loop now also stops at `None`, not only at `Eof` |
| src/parser.rs | +17 −1 | `parse_statement` wrapper: takes the block level, resets `depth`, releases the block level; body moved verbatim to `parse_statement_inner` |
| src/parser.rs | +11 −0 | `parse_or`, `parse_and`, `parse_comparison`, `parse_addition`, `parse_multiplication`: one counted level per chained operator, released when the chain ends |
| src/parser.rs | +4 −0 | `parse_unary`: one counted level per `not` / `-` |
| src/parser.rs | +2 −0 | `parse_postfix`: one counted level per call-argument list and per index |
| src/parser.rs | +6 −0 | `parse_primary`: one counted level per `(`, `[` and `{` |

Total: **+150 −2**, all in `src/parser.rs` (33 hunks).

One production file, `src/parser.rs`, plus the new test file. Nothing outside
`src/parser.rs` and `tests/parser_hardening_test.rs` was touched.

### Why 64
[0m
[0m$ [0mcd /home/runner/work/rbops/rbops/redblue && echo "== fmt ==" && cargo fmt --all -- --check && echo pass; echo "== clippy ==" && cargo clippy --all-targets -- -D warnings 2>&1 | tail -1; echo "== test ==" && cargo test 2>&1 | grep -E "^test result" | awk -F'[ ;]' '{p+=$4; f+=$6; i+=$8} END {print p,"passed,",f,"failed,",i,"ignored"}'; echo "== files ==" && ls phases/phase-010/ && git status --short
== fmt ==
pass
== clippy ==
[1m[92m    Finished[0m `dev` profile [unoptimized] target(s) in 0.09s
== test ==
171 passed, 0 failed, 0 ignored
== files ==
FINDINGS.md
REPORT.md
 M src/parser.rs
?? phases/phase-010/
?? tests/parser_hardening_test.rs
[0m
DONE

**Reproduced** (`main` @ `2d54e2d`): empty/whitespace/comment files and all malformed constructs already produced spanned errors — no defect there. Pathological nesting was a hard SIGABRT + core dump in **7** input shapes (nested `[` ×1200, `(` ×100k, `-` ×100k, a 50000-term `1 + 1 + …` chain that died in `Expr`'s recursive `Drop`, and nested `if` blocks ×1000 and ×5000).

**Fixed** in `src/parser.rs` only (+150 −2): two public limits mirroring the existing `MAX_CALL_DEPTH` — `MAX_NESTING_DEPTH` (expression brackets/unary/operator chains) and `MAX_BLOCK_DEPTH` (`… end` bodies) — both 64, plus a `parse()` loop guard for `Eof`-less token streams that previously spun forever.

**Verified**: all 7 inputs now emit spanned `ParserError`s with exit 1; `MAX=64` is measured, not guessed (a probe found a 2 MiB test thread dies at 123 levels).

**Tests**: `tests/parser_hardening_test.rs`, 23 new `#[test]`, 15 named `edge_*`, 17 asserting failure, 0 ignores/skips/clippy allows. `sibling_blocks_do_not_spend_each_others_budget` proves the block counter is per-path not per-file.

**Gates**: `cargo fmt --check` pass · `cargo clippy --all-targets -D warnings` pass · `cargo test` **171 passed, 0 failed, 0 ignored** · `./rbops/verify.sh` **not run — `rbops/` does not exist in this checkout** (rule 1 forbids creating it); I ran its documented extra step by hand: all 6 `examples/*.rb` exit 0, `rb test` 203/203, `rb lint` clean on 13 files.

`phases/phase-010/REPORT.md` and `FINDINGS.md` written; 6 follow-ups filed, including the root cause I only treated symptomatically (recursive `Drop for Expr`) and the fact that analyzer/VM still have no guard of their own.
