[0m
> build · space-bunny-free
[0m
I'll start by orienting minimally on the state of the repo, then reproduce.
[0m$ [0mls -la; echo "---"; ls phases/ 2>/dev/null; echo "---"; ls bootstrap/ 2>/dev/null; echo "---"; git log --oneline -10
total 260
drwxr-xr-x 14 runner runner  4096 Oct  8 18:57 .
drwxr-xr-x  8 runner runner  4096 Oct  8 18:57 ..
drwxr-xr-x  7 runner runner  4096 Oct  8 18:57 .git
-rw-r--r--  1 runner runner   318 Oct  8 18:57 .gitattributes
drwxr-xr-x  3 runner runner  4096 Oct  8 18:57 .github
-rw-r--r--  1 runner runner   403 Oct  8 18:57 .gitignore
-rw-r--r--  1 runner runner  5474 Oct  8 18:57 AGENTS.md
-rw-r--r--  1 runner runner  3140 Oct  8 18:57 CODE_OF_CONDUCT.md
-rw-r--r--  1 runner runner  4818 Oct  8 18:57 CONTRIBUTING.md
-rw-r--r--  1 runner runner 39455 Oct  8 18:57 Cargo.lock
-rw-r--r--  1 runner runner   630 Oct  8 18:57 Cargo.toml
-rw-r--r--  1 runner runner  6670 Oct  8 18:57 HANDOUT.md
-rw-r--r--  1 runner runner  1079 Oct  8 18:57 LICENSE
-rw-r--r--  1 runner runner  6272 Oct  8 18:57 PHILOSOPHY.md
-rw-r--r--  1 runner runner  7032 Oct  8 18:57 README.md
-rw-r--r--  1 runner runner 28928 Oct  8 18:57 ROADMAP.md
-rw-r--r--  1 runner runner 24976 Oct  8 18:57 SPEC.md
drwxr-xr-x  2 runner runner  4096 Oct  8 18:57 bootstrap
-rw-r--r--  1 runner runner   700 Oct  8 18:57 build.rs
drwxr-xr-x  2 runner runner 36864 Oct  8 18:57 corpus
drwxr-xr-x  2 runner runner  4096 Oct  8 18:57 docs
drwxr-xr-x  2 runner runner  4096 Oct  8 18:57 examples
-rw-r--r--  1 runner runner  3400 Oct  8 18:57 export.sh
drwxr-xr-x  2 runner runner  4096 Oct  8 18:57 modules
drwxr-xr-x 31 runner runner  4096 Oct  8 18:57 phases
drwxr-xr-x  5 runner runner  4096 Oct  8 18:57 src
drwxr-xr-x  4 runner runner  4096 Oct  8 18:57 target
-rw-r--r--  1 runner runner   622 Oct  8 18:57 test.redblue
drwxr-xr-x  3 runner runner  4096 Oct  8 18:57 tests
drwxr-xr-x  4 runner runner  4096 Oct  8 18:57 tooling
---
phase-002
phase-003
phase-004
phase-006
phase-007
phase-008
phase-009
phase-010
phase-011
phase-012
phase-013
phase-014
phase-015
phase-016
phase-017
phase-018
phase-019
phase-020
phase-021
phase-024
phase-025
phase-026
phase-027
phase-028
phase-029
phase-030
phase-031
phase-033
phase-034
---
compiler.rb
---
564fdf2 rbops: phase-021 (2026-10-08T18:56:18Z)
4c45731 resume phase-021: adopt preserved work
f3fabbd ci: match the corpus-count pattern to the README sentence it reads
6d251e2 tests+build: green on Windows - platform-agnostic assertions, forward-slash paths, 8MB stack, LF-everywhere attributes
36384a0 ci: strip wc padding in corpus-count check
bba8b60 rename tree-walking vm.rs to interpreter.rs; README build section, error sample, corpus count pinned in CI
69f21e8 rbops: phase-021 (2026-10-08T11:09:06Z)
11b9fe2 resume phase-021: adopt preserved work
e4f5f56 release: bump to 0.2.0 for first binary release
f29816b ci: release binaries on tags; commit Cargo.lock for reproducible builds
[0m
[0m$ [0mls phases/phase-021/; echo "---"; ls docs/; echo "---"; ls src/; echo "---"; wc -l bootstrap/compiler.rb src/bytecode/*.rs 2>/dev/null; echo "---"; ls tests/
FINDINGS.md
REPORT.md
---
BYTECODE.md
GRAMMAR.md
---
analyzer.rs
bytecode
error.rs
formatter.rs
interpreter.rs
lexer.rs
lib.rs
linter.rs
lsp.rs
main.rs
parser.rs
repl
runtime.rs
stdlib.rs
testing
value.rs
---
  2748 bootstrap/compiler.rb
   860 src/bytecode/codegen.rs
   251 src/bytecode/disasm.rs
   624 src/bytecode/format.rs
    36 src/bytecode/mod.rs
   432 src/bytecode/opcode.rs
  3265 src/bytecode/vm.rs
  8216 total
---
bootstrap_selfhost_test.rs
bytecode_test.rs
bytecode_vm_test.rs
call_depth_test.rs
closure_capture_test.rs
common
comparison_lex_test.rs
comparison_words_test.rs
constant_test.rs
differential_test.rs
discovery_test.rs
expect_test.rs
for_range_test.rs
formatter_test.rs
function_literal_test.rs
index_bounds_test.rs
integration_test.rb
lexer_robustness_test.rs
linter_test.rs
list_push_test.rs
loop_bounds_test.rs
loop_control_test.rs
mod_in_test.rs
module_system_test.rs
numeric_edge_test.rs
object_model_test.rs
parser_hardening_test.rs
record_order_test.rs
redblue_suite_test.rs
redblue_test.rs
repl_test.rs
span_test.rs
stdlib_modules_test.rs
suite.rb
test_arithmetic.rb
test_closures.rb
test_comparisons.rb
test_control_flow.rb
test_functions.rb
test_lists.rb
test_loop_control.rb
test_mod_in.rb
test_modules.rb
test_numeric_edges.rb
test_object_model.rb
test_objects.rb
test_records.rb
test_text.rb
tooling_grammar_test.rs
unless_test.rs
[0m
[0m$ [0mcat phases/phase-021/REPORT.md; echo "======"; cat phases/phase-021/FINDINGS.md
# Phase 021 — Write the Redblue compiler in Redblue (bootstrap S2)

## The stated finding does not reproduce

The evidence line is `The self-hosted path does not exist yet.` It does not
reproduce. `bootstrap/compiler.rb` exists (2 748 lines), runs under the Rust
`rb`, passes `rb lint` with no output, and `cargo test --test bootstrap_selfhost_test`
was **green on arrival** at 8 passed / 0 failed.

Re-verified independently of that suite before changing anything:

| Check | Result |
|---|---|
| Whole corpus, all 16 families | 308 programs stage 1 accepts → **308 byte-identical, 0 differ** |
| `examples/*.rb` + `modules/*.rb` | 8 of 8 byte-identical |
| `tests/*.rb` — large real programs | 5 of 5 byte-identical |
| 179 `f64` values — random 64-bit patterns + subnormal boundaries | **179 byte-identical, 0 differ** |
| 19 text / unicode / escape cases | **19 byte-identical, 0 differ** |
| Block nesting at 63 / 64 / 65 levels | 63 and 64 identical; 65 refused by both |
| `rb lint bootstrap/compiler.rb` | exit 0, no output |

Per AGENTS.md, a stale finding must not be "fixed" by inventing a change. So
this run fixed the one real defect found next to it, which is on the same rung
and blocks the next one.

## Reproduce (before the fix)

```
$ rb compile target/tmp/rb021/s3/in.rb -o s1.rbc          # a 12-byte program
$ rb vm s1.rbc first second
Redblue v0.1.0 - programming language as readable as plain English
Usage:
  rb              Start interactive REPL
  ... 24 lines of help ...
$ echo $?
0
```

`rb vm` printed the **help text and exited 0**, having run nothing. It has no arm
for a program's own arguments: `rb run` takes them (`src/lib.rs:248`), `rb vm`
did not, so `rb vm a.rbc b c d` matched no arm and fell through to
`_ => print_help()` — which returned normally instead of exiting non-zero.

Consequences, both real:

- A program run as bytecode could not read `sys.argv()` at all. The arguments
  were discarded and the run reported success.
- The next ladder rung — `rb vm stage1.rbc in.rb out.rbc`, S3 — was not
  expressible.

## What changed

| File | Lines | What |
|---|---|---|
| `src/lib.rs:248` | +12 −6 | the `rb run [args...]` arm becomes `rb run`/`rb vm`, so both hand everything after the path to `sys.argv()`; its `n >= 4` guard becomes `n >= 3` so `rb run file.rb` reaches this arm instead of the bare-`4` one |
| `src/lib.rs:292` | +5 −1 | the final `_ =>` arm exits 1 instead of returning, so a usage error is visible to a shell checking `$?` |
| `src/lib.rs:345` | +2 −4 | `vm_command` returns bare messages; it now has two callers and both add the `Error: ` prefix, so one of them was emitting `Error: Error:` |
| `tests/bootstrap_selfhost_test.rs` | +139 −0 | two `edge_*` tests, a `VmRun` helper and a `stage1_file` helper |

`src/lib.rs` totals **+19 −11**. `bootstrap/compiler.rb` is **unchanged** —
there was nothing wrong with it.

## Tests added

| Test | Edge class covered |
|---|---|
| `edge_the_bytecode_vm_hands_arguments_to_the_program_it_runs` | **empty** (0 args) / **singleton** (1 arg) / **boundary** (3 args, so a partial read that takes only the first is caught) |
| `edge_the_bytecode_vm_reports_a_bad_invocation_as_a_failure` | **malformed input** and **asserts a failure**: non-bytecode path, missing file, and a 4-argument invocation — all three must exit non-zero |

**Both were watched failing first, for the right reason.** The first failed with
`rb vm on a program that asks for no arguments failed: Error: RuntimeError: Index
0 is out of bounds` — the argument channel was absent. The second failed by
printing 24 lines of help text into the assertion message: it exited 0.

Unchanged by this run: `stage2_is_byte_identical_for_each_statement_kind`,
`edge_source_shapes_are_byte_identical`, `edge_malformed_source_is_reported_rather_than_compiled`,
`stage2_is_byte_identical_on_its_corpus_families`, `edge_each_branch_compiles_the_statements_it_was_given`,
`edge_the_two_engines_run_a_branching_program_the_same`, `edge_for_range_pushes_only_the_bounds_it_was_given`,
`edge_a_broken_branch_is_refused_and_writes_nothing`.

## Edge-case matrix (AGENTS.md §3.2)

- **empty** — covered: 0 arguments is the first case of
  `edge_the_bytecode_vm_hands_arguments_to_the_program_it_runs`. It is the
  boundary that matters, because the fix moved the arm's guard from `n >= 4` to
  `n >= 3` and 0 arguments is what that guard has to keep working.
- **singleton** — covered: exactly 1 argument, the shape `rb run` already had and
  `rb vm` did not.
- **boundary** — covered: 3 arguments, so an implementation that read only the
  first would fail; and the guard move itself, which is the code's boundary.
- **out_of_bounds** — **N/A.** This change adds no index, slice or lookup and
  moves no bounds check. `sys.argv()` is already an empty list when there are no
  arguments, and the test program's own `vm_args[0]` read is guarded by
  `length(vm_args) is 0`. Index behaviour is unchanged.
- **type_mismatch** — **N/A.** No value crosses a type boundary here; `args` is
  `Vec<String>` before and after. `vm_command`'s error strings are the only
  strings that changed shape, and both callers' assertions cover them.
- **numeric_boundary** — **N/A.** No arithmetic. (The compiler's *own* numeric
  boundary handling — 179 `f64` values, subnormals included — was re-verified
  above as byte-identical, but this phase's diff does not touch it.)
- **unicode** — **N/A.** No text encoding changes; `env::args()` decoding is
  untouched. The compiler's unicode handling was re-verified above.
- **nesting_recursion** — **N/A.** `run_cli` dispatches on `args.len()` in a
  flat `match` with no recursion, and this adds no nesting.
- **duplicate_missing_keys** — **N/A.** No record, map or field lookup is added.
- **malformed_input** — covered: the second test's three refusals, including the
  not-a-`.rbc` path and a file that does not exist.
- **resource_limit** — **N/A.** This adds no loop, recursion or allocation over
  program input; `set_program_args` copies the argument vector exactly as it
  already did for `rb run`.

## Gates

| Gate | Result |
|---|---|
| `cargo fmt --all -- --check` | pass (exit 0, no diff) |
| `cargo clippy --all-targets -- -D warnings` | pass (exit 0, zero warnings) |
| `cargo test --all-targets` | **1018 passed, 0 failed, 0 ignored** |
| `./rbops/verify.sh phase-021` | **not run — `rbops/` is not in this checkout** |
| `rb lint bootstrap/compiler.rb` (phase DoD) | pass (exit 0, no output) |

`cargo test --test bootstrap_selfhost_test` alone: **10 passed, 0 failed**.

**On the fourth gate:** `rbops/verify.sh` is not present in the working tree —
`ls rbops/` returns `No such file or directory`, and the dispatch instructions
place the RBOPS pipeline outside this checkout and forbid inspecting it. So I
could not run it and am not claiming it. Everything it checks that I could run
is above and green.

Zero new `#[ignore]`, zero `// skip`, zero `allow(clippy::…)`. Zero newly-failing
pre-existing tests.

## Definition of done

- [x] `bootstrap/compiler.rb` is itself valid Redblue and passes `rb lint` —
      exit 0, no output. Unchanged by this phase.
- [x] Running it under the Rust `rb` on the corpus produces `.rbc` files — 308 of
      them, every one starting `RED\x1a`.
- [x] Output is byte-identical to the Rust `rb compile` for the corpus — every
      program in the compared families that the frontend accepts, re-verified
      here from scratch (see the table above). Not the whole corpus: 53 of its
      361 files are frontend-refused — 44 in `malformed` and 9 elsewhere — and a
      refused program has no bytes to agree about. Those refusals are pinned by
      the malformed-input tests.
- [x] No Rust-only fast path is reachable from this path — unchanged by this
      phase; `compiler.rb` names no `compile`/`codegen`/`Chunk`.

## Invariants touched

- **None.** No `.rb` extension change, no `end`/brace change, no `set … to`
  change, no `Value` variant change, no `Error` variant change, no grammar
  change, no change to what either interpreter *executes*. This change adds a CLI
  argument channel and an exit code; it does not change what a program means.

## Known gaps / follow-ups

- **S3 is still not claimed, and is now further from reachable than this report's
  first version implied.** The `rb vm` argument channel is fixed, but stage 1's
  own output of `bootstrap/compiler.rb` **does not run**:
  `rb vm stage1.rbc in.rb out.rbc` dies with
  `bytecode asked for 2 values its frame never pushed` at line 2176
  (`BUILD_RECORD 4`). Verified pre-existing by stashing this phase's diff. Ten
  reduction attempts all ran correctly, so it needs something in the 2 748-line
  program that the reducer does not yet cover. → `FINDINGS.md` §3.
- **`to (x) … end` as an expression** is refused by stage 2 with a message
  (`bootstrap/compiler.rb:1998`); stage 1 refuses it too. A gap, not a feature.
- **9 corpus programs in non-`malformed` families are analyzer-refused**, so the
  walk skips them. Listed in `FINDINGS.md` §2; filing is the auditor's call.
- **The `give back` tree-walker bug** from `FINDINGS.md` §1 is untouched.
======
# phase-021 — FINDINGS

Out-of-scope defects found while doing this phase's work. **None of these were
fixed**, per AGENTS.md §1 rule 7 ("one phase, one concern"). Each is anchored to
a line I read.

---

## 1. `give back` inside an `if` does not return from the function (tree-walker)

**Severity:** major. **Where:** `src/vm.rs:1213`.

**Reproduction** — save as `gb.rb`:

```redblue
to pick(n)
    if n is greater than 10 then
        give back "big"
    else
        give back "small"
    end
end
say pick(1)
```

```
$ ./target/debug/rb run gb.rb
nothing
$ ./target/debug/rb compile gb.rb -o gb.rbc && ./target/debug/rb vm gb.rbc
small
```

The tree-walker prints `nothing`; the bytecode VM prints `small`. **The two
engines disagree on the same source**, which is worse than either answer being
wrong on its own.

**Cause.** `src/vm.rs:1213`:

```rust
Statement::Return(expr) | Statement::GiveBack(expr) => match expr {
    Some(e) => self.evaluate(e),
    None => Ok(Value::Nothing),
},
```

This evaluates the operand and returns it as the **value of the statement**. It
does not unwind the function's frame. So when `give back` is not the last
statement of the body — which is every time it sits inside an `if`, a loop, a
`try` or a nested block — its value is discarded and the function returns
whatever the enclosing block statement evaluated instead. Here that is the
`if`, which is `nothing`.

**The bytecode VM is right** (`src/bytecode/vm.rs` compiles `give back` to
`RETURN`), so `SPEC.md`/`docs/GRAMMAR.md` almost certainly already say a
function returns from its `give back` — meaning this is a tree-walker regression
against the spec, not a spec question. It should be checked against both before
being fixed.

**Suggested acceptance gate.** A `corpus/functions-*` case plus a `#[test]`
asserting `run` and `compile && vm` produce identical output for a function
whose `give back` is inside an `if`. The "both engines agree" assertion is the
strong form and would have caught this.

**Note for the bootstrap ladder:** `bootstrap/compiler.rb` compiles `give back`
to `RETURN` (`Opcode::Return`), matching the bytecode VM, **not** the
tree-walker. So the compiler in `bootstrap/` is right and `src/vm.rs` is wrong.
That is the correct way round, but it means the compiler cannot be validated by
differential testing against `rb run` — only against `rb compile`, which is what
`tests/bootstrap_selfhost_test.rs` does.

---

## 2. Nine corpus programs in non-`malformed` families are frontend-refused

**Severity:** minor (filing, not behaviour). **Where:** `corpus/`.

`corpus/malformed-*.rb` (46 files) is the family the frontend refuses, and
`UNSUPPORTED` in `tests/bootstrap_selfhost_test.rs:397` says so. But nine more
programs are refused too, and they sit in families that otherwise compile:

| File | Refusal |
|---|---|
| `corpus/text-ops-0006.rb` | `LexerError: Unterminated string` |
| `corpus/control-flow-0003.rb` | `ParserError: Expected End but got Eof` |
| `corpus/control-flow-0004.rb` | `ParserError: Expected End but got Eof` |
| `corpus/control-flow-0005.rb` | `ParserError: Expected End but got Eof` |
| `corpus/nesting-0015.rb` | `ParserError: Expected To but got Equal` |
| `corpus/objects-0003.rb` | `AnalyzerError: Unknown variable 'Tagged'` |
| `corpus/objects-0009.rb` | `AnalyzerError: Unknown variable 'value'` |
| `corpus/objects-0014.rb` | `AnalyzerError: Unknown variable 'Inner'` |
| `corpus/objects-0022.rb` | `AnalyzerError: Unknown parent object 'Nothing'` |

They are the same *kind* of program as `malformed` and are arguably misfiled,
which is why the corpus walk compares 306 rather than the 315 files in its 15
families. The walk skips them with a documented `continue`, so nothing is
silently passing — but a reader counting corpus files will get 315 and a test
message that says 306. I corrected that message in this phase and left the
filing alone.

**Suggested fix.** Either move the nine into `malformed-*.rb`, or state in
`corpus/README.md` that a family may contain frontend-refused members. The
second is smaller and keeps the refusal cases near the constructs they exercise.
---

## 3. S3 is blocked by a quadratic in `push`, not by the bytecode VM

**Severity:** major. **Where:** `src/runtime.rs:695` (`push`), and the absence of
any mutable data structure in the language.

### 3a. The defect the earlier run of this phase recorded here is FIXED

The first version of this section said the bytecode VM could not run the compiler
it compiles: `rb vm stage1.rbc in.rb out.rbc` died with `bytecode asked for 2
values its frame never pushed` at `bootstrap/compiler.rb:2176`. That is fixed —
`push_loop` recorded a sequence loop's `stack_base` one below the height its body
ran at (`src/bytecode/vm.rs:1721`), so leaving the loop ate a value the enclosing
frame had pushed. The loop's sequence lives in the `Loop` entry, not on the
operand stack, so the height is what `GET_ITER`/`GET_RANGE` left behind.

Re-verified from scratch in this run, with the compiler running **as bytecode**:

| Check | Result |
|---|---|
| Whole corpus outside `malformed` | **306 programs, 306 byte-identical, 0 differ** |
| 13 hand-written awkward shapes (loops, calls, closures, records, `try`, escapes, `f64` boundaries) | **13 of 13 byte-identical** |
| `corpus/malformed-*.rb` | 43 lexer/parser refusals, all refused with no file; 1 analyzer-only refusal; 2 programs the frontend accepts, both byte-identical |

All three are `cargo test` cases now (`edge_stage3_is_byte_identical_on_every_corpus_program`,
`edge_stage3_is_byte_identical_on_the_awkward_shapes`,
`edge_stage3_refuses_every_malformed_corpus_program`), so the next rung does not
have to re-derive them.

### 3b. What still blocks S3: the compiler cannot compile itself in any useful time

```redblue
$ time rb run  bootstrap/compiler.rb target/tmp/s3/in.rb out.rbc   # 100 lines
  30.17 s
$ time rb run  bootstrap/compiler.rb target/tmp/s3/in.rb out.rbc   # 200 lines
  110.69 s
$ time rb run  bootstrap/compiler.rb target/tmp/s3/in.rb out.rbc   # 400 lines
  430.40 s
```

Growth is ×3.6–3.9 per doubling of the input, i.e. **n^1.9**. `bootstrap/compiler.rb`
is 2 748 lines, which is 6.9 doublings past 400: extrapolating, one self-compilation
is of the order of **10^6 seconds — about 48 days**. `rb vm stage1.rbc` on the same
inputs costs the same to within a few percent, so it is not an engine difference.

**Cause, measured.** `push` clones the list it is given:

```rust
// src/runtime.rs:705
let mut pushed = items.clone();
pushed.push(value.clone());
```

A loop of *n* appends is *n* deep clones of a growing list. Redblue has no mutable
data structure — a `set r.field to x` evaluates `r` by value first — so every
list-building program is quadratic, and the compiler's two hot loops
(`lex` at `bootstrap/compiler.rb:394`, `parse_statements` at
`bootstrap/compiler.rb:812`) are exactly that. Isolated on one machine:

| Loop body | 400 | 800 | 1600 |
|---|---|---|---|
| `push(l, i)` — a number | 0.00 s | 0.02 s | 0.08 s |
| `push(l, {k: "abcdefgh", l: 12345, x: 1.5})` — a record | 0.09 s | 0.36 s | 1.51 s |

Numbers are nearly free; records are quadratic, because cloning a record clones its
map and its text. The compiler's tokens are records (`{k, l}`) and so are its AST
nodes, which is why it is the slow case and not merely the awkward one.

**Why it matters for the ladder.** S3 is "the S2 compiler compiled by itself,
byte-identical output". Its only proof is the fixed point, and the fixed point
needs one self-compilation. So S3 is not reachable until this is fixed, and the fix
is in the language, not in `bootstrap/`.

### 3c. The test that asserted it was removed, and why that is stated here

The previous attempt of this phase added
`edge_stage3_recompiles_the_compiler_byte_identically`, which compiles
`bootstrap/compiler.rb` with stage 2 and compares the bytes. It was **removed** in
this run. It did not fail — it cannot finish: by the numbers above it would run for
weeks inside `cargo test`, which is worse than a red gate because a suite that
never returns cannot be read at all. It was a test this phase added in its own
first attempt, asserting a claim this phase cannot make; it is recorded here rather
than deleted quietly.

What replaced it is the coverage that *is* reachable and *is* in the gate: the whole
corpus through the bytecode path, the awkward shapes, and the whole `malformed`
family. The one thing still unasserted is the self-compilation, and §3b says why.

### 3d. Suggested acceptance gates, either order

1. **Give the callee exclusive ownership of the list it appends to.** Gate: a
   `#[test]` that times nothing but *counts* — `push` a record 10 000 times into a
   list built in a loop, and assert that the loop's own iteration cap is not what
   stops it — plus `edge_push_does_not_alias_its_argument` (a list bound to two
   names and appended through one must not change through the other) and
   `edge_push_of_a_shared_list_copies_rather_than_writing_through`.

   **The obvious spelling of this does not work, and the reason matters enough to
   write down.** The first version of this section proposed
   `Value::List(Vec<Value>)` → `Value::List(Rc<Vec<Value>>)` with `push` as
   `Rc::make_mut`, on the grounds that it "is O(1) while the list has one owner —
   the loop case". The loop case does not have one owner. At the moment `push`
   runs in `set xs to push(xs, v)`, the list is held twice whatever its type:

   - `Expr::Call` builds the argument list by calling `evaluate` on each argument
     (`src/interpreter.rs:1455`), so
   - `args[0]` is evaluated as an `Expr::Identifier`, which resolves through
     `get_var` — `get_var_ref(name).cloned()` (`src/interpreter.rs:926`) — and
     therefore clones the value out of the environment while the environment
     keeps its own copy.

   So `Rc::make_mut` sees a refcount of 2, takes the copying branch, and clones
   the `Vec<Value>` — the same deep clone, element for element, that
   `items.clone()` does today. The quadratic in §3b's table survives that change
   unchanged; only the type changes. `Rc` fixes the case where the list really has
   one owner, which is not the shape a compiler writes. The gate has to be the
   count above, run before and after the change, because the type change alone
   will leave it quadratic and pass any test that only checks behaviour.
2. **A mutable accumulator for the language.** A `buffer` value with `append`,
   `length` and `to_list`, or a list with an in-place append. Gate: the S3 fixed
   point itself, once it can run. Cost: a new stdlib type, i.e. a language feature
   and its own phase.

Option 1 as corrected — moving the value out of the environment for the duration
of the call, which the interpreter can only do if it also knows the assignment
target the call's result is bound to — and option 2 are both language changes.
Neither is this phase's diff, and neither is a `Value` payload change on its own.

## 4. The phase's stated finding no longer reproduces

The evidence line in `phases/phase-021/PROMPT` is `The self-hosted path does not
exist yet.` It does not reproduce. `bootstrap/compiler.rb` is 2 748 lines, runs
under the Rust `rb`, and `cargo test --test bootstrap_selfhost_test` was green
on arrival at 8 passed / 0 failed.

Stage 2 was re-verified independently of that suite before anything was
changed:

| Check | Result |
|---|---|
| Whole corpus, every family | 308 programs stage 1 accepts → **308 byte-identical, 0 differ** |
| `examples/*.rb` + `modules/*.rb` | 8 of 8 byte-identical |
| `tests/*.rb` (large real programs) | 5 of 5 byte-identical |
| 179 `f64` values (random bit patterns + subnormal boundaries) | **179 byte-identical, 0 differ** |
| 19 text/unicode/escape cases | **19 byte-identical, 0 differ** |
| Block nesting at 63 / 64 / 65 levels | 63 and 64 identical; 65 refused by both |
| `rb lint bootstrap/compiler.rb` | exit 0, no output |

**The five corpus programs stage 2 accepts and stage 1 refuses are all
analyzer-stage refusals** (`Unknown variable 'x'`, `extends 'Nothing'`), and
`bootstrap/compiler.rb` implements no analyzer — it is a lexer, parser and code
generator. So there are no bytes to disagree about. Recorded here rather than
claimed as a fix.
[0m
[0m$ [0mls target/; ls target/debug/rb 2>/dev/null; echo "---"; grep -n "fn push" -A 20 src/runtime.rs | head -60
CACHEDIR.TAG
debug
tmp
target/debug/rb
---
[0m
[0m$ [0mgrep -rn "\"push\"" src/ | head -20; echo "---"; ls -la target/debug/rb; git log -1 --format=%H
src/runtime.rs:695:        "push" => {
src/stdlib.rs:64:    globals.insert("push".to_string(), Value::Builtin("push".to_string()));
src/repl/completer.rs:83:                "push".to_string(),
---
-rwxr-xr-x 2 runner runner 13217888 Oct  8 18:57 target/debug/rb
564fdf2c26d99aa27a5f84bb22c74ffa5a243495
[0m
[0m→ [0mRead src/runtime.rs[90m [offset=660, limit=80][0m
[0m
[0m$ [0mmkdir -p target/tmp/s3 && printf 'say "hi"\n' > target/tmp/s3/tiny.rb && time ./target/debug/rb run bootstrap/compiler.rb target/tmp/s3/tiny.rb target/tmp/s3/tiny.rbc && ls -la target/tmp/s3/
real	0m0.039s
user	0m0.032s
sys	0m0.007s
total 16
drwxr-xr-x 2 runner runner 4096 Oct  8 18:57 .
drwxr-xr-x 3 runner runner 4096 Oct  8 18:57 ..
-rw-r--r-- 1 runner runner    9 Oct  8 18:57 tiny.rb
-rw-r--r-- 1 runner runner   81 Oct  8 18:57 tiny.rbc
[0m
[0m$ [0mcd target/tmp/s3 && for n in 100 200 400; do python3 -c "
print('\n'.join(['set x$i to $i + 1' for i in range($n)]))
" > in$n.rb; done && ls -la
total 32
drwxr-xr-x 2 runner runner 4096 Oct  8 18:58 .
drwxr-xr-x 3 runner runner 4096 Oct  8 18:57 ..
-rw-r--r-- 1 runner runner 1400 Oct  8 18:58 in100.rb
-rw-r--r-- 1 runner runner 2800 Oct  8 18:58 in200.rb
-rw-r--r-- 1 runner runner 5600 Oct  8 18:58 in400.rb
-rw-r--r-- 1 runner runner    9 Oct  8 18:57 tiny.rb
-rw-r--r-- 1 runner runner   81 Oct  8 18:57 tiny.rbc
[0m
[0m$ [0mfor n in 100 200; do echo "== $n"; ( time ../../debug/rb run ../../../bootstrap/compiler.rb in$n.rb o$n.rbc ) 2>&1 | tail -4; done
== 100

real	0m2.758s
user	0m2.735s
sys	0m0.022s
== 200

real	0m9.081s
user	0m9.043s
sys	0m0.038s
[0m
[0m$ [0m( time ../../debug/rb run ../../../bootstrap/compiler.rb in400.rb o400.rbc ) 2>&1 | tail -4
real	0m34.781s
user	0m33.756s
sys	0m0.998s
[0m
[0m$ [0mgrep -n "pub enum Value" -A 25 src/value.rs; echo "=== get_var ==="; grep -n "fn get_var\b\|fn get_var_ref\|fn set_var\b" -A 12 src/interpreter.rs | head -60
248:pub enum Value {
249-    Nothing,
250-    Number(f64),
251-    Text(String),
252-    YesNo(bool),
253-    List(Vec<Value>),
254-    Record(Fields),
255-    Object(String, Fields),
256-    Function(FunctionValue),
257-    Builtin(String),
258-}
259-
260-impl fmt::Display for Value {
261-    fn fmt(&self, f: &mut fmt::Formatter<'_>) -> fmt::Result {
262-        match self {
263-            Value::Nothing => write!(f, "nothing"),
264-            Value::Number(n) => {
265-                if let Some(text) = non_finite_display(*n) {
266-                    write!(f, "{}", text)
267-                } else if n.fract() == 0.0 && n.abs() <= MAX_EXACT_INT {
268-                    write!(f, "{}", *n as i64)
269-                } else {
270-                    write!(f, "{}", n)
271-                }
272-            }
273-            Value::Text(s) => write!(f, "{}", s),
=== get_var ===
926:    fn get_var(&self, name: &str) -> Option<Value> {
927-        self.get_var_ref(name).cloned()
928-    }
929-
930-    /// [`Vm::get_var`] without the copy, for a caller that is only going to look
931-    /// at what is bound — `:vars` and `:inspect` both are.
932:    fn get_var_ref(&self, name: &str) -> Option<&Value> {
933-        // Check local scopes first
934-        for scope in self.locals.iter().rev() {
935-            if let Some(v) = scope.get(name) {
936-                return Some(v);
937-            }
938-        }
939-        // Check globals
940-        self.globals.get(name)
941-    }
942-
943-    /// Binds `name` to `value` as a constant, refusing a second declaration of
944-    /// a name that already holds one.
--
1006:    fn set_var(&mut self, name: &str, value: Value) -> Result<()> {
1007-        for scope in self.locals.iter_mut().rev() {
1008-            if scope.contains_key(name) {
1009-                scope.insert(name.to_string(), value);
1010-                return Ok(());
1011-            }
1012-        }
1013-        if self.module_depth > 0 {
1014-            // A `set` in a module body is the module's own name, not a global
1015-            // of the program that declared it — the boundary `module ... end`
1016-            // exists to draw. A name already held by an enclosing scope is
1017-            // still that scope's, which the loop above has already answered.
1018-            if let Some(scope) = self.locals.last_mut() {
[0m
[0m$ [0mwhich perf valgrind 2>&1; echo "---"; grep -n "Value::List" src/bytecode/vm.rs | head -40
/usr/bin/perf
---
1469:                self.push(Value::List(values));
1654:            Value::List(items) => Sequence::Each { items, index: 0 },
[0m
[0m$ [0mgrep -rn "Value::List" src/ | wc -l; grep -rln "Value::List" src/; echo "---"; cat /proc/sys/kernel/perf_event_paranoid 2>&1
34
src/runtime.rs
src/stdlib.rs
src/value.rs
src/testing/runner.rs
src/testing/assertions.rs
src/interpreter.rs
src/bytecode/vm.rs
---
4
[0m
[0m$ [0mcd target/tmp/s3 && timeout 300 perf record -F 99 -g --call-graph dwarf -o /home/runner/work/rbops/rbops/redblue/target/tmp/s3/perf.data ../../debug/rb run ../../../bootstrap/compiler.rb in400.rb o400.rbc 2>&1 | tail -3; ls -la perf.data 2>/dev/null
>= 2: Disallow kernel profiling
To make the adjusted perf_event_paranoid setting permanent preserve it
in /etc/sysctl.conf (e.g. kernel.perf_event_paranoid = <setting>)
-rw------- 1 runner runner 0 Oct  8 18:59 perf.data
[0m
[0m$ [0msed -n '380,430p' bootstrap/compiler.rb
set lex_pos to 0
    set lex_line to 1
    while lex_pos < length(src)
        set lex_c to src[lex_pos]
        if lex_c is 239 and byte_at(src, lex_pos + 1) is 187 and byte_at(src, lex_pos + 2) is 191 then
            // A byte-order mark is a file artefact, not a source character:
            // some editors write it at the start of a file and some on every
            // lex_line. Stage 1 skips it wherever it finds it.
            set lex_pos to lex_pos + 3
        else
            set lex_r to lex_one(src, lex_pos, lex_line)
            set lex_pos to lex_r[1]
            set lex_line to lex_line + lex_r[2]
            if lex_r[0] is not "skip" then
                set lex_tokens to push(lex_tokens, lex_r[0])
            end
        end
    end
    give back push(lex_tokens, {k: "eof", l: lex_line})
end

// One step of the loop: returns `[token, next position, newlines]`, or
// `["skip", next position, 0]` for whitespace and for a comment.
to lex_one(src, pos, line)
    set lex_one_c to 0
    set lex_one_result to 0
    set lex_one_c to src[pos]
    set lex_one_result to nothing
    if is_space(lex_one_c) then
        set lex_one_result to ["skip", pos + 1, 0]
    end
    if type_of(lex_one_result) is "nothing" then
        if lex_one_c is 10 or lex_one_c is 13 then
            set lex_one_p to pos + 1
            if lex_one_c is 13 and byte_at(src, pos + 1) is 10 then
                set lex_one_p to pos + 2
            end
            set lex_one_result to [{k: "nl", l: line}, lex_one_p, 1]
        end
    end
    if type_of(lex_one_result) is "nothing" then
        if lex_one_c is 47 and byte_at(src, pos + 1) is 47 then
            set lex_one_p to pos
            set lex_one_at_end to no
            while lex_one_at_end is no
                if lex_one_p >= length(src) then
                    set lex_one_at_end to yes
                else
                    if src[lex_one_p] is 10 then
                        set lex_one_at_end to yes
                    else
[0m
[0m$ [0mgrep -o 'insert("[a-z_]*"' src/stdlib.rs | sed 's/insert("//;s/"//' | tr '\n' ' '
abs floor ceil round sqrt pow sin cos tan log exp trim split join replace length push pop shift map filter reduce is_text is_list to_text to_list expect assert type_of
[0m
[0m$ [0mfor d in phases/phase-0{22,24,25,26,27,28,29,30,31,33,34}; do echo "== $d"; head -6 $d/PROMPT 2>/dev/null | grep -i "title\|severity\|# phase" | head -3; done 2>/dev/null
== phases/phase-022
== phases/phase-024
== phases/phase-025
== phases/phase-026
== phases/phase-027
== phases/phase-028
== phases/phase-029
== phases/phase-030
== phases/phase-031
== phases/phase-033
== phases/phase-034
[0m
[0m$ [0mls phases/phase-022/ phases/phase-030/ phases/phase-031/ 2>&1; echo "==="; head -20 phases/phase-030/PROMPT.md 2>/dev/null; echo "=== 31"; head -20 phases/phase-031/PROMPT.md 2>/dev/null
ls: cannot access 'phases/phase-022/': No such file or directory
phases/phase-030/:
FINDINGS.md
REPORT.md

phases/phase-031/:
FINDINGS.md
REPORT.md
===
=== 31
[0m
[0m$ [0mgrep -ril "accumulator\|in-place append\|buffer" phases/ | head; echo "==="; grep -rn "self-host\|fixed point\|stage2" phases/*/REPORT.md | head -20
phases/phase-021/FINDINGS.md
phases/phase-013/REPORT.md
phases/phase-030/REPORT.md
phases/phase-033/REPORT.md
phases/phase-033/FINDINGS.md
phases/phase-017/REPORT.md
phases/phase-029/REPORT.md
===
phases/phase-021/REPORT.md:5:The evidence line is `The self-hosted path does not exist yet.` It does not
phases/phase-021/REPORT.md:75:Unchanged by this run: `stage2_is_byte_identical_for_each_statement_kind`,
phases/phase-021/REPORT.md:77:`stage2_is_byte_identical_on_its_corpus_families`, `edge_each_branch_compiles_the_statements_it_was_given`,
phases/phase-028/REPORT.md:62:| `the_formatter_prints_a_range_loop_and_the_result_still_runs` | malformed_input — formatter round-trip is a fixed point and still visits 0,5,10 |
[0m
[0m$ [0mgrep -n -i "accumulator\|in-place append\|buffer" phases/phase-030/REPORT.md phases/phase-033/REPORT.md phases/phase-033/FINDINGS.md phases/phase-029/REPORT.md | head -20
phases/phase-030/REPORT.md:99:| empty | covered — `edge_empty_body_parses_and_runs` (bare body, blank body, comment-only body); `branch_taken_by` asserts the accumulator is untouched |
phases/phase-033/REPORT.md:187:   buffered lines and says they were never closed, rather than printing
phases/phase-033/REPORT.md:258:8. **The multiline buffer had no limit.** A piped block whose `end` never arrived
phases/phase-033/REPORT.md:259:   buffered until the process was killed. `MAX_BLOCK_LINES` and `MAX_BLOCK_BYTES`
phases/phase-033/REPORT.md:269:- `Vm::run` prints the VM's whole output buffer at the end of a program and leaves
phases/phase-033/REPORT.md:289:- Two narrowing changes: a block past the buffer limit is dropped with a report
phases/phase-033/FINDINGS.md:71:>>> ..  ..  Goodbye!      <- "bye" was buffered and never executed or reported
phases/phase-033/FINDINGS.md:77:parse error. The honest fix is to ask the parser whether the buffer is complete —
phases/phase-033/FINDINGS.md:94:silently at EOF — is fixed too: `Repl::report_unclosed_block` prints the buffered
phases/phase-029/REPORT.md:107:  scans is a value, not a buffer. The nearest analogue — an empty haystack — is
[0m
[0m$ [0mcat phases/INVARIANTS.md 2>/dev/null | head -60; echo "=== to_list builtin ==="; grep -n '"to_list"' -A 15 src/runtime.rs | head -25
=== to_list builtin ===
[0m
[0m$ [0mls phases/*.md; echo "---"; grep -rn "to_list" src/ | head
ls: cannot access 'phases/*.md': No such file or directory
---
src/stdlib.rs:96:    globals.insert("to_list".to_string(), Value::Builtin("to_list".to_string()));
[0m
[0m$ [0mgrep -n "^\s*fn \|^fn \|=> {$" src/runtime.rs | head -40; echo "=== head ==="; sed -n '1,60p' src/runtime.rs
137:        BinaryOp::Sub => {
147:        BinaryOp::Mul => {
157:        BinaryOp::Div => {
171:        BinaryOp::Mod => {
187:        BinaryOp::Less => {
197:        BinaryOp::LessEqual => {
207:        BinaryOp::Greater => {
217:        BinaryOp::GreaterEqual => {
229:        BinaryOp::In => {
245:        UnaryOp::Neg => {
265:        "say" => {
273:        "length" | "len" => {
285:        "input" | "ask" => {
296:        "random" => {
304:        "files_read" => {
307:                _ => {
319:        "files_write" => {
322:                _ => {
333:        "files_append" => {
336:                _ => {
351:        "files_exists" => {
354:                _ => {
363:        "files_lines" => {
366:                _ => {
381:        "files_delete" => {
384:                _ => {
395:        "files_copy" => {
398:                _ => {
409:        "files_rename" => {
412:                _ => {
424:        "time_now" => {
437:        "time_sleep" => {
440:                _ => {
450:        "time_format" => {
455:                _ => {
471:        "time_unix" => {
474:                _ => {
491:        "json_parse" => {
500:        "json_stringify" => {
503:                _ => {
=== head ===
//! What a Redblue *operation* means, in the one place both VMs read it.
//!
//! Two VMs now exist: the tree-walker in [`crate::vm`], which is what `rb run`
//! uses and what the language is specified against, and the bytecode VM in
//! [`crate::bytecode::vm`], which runs a `.rbc`. They must agree on what
//! `1 + 2` is, what `xs[9]` says when `xs` holds one element, and what
//! `files.read` does — down to the wording of the failure.
//!
//! Rather than write that twice and keep the two copies in step by hand, every
//! operation both VMs need is here: the arithmetic and comparison operators,
//! indexing, property access, the builtin library, and the JSON and CSV
//! readers behind it. A VM decides *how* to reach an operation — by walking an
//! AST or by running an instruction — and this module says what it means.
//!
//! The tree-walker is the reference: what is here is what it already did,
//! moved rather than rewritten, so `rb run` behaves exactly as before.

use crate::error::{Error, Result, Span};
use crate::lexer::Lexer;
use crate::parser::{BinaryOp, Expr, Program, Statement, UnaryOp};
use crate::value::Value;

/// Parses a module file into the program its top level declares.
///
/// The caller keeps the `Program` to remember that the module has already been
/// loaded, so a second `import` of the same name is a no-op rather than a second
/// binding of the same names. [`module_bindings`] reads the declarations out of
/// the same `Program`, so a module is read and parsed once however many names it
/// contributes.
pub fn module_program(path: &str) -> Result<Program> {
    let source = std::fs::read_to_string(path)
        .map_err(|e| Error::Io(format!("Cannot load module '{}': {}", path, e)))?;

    let tokens = Lexer::tokenize(&source)?;
    crate::parser::Parser::new(tokens).parse()
}

/// The names `program` binds: one per top-level `set` or `constant`.
///
/// The caller binds them through whatever refusal its own name resolution uses,
/// so a module's `constant` is refused a second binding exactly as a `constant`
/// written in the importing program would be. Returning the kind alongside the
/// name is what lets the caller choose between its two binding paths.
///
/// Takes the parsed program rather than the path so that the file is read once:
/// reading it again could fail — the file could have gone away between the two
/// reads — after the caller had already installed some of the bindings.
pub fn module_bindings(
    program: &Program,
    mut evaluate: impl FnMut(&Expr) -> Result<Value>,
) -> Result<Vec<(String, Value, bool)>> {
    // A module's functions are not bound to a name, so a member stays
    // unreachable — see FINDINGS.md. The two declarations below are the whole of
    // what an import currently contributes.
    let mut bound = Vec::new();
    for stmt in crate::parser::module_body(program) {
        let (name, value, is_const) = match &stmt.statement {
            Statement::Set { name, value } => (name, value, false),
            Statement::Constant { name, value } => (name, value, true),
            _ => continue,
[0m
[0m$ [0mgrep -rn "Value::Object" src/ | head -30; echo "=== set field ==="; grep -rn "SetField\|set_field\|Statement::SetField" src/parser.rs src/interpreter.rs | head -20
src/runtime.rs:1230:        Value::Object(_, _) => "null".to_string(),
src/value.rs:288:            Value::Object(_, _) => write!(f, "<object>"),
src/value.rs:314:            Value::Object(_, _) => "object",
src/value.rs:328:            Value::Object(_, _) => true,
src/testing/runner.rs:295:        Value::Object(_, _) => TypeId::of::<Value>(),
=== set field ===
[0m
[0m$ [0msed -n '1,60p' src/bytecode/opcode.rs; echo "..."; grep -n "Return\|Nop" src/bytecode/opcode.rs | head -20; echo "=== format ==="; grep -n "fn \|MAGIC\|VERSION" src/bytecode/format.rs | head -30
//! The instruction set of the Redblue bytecode format.
//!
//! A byte value is part of the file format: it is written into a `.rbc` and
//! read back by a later compiler, so **the numbers below never change**. An
//! opcode that is retired keeps its number reserved rather than being reused,
//! and anything new takes the next free number and bumps
//! [`FORMAT_VERSION`](super::FORMAT_VERSION).

/// The `arg` that makes a [`Opcode::Nop`] the end of a `try`'s protected region
/// rather than the filler it is everywhere else.
///
/// A `NOP` names no constant and no block, so its `arg` indexes nothing and is
/// free to say this. **Only** this value is a marker: every other operand —
/// including the `0` a filler carries — leaves the instruction a filler that
/// does nothing. That is what keeps a `NOP` a file happens to contain from
/// closing a protected region, running an enclosing `finally` early, or
/// truncating the region a failure has to skip.
///
/// The marker is the maximum `u32`, which is the format's existing "reserved"
/// value ([`NO_CONST`](super::NO_CONST), [`NO_BLOCK`](super::NO_BLOCK)): it can
/// never be a valid index into a pool or a block list, so it cannot be mistaken
/// for one.
pub const END_TRY_MARKER: u32 = u32::MAX;

/// The `arg` that makes a [`Opcode::Nop`] the start of a statement.
///
/// The compiler emits exactly one of these immediately before each statement's
/// code, so the file says where its statements are rather than leaving a reader
/// to infer it. The step budget is charged here and nowhere else, which is what
/// makes the bytecode VM count **one step per statement** — the unit the
/// tree-walking VM charges — rather than one per instruction. The two then reach
/// the same limit on the same turn of the same loop, and report it in the same
/// words; counting instructions instead meant the two budgets were crossed at
/// different points of the same program, so the same program was stopped by a
/// different limit on each engine.
///
/// A version-4 file carries no such marker, so it would be charged nothing at
/// all: [`FORMAT_VERSION`](super::FORMAT_VERSION) moved to 5 rather than let an
/// old file run under a budget it does not have.
///
/// The value is one below [`END_TRY_MARKER`], which is the other reserved
/// operand a `NOP` can carry. Like that one it can never be a valid index into a
/// constant pool or a block list, so the two meanings cannot be confused.
pub const STATEMENT_MARKER: u32 = u32::MAX - 1;

/// One instruction. The byte values are stable; see [`Opcode`].
#[derive(Debug, Clone, Copy, PartialEq, Eq)]
#[repr(u8)]
pub enum Opcode {
    /// Does nothing.
    ///
    /// The two exceptions are `NOP`s whose `arg` is a marker. A `NOP` whose `arg`
    /// is [`END_TRY_MARKER`] ends the protected region of the `try` whose `TRY`
    /// is above it, popping its handlers and running its `finally`, so the
    /// protected region is the run of instructions between the two rather than
    /// the rest of the block. The compiler emits exactly one such `NOP` per
    /// `try`, immediately after the protected code. Without it a failure in a
    /// statement *after* the `try` would be caught by that `try`, and a `finally`
    /// would never run at all on the path where nothing failed.
    ///
...
9:/// The `arg` that makes a [`Opcode::Nop`] the end of a `try`'s protected region
25:/// The `arg` that makes a [`Opcode::Nop`] the start of a statement.
71:    Nop = 0,
141:    /// Returns the top of the stack, or `nothing` when the return had no value.
142:    Return,
217:        Opcode::Nop,
248:        Opcode::Return,
282:            Opcode::Nop => "NOP",
313:            Opcode::Return => "RETURN",
342:            Opcode::Nop
363:                | Opcode::Return
=== format ===
23:pub const MAGIC: [u8; 4] = *b"RED\x1a";
75:pub const FORMAT_VERSION: u16 = 5;
124:    fn eq(&self, other: &Self) -> bool {
136:    fn fmt(&self, f: &mut fmt::Formatter<'_>) -> fmt::Result {
181:    fn from_byte(byte: u8) -> Option<BlockKind> {
195:    pub fn name(self) -> &'static str {
254:    fn drop(&mut self) {
269:    pub fn compile(source: &str) -> Result<Chunk> {
284:    pub fn encode(&self) -> Vec<u8> {
286:        out.extend_from_slice(&MAGIC);
287:        out.extend_from_slice(&FORMAT_VERSION.to_le_bytes());
302:    pub fn decode(bytes: &[u8]) -> Result<Chunk> {
305:        let magic = reader.take(MAGIC.len())?;
306:        if magic != MAGIC {
311:                    String::from_utf8_lossy(&MAGIC)
318:        if version != FORMAT_VERSION {
322:                    FORMAT_VERSION
363:    pub fn disassemble(&self) -> String {
372:    pub fn all_blocks(&self) -> Vec<&Block> {
384:pub fn compile_source(source: &str) -> Result<Chunk> {
392:fn write_u32(out: &mut Vec<u8>, value: u32) {
396:fn write_string(out: &mut Vec<u8>, text: &str) {
401:fn write_constant(out: &mut Vec<u8>, constant: &Constant) {
426:fn write_block_tree(out: &mut Vec<u8>, main: &Block) {
464:fn shortfall(what: &str, remaining: usize) -> Error {
472:    fn remaining(&self) -> usize {
476:    fn take(&mut self, count: usize) -> Result<&'a [u8]> {
485:    fn u8(&mut self) -> Result<u8> {
489:    fn array<const N: usize>(&mut self) -> Result<[u8; N]> {
495:    fn u32(&mut self) -> Result<u32> {
[0m
[0m$ [0mgrep -n "to push(" bootstrap/compiler.rb; echo "=== version refs ==="; grep -rn "FORMAT_VERSION" src/ tests/ | head -20
244:        set cat_out to push(cat_out, each_byte)
394:                set lex_tokens to push(lex_tokens, lex_r[0])
502:                set lex_number_text to push(lex_number_text, lex_number_c)
551:                    set lex_text_out to push(lex_text_out, 10)
555:                        set lex_text_out to push(lex_text_out, 9)
559:                            set lex_text_out to push(lex_text_out, 13)
563:                                set lex_text_out to push(lex_text_out, lex_text_e)
573:                                    set lex_text_out to push(lex_text_out, byte_at(src, lex_text_p))
582:                set lex_text_out to push(lex_text_out, lex_text_c)
613:        set lex_word_raw to push(lex_word_raw, src[lex_word_i])
812:            set parse_statements_next to push(body, parse_statements_r[0])
1145:            set parse_import_more_next to push(items, {n: tokens[pos + 1].b, a: []})
1149:            set parse_import_more_next to push(items, {n: tokens[pos + 1].b, a: parse_import_more_tail})
1181:            set parse_block_statements_next to push(body, parse_block_statements_r[0])
1366:        set parse_callable_args_next to push(params, tokens[pos].b)
1448:            set parse_object_statements_next to push(body, parse_object_statements_r[0])
1907:        set parse_arguments_next to push(args, parse_arguments_arg[0])
2025:        set parse_list_items_next to push(items, parse_list_items_item[0])
2056:        set parse_record_fields_next to push(fields, {k: tokens[pos].b, v: parse_record_fields_value[0]})
2176:        set apply_patches_out to push(apply_patches_out, {o: code[apply_patches_i].o, a: apply_patches_arg, x: code[apply_patches_i].x, l: code[apply_patches_i].l})
2200:        set intern_pool to push(ctx.p, {t: 3, b: raw})
2201:        set intern_table to push(ctx.i, {k: raw, n: intern_index})
2220:    set emit_const_pool to push(ctx.p, {t: tag, b: raw})
2229:    set emit_nothing_pool to push(ctx.p, {t: 0, b: []})
2418:            set compile_object_declarations to push(compile_object_declarations, each_inner)
2421:                set compile_object_declarations to push(compile_object_declarations, each_inner)
2423:                set compile_object_rest to push(compile_object_rest, each_inner)
2515:                set compile_exports_declared to push(compile_exports_declared, each_stmt.n)
2518:                set compile_exports_declared to push(compile_exports_declared, each_stmt.n)
2521:                set compile_exports_declared to push(compile_exports_declared, each_stmt.n)
=== version refs ===
src/bytecode/disasm.rs:33:        crate::bytecode::FORMAT_VERSION
src/bytecode/format.rs:75:pub const FORMAT_VERSION: u16 = 5;
src/bytecode/format.rs:287:        out.extend_from_slice(&FORMAT_VERSION.to_le_bytes());
src/bytecode/format.rs:318:        if version != FORMAT_VERSION {
src/bytecode/format.rs:322:                    FORMAT_VERSION
src/bytecode/mod.rs:31:    compile_source, Block, BlockKind, Chunk, Constant, Instruction, FORMAT_VERSION,
src/bytecode/opcode.rs:7://! [`FORMAT_VERSION`](super::FORMAT_VERSION).
src/bytecode/opcode.rs:38:/// all: [`FORMAT_VERSION`](super::FORMAT_VERSION) moved to 5 rather than let an
tests/bytecode_vm_test.rs:4235:        redblue::bytecode::FORMAT_VERSION,
tests/bytecode_test.rs:13:    END_TRY_MARKER, FORMAT_VERSION, MAGIC, NO_BLOCK, NO_CONST, STATEMENT_MARKER,
tests/bytecode_test.rs:162:    let future = (FORMAT_VERSION + 1).to_le_bytes();
tests/bytecode_test.rs:589:        text.contains(&format!("v{FORMAT_VERSION}")),
tests/bytecode_test.rs:1131:        message.contains("version 3") && message.contains(&FORMAT_VERSION.to_string()),
tests/bytecode_test.rs:1147:        FORMAT_VERSION,
tests/bytecode_test.rs:1176:        message.contains("version 2") && message.contains(&FORMAT_VERSION.to_string()),
[0m
[0m$ [0mgrep -n "Statement::Set" -B 5 -A 40 src/bytecode/codegen.rs | head -70
266-                // it.
267-                if !reads_value && !matches!(expr, Expr::Expect { .. }) {
268-                    emit(code, Opcode::Pop, 0, 0, line);
269-                }
270-            }
271:            Statement::Set { name, value } => {
272-                self.expr(value, code, line)?;
273-                let name = self.text(name);
274-                emit(code, Opcode::Store, name, 0, line);
275-            }
276-            // `constant` is its own opcode, not the `STORE` a `set` compiles to: the
277-            // name is read-only, and the file has to say so for an interpreter
278-            // to enforce it. A `STORE` naming a constant is what the
279-            // tree-walking VM refuses at runtime and what `DECLARE_CONST`
280-            // declares in the file.
281-            Statement::Constant { name, value } => {
282-                self.expr(value, code, line)?;
283-                let name = self.text(name);
284-                emit(code, Opcode::DeclareConst, name, 0, line);
285-            }
286:            Statement::SetProperty {
287-                object: object_name,
288-                property,
289-                value,
290-            } => {
291-                let object = self.text(object_name);
292-                emit(code, Opcode::Load, object, 0, line);
293-                self.expr(value, code, line)?;
294-                let target = self.text(&format!("{object_name}.{property}"));
295-                emit(code, Opcode::SetProperty, target, 0, line);
296-            }
297-            Statement::If {
298-                condition,
299-                then_branch,
300-                else_branch,
301-            } => {
302-                self.expr(condition, code, line)?;
303-                // The `end` of an `if` with no `else` is where a false
304-                // condition lands, so there is one jump either way.
305-                let to_else = jump(code, Opcode::JumpIfFalse, line);
306-                self.statements(
307-                    then_branch,
308-                    code,
309-                    blocks,
310-                    depth,
311-                    false,
312-                    BodyKind::Statements,
313-                )?;
314-                if else_branch.is_empty() {
315-                    patch_here(code, to_else);
316-                } else {
317-                    let to_end = jump(code, Opcode::Jump, line);
318-                    let else_start = code.len() as u32;
319-                    patch(code, to_else, else_start);
320-                    self.statements(
321-                        else_branch,
322-                        code,
323-                        blocks,
324-                        depth,
325-                        false,
326-                        BodyKind::Statements,
[0m
[0m$ [0msed -n '1,80p' tests/bootstrap_selfhost_test.rs; echo "..."; grep -n "^fn \|^#\[test\]" tests/bootstrap_selfhost_test.rs | head -40
//! `bootstrap/compiler.rb` — the compiler written in Redblue (ladder stage S2).
//!
//! Stage 1 is the Rust `rb compile`: `src/lexer.rs` -> `src/parser.rs` ->
//! `src/bytecode/codegen.rs` -> `Chunk::encode`. Stage 2 is
//! `bootstrap/compiler.rb`: the same four stages, written in Redblue and run by
//! the Rust `rb`. The ladder's rule is that stage 2 is not a *second* compiler
//! but the *same* one, and the only evidence that says so is the bytes: for a
//! program both engines accept, the two must produce one file, byte for byte.
//!
//! So every test here compares `fs::read(stage2.rbc)` against
//! `compile_source(source).encode()` and nothing else. A stage-2 compiler that
//! runs, emits a plausible file and differs in one byte fails every test here.
//!
//! Nothing in `bootstrap/` is reachable from `rb compile`, and nothing in `src/`
//! special-cases a path: the tests would notice, because a shim would make the
//! two byte-identical without the Redblue source doing the work.

use std::fs;
use std::io;
use std::path::{Path, PathBuf};
use std::process::Command;

/// The self-hosted compiler under test.
fn compiler() -> PathBuf {
    Path::new(env!("CARGO_MANIFEST_DIR")).join("bootstrap/compiler.rb")
}

/// A path under `target/tmp/`. Nothing is ever written to `corpus/` or
/// `bootstrap/`: a test that rewrote what it is checking proves nothing.
fn scratch(name: &str) -> PathBuf {
    let dir = Path::new(env!("CARGO_MANIFEST_DIR")).join("target/tmp/bootstrap");
    fs::create_dir_all(&dir).expect("scratch directory");
    dir.join(name)
}

/// What one stage-2 run did.
struct Stage2 {
    bytes: Vec<u8>,
    stderr: String,
    succeeded: bool,
}

/// Reads a stage-2 output file, treating *absent* as "wrote nothing" and every
/// other failure as the failure it is.
///
/// A stage 2 that refuses a program writes no file, and "no file" is a result
/// several tests here assert. But that is the *only* absence these runs are
/// allowed to have: `unwrap_or_default()` also turned an unreadable path — a
/// directory where the file should be, a permissions failure, a full disk — into
/// the same empty `Vec`, so a run whose output could not be read at all was
/// reported as a compile that wrote nothing. That is the wrong diagnosis for the
/// wrong cause, and on the byte-equality tests it hid behind a length mismatch
/// rather than naming the IO error.
///
/// So: `NotFound` is the one answer that means "wrote nothing", and everything
/// else stops the test by naming the file and the cause.
fn read_output(path: &Path) -> Vec<u8> {
    match fs::read(path) {
        Ok(bytes) => bytes,
        Err(error) if error.kind() == io::ErrorKind::NotFound => Vec::new(),
        Err(error) => panic!(
            "stage 2's output {} could not be read, so there is nothing to compare: {error}",
            path.display()
        ),
    }
}

/// Removes a stale output file, so a run that writes nothing cannot be read as a
/// run that wrote something.
///
/// This was `let _ = fs::remove_file(...)`, which discards every failure and not
/// only the expected one. Several tests below assert "stage 2 wrote no file",
/// and if the stale file could not be removed then the assertion would be
/// reading the previous run's bytes and reporting them as this one's.
///
/// `NotFound` is the expected answer — there is nothing stale. Anything else is
/// stopped here, by name and by cause.
fn clear_output(path: &Path) {
    match fs::remove_file(path) {
        Ok(()) => {}
...
24:fn compiler() -> PathBuf {
30:fn scratch(name: &str) -> PathBuf {
57:fn read_output(path: &Path) -> Vec<u8> {
78:fn clear_output(path: &Path) {
91:fn stage2(name: &str, source: &str) -> Stage2 {
113:fn stage1(name: &str, source: &str) -> Vec<u8> {
123:fn assert_identical(name: &str, source: &str) {
155:#[test]
156:fn stage2_is_byte_identical_for_each_statement_kind() {
242:#[test]
243:fn edge_source_shapes_are_byte_identical() {
322:#[test]
323:fn edge_malformed_source_is_reported_rather_than_compiled() {
365:#[test]
366:fn stage2_is_byte_identical_on_its_corpus_families() {
470:#[test]
471:fn stage2_is_byte_identical_on_the_examples_and_the_modules() {
531:#[test]
532:fn edge_each_branch_compiles_the_statements_it_was_given() {
601:#[test]
602:fn edge_the_two_engines_run_a_branching_program_the_same() {
674:#[test]
675:fn edge_for_range_pushes_only_the_bounds_it_was_given() {
710:#[test]
711:fn edge_a_broken_branch_is_refused_and_writes_nothing() {
779:fn vm(args: &[&str]) -> VmRun {
794:fn stage1_file(name: &str, source: &str) -> PathBuf {
810:#[test]
811:fn edge_the_bytecode_vm_hands_arguments_to_the_program_it_runs() {
868:#[test]
869:fn edge_the_bytecode_vm_reports_a_bad_invocation_as_a_failure() {
933:fn stage3(name: &str, path: &Path) -> Stage2 {
954:fn stage1_of_the_compiler() -> PathBuf {
967:fn compiler_contents() -> String {
999:#[test]
1000:fn edge_stage3_is_byte_identical_on_a_sample_of_every_family() {
1049:#[test]
1050:fn edge_stage3_is_byte_identical_on_the_awkward_shapes() {
1140:#[test]
1141:fn edge_stage3_is_byte_identical_on_every_corpus_program() {
[0m
[0m$ [0msed -n '920,1010p' tests/bootstrap_selfhost_test.rs
/// the enclosing frame had pushed, so `apply_patches` — a `while` containing a
/// `for each`, with a call after them — lost an operand and died with `bytecode
/// asked for 2 values its frame never pushed`.
///
/// The corpus here is a *sample* of each family, so that the shapes a stage-2
/// run is most likely to get wrong are named one by one.
/// `edge_stage3_is_byte_identical_on_every_corpus_program` is the same comparison
/// over all 306, and `edge_stage3_is_byte_identical_on_the_awkward_shapes` is it
/// over the statement shapes the corpus families do not all reach.
///
/// `name` is the scratch file's stem, so it must be flat — a name carrying the
/// `corpus/` prefix would name a directory under `target/tmp/` that nothing
/// creates, and stage 2 would fail for the wrong reason.
fn stage3(name: &str, path: &Path) -> Stage2 {
    let output = scratch(&format!("stage3-{name}.rbc"));
    clear_output(&output);

    let run = Command::new(env!("CARGO_BIN_EXE_rb"))
        .arg("vm")
        .arg(stage1_of_the_compiler())
        .arg(path)
        .arg(&output)
        .output()
        .expect("the rb binary runs");

    Stage2 {
        bytes: read_output(&output),
        stderr: String::from_utf8_lossy(&run.stderr).into_owned(),
        succeeded: run.status.success(),
    }
}

/// `bootstrap/compiler.rb` compiled by stage 1 — the self-hosted compiler, built
/// once per test process so the S3 tests do not each pay for it.
fn stage1_of_the_compiler() -> PathBuf {
    use std::sync::OnceLock;
    static PATH: OnceLock<PathBuf> = OnceLock::new();
    PATH.get_or_init(|| {
        let path = scratch("stage1.rbc");
        let bytes = stage1("bootstrap/compiler.rb", &compiler_contents());
        fs::write(&path, bytes).expect("stage 1 writes the compiler's .rbc");
        path
    })
    .clone()
}

/// The source of `bootstrap/compiler.rb`.
fn compiler_contents() -> String {
    fs::read_to_string(compiler()).expect("bootstrap/compiler.rb is UTF-8")
}

/// One program per corpus family, named. A fixed sample rather than a slice, so
/// a change to which files exist cannot silently change what this covers.
///
/// `-0001` is the first member of every family — the corpus counts from 1, so a
/// `-0000` name names nothing. The assertion below is what says so: a sample
/// naming a file that is not there fails by naming it, rather than passing on a
/// family it never looked at.
const STAGE3_SAMPLE: &[(&str, &str)] = &[
    ("arithmetic", "corpus/arithmetic-0001.rb"),
    ("control-flow", "corpus/control-flow-0001.rb"),
    ("functions", "corpus/functions-0001.rb"),
    ("lists", "corpus/lists-0001.rb"),
    ("loop-forms", "corpus/loop-forms-0001.rb"),
    ("nesting", "corpus/nesting-0001.rb"),
    ("numeric-boundary", "corpus/numeric-boundary-0001.rb"),
    ("objects", "corpus/objects-0001.rb"),
    ("records", "corpus/records-0001.rb"),
    ("stdlib", "corpus/stdlib-0001.rb"),
    ("text-ops", "corpus/text-ops-0001.rb"),
    ("unicode", "corpus/unicode-0001.rb"),
    ("value-tails", "corpus/value-tails-0001.rb"),
];

/// The S3 fixed point, over one program from every corpus family stage 2
/// compares.
///
/// Byte-identical output is the only claim this makes. A stage 2 that runs,
/// writes a plausible `.rbc` and differs in one byte fails it.
#[test]
fn edge_stage3_is_byte_identical_on_a_sample_of_every_family() {
    let mut checked = 0usize;
    for (family, relative) in STAGE3_SAMPLE {
        let path = Path::new(env!("CARGO_MANIFEST_DIR")).join(relative);
        assert!(
            path.is_file(),
            "the {family} sample {} is missing, so the S3 sample no longer \
             covers the family it names",
            relative
        );
        let source = fs::read_to_string(&path).expect("a corpus program is UTF-8");
[0m
[0m$ [0mtail -30 tests/bootstrap_selfhost_test.rs
);
    assert!(
        !output.exists(),
        "a refused program must leave no output file behind, so a stale one \
         cannot be mistaken for a fresh compile"
    );

    // And a path that is not Redblue source at all — a bytecode file — must be
    // refused by the same invocation, rather than being read as text.
    let not_source = scratch("stage3-not-source.rb");
    fs::write(&not_source, stage1("tiny", "say 1\n")).expect("the .rbc is written");
    clear_output(&output);

    let run = Command::new(env!("CARGO_BIN_EXE_rb"))
        .arg("vm")
        .arg(stage1_of_the_compiler())
        .arg(&not_source)
        .arg(&output)
        .output()
        .expect("the rb binary runs");

    assert!(
        !run.status.success(),
        "handing the compiler a .rbc must be a failure"
    );
    assert!(
        !output.exists(),
        "a refused input must leave no output file behind"
    );
}
[0m
[0m$ [0mcat >> tests/bootstrap_selfhost_test.rs <<'EOF'

/// The S3 fixed point itself: stage 1 compiling the compiler gives stage 2, and
/// the two must be one file.
///
/// Every other test here compares stage 2 against stage 1 for *corpus* programs,
/// which proves the two compilers agree about the language. This one asks the
/// question that decides whether the ladder can finish: does the compiler agree
/// about *itself*? A compiler that is byte-identical on 300 hand-written
/// programs and differs from stage 1 on its own 2 748 lines has a bug that only
/// shows up at its own size, and nothing else in this file would see it.
///
/// Byte-identical output is the only claim. Nothing here parses the file, runs
/// stage 2, or checks that it is "plausible".
#[test]
fn edge_the_self_hosted_compiler_compiles_itself_byte_identically() {
    let stage1_bytes = fs::read(stage1_of_the_compiler()).expect("stage 1 of the compiler exists");

    let stage2 = stage3("self", &compiler());

    assert!(
        stage2.succeeded,
        "stage 1 compiling bootstrap/compiler.rb must succeed, and said: {}",
        stage2.stderr
    );
    assert!(
        !stage2.bytes.is_empty(),
        "stage 1 wrote no .rbc for bootstrap/compiler.rb, so there are no \
         bytes to compare: {}",
        stage2.stderr
    );
    assert_eq!(
        stage1_bytes,
        stage2.bytes,
        "stage 1 and stage 2 disagree about bootstrap/compiler.rb: stage 1 is \
         {} bytes, stage 2 wrote {} bytes. The fixed point is the only proof \
         that stage 2 is stage 1.",
        stage1_bytes.len(),
        stage2.bytes.len()
    );
}
EOF
echo written
written
[0m
[0m$ [0mcargo test --test bootstrap_selfhost_test edge_the_self_hosted_compiler_compiles_itself_byte_identically 2>&1 | tail -20
(no output)

<shell_metadata>
shell tool terminated command after exceeding timeout 900000 ms. If this command is expected to take longer and is not waiting for interactive input, retry with a larger timeout value in milliseconds.
</shell_metadata>
[0m
[0m$ [0msed -n '60,215p' src/bytecode/opcode.rs
///
    /// A `NOP` whose `arg` is [`STATEMENT_MARKER`] begins a statement: it does
    /// nothing itself, and is the point at which the statement is charged to the
    /// step budget.
    ///
    /// The markers ride on this byte rather than on one of their own because the
    /// opcode table was frozen when the first marker was defined: byte 46,
    /// [`Opcode::DeclareConst`], was the end of the table, so an `END_TRY` byte of
    /// its own would have had to renumber an instruction whose byte is part of the
    /// file format. What distinguishes the meanings is the operand, not the
    /// byte — see [`END_TRY_MARKER`].
    Nop = 0,
    /// Pushes `constants[arg]`.
    PushConst,
    /// Discards the top of the stack.
    Pop,
    /// Reads the variable named `constants[arg]`.
    Load,
    /// Binds the top of the stack to the variable named `constants[arg]`.
    Store,
    /// Prints the top of the stack.
    Say,
    /// Prints the top of the stack in its internal form.
    Print,
    /// Reads `constants[arg]` off the record on top of the stack.
    LoadProperty,
    /// Sets `constants[arg]` on the object below the top of the stack.
    SetProperty,
    /// Indexes the list on top of the stack by the index below it.
    Index,
    /// Builds a list from `arg` values.
    BuildList,
    /// Builds a record from `arg` key/value pairs.
    BuildRecord,
    /// Joins `arg` text parts into one value.
    BuildText,
    /// Numeric and comparison addition.
    Add,
    /// Numeric subtraction.
    Sub,
    /// Numeric multiplication.
    Mul,
    /// Numeric division.
    Div,
    /// Numeric remainder.
    Mod,
    /// Equality.
    Equal,
    /// Inequality.
    NotEqual,
    /// Less than.
    Less,
    /// Less than or equal.
    LessEqual,
    /// Greater than.
    Greater,
    /// Greater than or equal.
    GreaterEqual,
    /// Short-circuiting conjunction.
    And,
    /// Short-circuiting disjunction.
    Or,
    /// Membership.
    In,
    /// Arithmetic negation.
    Neg,
    /// Logical negation.
    Not,
    /// Calls the function named `constants[arg]` with `aux` arguments.
    Call,
    /// Calls `constants[arg]` on the receiver below the arguments, with `aux`
    /// arguments.
    ///
    /// The name is dotted: `files.read` for a receiver the source named `files`,
    /// and the bare `read` when the receiver was an expression rather than a
    /// name. A call is resolved against the receiver's *name* — `files.read` is
    /// the builtin `files_read`, and `Counter.bump` is a method on a declared
    /// type — so the file has to carry the name, not only the value the receiver
    /// held. A bare name is the one shape the language rejects, because it says
    /// the receiver was not a name at all.
    CallMethod,
    /// Returns the top of the stack, or `nothing` when the return had no value.
    Return,
    /// Leaves the innermost loop.
    Break,
    /// Starts the next turn of the innermost loop.
    Skip,
    /// Continues at instruction `arg`.
    Jump,
    /// Pops a value; continues at instruction `arg` when it is not truthy.
    JumpIfFalse,
    /// Turns the value on top of the stack into an iterator.
    GetIter,
    /// Builds a range from `aux` operands (1 for a repeat count, 2 or 3 when
    /// the bounds and step are given).
    GetRange,
    /// Binds a closure whose body is block `arg` and which takes `aux`
    /// parameters.
    DefFunction,
    /// Adds a method whose body is block `arg` and which takes `aux` parameters
    /// to the object being defined.
    DefMethod,
    /// Starts an object body; block `arg` holds its fields and methods and
    /// `aux` is the constant index of the object it extends, or
    /// [`NO_CONST`](super::NO_CONST) when it extends nothing.
    DefObject,
    /// Pops a field's initial value and declares a field named
    /// `constants[arg]` on the object being defined.
    DefField,
    /// Runs what follows with handlers in place: block `arg` is the catch body
    /// and block `aux` the finally body, either being
    /// [`NO_BLOCK`](super::NO_BLOCK) when the source had none.
    Try,
    /// Imports the module named `constants[arg]`, binding it the name
    /// `constants[aux]`.
    ///
    /// The second operand is the alias the source wrote, or the module's own
    /// name when it wrote none. It is not reserved: an import always binds a
    /// name, so there is no encoding of "no alias" to keep clear of.
    Import,
    /// Runs the test body, block `arg`.
    Test,
    /// Compares the two values on top of the stack as an `expect`.
    Expect,
    /// Binds the top of the stack to the variable named `constants[arg]` as a
    /// constant: the name may not be bound again, and no `STORE` writes it.
    ///
    /// The declaration `constant NAME to <expr>` compiles to this rather than to
    /// [`Opcode::Store`], so the file says the name is read-only. A version-2
    /// file has no way to say that — a `constant` compiled to a `STORE` there —
    /// which is what version 3 changed.
    DeclareConst,
    /// Runs the `module NAME ... end` declaration whose body is block `arg`. The
    /// module's name is that block's `name`, as a test's is its test block's and
    /// a `catch`'s variable is its catch block's.
    ///
    /// The body runs in a scope and a frame of its own, so a `set` inside a
    /// module is the module's name and not a name of the program that declared
    /// it. A version-3 file compiled the body's statements inline and the
    /// declaration to nothing at all, which is what version 4 changed.
    Module,
    /// Names what a module declaration publishes: `constants[arg]`, or
    /// [`NO_CONST`](super::NO_CONST) for a name the declaration does not define,
    /// which a VM refuses rather than publishes.
    ///
    /// A module body block begins with a run of these, one per name the
    /// declaration publishes, and the rest of the block is the body itself. The
    /// run is data the [`Opcode::Module`] that entered the block has already
    /// read: executing one does nothing.
    Export,
}

impl Opcode {
    /// Every opcode, in byte order. The disassembler and the encoder's
    /// self-check both walk this, so an opcode cannot exist in one and be
    /// missing from the other.
[0m
[0m$ [0mgrep -n "Opcode::Store =>" -A 40 src/bytecode/vm.rs | head -60
1430:            Opcode::Store => self.store(instruction, frame),
1431-            Opcode::DeclareConst => {
1432-                let name = self.constant_text(instruction.arg)?;
1433-                let value = self.pop()?;
1434-                self.declare_const(&name, value)?;
1435-                self.advance(frame);
1436-                Ok(())
1437-            }
1438-            Opcode::Say => {
1439-                let value = self.pop()?;
1440-                self.output.push(value.to_string());
1441-                self.advance(frame);
1442-                Ok(())
1443-            }
1444-            Opcode::Print => {
1445-                let value = self.pop()?;
1446-                print!("{}", value);
1447-                self.advance(frame);
1448-                Ok(())
1449-            }
1450-            Opcode::LoadProperty => {
1451-                let object = self.pop()?;
1452-                let field = self.constant_text(instruction.arg)?;
1453-                let value = runtime::property(self.span(), object, &field)?;
1454-                self.push(value);
1455-                self.advance(frame);
1456-                Ok(())
1457-            }
1458-            Opcode::SetProperty => self.set_property(instruction, frame),
1459-            Opcode::Index => {
1460-                let index_value = self.pop()?;
1461-                let object = self.pop()?;
1462-                let value = runtime::index(self.span(), object, index_value)?;
1463-                self.push(value);
1464-                self.advance(frame);
1465-                Ok(())
1466-            }
1467-            Opcode::BuildList => {
1468-                let values = self.pop_n(instruction.arg)?;
1469-                self.push(Value::List(values));
1470-                self.advance(frame);
[0m
[0m$ [0mgrep -n "fn store\b" -A 45 src/bytecode/vm.rs | head -60; echo "=== load ==="; grep -n "Opcode::Load =>" -A 12 src/bytecode/vm.rs | head -20
1748:    fn store(&mut self, instruction: Instruction, frame: usize) -> Result<()> {
1749-        let ip = self.frames[frame].ip as u32;
1750-        let name = self.constant_text(instruction.arg)?;
1751-        let Some(site) = self.frames[frame]
1752-            .sites
1753-            .iter()
1754-            .find(|site| site.iterator && site.top == ip)
1755-            .copied()
1756-        else {
1757-            // A write that lands in a scope is not a write to a constant, which
1758-            // is why this is refused only above the module boundary: the
1759-            // tree-walking VM refuses it in `set_var` on the same path.
1760-            if self.module_depth == 0 {
1761-                self.refuse_constant_rebind(&name)?;
1762-            }
1763-            let value = self.pop()?;
1764-            self.bind(frame, &name, value);
1765-            self.advance(frame);
1766-            return Ok(());
1767-        };
1768-
1769-        let index = self.loop_entry(frame, site);
1770-        // The value for this turn is taken before the turn is charged, so a loop
1771-        // that has run out does not spend an iteration on the fact.
1772-        //
1773-        // An entry with no sequence is a file the compiler did not write. The
1774-        // loop's own `GET_ITER` or `GET_RANGE` draws the sequence and sits
1775-        // immediately above this `STORE`, so reaching the `STORE` without one
1776-        // means a jump landed on the `STORE` itself — the entry was created here
1777-        // rather than by the loop's opening instruction. Reported like every
1778-        // other malformed bytecode (`pop`, `constant`, `child_path`): a hostile
1779-        // file is a diagnostic, never a reason to abort the process.
1780-        let span = self.span();
1781-        let kind = self.loops[index].kind;
1782-        let Some(sequence) = self.loops[index].iterator.as_ref() else {
1783-            return Err(no_sequence(kind, span));
1784-        };
1785-        if peek(sequence).is_none() {
1786-            self.leave_loop(frame, index);
1787-            return Ok(());
1788-        }
1789-        self.charge_loop(index)?;
1790-        // The sequence is still there: the budget was charged against the entry,
1791-        // and `leave_loop` — the only thing that removes one — was not reached.
1792-        let Some(sequence) = self.loops[index].iterator.as_mut() else {
1793-            return Err(no_sequence(kind, span));
=== load ===
1421:            Opcode::Load => {
1422-                let name = self.constant_text(instruction.arg)?;
1423-                let value = self.get_var(&name).ok_or_else(|| {
1424-                    Error::Runtime(format!("Unknown variable '{}'", name), self.span())
1425-                })?;
1426-                self.push(value);
1427-                self.advance(frame);
1428-                Ok(())
1429-            }
1430-            Opcode::Store => self.store(instruction, frame),
1431-            Opcode::DeclareConst => {
1432-                let name = self.constant_text(instruction.arg)?;
1433-                let value = self.pop()?;
[0m
[0m$ [0mgrep -n "fn bind\b" -A 40 src/bytecode/vm.rs | head -55; echo "=== get_var ==="; grep -n "fn get_var\b" -A 20 src/bytecode/vm.rs | head -30
1801:    fn bind(&mut self, frame: usize, name: &str, value: Value) {
1802-        if self.frames[frame].globals_only {
1803-            self.globals.insert(name.to_string(), value);
1804-        } else {
1805-            self.set_var(name, value);
1806-        }
1807-    }
1808-
1809-    /// The index in [`BytecodeVm::loops`] of the loop at `site`, creating it the
1810-    /// first time that loop is reached.
1811-    ///
1812-    /// Matched on the frame as well as the offsets. Offsets alone are not
1813-    /// enough: two blocks in one file — a second `test`, say — have the same
1814-    /// instruction offsets for their first loop, so a lookup that ignored the
1815-    /// frame would find the *other* block's loop, and its stack base would be
1816-    /// truncated to on the way out.
1817-    fn loop_entry(&mut self, frame: usize, site: LoopSite) -> usize {
1818-        if let Some(index) = self.loop_index(frame, site) {
1819-            // The entry was made by the loop's own opening instruction, which runs
1820-            // before the loop's `STORE` — and so before the loop has displaced
1821-            // anything. Recording the shadow here, on the first turn, is what puts
1822-            // back the binding that was there *before* the loop rather than the
1823-            // one the loop itself wrote.
1824-            if self.loops[index].variable.is_none() {
1825-                let shadowed = self.shadow_of(site, frame);
1826-                self.loops[index].variable = shadowed;
1827-            }
1828-            return index;
1829-        }
1830-        self.loops.push(Loop {
1831-            kind: site.kind,
1832-            iterator: None,
1833-            top: site.top,
1834-            back_edge: site.back_edge,
1835-            exit: site.exit,
1836-            // Both loop forms are charged where the tree-walking VM charges: at
1837-            // the instruction that begins a turn — a sequence loop's `STORE` at
1838-            // its `top`, which runs once per turn, and a `while`'s condition,
1839-            // which comes out true once per turn. A turn that runs to its end, a
1840-            // `break` that leaves the loop and a `skip` that starts the next one
1841-            // all reach one of those between them, so a cap of three is three
=== get_var ===
979:    fn get_var(&self, name: &str) -> Option<Value> {
980-        for scope in self.locals.iter().rev() {
981-            if let Some(value) = scope.get(name) {
982-                return Some(value.clone());
983-            }
984-        }
985-        self.globals.get(name).cloned()
986-    }
987-
988-    /// Binds `name` in the innermost live scope that already has it, and in a
989-    /// global when no local scope does. This resolves a name exactly as
990-    /// [`BytecodeVm::get_var`] does, so a read and a write of one name agree.
991-    ///
992-    /// Inside a `module` body a name no scope holds binds in the module's own
993-    /// scope rather than becoming a global, which is the boundary the
994-    /// declaration draws — the same rule the tree-walking VM writes. A name an
995-    /// enclosing scope already holds is still that scope's, which the loop above
996-    /// has already answered.
997-    fn set_var(&mut self, name: &str, value: Value) {
998-        for scope in self.locals.iter_mut().rev() {
999-            if scope.contains_key(name) {
[0m
[0m$ [0mprintf 'to push(a, b)\n    give back [9]\nend\nset xs to [1]\nset xs to push(xs, 2)\nsay xs\n' > target/tmp/s3/shadow.rb && ./target/debug/rb run target/tmp/s3/shadow.rb; echo "exit=$?"; echo "=== Call shape ==="; grep -n "Call {" -A 8 src/parser.rs | head -30
[1, 2]
exit=0
=== Call shape ===
29:    Call {
30-        name: String,
31-        args: Vec<Expr>,
32-    },
33-
34-    // Property access
35-    Property {
36-        object: Box<Expr>,
37-        property: String,
--
43:    MethodCall {
44-        receiver: Box<Expr>,
45-        method: String,
46-        args: Vec<Expr>,
47-    },
48-
49-    // Index access
50-    Index {
51-        object: Box<Expr>,
--
1970:                        expr = Expr::Call { name, args };
1971-                    }
1972-                    Expr::Property { object, property } => {
1973-                        // `receiver.method(args)` — the runtime decides whether
1974-                        // the receiver names an object (a method) or a module
1975-                        // (a `module_function` builtin), so both forms stay one
1976-                        // expression rather than being guessed here.
1977:                        expr = Expr::MethodCall {
1978-                            receiver: object,
1979-                            method: property,
[0m
[0m$ [0mprintf 'to push(a, b)\n    give back [9]\nend\nsay push(1, 2)\nset f to push\nsay f([1],2)\n' > target/tmp/s3/shadow2.rb && ./target/debug/rb run target/tmp/s3/shadow2.rb; echo "exit=$?"; echo "--- deeper scope"; printf 'to go(n)\n    to push(a,b)\n        give back [9]\n    end\n    say push(n, n)\nend\nsay go(1)\nsay push([1],2)\n' > target/tmp/s3/shadow3.rb && ./target/debug/rb run target/tmp/s3/shadow3.rb; echo "exit=$?"
Error: RuntimeError: push requires a list and a value
  --> target/tmp/s3/shadow2.rb:4:1
4 | say push(1, 2)
  | ^
exit=1
--- deeper scope
Error: RuntimeError: push requires a list and a value
  --> target/tmp/s3/shadow3.rb:5:5
5 |     say push(n, n)
  |     ^
exit=1
[0m
[0m$ [0msed -n '210,300p' src/bytecode/opcode.rs; echo "=== 330-400 ==="; sed -n '330,432p' src/bytecode/opcode.rs
}

impl Opcode {
    /// Every opcode, in byte order. The disassembler and the encoder's
    /// self-check both walk this, so an opcode cannot exist in one and be
    /// missing from the other.
    pub const ALL: &'static [Opcode] = &[
        Opcode::Nop,
        Opcode::PushConst,
        Opcode::Pop,
        Opcode::Load,
        Opcode::Store,
        Opcode::Say,
        Opcode::Print,
        Opcode::LoadProperty,
        Opcode::SetProperty,
        Opcode::Index,
        Opcode::BuildList,
        Opcode::BuildRecord,
        Opcode::BuildText,
        Opcode::Add,
        Opcode::Sub,
        Opcode::Mul,
        Opcode::Div,
        Opcode::Mod,
        Opcode::Equal,
        Opcode::NotEqual,
        Opcode::Less,
        Opcode::LessEqual,
        Opcode::Greater,
        Opcode::GreaterEqual,
        Opcode::And,
        Opcode::Or,
        Opcode::In,
        Opcode::Neg,
        Opcode::Not,
        Opcode::Call,
        Opcode::CallMethod,
        Opcode::Return,
        Opcode::Break,
        Opcode::Skip,
        Opcode::Jump,
        Opcode::JumpIfFalse,
        Opcode::GetIter,
        Opcode::GetRange,
        Opcode::DefFunction,
        Opcode::DefMethod,
        Opcode::DefObject,
        Opcode::DefField,
        Opcode::Try,
        Opcode::Import,
        Opcode::Test,
        Opcode::Expect,
        Opcode::DeclareConst,
        Opcode::Module,
        Opcode::Export,
    ];

    /// The opcode a byte stands for, or `None` when the byte is not assigned.
    pub fn from_byte(byte: u8) -> Option<Opcode> {
        Opcode::ALL.get(byte as usize).copied()
    }

    /// The byte written to a `.rbc` file.
    pub fn to_byte(self) -> u8 {
        self as u8
    }

    /// The mnemonic the disassembler prints. Also the name in
    /// `docs/BYTECODE.md`.
    pub fn name(self) -> &'static str {
        match self {
            Opcode::Nop => "NOP",
            Opcode::PushConst => "PUSH_CONST",
            Opcode::Pop => "POP",
            Opcode::Load => "LOAD",
            Opcode::Store => "STORE",
            Opcode::Say => "SAY",
            Opcode::Print => "PRINT",
            Opcode::LoadProperty => "LOAD_PROPERTY",
            Opcode::SetProperty => "SET_PROPERTY",
            Opcode::Index => "INDEX",
            Opcode::BuildList => "BUILD_LIST",
            Opcode::BuildRecord => "BUILD_RECORD",
            Opcode::BuildText => "BUILD_TEXT",
            Opcode::Add => "ADD",
            Opcode::Sub => "SUB",
            Opcode::Mul => "MUL",
            Opcode::Div => "DIV",
            Opcode::Mod => "MOD",
            Opcode::Equal => "EQUAL",
=== 330-400 ===
            Opcode::Export => "EXPORT",
        }
    }

    /// Whether the disassembler shows this opcode's operands.
    ///
    /// False for the opcodes that carry nothing: pushing a constant is
    /// `PUSH_CONST 3`, popping is `POP`. Without this the disassembly of
    /// `say 1` would print a trailing `0` that means nothing.
    pub fn has_operand(self) -> bool {
        !matches!(
            self,
            Opcode::Nop
                | Opcode::Pop
                | Opcode::Say
                | Opcode::Print
                | Opcode::Index
                | Opcode::Add
                | Opcode::Sub
                | Opcode::Mul
                | Opcode::Div
                | Opcode::Mod
                | Opcode::Equal
                | Opcode::NotEqual
                | Opcode::Less
                | Opcode::LessEqual
                | Opcode::Greater
                | Opcode::GreaterEqual
                | Opcode::And
                | Opcode::Or
                | Opcode::In
                | Opcode::Neg
                | Opcode::Not
                | Opcode::Return
                | Opcode::Break
                | Opcode::Skip
                | Opcode::GetIter
                | Opcode::Expect
        )
    }
}
impl Opcode {
    /// Whether the disassembler prints this opcode's second operand.
    ///
    /// The opcodes that carry two: a call and a declaration name a target and
    /// count their arguments or parameters, `GetRange` counts the bounds and
    /// step it was given, `Try` names two blocks, and `Import` names the module
    /// and the alias it binds it to.
    pub fn has_aux(self) -> bool {
        matches!(
            self,
            Opcode::Call
                | Opcode::CallMethod
                | Opcode::GetRange
                | Opcode::DefFunction
                | Opcode::DefMethod
                | Opcode::DefObject
                | Opcode::Try
                | Opcode::Import
        )
    }

    /// Whether this opcode's `arg` is an index into the constant pool.
    ///
    /// The disassembler prints the named value next to the index, so a reader
    /// does not have to count down the pool to see which name a `LOAD` reads.
    /// `Export` is excluded: its `arg` may be the reserved `NO_CONST`, which is
    /// not a name to look up, and the disassembler names it on its own.
    pub fn takes_constant_index(self) -> bool {
        matches!(
            self,
            Opcode::PushConst
                | Opcode::Load
                | Opcode::Store
                | Opcode::LoadProperty
                | Opcode::SetProperty
                | Opcode::Call
                | Opcode::CallMethod
                | Opcode::DefField
                | Opcode::Import
                | Opcode::DeclareConst
        )
    }

    /// Whether this opcode's `arg` is an index into the block list of the
    /// block that holds the instruction.
    ///
    /// The disassembler checks it against that list and says so when it is out
    /// of range, so a corrupt file is read as a diagnostic rather than left for
    /// whoever runs it next to discover. `Try`'s is the one that may be
    /// [`NO_BLOCK`](super::NO_BLOCK).
    pub fn takes_block_index(self) -> bool {
        matches!(
            self,
            Opcode::DefFunction
                | Opcode::DefMethod
                | Opcode::DefObject
                | Opcode::Try
                | Opcode::Test
                | Opcode::Module
        )
    }
}
[0m
[0m$ [0mgrep -rn "ALL.len()\|opcodes\b" tests/*.rs src/bytecode/disasm.rs src/bytecode/format.rs | head -20; echo "=== docs ==="; grep -n "EXPORT\|FORMAT_VERSION\|version" docs/BYTECODE.md | head -20
tests/bootstrap_selfhost_test.rs:1043:/// of statements. These are the shapes whose *opcodes* differ from one another —
tests/bytecode_test.rs:153:        "disassembly omitted its opcodes:\n{first}"
tests/bytecode_test.rs:1087:        Opcode::ALL.len(),
src/bytecode/disasm.rs:22:/// Taken from the whole opcode table rather than from the opcodes a particular
=== docs ===
3:**Format version: 4.** This document is the normative description of the file
15:**little-endian, unsigned, two's complement-free**: `u16` for the version,
26:   `FORMAT_VERSION`.** A reader refuses a version it does not know rather than
35:| format version 2 bytes  u16      |
54:### Format version
57:`unknown bytecode format version <n>: this build reads version 5`.
59:#### What each version changed
63:byte values no earlier version used, so the numbers written into a file still
70:| 2 | `DEF_OBJECT`'s secondary operand became the constant index of the object it extends — `NO_CONST` when it extends nothing — where version 1 wrote a flag that discarded the parent's name. `DEF_FIELD` became the consumer of the value pushed immediately before it, so a field's `default` is compiled instead of dropped. The decoder refuses a constant pool that reaches the reserved index `NO_CONST`. |
71:| 3 | Added `DECLARE_CONST`, which `constant NAME to <expr>` compiles to. Versions 1 and 2 compiled the same declaration to `STORE`, which does not say the name is read-only, so the file could not be told apart from a `set`. A version-2 file is refused rather than read as a program whose constants could be rebound. |
72:| 4 | `IMPORT`'s secondary operand became the name it binds — the alias the source wrote, or the module's own name when it wrote none — where version 3 wrote the filler `0`. Read as version 4, a version-3 file's `IMPORT` would bind `constants[0]`, which is whichever name happened to be first in the pool rather than the one the source named. Added `MODULE` and `EXPORT`, which a `module NAME … end` declaration compiles to; version 3 compiled such a declaration's body inline and the declaration itself to nothing, so a file written then says nothing about where the module begins or what it publishes. A version-3 file is refused rather than half-read. |
73:| 5 | Every statement a program *runs* begins with a `NOP` whose operand is `STATEMENT_MARKER`, and that marker is where the step budget is charged. A version-4 file has no marker, so a VM read it would charge that program nothing at all and the budget would silently not apply to it. A version-4 file is refused rather than run unbounded. |
76:two different things, and rule 2 above is what makes that a new version rather
224:| 48 | `EXPORT` | published name index | `NO_CONST` when the declaration does not define that name | nothing: data the `MODULE` that entered the block has already read |
234:`DEF_OBJECT` writes it for an object that extends nothing, and `EXPORT` writes it
325:names to slots is a later stage, and a version bump.
410:it. The block opens with one `EXPORT` per name the declaration publishes, and the
411:rest of the block is the body. The `EXPORT`s come first so a jump inside the body
413:the body was compiled. `export all` is written as one `EXPORT` per declared name
440:- a version it does not know
[0m
[0m$ [0msed -n '1075,1100p' tests/bytecode_test.rs; echo "=== docs 315-330 ==="; sed -n '315,330p' docs/BYTECODE.md; echo "=== docs 218-232 ==="; sed -n '218,232p' docs/BYTECODE.md
fn edge_the_module_instructions_take_bytes_no_earlier_version_used() {
    assert_eq!(
        Opcode::Module.to_byte(),
        47,
        "MODULE took the first byte above DECLARE_CONST, which was the end of the table"
    );
    assert_eq!(
        Opcode::Export.to_byte(),
        48,
        "EXPORT took the byte after MODULE"
    );
    assert_eq!(
        Opcode::ALL.len(),
        Opcode::Export.to_byte() as usize + 1,
        "the table is indexed by byte value, so it ends at the last instruction"
    );
    for opcode in Opcode::ALL {
        assert_eq!(
            opcode.to_byte() as usize,
            Opcode::ALL
                .iter()
                .position(|other| other == opcode)
                .expect("an opcode is in the table it was found in"),
            "{opcode:?} must sit at the index its byte names"
        );
    }
=== docs 315-330 ===
this block". That second form is not an exception: a `while` loop or a bare
`if` at the end of a block has no instruction after it, so its exit jump has
nowhere else to point. A target *past* the instruction count is malformed, and
`rb dis` reports it.

### Names, not slots

Names are stored as text, not as slot numbers. A Redblue function closes over
the local scopes that were live where it was declared, so the name has to
survive into the file for a VM to resolve it against those scopes. Resolving
names to slots is a later stage, and a version bump.

The one name the compiler introduces is `$counter`, the counter of a
`repeat … times` loop. `$` is not an identifier character in Redblue, so it
cannot collide with a name the program declared.

=== docs 218-232 ===
| 42 | `TRY` | catch block index, or `NO_BLOCK` | finally block index, or `NO_BLOCK` | runs what follows with those handlers in place |
| 43 | `IMPORT` | module name index | alias name index | imports a module, binding it the alias; the module's own name when the source wrote none |
| 44 | `TEST` | block index | — | runs the test body |
| 45 | `EXPECT` | — | — | pops the expected and the actual value and compares them |
| 46 | `DECLARE_CONST` | name index | — | pops into a variable as a constant: the name may not be bound again, and no `STORE` writes it |
| 47 | `MODULE` | module body block index | — | starts a module declaration; the block holds what it publishes and its body, and its name is the module's |
| 48 | `EXPORT` | published name index | `NO_CONST` when the declaration does not define that name | nothing: data the `MODULE` that entered the block has already read |

`NO_BLOCK` is `0xFFFFFFFF`, the operand that says "this handler is not there".
A `try` with no `catch` and no `finally` writes it in both fields and creates
no blocks. A `catch` operand of `NO_BLOCK` is what says a `try` cannot handle a
failure: its `finally` is still run on the failure path, and the failure is then
offered to the next `try` out rather than being dropped — so a VM must not treat
an absent catch block as "handled".
[0m
[0m✗ [0mEdit src/bytecode/opcode.rs failed
[91m[1mError: [0mCould not find oldString in the file. It must match exactly, including whitespace, indentation, and line endings.
[0m→ [0mRead src/bytecode/opcode.rs[90m [offset=193, limit=12][0m
[0m
[0m← [0mEdit src/bytecode/opcode.rs
Index: /home/runner/work/rbops/rbops/redblue/src/bytecode/opcode.rs
===================================================================
--- /home/runner/work/rbops/rbops/redblue/src/bytecode/opcode.rs
+++ /home/runner/work/rbops/rbops/redblue/src/bytecode/opcode.rs
@@ -206,8 +206,22 @@
     /// declaration publishes, and the rest of the block is the body itself. The
     /// run is data the [`Opcode::Module`] that entered the block has already
     /// read: executing one does nothing.
     Export,
+    /// Pops the top of the stack and appends it, in place, to the list held by
+    /// the variable named `constants[arg]`.
+    ///
+    /// This is what `set NAME to push(NAME, <expr>)` compiles to, and it exists
+    /// because that is the only accumulator the language has. `push` copies the
+    /// list it is given, so a loop of *n* appends is *n* copies of a growing
+    /// list: building a list is quadratic, and a program that lexes, parses and
+    /// emits its own source cannot finish.
+    ///
+    /// It does not copy because a Redblue list cannot be shared — every copy of
+    /// one is a deep copy — so the variable holds the only handle to its list and
+    /// appending through it is unobservable from anywhere else. `push` itself is
+    /// untouched, and the two agree wherever the difference cannot be seen.
+    AppendLocal,
 }
 
 impl Opcode {
     /// Every opcode, in byte order. The disassembler and the encoder's

[0m
[0m$ [0mcd /home/runner/work/rbops/rbops/redblue && python3 - <<'EOF'
import re
p='src/bytecode/opcode.rs'
s=open(p).read()
s=s.replace("        Opcode::Export,\n    ];","        Opcode::Export,\n        Opcode::AppendLocal,\n    ];",1)
s=s.replace('            Opcode::Export => "EXPORT",\n','            Opcode::Export => "EXPORT",\n            Opcode::AppendLocal => "APPEND_LOCAL",\n',1)
s=s.replace("                | Opcode::Store\n","                | Opcode::Store\n                | Opcode::AppendLocal\n",1)
open(p,'w').write(s)
p='src/bytecode/format.rs'
s=open(p).read()
s=s.replace("pub const FORMAT_VERSION: u16 = 5;","pub const FORMAT_VERSION: u16 = 6;",1)
open(p,'w').write(s)
EOF
grep -n "AppendLocal" src/bytecode/opcode.rs; grep -n "FORMAT_VERSION: u16" src/bytecode/format.rs
223:    AppendLocal,
280:        Opcode::AppendLocal,
346:            Opcode::AppendLocal => "APPEND_LOCAL",
420:                | Opcode::AppendLocal
75:pub const FORMAT_VERSION: u16 = 6;
[0m
[0m$ [0mgrep -n "fn span(&self)" -A 8 src/bytecode/vm.rs; echo "=== error var ==="; grep -n "^use " src/bytecode/vm.rs | head
867:    fn span(&self) -> Span {
868-        self.current_span
869-    }
870-
871-    // -- the limits ---------------------------------------------------------
872-
873-    /// Charges one statement to the step budget.
874-    ///
875-    /// Charged where the compiler's statement marker is — once per statement,
=== error var ===
38:use std::collections::{HashMap, HashSet};
39:use std::sync::Arc;
41:use crate::bytecode::format::{Block, Chunk, Constant, Instruction};
42:use crate::bytecode::opcode::Opcode;
43:use crate::bytecode::{END_TRY_MARKER, NO_BLOCK, NO_CONST, STATEMENT_MARKER};
44:use crate::error::{Error, Result, Span};
45:use crate::interpreter::{qualified_member, DeclaredModule};
46:use crate::interpreter::{
50:use crate::lexer::Lexer;
51:use crate::parser::{self, BinaryOp, Program, Statement, UnaryOp};
[0m
[0m← [0mEdit src/bytecode/vm.rs
Index: /home/runner/work/rbops/rbops/redblue/src/bytecode/vm.rs
===================================================================
--- /home/runner/work/rbops/rbops/redblue/src/bytecode/vm.rs
+++ /home/runner/work/rbops/rbops/redblue/src/bytecode/vm.rs
@@ -1427,8 +1427,15 @@
     self.advance(frame);
     Ok(())
 }
 Opcode::Store => self.store(instruction, frame),
+Opcode::AppendLocal => {
+    let name = self.constant_text(instruction.arg)?;
+    let value = self.pop()?;
+    self.append_local(&name, value)?;
+    self.advance(frame);
+    Ok(())
+}
 Opcode::DeclareConst => {
     let name = self.constant_text(instruction.arg)?;
     let value = self.pop()?;
     self.declare_const(&name, value)?;

[0m
[0m✗ [0mEdit src/bytecode/vm.rs failed
[91m[1mError: [0mNo changes to apply: oldString and newString are identical.
[0m
[0m← [0mEdit src/bytecode/vm.rs
Index: /home/runner/work/rbops/rbops/redblue/src/bytecode/vm.rs
===================================================================
--- /home/runner/work/rbops/rbops/redblue/src/bytecode/vm.rs
+++ /home/runner/work/rbops/rbops/redblue/src/bytecode/vm.rs
@@ -1804,8 +1804,46 @@
     self.advance(frame);
     Ok(())
 }
 
+/// Appends `value` to the list `name` holds, in place — the `push` that
+/// [`Opcode::AppendLocal`] stands for.
+///
+/// A Redblue list is never shared: every copy of one is a deep copy, so the
+/// variable holds the only handle to its list and appending through that
+/// handle is the same value `push` would have built, without the copy. That
+/// is what makes this an accumulator rather than a change of meaning, and it
+/// is why `push` is left exactly as it was.
+///
+/// Both refusals are the ones `push` makes, word for word, so a program that
+/// would have been refused is refused by the same message at the same line
+/// whichever way the compiler chose to compile it.
+fn append_local(&mut self, name: &str, value: Value) -> Result<()> {
+    let span = self.span();
+    let Some(slot) = self.slot_mut(name) else {
+        return Err(Error::Runtime(format!("Unknown variable '{name}'"), span));
+    };
+    let Value::List(items) = slot else {
+        return Err(Error::Runtime(
+            "push requires a list and a value".to_string(),
+            span,
+        ));
+    };
+    items.push(value);
+    Ok(())
+}
+
+/// The variable `name` names, mutably, resolving it exactly as
+/// [`BytecodeVm::get_var`] does so a read and a write of one name agree.
+fn slot_mut(&mut self, name: &str) -> Option<&mut Value> {
+    for scope in self.locals.iter_mut().rev() {
+        if scope.contains_key(name) {
+            return scope.get_mut(name);
+        }
+    }
+    self.globals.get_mut(name)
+}
+
 fn bind(&mut self, frame: usize, name: &str, value: Value) {
     if self.frames[frame].globals_only {
         self.globals.insert(name.to_string(), value);
     } else {

[0m
Now the codegen side:
[0m← [0mEdit src/bytecode/codegen.rs
Index: /home/runner/work/rbops/rbops/redblue/src/bytecode/codegen.rs
===================================================================
--- /home/runner/work/rbops/rbops/redblue/src/bytecode/codegen.rs
+++ /home/runner/work/rbops/rbops/redblue/src/bytecode/codegen.rs
@@ -268,11 +268,25 @@
         emit(code, Opcode::Pop, 0, 0, line);
     }
 }
 Statement::Set { name, value } => {
-    self.expr(value, code, line)?;
-    let name = self.text(name);
-    emit(code, Opcode::Store, name, 0, line);
+    // `set NAME to push(NAME, x)` is the only accumulator the
+    // language has, and `push` copies the list it is given, so a loop
+    // of it is quadratic — which is a compiler that cannot compile
+    // itself. The append is done in place instead, which is the same
+    // value because a Redblue list is never shared.
+    match appended_item(value, name) {
+        Some(item) => {
+            self.expr(item, code, line)?;
+            let name = self.text(name);
+            emit(code, Opcode::AppendLocal, name, 0, line);
+        }
+        None => {
+            self.expr(value, code, line)?;
+            let name = self.text(name);
+            emit(code, Opcode::Store, name, 0, line);
+        }
+    }
 }
 // `constant` is its own opcode, not the `STORE` a `set` compiles to: the
 // name is read-only, and the file has to say so for an interpreter
 // to enforce it. A `STORE` naming a constant is what the

[0m
[0m$ [0msed -n '1,30p' src/parser.rs; echo "=== free fns ==="; grep -n "^fn \|^pub fn " src/bytecode/codegen.rs
use crate::error::{Error, Result, Span};
use crate::lexer::{Token, TokenKind};

#[derive(Debug, Clone)]
pub enum Expr {
    // Literals
    Number(f64),
    Text(String),
    YesNo(bool),
    Nothing,

    // Variables
    Variable(String),

    // Binary operations
    Binary {
        op: BinaryOp,
        left: Box<Expr>,
        right: Box<Expr>,
    },

    // Unary operations
    Unary {
        op: UnaryOp,
        expr: Box<Expr>,
    },

    // Function call
    Call {
        name: String,
=== free fns ===
29:pub fn compile(program: &Program) -> Result<Chunk> {
830:fn binary_opcode(op: &BinaryOp) -> Opcode {
849:fn emit(code: &mut Vec<Instruction>, opcode: Opcode, arg: u32, aux: u32, line: u32) {
859:fn jump(code: &mut Vec<Instruction>, opcode: Opcode, line: u32) -> usize {
866:fn patch(code: &mut [Instruction], at: usize, target: u32) {
871:fn patch_here(code: &mut [Instruction], at: usize) {
[0m
[0m$ [0msed -n '826,860p' src/bytecode/codegen.rs
}
    }
}

fn binary_opcode(op: &BinaryOp) -> Opcode {
    match op {
        BinaryOp::Add => Opcode::Add,
        BinaryOp::Sub => Opcode::Sub,
        BinaryOp::Mul => Opcode::Mul,
        BinaryOp::Div => Opcode::Div,
        BinaryOp::Mod => Opcode::Mod,
        BinaryOp::Equal => Opcode::Equal,
        BinaryOp::NotEqual => Opcode::NotEqual,
        BinaryOp::Less => Opcode::Less,
        BinaryOp::LessEqual => Opcode::LessEqual,
        BinaryOp::Greater => Opcode::Greater,
        BinaryOp::GreaterEqual => Opcode::GreaterEqual,
        BinaryOp::And => Opcode::And,
        BinaryOp::Or => Opcode::Or,
        BinaryOp::In => Opcode::In,
    }
}

fn emit(code: &mut Vec<Instruction>, opcode: Opcode, arg: u32, aux: u32, line: u32) {
    code.push(Instruction {
        opcode,
        arg,
        aux,
        line,
    });
}

/// Appends a jump whose target is not known yet and returns the index to patch.
fn jump(code: &mut Vec<Instruction>, opcode: Opcode, line: u32) -> usize {
    emit(code, opcode, 0, 0, line);
[0m
[0m← [0mEdit src/bytecode/codegen.rs
Index: /home/runner/work/rbops/rbops/redblue/src/bytecode/codegen.rs
===================================================================
--- /home/runner/work/rbops/rbops/redblue/src/bytecode/codegen.rs
+++ /home/runner/work/rbops/rbops/redblue/src/bytecode/codegen.rs
@@ -826,8 +826,32 @@
         }
     }
 }
 
+/// The value `set NAME to push(NAME, <item>)` appends, when that is what the
+/// statement is.
+///
+/// Anything else — a different callee, a different target, the wrong number of
+/// arguments, `push` used anywhere but as the whole right-hand side — is `None`,
+/// and the statement compiles the way it always did. `push` cannot be shadowed:
+/// a program may declare `to push`, and the builtin still answers the call.
+fn appended_item<'a>(value: &'a Expr, name: &str) -> Option<&'a Expr> {
+    let Expr::Call {
+        name: callee,
+        args,
+    } = value
+    else {
+        return None;
+    };
+    if callee != "push" || args.len() != 2 {
+        return None;
+    }
+    let Expr::Variable(target) = &args[0] else {
+        return None;
+    };
+    (target == name).then_some(&args[1])
+}
+
 fn binary_opcode(op: &BinaryOp) -> Opcode {
     match op {
         BinaryOp::Add => Opcode::Add,
         BinaryOp::Sub => Opcode::Sub,

[0m
[0m$ [0mcargo check --all-targets 2>&1 | tail -25
[1m[92m    Checking[0m simdutf8 v0.1.5
[1m[92m    Checking[0m base64 v0.21.7
[1m[92m    Checking[0m ryu v1.0.23
[1m[92m    Checking[0m regex-syntax v0.8.11
[1m[92m    Checking[0m serde v1.0.229
[1m[92m    Checking[0m scopeguard v1.2.0
[1m[92m    Checking[0m encoding_rs v0.8.42
[1m[92m    Checking[0m serde_urlencoded v0.7.1
[1m[92m    Checking[0m rustls-pemfile v1.0.4
[1m[92m    Checking[0m url v2.5.8
[1m[92m    Checking[0m num-traits v0.2.19
[1m[92m    Checking[0m hyper v0.14.32
[1m[92m    Checking[0m ipnet v2.12.2
[1m[92m    Checking[0m iana-time-zone v0.1.65
[1m[92m    Checking[0m mime v0.3.17
[1m[92m    Checking[0m regex-automata v0.4.18
[1m[92m    Checking[0m sync_wrapper v0.1.2
[1m[92m   Compiling[0m redblue v0.2.0 (/home/runner/work/rbops/rbops/redblue)
[1m[92m    Checking[0m zmij v1.0.23
[1m[92m    Checking[0m chrono v0.4.45
[1m[92m    Checking[0m serde_json v1.0.151
[1m[92m    Checking[0m hyper-tls v0.5.0
[1m[92m    Checking[0m reqwest v0.11.27
[1m[92m    Checking[0m regex v1.13.1
[1m[92m    Finished[0m `dev` profile [unoptimized] target(s) in 8.71s
[0m
[0m$ [0mcargo build 2>&1 | tail -3 && ./target/debug/rb run target/tmp/s3/in400.rb target/tmp/s3/o400.rbc && time ./target/debug/rb run bootstrap/compiler.rb bootstrap/compiler.rb target/tmp/s3/self.rbc && ls -la target/tmp/s3/self.rbc
[1m[92m   Compiling[0m redblue v0.2.0 (/home/runner/work/rbops/rbops/redblue)
[1m[92m    Finished[0m `dev` profile [unoptimized] target(s) in 1.40s
Error: ParserError: Unexpected token Plus
  --> target/tmp/s3/in400.rb:1:11
1 | set x to  + 1
  |           ^
[0m
[0m$ [0mtime ./target/debug/rb run bootstrap/compiler.rb bootstrap/compiler.rb target/tmp/s3/self.rbc && ls -la target/tmp/s3/self.rbc
(no output)

<shell_metadata>
shell tool terminated command after exceeding timeout 900000 ms. If this command is expected to take longer and is not waiting for interactive input, retry with a larger timeout value in milliseconds.
</shell_metadata>
[0m
[0m$ [0m./target/debug/rb compile bootstrap/compiler.rb -o target/tmp/s3/stage1.rbc && ls -la target/tmp/s3/stage1.rbc && time ./target/debug/rb vm target/tmp/s3/stage1.rbc bootstrap/compiler.rb target/tmp/s3/stage2.rbc && ls -la target/tmp/s3/stage2.rbc && cmp target/tmp/s3/stage1.rbc target/tmp/s3/stage2.rbc && echo "BYTE IDENTICAL"
Compiled bootstrap/compiler.rb -> target/tmp/s3/stage1.rbc
-rw-r--r-- 1 runner runner 167988 Oct  8 19:32 target/tmp/s3/stage1.rbc


<shell_metadata>
shell tool terminated command after exceeding timeout 900000 ms. If this command is expected to take longer and is not waiting for interactive input, retry with a larger timeout value in milliseconds.
</shell_metadata>
[0m
[0m$ [0m./target/debug/rb dis target/tmp/s3/stage1.rbc 2>&1 | grep -c "APPEND_LOCAL"; ./target/debug/rb dis target/tmp/s3/stage1.rbc 2>&1 | grep -c "CALL.*push"; echo "--- timing small ---"; printf 'set a to [1]\nset i to 0\nwhile i < 3000 then\n    set a to push(a, i)\n    set i to i + 1\nend\nsay length(a)\n' > target/tmp/s3/loop.rb; time ./target/debug/rb run target/tmp/s3/loop.rb; ./target/debug/rb compile target/tmp/s3/loop.rb -o target/tmp/s3/loop.rbc >/dev/null && time ./target/debug/rb vm target/tmp/s3/loop.rbc
17
20
--- timing small ---
Error: ParserError: Unexpected token Then
  --> target/tmp/s3/loop.rb:3:16
3 | while i < 3000 then
  |                ^

real	0m0.002s
user	0m0.000s
sys	0m0.002s
ParserError: Unexpected token Then
  --> target/tmp/s3/loop.rb:3:16
3 | while i < 3000 then
  |                ^
[0m
[0m$ [0msed -n '795,835p' bootstrap/compiler.rb
set parse_program_body to parse_statements(tokens, 0, 0, [])
    give back parse_program_body[0]
end

// The statement list of a program or of a block body, built by tail recursion so
// that the list it is building is a parameter rather than a name every nested
// statement would overwrite.
to parse_statements(tokens, pos, depth, body)
    set parse_statements_p to skip_newlines(tokens, pos)
    set parse_statements_out to nothing
    if token_kind(tokens, parse_statements_p) is "eof" then
        set parse_statements_out to [body, parse_statements_p]
    end
    if type_of(parse_statements_out) is "nothing" then
        set parse_statements_r to parse_statement(tokens, parse_statements_p, depth, token_line(tokens, parse_statements_p))
        set parse_statements_next to body
        if parse_statements_r[0] is not nothing then
            set parse_statements_next to push(body, parse_statements_r[0])
        end
        set parse_statements_out to parse_statements(tokens, parse_statements_r[1], depth, parse_statements_next)
    end
    give back parse_statements_out
end

// The statement dispatch of `Parser::parse_statement_inner`, one flat branch per
// keyword so that no branch nests inside another. `line` is a parameter because
// the line is needed after the branch's own parse has run.
to parse_statement(tokens, pos, depth, line)
    set parse_statement_stmt to nothing
    set parse_statement_pos to pos

    if token_kind(tokens, pos) is "say" then
        set parse_statement_r to parse_expression(tokens, pos + 1, 0, 0)
        set parse_statement_stmt to {s: "say", l: line, e: parse_statement_r[0]}
        set parse_statement_pos to parse_statement_r[1]
    end
    if token_kind(tokens, pos) is "print" then
        set parse_statement_r to parse_expression(tokens, pos + 1, 0, 0)
        set parse_statement_stmt to {s: "print", l: line, e: parse_statement_r[0]}
        set parse_statement_pos to parse_statement_r[1]
    end
[0m
[0m$ [0msed -n '1130,1160p;1170,1195p' bootstrap/compiler.rb
to parse_import_more(tokens, pos, items)
    set parse_import_more_out to nothing
    if token_kind(tokens, pos) is "comma" then
        if token_kind(tokens, pos + 1) is not "id" then
            refuse(token_line(tokens, pos + 1), "expected a module name")
        end
        set parse_import_more_k to token_kind(tokens, pos + 2)
        set parse_import_more_tail to nothing
        if parse_import_more_k is "as" or parse_import_more_k is "to" then
            if token_kind(tokens, pos + 3) is not "id" then
                refuse(token_line(tokens, pos + 2), "expected an alias name")
            end
            set parse_import_more_tail to tokens[pos + 3].b
        end
        if type_of(parse_import_more_tail) is "nothing" then
            set parse_import_more_next to push(items, {n: tokens[pos + 1].b, a: []})
            set parse_import_more_out to parse_import_more(tokens, pos + 3, parse_import_more_next)
        end
        if type_of(parse_import_more_tail) is not "nothing" then
            set parse_import_more_next to push(items, {n: tokens[pos + 1].b, a: parse_import_more_tail})
            set parse_import_more_out to parse_import_more(tokens, pos + 4, parse_import_more_next)
        end
    end
    if type_of(parse_import_more_out) is "nothing" then
        set parse_import_more_out to [items, pos]
    end
    give back parse_import_more_out
end

// The `{ statement } end` tail every block form shares: every statement up to the
// token that ends the block, with the newlines between them skipped. Built by
        set parse_block_statements_out to [body, parse_block_statements_p]
    end
    if type_of(parse_block_statements_out) is "nothing" then
        if contains(stops, token_kind(tokens, parse_block_statements_p)) then
            set parse_block_statements_out to [body, parse_block_statements_p]
        end
    end
    if type_of(parse_block_statements_out) is "nothing" then
        set parse_block_statements_r to parse_statement(tokens, parse_block_statements_p, depth, token_line(tokens, parse_block_statements_p))
        set parse_block_statements_next to body
        if parse_block_statements_r[0] is not nothing then
            set parse_block_statements_next to push(body, parse_block_statements_r[0])
        end
        set parse_block_statements_out to parse_block_statements(tokens, parse_block_statements_r[1], depth, stops, parse_block_statements_next)
    end
    give back parse_block_statements_out
end

// `if <expr> then ... else ... end`.
to parse_if(tokens, pos, depth, line)
    set parse_if_cond to parse_expression(tokens, pos + 1, 0, 0)
    give back parse_if_then(tokens, parse_if_cond[1], depth, line, parse_if_cond[0])
end

to parse_if_then(tokens, pos, depth, line, cond)
    set parse_if_then_p to expect_kind(tokens, skip_newlines(tokens, pos), "then")
[0m
[0m$ [0msed -n '1355,1375p;1436,1456p;1895,1915p;2012,2032p;2044,2062p' bootstrap/compiler.rb
set parse_callable_params_q to expect_kind(tokens, parse_callable_params_body[1], "end")
        set parse_callable_params_out to [{s: kind, l: line, n: name, ps: [], t: parse_callable_params_body[0]}, parse_callable_params_q]
    end
    give back parse_callable_params_out
end

// The `(a, b)` of a callable, when it has one. The list is optional, so
// `to f give back 1 end` and `to f() give back 1 end` are the same function.
to parse_callable_args(tokens, pos, depth, line, kind, name, params)
    set parse_callable_args_out to nothing
    if token_kind(tokens, pos) is "id" then
        set parse_callable_args_next to push(params, tokens[pos].b)
        set parse_callable_args_p to pos + 1
        if token_kind(tokens, parse_callable_args_p) is "comma" then
            set parse_callable_args_out to parse_callable_args(tokens, parse_callable_args_p + 1, depth, line, kind, name, parse_callable_args_next)
        end
        if type_of(parse_callable_args_out) is "nothing" then
            set parse_callable_args_q to expect_kind(tokens, parse_callable_args_p, "rparen")
            set parse_callable_args_out to parse_callable_finish(tokens, parse_callable_args_q, depth, line, kind, name, parse_callable_args_next)
        end
    end
    set parse_object_statements_p to skip_newlines(tokens, pos)
    set parse_object_statements_out to nothing
    if token_kind(tokens, parse_object_statements_p) is "end" then
        set parse_object_statements_out to parse_object_finish(tokens, parse_object_statements_p + 1, line, name, parent, body)
    end
    if token_kind(tokens, parse_object_statements_p) is "eof" then
        refuse(line, "expected 'end' to close the object")
    end
    if type_of(parse_object_statements_out) is "nothing" then
        set parse_object_statements_r to parse_object_member(tokens, parse_object_statements_p, depth, line)
        set parse_object_statements_next to body
        if parse_object_statements_r[0] is not nothing then
            set parse_object_statements_next to push(body, parse_object_statements_r[0])
        end
        set parse_object_statements_out to parse_object_statements(tokens, parse_object_statements_r[1], depth, line, name, parent, parse_object_statements_next)
    end
    give back parse_object_statements_out
end

// One member of an object body: a `has`, a `to can`, or an ordinary statement.
to parse_object_member(tokens, pos, depth, line)

// `(a, b)` — the arguments of a call, with the position after the `)`.
to parse_arguments(tokens, pos, depth, args)
    set parse_arguments_out to nothing
    if token_kind(tokens, pos) is "rparen" then
        set parse_arguments_out to [args, pos + 1]
    end
    if token_kind(tokens, pos) is "eof" then
        set parse_arguments_out to [args, pos]
    end
    if type_of(parse_arguments_out) is "nothing" then
        set parse_arguments_arg to parse_expression(tokens, pos, 0, depth + 1)
        set parse_arguments_next to push(args, parse_arguments_arg[0])
        set parse_arguments_p to parse_arguments_arg[1]
        set parse_arguments_more to nothing
        if token_kind(tokens, parse_arguments_p) is "comma" then
            set parse_arguments_more to parse_arguments(tokens, parse_arguments_p + 1, depth, parse_arguments_next)
        end
        if type_of(parse_arguments_more) is "nothing" then
            set parse_arguments_more to [parse_arguments_next, expect_kind(tokens, parse_arguments_p, "rparen")]
        end

// `[a, b, ]` — the items, and the position of the `]`. Built by tail recursion
// with the list as a parameter.
to parse_list_items(tokens, pos, depth, items)
    set parse_list_items_out to nothing
    if token_kind(tokens, pos) is "rbrack" then
        set parse_list_items_out to [items, pos]
    end
    if token_kind(tokens, pos) is "eof" then
        set parse_list_items_out to [items, pos]
    end
    if type_of(parse_list_items_out) is "nothing" then
        set parse_list_items_item to parse_expression(tokens, pos, 0, depth + 1)
        set parse_list_items_next to push(items, parse_list_items_item[0])
        set parse_list_items_p to parse_list_items_item[1]
        // A second name for the outcome, because the first was overwritten by
        // the parse above: a name a Redblue function assigns is one
        // program-wide name, and this function recurses.
        set parse_list_items_more to nothing
        if token_kind(tokens, parse_list_items_p) is "comma" then
            set parse_list_items_more to parse_list_items(tokens, parse_list_items_p + 1, depth, parse_list_items_next)
    set parse_record_fields_out to nothing
    if token_kind(tokens, pos) is "rbrace" then
        set parse_record_fields_out to [fields, pos]
    end
    if token_kind(tokens, pos) is "eof" then
        set parse_record_fields_out to [fields, pos]
    end
    if type_of(parse_record_fields_out) is "nothing" then
        if token_kind(tokens, pos) is not "id" then
            refuse(token_line(tokens, pos), "expected a field name")
        end
        set parse_record_fields_value to parse_expression(tokens, expect_kind(tokens, pos + 1, "colon"), 0, depth + 1)
        set parse_record_fields_next to push(fields, {k: tokens[pos].b, v: parse_record_fields_value[0]})
        set parse_record_fields_p to parse_record_fields_value[1]
        set parse_record_fields_more to nothing
        if token_kind(tokens, parse_record_fields_p) is "comma" then
            set parse_record_fields_more to parse_record_fields(tokens, parse_record_fields_p + 1, depth, parse_record_fields_next)
        end
        if type_of(parse_record_fields_more) is "nothing" then
[0m
[0m$ [0msed -n '2150,2240p' bootstrap/compiler.rb
// A jump that points at an instruction already emitted.
to patch_at(ctx, slot, offset)
    give back with_patches(ctx, push(ctx.j, {slot: slot, at: "there", value: offset}))
end

// Points every recorded jump at its target. A jump that landed at the end of the
// block is resolved here, which is why the file needs no instruction after the
// last statement for one to land on.
to apply_patches(code, patches)
    set apply_patches_out to 0
    set apply_patches_i to 0
    set apply_patches_arg to 0
    set apply_patches_out to []
    set apply_patches_i to 0
    while apply_patches_i < length(code)
        set apply_patches_arg to code[apply_patches_i].a
        for each each_patch in patches
            if each_patch.slot is apply_patches_i then
                if each_patch.at is "here" then
                    set apply_patches_arg to length(code)
                else
                    set apply_patches_arg to each_patch.value
                end
            end
        end
        set apply_patches_out to push(apply_patches_out, {o: code[apply_patches_i].o, a: apply_patches_arg, x: code[apply_patches_i].x, l: code[apply_patches_i].l})
        set apply_patches_i to apply_patches_i + 1
    end
    give back apply_patches_out
end

// The intern table. A name used a hundred times is one entry, so the pool is
// the same whichever way round the source used them.
to intern(ctx, raw)
    set intern_found to 0
    set intern_i to 0
    set intern_found to -1
    set intern_i to 0
    while intern_i < length(ctx.i)
        if ctx.i[intern_i].k is raw then
            set intern_found to intern_i
        end
        set intern_i to intern_i + 1
    end
    set intern_result to nothing
    if intern_found >= 0 then
        set intern_result to {ctx: ctx, index: ctx.i[intern_found].n}
    else
        set intern_index to length(ctx.p)
        set intern_pool to push(ctx.p, {t: 3, b: raw})
        set intern_table to push(ctx.i, {k: raw, n: intern_index})
        set intern_result to {ctx: {p: intern_pool, i: intern_table, c: ctx.c, j: ctx.j, b: ctx.b}, index: intern_index}
    end
    give back intern_result
end

// `Compiler::text`: intern a name and use it as an operand.
to emit_name(ctx, opcode, raw, aux, line)
    set emit_name_r to 0
    set emit_name_r to intern(ctx, raw)
    give back emit(emit_name_r.ctx, opcode, emit_name_r.index, aux, line)
end

// A constant that is **not** interned: a literal, appended every time it is
// written.
to emit_const(ctx, tag, raw, line)
    set emit_const_index to 0
    set emit_const_pool to 0
    set emit_const_index to length(ctx.p)
    set emit_const_pool to push(ctx.p, {t: tag, b: raw})
    give back emit({p: emit_const_pool, i: ctx.i, c: ctx.c, j: ctx.j, b: ctx.b}, 1, emit_const_index, 0, line)
end

// `Constant::Nothing`, which is the value a `return` with no value returns.
to emit_nothing(ctx, line)
    set emit_nothing_index to 0
    set emit_nothing_pool to 0
    set emit_nothing_index to length(ctx.p)
    set emit_nothing_pool to push(ctx.p, {t: 0, b: []})
    give back emit({p: emit_nothing_pool, i: ctx.i, c: ctx.c, j: ctx.j, b: ctx.b}, 1, emit_nothing_index, 0, line)
end

to compile_statement(stmt, ctx, depth, reads_value, body_kind)
    set compile_statement_charges to 0

    // The marker that begins every statement the tree-walking VM compile_statement_charges a step
    // for. The two exceptions are the statements a declaration *reads* rather
    // than runs: an `export` in a module body, and a `has` or `to can` in an
    // object body.
    set compile_statement_charges to yes
[0m
Reproduced and diagnosed. Let me verify my measurement before reverting the partial experiment.
[0m$ [0mcd /home/runner/work/rbops/rbops/redblue && git status --short && git stash list
M src/bytecode/codegen.rs
 M src/bytecode/format.rs
 M src/bytecode/opcode.rs
 M src/bytecode/vm.rs
 M tests/bootstrap_selfhost_test.rs
[0m
[0m$ [0mcat > target/tmp/s3/ctxcost.rb <<'EOF'
to emit_const(ctx, tag, raw)
    set emit_const_index to length(ctx.p)
    set emit_const_pool to push(ctx.p, {t: tag, b: raw})
    give back {p: emit_const_pool, i: ctx.i, c: ctx.c, j: ctx.j, b: ctx.b}
end

set n to 0
set ctx to {p: [], i: [], c: [], j: [], b: "main"}
set tag to to_number(sys.argv()[0])
while n < tag
    set ctx to emit_const(ctx, 3, "name{n}")
    set n to n + 1
end
say length(ctx.p)
EOF
for n in 400 800 1600; do printf "%s -> " "$n"; /usr/bin/time -f "%e s" ./target/debug/rb run target/tmp/s3/ctxcost.rb $n 2>&1 | tr '\n' ' '; echo; done
400 -> 400 0.76 s 
800 -> 800 3.05 s 
1600 -> 1600 11.96 s
[0m
Measured decisively: 4.0×/3.9× per doubling = **n^1.97**. That residual quadratic is the codegen's `ctx` record copy, not `push`. Reverting my experiment and reporting honestly.
[0m$ [0mcd /home/runner/work/rbops/rbops/redblue && git checkout -- src/bytecode/codegen.rs src/bytecode/format.rs src/bytecode/opcode.rs src/bytecode/vm.rs tests/bootstrap_selfhost_test.rs && git status --short && echo "CLEAN"
CLEAN
[0m
[0m$ [0mmkdir -p phases/phase-022 && echo ok
ok
[0m
[0m← [0mWrite phases/phase-022/FINDINGS.md
Wrote file successfully.
[0m
[0m$ [0mcargo fmt --all -- --check && echo "FMT PASS"; cargo clippy --all-targets -- -D warnings 2>&1 | tail -3
FMT PASS
[1m[92m   Compiling[0m redblue v0.2.0 (/home/runner/work/rbops/rbops/redblue)
[1m[92m    Finished[0m `dev` profile [unoptimized] target(s) in 3.51s
[0m
[0m$ [0mcargo test --all-targets 2>&1 | tail -25
test unused_variable_warnings_come_out_in_a_stable_name_order ... ok

test result: ok. 18 passed; 0 failed; 0 ignored; 0 measured; 0 filtered out; finished in 0.00s

[1m[92m     Running[0m tests/unless_test.rs (target/debug/deps/unless_test-e66b3b204f650dfd)

running 15 tests
test edge_an_unclosed_unless_is_rejected_by_diagnostics_as_an_error ... ok
test edge_an_unclosed_unless_is_rejected_by_the_linter_as_an_error ... ok
test edge_body_of_exactly_one_statement ... ok
test edge_unless_rejects_else_because_its_body_has_no_alternative ... ok
test edge_unless_as_the_last_statement_in_a_file ... ok
test edge_unless_nests_inside_if_and_unless ... ok
test edge_unless_with_a_missing_then_is_a_spanned_parser_error ... ok
test edge_unless_without_end_is_a_spanned_parser_error ... ok
test edge_unless_whose_body_never_runs_still_exits_its_block ... ok
test edge_empty_body_parses_and_runs ... ok
test unless_with_a_false_condition_takes_its_body ... ok
test unless_compiles_and_runs_the_same_on_both_vms ... ok
test unless_condition_supports_the_full_expression_grammar ... ok
test unless_with_a_true_condition_skips_its_body ... ok
test unless_uses_the_same_condition_grammar_as_if_and_picks_opposite_branches ... ok

test result: ok. 15 passed; 0 failed; 0 ignored; 0 measured; 0 filtered out; finished in 0.00s
[0m
[0m$ [0mcargo test --all-targets 2>&1 | grep -E "^test result|error|FAILED|ignored" | sort | uniq -c | sort -rn | head -10; echo "=== totals ==="; cargo test --all-targets 2>&1 | grep -oE "[0-9]+ passed" | awk '{s+=$1} END {print s" passed"}'; cargo test --all-targets 2>&1 | grep -cE "^test result: FAILED"; echo "=== verify.sh ==="; ls rbops/ 2>&1; ls docs/
2 test result: ok. 18 passed; 0 failed; 0 ignored; 0 measured; 0 filtered out; finished in 0.00s
      2 test result: ok. 15 passed; 0 failed; 0 ignored; 0 measured; 0 filtered out; finished in 0.00s
      1 test type_mismatch_shaped_input_is_a_parser_error_not_a_panic ... ok
      1 test the_corpus_produces_no_lint_errors ... ok
      1 test test_unterminated_string_is_a_spanned_lexer_error ... ok
      1 test test_record_literal_missing_colon_is_a_parse_error ... ok
      1 test test_property_access_on_a_list_is_a_runtime_error ... ok
      1 test test_parser_error_reports_line_and_column ... ok
      1 test test_malformed_json_object_is_an_error_not_a_reordered_record ... ok
      1 test test_lexer_error_carries_position ... ok
=== totals ===
1030 passed
0
=== verify.sh ===
ls: cannot access 'rbops/': No such file or directory
BYTECODE.md
GRAMMAR.md
[0m
[0m← [0mWrite phases/phase-022/REPORT.md
Wrote file successfully.
[0m
[0m$ [0mrm -rf target/tmp/s3 && git status --short && echo "--- diff vs 564fdf2 (should be only phases/phase-022) ---" && git diff --stat 564fdf2
?? phases/phase-022/
--- diff vs 564fdf2 (should be only phases/phase-022) ---
[0m
DONE

**Phase-022 is BLOCKED. No production code changed. `git status` shows only `phases/phase-022/`.**

Findings:

1. **Reproduced.** `rb run bootstrap/compiler.rb` on 100/200/400 statements: 2.76 s → 9.08 s → 34.78 s, ratios 3.29×/3.83× per doubling = **n^1.94**. The 2748-line self-compile extrapolates to ~24 min. The fixed-point test I wrote first was killed by a **900 s** wall clock with no output.

2. **Tried the fix the finding pointed at.** Implemented `APPEND_LOCAL` (byte49, `FORMAT_VERSION` 5→6): `set N to push(N, x)` appends in place. It is provably semantics-preserving (a Redblue list is never shared) and it made the lexer's ~30 000-record token list linear. **The self-compile still didn't finish in 900 s**, so I reverted it rather than ship a format-version bump with none of the four DoD boxes met.

3. **Measured the real blocker.** It is not `push`. `bootstrap/compiler.rb:2213` threads an immutable `ctx` record as a *parameter*, so a ~30 000-record code list is deep-copied once per emitted instruction. Timed `emit_const` alone: 0.76 / 3.05 / 11.96 s for 400/800/1600 calls = **n^1.97**. Root cause: `src/interpreter.rs:927` and `src/bytecode/vm.rs:979` clone on every variable read — Redblue has no shared mutable value.

4. **Cannot be fixed in this phase.** All three routes are language changes needing interior mutability in a `Value` payload, which AGENTS.md §2 makes an invariant. Written up in `FINDINGS.md` with an append-**counting** (not timing) acceptance gate, since a payload change alone would pass a timing-free test while staying quadratic.

Gates: `cargo fmt --check` pass, `cargo clippy -- -D warnings` pass, `cargo test --all-targets` **1030 passed / 0 failed / 0 ignored**. `rbops/verify.sh` **not run** — `rbops/` is not in this checkout. The test quota and `must_touch` are **not met**; both are stated plainly in `REPORT.md` rather than worked around.
