[0m
> build · space-bunny-free
[0m
[0m# [0mTodos
[•] Read parser.rs opens_block / opens_block_at_statement_start to confirm BLOCKER 1
[ ] Fix BLOCKER 1: add TokenKind::Module to opens_block
[ ] Fix MAJOR 2: filter qualified_member names from Vm::user_names
[ ] Fix MAJOR 3: :reset must clear multiline_buffer/in_multiline
[ ] Fix MAJOR 4: :restore must re-execute restored lines
[ ] Fix MAJOR 5: :inspect must print Redblue type via value.type_name()
[ ] Fix MINOR 6: strip exactly one sigil in commands.rs word parsing
[ ] Add/adjust tests covering each fix
[ ] Re-run four gates (build, test, clippy, fmt)
[0m
I'll start by reading the relevant files to understand the code before fixing.
[0m$ [0mgrep -n "opens_block\|MAX_BLOCK_DEPTH\|open_block_depth\|block_depth" src/parser.rs
345:pub const MAX_BLOCK_DEPTH: usize = 64;
351:    block_depth: usize,
360:            block_depth: 0,
425:    fn opens_block(&self) -> bool {
442:        self.block_depth += 1;
443:        if self.block_depth > MAX_BLOCK_DEPTH {
445:                format!("Blocks nest more than {MAX_BLOCK_DEPTH} levels deep"),
453:        self.block_depth = self.block_depth.saturating_sub(1);
488:        let opened_block = self.opens_block();
1989:/// [`Parser::opens_block`] asks the same question of the token about to be read,
1994:/// statement can begin; see [`open_block_depth`].
1995:fn opens_block_at_statement_start(kind: &TokenKind) -> bool {
2025:pub fn open_block_depth(tokens: &[Token]) -> i32 {
2042:            kind if at_statement_start && opens_block_at_statement_start(kind) => {
2074:        open_block_depth(&tokens)
2081:    fn open_block_depth_counts_every_block_form() {
2111:    fn open_block_depth_ignores_a_to_that_is_not_a_declaration() {
2134:    fn open_block_depth_reads_tokens_not_text() {
2152:    fn open_block_depth_counts_the_block_inside_an_else_if() {
2159:    fn open_block_depth_counts_nested_blocks() {
[0m
[0m→ [0mRead src/parser.rs[90m [offset=340, limit=180][0m
[0m→ [0mRead src/parser.rs[90m [limit=120, offset=1975][0m
[0m
[0m$ [0mgrep -n "parse_module\|TokenKind::Module" src/parser.rs src/analyzer.rs src/lexer.rs | head -50
src/parser.rs:525:            TokenKind::Module => self.parse_module()?,
src/parser.rs:1104:    fn parse_module(&mut self) -> Result<Option<Statement>> {
src/parser.rs:2007:            | TokenKind::Module
src/lexer.rs:54:    ("module", TokenKind::Module),
[0m
[0m→ [0mRead src/parser.rs[90m [limit=60, offset=1104][0m
[0m
[0m$ [0mgrep -n "user_names\|qualified_member\|fn bind_module_name\|is_builtin" src/vm.rs src/stdlib.rs src/repl/*.rs src/analyzer.rs | head -60
src/vm.rs:237:pub(crate) fn qualified_member(module: &str, member: &str) -> String {
src/vm.rs:438:    pub fn user_names(&self) -> Vec<String> {
src/vm.rs:464:    /// The names in [`Vm::user_names`] that hold a callable the program
src/vm.rs:471:    /// a [`Value::Builtin`] and is already excluded from [`Vm::user_names`], so
src/vm.rs:475:        self.user_names()
src/vm.rs:547:                self.globals.insert(qualified_member(name, &member), value);
src/vm.rs:649:                let qualified = qualified_member(name, member);
src/vm.rs:787:    fn bind_module_name(&mut self, name: &str, value: Value) -> Result<()> {
src/vm.rs:1108:                                .insert(qualified_member(&target_name, &member), value);
src/vm.rs:1284:                let qualified = qualified_member(&module, method);
src/repl/mod.rs:121:        names.extend(self.vm.user_names());
src/repl/mod.rs:466:        for name in self.vm.user_names() {
[0m
[0m→ [0mRead src/vm.rs[90m [limit=80, offset=225][0m
[0m→ [0mRead src/vm.rs[90m [limit=120, offset=400][0m
[0m→ [0mRead src/vm.rs[90m [limit=180, offset=519][0m
[0m→ [0mRead src/vm.rs[90m [limit=60, offset=1090][0m
[0m→ [0mRead src/vm.rs[90m [limit=70, offset=1260][0m
[0m
[0m$ [0mgrep -n "pub struct Vm\b" -A 80 src/vm.rs | head -110
159:pub struct Vm {
160-    globals: HashMap<String, Value>,
161-    /// The names bound by a `constant` declaration. The value lives in
162-    /// [`Vm::globals`] so a read resolves through one name resolution path; what
163-    /// this table adds is the refusal to rebind the name.
164-    constants: HashSet<String>,
165-    /// The live local scopes, outermost first. A call's parameters are the
166-    /// innermost scope, and a function value that closed over scopes pushes
167-    /// them above its caller's frames — see [`Vm::call_user_function`].
168-    locals: Vec<CapturedScope>,
169-    output: Vec<String>,
170-    /// The module programs already run, by the name the `import` that loaded
171-    /// them goes by. An entry is what makes a second import of the same module a
172-    /// no-op rather than a second binding of the same names.
173-    modules: HashMap<String, Program>,
174-    /// Every module name an `import` has bound, to the module it names.
175-    ///
176-    /// An alias — `import json as J` — binds `J`, and `J.parse(...)` has to
177-    /// reach the same function `json.parse(...)` does. That is what this table
178-    /// is for: a call through a name it holds is a call through the module it
179-    /// points at, so the alias is a name for the module rather than a second
180-    /// copy of it.
181-    module_aliases: HashMap<String, String>,
182-    /// The modules whose bodies are running, innermost last. A module that
183-    /// reaches itself through an `import` is a circular import, and this is
184-    /// what says so instead of walking the cycle.
185-    importing: Vec<String>,
186-    /// Every `module` declaration that has run, by module name.
187-    ///
188-    /// An entry is what a second declaration of the same name is refused
189-    /// against, and what an `import` of the name finds in place of a file.
190-    declared_modules: HashMap<String, DeclaredModule>,
191-    /// How many `module` bodies are running. Above zero a `set` writes into the
192-    /// module's own scope instead of becoming a global, which is what makes a
193-    /// module declaration a boundary rather than a sequence of top-level
194-    /// statements.
195-    module_depth: usize,
196-    /// Every `object` declaration, by type name. The table is the inheritance
197-    /// model: an entry already holds its own fields and methods merged with
198-    /// everything it inherits, nearest declaration first, so a lookup is a
199-    /// single map read and cannot walk a cyclic parent chain.
200-    objects: HashMap<String, ObjectType>,
201-    expectation_failure: Option<crate::testing::assertions::TestAssertionError>,
202-    current_span: Span,
203-    call_depth: usize,
204-    max_call_depth: usize,
205-    /// Statements executed so far, against [`Vm::max_steps`]. Monotonic for the
206-    /// life of the VM and never restored by `try`, so a caught error cannot buy
207-    /// a program more budget.
208-    steps: usize,
209-    max_steps: usize,
210-    /// The per-loop iteration cap, applied afresh to every loop so nesting does
211-    /// not multiply it.
212-    max_iterations: usize,
213-}
214-
215-/// One `module` declaration, after its body has run.
216-///
217-/// The published names are the members the module's own namespace answers to,
218-/// which is what an `export` decides. They are held here rather than in
219-/// [`Vm::modules`] because a declared module is one the program itself
220-/// declared, not one read out of a file.
221-///
222-/// Shared with the bytecode VM, which records a declared module the same way —
223-/// see [`crate::bytecode::vm::BytecodeVm::finish_module`].
224-#[derive(Debug, Default, Clone)]
225-pub(crate) struct DeclaredModule {
226-    /// The published members of a declared module: each name, the
227-    /// `module_member` name it is reached by, and its value.
228-    pub(crate) members: Vec<(String, String, Value)>,
229-}
230-
231-/// The name a member of module `module` is reached by: `MathUtils.circle_area`
232-/// is `MathUtils_circle_area`, which is the same `module_function` name the
233-/// builtin namespaces use, so both kinds are called by the one lookup.
234-///
235-/// Shared with the bytecode VM, which resolves a call the same way — see
236-/// [`crate::bytecode::vm::BytecodeVm::call_method`].
237-pub(crate) fn qualified_member(module: &str, member: &str) -> String {
238-    format!("{module}_{member}")
239-}
[0m
[0m→ [0mRead src/repl/commands.rs
[0m→ [0mRead src/repl/mod.rs
[0m→ [0mRead src/value.rs[90m [limit=60, offset=245][0m
[0m
[0m$ [0mls -a; ls .github/workflows 2>/dev/null; ls docs 2>/dev/null
.
..
.git
.github
.gitignore
AGENTS.md
CODE_OF_CONDUCT.md
CONTRIBUTING.md
Cargo.lock
Cargo.toml
HANDOUT.md
LICENSE
PHILOSOPHY.md
README.md
ROADMAP.md
SPEC.md
a.out
corpus
docs
err.txt
errors.txt
examples
export.sh
modules
phases
src
target
test.redblue
tests
tooling
ci.yml
BYTECODE.md
GRAMMAR.md
[0m
[0m✗ [0mRead docs/ci.yml failed
[91m[1mError: [0mFile not found: /home/runner/work/rbops/rbops/redblue/docs/ci.yml
[0m
[0m$ [0mfind .github phases -type f | head -50
.github/workflows/ci.yml
phases/phase-018/REPORT.md
phases/phase-018/FINDINGS.md
phases/phase-015/REPORT.md
phases/phase-015/FINDINGS.md
phases/phase-019/REPORT.md
phases/phase-019/FINDINGS.md
phases/phase-008/REPORT.md
phases/phase-008/FINDINGS.md
phases/phase-009/REPORT.md
phases/phase-009/FINDINGS.md
phases/phase-012/REPORT.md
phases/phase-012/FINDINGS.md
phases/phase-016/REPORT.md
phases/phase-016/FINDINGS.md
phases/phase-020/REPORT.md
phases/phase-020/FINDINGS.md
phases/phase-003/REPORT.md
phases/phase-003/FINDINGS.md
phases/phase-011/REPORT.md
phases/phase-011/FINDINGS.md
phases/phase-014/REPORT.md
phases/phase-014/FINDINGS.md
phases/phase-026/REPORT.md
phases/phase-026/FINDINGS.md
phases/phase-006/REPORT.md
phases/phase-006/FINDINGS.md
phases/phase-031/REPORT.md
phases/phase-031/FINDINGS.md
phases/phase-007/REPORT.md
phases/phase-007/FINDINGS.md
phases/phase-013/REPORT.md
phases/phase-013/FINDINGS.md
phases/phase-002/REPORT.md
phases/phase-002/FINDINGS.md
phases/phase-024/REPORT.md
phases/phase-024/FINDINGS.md
phases/phase-030/REPORT.md
phases/phase-030/FINDINGS.md
phases/phase-004/REPORT.md
phases/phase-004/FINDINGS.md
phases/phase-033/REPORT.md
phases/phase-033/FINDINGS.md
phases/phase-017/REPORT.md
phases/phase-017/FINDINGS.md
phases/phase-029/REPORT.md
phases/phase-029/FINDINGS.md
phases/phase-027/REPORT.md
phases/phase-027/FINDINGS.md
phases/phase-028/REPORT.md
[0m
[0m→ [0mRead .github/workflows/ci.yml
[0m→ [0mRead phases/phase-033/REPORT.md
[0m→ [0mRead phases/phase-033/FINDINGS.md
Now let me verify the BLOCKER reproduces before fixing.
[0m
[0m$ [0mcat > /tmp/opencode/mod_block_test.rs <<'EOF'
EOF
python3 - <<'PY'
depth = 500
lines = []
for i in range(depth):
    lines.append("module A%d" % i)
for i in range(depth):
    lines.append("end")
src = "\n".join(lines) + "\n"
open("/tmp/opencode/nested_modules.rb","w").write(src)
print(len(lines))
PY
1000
[0m
[0m$ [0mcargo build 2>&1 | tail -5; ulimit -s; timeout 20 ./target/debug/rb run /tmp/opencode/nested_modules.rb; echo "exit=$?"
[1m[92m    Finished[0m `dev` profile [unoptimized] target(s) in 0.04s
16384
exit=0
[0m
[0m$ [0mcd /home/runner/work/rbops/rbops/redblue && python3 - <<'PY'
for depth in (65, 5000):
    lines = ["module A%d" % i for i in range(depth)] + ["end"]*depth
    open("/tmp/opencode/nested_%d.rb" % depth,"w").write("\n".join(lines)+"\n")
PY
timeout 20 ./target/debug/rb run /tmp/opencode/nested_65.rb; echo "exit65=$?"
exit65=0
[0m
[0m$ [0mcd /home/runner/work/rbops/rbops/redblue && timeout 30 ./target/debug/rb run /tmp/opencode/nested_5000.rb; echo "exit5000=$?"
thread 'main' (359412) has overflowed its stack
fatal runtime error: stack overflow, aborting
timeout: the monitored command dumped core
/bin/bash: line 1: 359411 Aborted                 timeout 30 ./target/debug/rb run /tmp/opencode/nested_5000.rb
exit5000=134
[0m
[0m$ [0mcd /home/runner/work/rbops/rbops/redblue && python3 - <<'PY'
depth=65
lines=["if 1 is greater than 0 then"]*depth+["end"]*depth
open("/tmp/opencode/nested_if_65.rb","w").write("\n".join(lines)+"\n")
PY
timeout 20 ./target/debug/rb run /tmp/opencode/nested_if_65.rb; echo "exit=$?"
Error: ParserError: Blocks nest more than 64 levels deep
  --> /tmp/opencode/nested_if_65.rb:65:1
65 | if 1 is greater than 0 then
   | ^
exit=1
[0m
[0m← [0mEdit src/parser.rs
Index: /home/runner/work/rbops/rbops/redblue/src/parser.rs
===================================================================
--- /home/runner/work/rbops/rbops/redblue/src/parser.rs
+++ /home/runner/work/rbops/rbops/redblue/src/parser.rs
@@ -421,8 +421,16 @@
 }
 
 /// Whether the upcoming statement opens a `... end` block, and so parses its
 /// body by calling back into [`Parser::parse_statement`].
+///
+/// `module` is one of them, for the same reason `if` is: [`Parser::parse_module`]
+/// parses its body by calling back into [`Parser::parse_statement`], which is
+/// one more level of parser recursion per nesting. Counting it here and not in
+/// [`opens_block_at_statement_start`] left nested `module` declarations with no
+/// budget at all, so a file of them recursed until the stack overflowed and
+/// aborted the process — rather than being the
+/// `Blocks nest more than 64 levels deep` every other block form gets.
 fn opens_block(&self) -> bool {
     matches!(
         self.current().map(|token| &token.kind),
         Some(TokenKind::If)
@@ -433,8 +441,9 @@
             | Some(TokenKind::To)
             | Some(TokenKind::Object)
             | Some(TokenKind::Try)
             | Some(TokenKind::Test)
+            | Some(TokenKind::Module)
     )
 }
 
 /// Accounts for one more level of block nesting.

[0m
Confirmed. Now the fix:
[0m→ [0mRead src/parser.rs[90m [offset=421, limit=30][0m
Now update the stale doc comment on `opens_block_at_statement_start` that claims `Module` is not counted:
[0m
[0m← [0mEdit src/parser.rs
Index: /home/runner/work/rbops/rbops/redblue/src/parser.rs
===================================================================
--- /home/runner/work/rbops/rbops/redblue/src/parser.rs
+++ /home/runner/work/rbops/rbops/redblue/src/parser.rs
@@ -1997,11 +1997,13 @@
 ///
 /// [`Parser::opens_block`] asks the same question of the token about to be read,
 /// but only after [`Parser::parse_statement_inner`] has decided what that
 /// statement is — `to` opens a function body there and is a range bound in
-/// `for each i from 1 to 10`, and `Module` is not counted there at all. Counting
-/// from the token stream alone has no such context, so it is only right where a
-/// statement can begin; see [`open_block_depth`].
+/// `for each i from 1 to 10`. Counting from the token stream alone has no such
+/// context, so it is only right where a statement can begin; see
+/// [`open_block_depth`]. Both tables answer the same question for every other
+/// block form, `module` included: it is a block wherever it can begin a
+/// statement.
 fn opens_block_at_statement_start(kind: &TokenKind) -> bool {
     matches!(
         kind,
         TokenKind::If

[0m
[0m$ [0mcd /home/runner/work/rbops/rbops/redblue && cargo build 2>&1 | tail -3 && timeout 20 ./target/debug/rb run /tmp/opencode/nested_65.rb; echo "exit65=$?"; timeout 30 ./target/debug/rb run /tmp/opencode/nested_5000.rb 2>&1 | head -6; echo "exit5000=${PIPESTATUS[0]}"
[1m[92m   Compiling[0m redblue v0.1.0 (/home/runner/work/rbops/rbops/redblue)
[1m[92m    Finished[0m `dev` profile [unoptimized] target(s) in 1.07s
Error: ParserError: Blocks nest more than 64 levels deep
  --> /tmp/opencode/nested_65.rb:65:1
65 | module A64
   | ^
exit65=1
Error: ParserError: Blocks nest more than 64 levels deep
  --> /tmp/opencode/nested_5000.rb:65:1
65 | module A64
   | ^
exit5000=1
[0m
[0m$ [0mcd /home/runner/work/rbops/rbops/redblue && grep -n "MAX_BLOCK_DEPTH\|nest more than\|blocks nest\|MAX_NESTING_DEPTH" src/parser.rs src/*.rs tests/*.rs | head -30
src/parser.rs:336:pub const MAX_NESTING_DEPTH: usize = 64;
src/parser.rs:344:/// [`MAX_NESTING_DEPTH`] is used, because the same 2 MiB stack has to hold it.
src/parser.rs:345:pub const MAX_BLOCK_DEPTH: usize = 64;
src/parser.rs:405:    /// [`MAX_NESTING_DEPTH`], so a pathological source line is a diagnostic
src/parser.rs:409:        if self.depth > MAX_NESTING_DEPTH {
src/parser.rs:411:                format!("Expression nests more than {MAX_NESTING_DEPTH} levels deep"),
src/parser.rs:432:    /// `Blocks nest more than 64 levels deep` every other block form gets.
src/parser.rs:452:        if self.block_depth > MAX_BLOCK_DEPTH {
src/parser.rs:454:                format!("Blocks nest more than {MAX_BLOCK_DEPTH} levels deep"),
src/parser.rs:336:pub const MAX_NESTING_DEPTH: usize = 64;
src/parser.rs:344:/// [`MAX_NESTING_DEPTH`] is used, because the same 2 MiB stack has to hold it.
src/parser.rs:345:pub const MAX_BLOCK_DEPTH: usize = 64;
src/parser.rs:405:    /// [`MAX_NESTING_DEPTH`], so a pathological source line is a diagnostic
src/parser.rs:409:        if self.depth > MAX_NESTING_DEPTH {
src/parser.rs:411:                format!("Expression nests more than {MAX_NESTING_DEPTH} levels deep"),
src/parser.rs:432:    /// `Blocks nest more than 64 levels deep` every other block form gets.
src/parser.rs:452:        if self.block_depth > MAX_BLOCK_DEPTH {
src/parser.rs:454:                format!("Blocks nest more than {MAX_BLOCK_DEPTH} levels deep"),
tests/bytecode_test.rs:1510:    for _ in 0..(redblue::bytecode::MAX_BLOCK_DEPTH + 4) {
tests/bytecode_test.rs:1540:    for _ in 0..(redblue::bytecode::MAX_BLOCK_DEPTH + 4) {
tests/bytecode_test.rs:1566:/// The compiler refuses to nest past `MAX_BLOCK_DEPTH` and so does the decoder,
tests/formatter_test.rs:1689:    // The depth is a literal rather than `MAX_NESTING_DEPTH + n`, so that
tests/formatter_test.rs:1695:        parser::MAX_NESTING_DEPTH < past_expression,
tests/formatter_test.rs:1696:        "depth {} is no longer past MAX_NESTING_DEPTH ({}); re-anchor this test \
tests/formatter_test.rs:1699:        parser::MAX_NESTING_DEPTH
tests/formatter_test.rs:1705:            "{} levels of expression nesting is past MAX_NESTING_DEPTH ({}), so \
tests/formatter_test.rs:1708:            parser::MAX_NESTING_DEPTH
tests/formatter_test.rs:1719:            parser::MAX_NESTING_DEPTH
tests/formatter_test.rs:1746:    // `MAX_BLOCK_DEPTH` is the other half of the budget: a block body is parsed
tests/formatter_test.rs:1752:        parser::MAX_BLOCK_DEPTH < past_blocks,
[0m
[0m→ [0mRead tests/formatter_test.rs[90m [limit=100, offset=1680][0m
[0m→ [0mRead tests/formatter_test.rs[90m [limit=40, offset=1779][0m
[0m→ [0mRead src/parser.rs[90m [limit=125, offset=2086][0m
[0m
[0m← [0mEdit src/parser.rs
Index: /home/runner/work/rbops/rbops/redblue/src/parser.rs
===================================================================
--- /home/runner/work/rbops/rbops/redblue/src/parser.rs
+++ /home/runner/work/rbops/rbops/redblue/src/parser.rs
@@ -2199,5 +2199,101 @@
         for source in ["", "   ", "say \"hi\"", "2 + 3", "set x to 1"] {
             assert_eq!(depth_of(source), 0, "{:?} has no block", source);
         }
     }
+
+    /// A block body is parsed by recursing back into `parse_statement`, so the
+    /// parser's own budget is what stops a deeply nested block from taking the
+    /// stack with it. `module` is one of those blocks — [`Parser::parse_module`]
+    /// reads its body the same way `if` does — and it was missing from
+    /// [`Parser::opens_block`], so nested modules spent no budget at all: a file
+    /// of them recursed until the process aborted on a stack overflow rather
+    /// than reporting anything.
+    #[test]
+    fn edge_blocks_deeper_than_the_budget_are_reported_whatever_their_form() {
+        // A literal rather than `MAX_BLOCK_DEPTH + 1`, so that *raising* the
+        // budget fails this test instead of quietly moving the target out of
+        // reach. The budget is pinned behaviour; changing it is deliberate.
+        let past_budget = 70;
+        assert!(
+            past_budget > MAX_BLOCK_DEPTH,
+            "depth {} is no longer past MAX_BLOCK_DEPTH ({}); re-anchor this test \
+             if the parser's budget changes",
+            past_budget,
+            MAX_BLOCK_DEPTH
+        );
+
+        for opener in [
+            "if 1 is 1 then",
+            "unless 1 is nothing then",
+            "for each i from 1 to 10",
+            "repeat 3 times",
+            "while 1 is less than 2",
+            "to greet(name)",
+            "object Person",
+            "try",
+            "test \"a name\"",
+            "module Math",
+        ] {
+            let mut source = String::new();
+            for index in 0..past_budget {
+                source.push_str(&opener.replace("Math", &format!("Math{index}")));
+                source.push('\n');
+            }
+            source.push_str("say 1\n");
+            for _ in 0..past_budget {
+                source.push_str("end\n");
+            }
+
+            let tokens = Lexer::tokenize(&source).expect("the source should lex");
+            let error = Parser::new(tokens)
+                .parse()
+                .err()
+                .unwrap_or_else(|| {
+                    panic!(
+                        "{past_budget} nested {opener:?} blocks is past the budget of \
+                         {MAX_BLOCK_DEPTH}, so it must be reported rather than parsed \
+                         all the way down"
+                    )
+                });
+            assert!(
+                error.to_string().contains("Blocks nest more than"),
+                "{opener:?} past the budget must name the block budget, got: {error}"
+            );
+        }
+    }
+
+    /// The two tables that answer "does this open a block" have to agree about
+    /// every form that opens one at a statement start, or one of them is a
+    /// divergence waiting to happen — this is exactly how `module` ended up in
+    /// one table and not the other, and a block form with no budget is a stack
+    /// overflow rather than a diagnostic.
+    #[test]
+    fn edge_every_statement_start_opener_is_a_block_to_the_parser_too() {
+        for kind in [
+            TokenKind::If,
+            TokenKind::Unless,
+            TokenKind::For,
+            TokenKind::Repeat,
+            TokenKind::While,
+            TokenKind::To,
+            TokenKind::Object,
+            TokenKind::Try,
+            TokenKind::Test,
+            TokenKind::Module,
+        ] {
+            assert!(
+                opens_block_at_statement_start(&kind),
+                "{kind:?} opens a block where a statement begins"
+            );
+            let parser = Parser::new(vec![Token {
+                kind: kind.clone(),
+                span: Span::unknown(),
+            }]);
+            assert!(
+                parser.opens_block(),
+                "{kind:?} opens a block to the parser as well, or its body is \
+                 parsed without any budget"
+            );
+        }
+    }
 }

[0m
Now I'll add the regression test to `src/parser.rs`:
[0m$ [0mcd /home/runner/work/rbops/rbops/redblue && cargo test --lib parser:: 2>&1 | tail -20
[1m[92m   Compiling[0m redblue v0.1.0 (/home/runner/work/rbops/rbops/redblue)
[1m[91merror[E0560][0m[1m: struct `lexer::Token` has no field named `span`[0m
    [1m[94m--> [0msrc/parser.rs:2290:17
     [1m[94m|[0m
[1m[94m2290[0m [1m[94m|[0m                 span: Span::unknown(),
     [1m[94m|[0m                 [1m[91m^^^^[0m [1m[91m`lexer::Token` does not have this field[0m
     [1m[94m|[0m
     [1m[94m= [0m[1mnote[0m: available fields are: `line`, `column`

[1mFor more information about this error, try `rustc --explain E0560`.[0m
[1m[91merror[0m: could not compile `redblue` (lib test) due to 1 previous error
[0m
[0m$ [0mcd /home/runner/work/rbops/rbops/redblue && grep -n "pub struct Token" -A 12 src/lexer.rs | head -20
167:pub struct Token {
168-    pub kind: TokenKind,
169-    pub line: usize,
170-    pub column: usize,
171-}
172-
173-impl Token {
174-    pub fn new(kind: TokenKind, line: usize, column: usize) -> Self {
175-        Self { kind, line, column }
176-    }
177-
178-    /// The source position this token was lexed from.
179-    pub fn span(&self) -> Span {
[0m
[0m← [0mEdit src/parser.rs
Index: /home/runner/work/rbops/rbops/redblue/src/parser.rs
===================================================================
--- /home/runner/work/rbops/rbops/redblue/src/parser.rs
+++ /home/runner/work/rbops/rbops/redblue/src/parser.rs
@@ -2284,12 +2284,9 @@
 assert!(
     opens_block_at_statement_start(&kind),
     "{kind:?} opens a block where a statement begins"
 );
-let parser = Parser::new(vec![Token {
-    kind: kind.clone(),
-    span: Span::unknown(),
-}]);
+let parser = Parser::new(vec![Token::new(kind.clone(), 1, 1)]);
 assert!(
     parser.opens_block(),
     "{kind:?} opens a block to the parser as well, or its body is \
      parsed without any budget"

[0m
[0m$ [0mcd /home/runner/work/rbops/rbops/redblue && cargo test --lib parser:: 2>&1 | tail -20
[1m[92m   Compiling[0m redblue v0.1.0 (/home/runner/work/rbops/rbops/redblue)
[1m[92m    Finished[0m `test` profile [unoptimized] target(s) in 1.07s
[1m[92m     Running[0m unittests src/lib.rs (target/debug/deps/redblue-24bf6050f3cb1a36)

running 11 tests
test parser::tests::edge_every_statement_start_opener_is_a_block_to_the_parser_too ... ok
test parser::tests::edge_a_block_whole_on_one_line_is_already_closed ... ok
test parser::tests::edge_source_with_no_block_at_all_is_zero ... ok
test parser::tests::open_block_depth_counts_nested_blocks ... ok
test parser::tests::open_block_depth_counts_every_block_form ... ok
test parser::tests::open_block_depth_counts_the_block_inside_an_else_if ... ok
test parser::tests::open_block_depth_ignores_a_to_that_is_not_a_declaration ... ok
test parser::tests::open_block_depth_reads_tokens_not_text ... ok
test parser::tests::test_parse_say ... ok
test parser::tests::test_parse_set ... ok
test parser::tests::edge_blocks_deeper_than_the_budget_are_reported_whatever_their_form ... ok

test result: ok. 11 passed; 0 failed; 0 ignored; 0 measured; 82 filtered out; finished in 0.00s
[0m
[0m$ [0mcd /home/runner/work/rbops/rbops/redblue && python3 - <<'PY'
p='src/parser.rs'
s=open(p).read()
open('/tmp/opencode/parser.bak','w').write(s)
s=s.replace("                | Some(TokenKind::Test)\n                | Some(TokenKind::Module)\n","                | Some(TokenKind::Test)\n",1)
open(p,'w').write(s)
PY
cargo test --lib parser::tests::edge_ 2>&1 | tail -25; cp /tmp/opencode/parser.bak src/parser.rs
4: <redblue::parser::tests::edge_every_statement_start_opener_is_a_block_to_the_parser_too::{closure#0} as core::ops::function::FnOnce<()>>::call_once
note: Some details are omitted, run with `RUST_BACKTRACE=full` for a verbose backtrace.

---- parser::tests::edge_blocks_deeper_than_the_budget_are_reported_whatever_their_form stdout ----

thread 'parser::tests::edge_blocks_deeper_than_the_budget_are_reported_whatever_their_form' (359868) panicked at src/parser.rs:2251:21:
70 nested "module Math" blocks is past the budget of 64, so it must be reported rather than parsed all the way down
stack backtrace:
   0: __rustc::rust_begin_unwind
   1: core::panicking::panic_fmt
   2: redblue::parser::tests::edge_blocks_deeper_than_the_budget_are_reported_whatever_their_form::{closure#0}
   3: <core::option::Option<redblue::error::Error>>::unwrap_or_else::<redblue::parser::tests::edge_blocks_deeper_than_the_budget_are_reported_whatever_their_form::{closure#0}>
   4: redblue::parser::tests::edge_blocks_deeper_than_the_budget_are_reported_whatever_their_form
   5: redblue::parser::tests::edge_blocks_deeper_than_the_budget_are_reported_whatever_their_form::{closure#0}
   6: <redblue::parser::tests::edge_blocks_deeper_than_the_budget_are_reported_whatever_their_form::{closure#0} as core::ops::function::FnOnce<()>>::call_once
note: Some details are omitted, run with `RUST_BACKTRACE=full` for a verbose backtrace.


failures:
    parser::tests::edge_blocks_deeper_than_the_budget_are_reported_whatever_their_form
    parser::tests::edge_every_statement_start_opener_is_a_block_to_the_parser_too

test result: FAILED. 2 passed; 2 failed; 0 ignored; 0 measured; 89 filtered out; finished in 0.00s

[1m[91merror[0m: test failed, to rerun pass `--lib`
[0m
[0m$ [0mcd /home/runner/work/rbops/rbops/redblue && grep -n "json_parse\|qualified\|fn builtins\|is_module" src/stdlib.rs | head -30
10:pub fn is_module(name: &str) -> bool {
14:pub fn builtins() -> HashMap<String, Value> {
143:        "json_parse".to_string(),
144:        Value::Builtin("json_parse".to_string()),
[0m
[0m→ [0mRead src/stdlib.rs[90m [limit=60][0m
[0m→ [0mRead src/stdlib.rs[90m [limit=60, offset=110][0m
[0m
[0m$ [0mcd /home/runner/work/rbops/rbops/redblue && grep -rn "user_functions\|user_names\|MathUtils_circle_area\|module_function" --include=*.rs src tests | grep -v "^src/vm.rs" | head -40
src/parser.rs:1838:                        // (a `module_function` builtin), so both forms stay one
src/stdlib.rs:4:/// The module names whose functions are registered as `module_function`
src/repl/mod.rs:121:        names.extend(self.vm.user_names());
src/repl/mod.rs:466:        for name in self.vm.user_names() {
src/repl/mod.rs:514:        let functions = self.vm.user_functions();
src/bytecode/vm.rs:2212:                self.publish_module_functions(&name, saved);
src/bytecode/vm.rs:2409:    /// Moves a module file's functions onto the `module_function` names a call
src/bytecode/vm.rs:2415:    /// `MathUtils_circle_area` from inside a scope of the module's own; here the
src/bytecode/vm.rs:2427:    fn publish_module_functions(&mut self, name: &str, saved: Vec<(String, Option<Value>)>) {
src/bytecode/vm.rs:2450:    /// `MathUtils.circle_area(5)` resolves to `MathUtils_circle_area`, which
[0m
[0m→ [0mRead src/bytecode/vm.rs[90m [limit=80, offset=2400][0m
[0m
[0m$ [0mcd /home/runner/work/rbops/rbops/redblue && grep -rn "funcs\|:vars\|:inspect" tests/*.rs | head -30; echo ---; grep -rn "user_names\|user_functions" src tests --include=*.rs
tests/repl_test.rs:165:    let s = session(":help\n:vars\n:funcs\n:history\n:quit\n");
tests/repl_test.rs:179:    let s = session("2 + 3\n:vars\n:quit\n");
tests/repl_test.rs:357:/// `:vars` prints a listing, and a listing whose order changes from one session
tests/repl_test.rs:361:    let s = session("2 + 3\n:vars\n:quit\n");
tests/repl_test.rs:386:    let s = session(":load\n:inspect\n:quit\n");
tests/repl_test.rs:390:        .assert_stdout_contains("Usage: :inspect")
tests/repl_test.rs:411:    let s = session("set x to 41\nset y to x + 1\nsay y\n:vars\n:quit\n");
tests/repl_test.rs:420:/// `:vars` is a listing of the session's bindings, and the `set`s above are what
tests/repl_test.rs:425:    let s = session("set alpha to 1\nset beta to 2\n2 + 3\n:vars\n:quit\n");
tests/repl_test.rs:434:/// `:funcs` names the functions the session declared. It used to print "User-
tests/repl_test.rs:436:/// ran `:funcs` asserted that sentence, so a missing listing could not fail.
tests/repl_test.rs:438:fn edge_funcs_names_the_function_the_session_declared() {
tests/repl_test.rs:439:    let s = session("to shout(word)\n    say word\nend\n:funcs\n:quit\n");
tests/repl_test.rs:447:/// `:inspect` asks the session, not the REPL's own map. `set`, `to` and `import`
tests/repl_test.rs:448:/// all bind in the VM, so `:inspect <session-name>` answered "Variable not found"
tests/repl_test.rs:452:    let s = session("set counter to 7\n:inspect counter\n:inspect nosuchname\n:quit\n");
tests/repl_test.rs:627:        ":funcs",
---
src/repl/mod.rs:121:        names.extend(self.vm.user_names());
src/repl/mod.rs:466:        for name in self.vm.user_names() {
src/repl/mod.rs:514:        let functions = self.vm.user_functions();
src/vm.rs:438:    pub fn user_names(&self) -> Vec<String> {
src/vm.rs:464:    /// The names in [`Vm::user_names`] that hold a callable the program
src/vm.rs:471:    /// a [`Value::Builtin`] and is already excluded from [`Vm::user_names`], so
src/vm.rs:474:    pub fn user_functions(&self) -> Vec<String> {
src/vm.rs:475:        self.user_names()
[0m
Now let me implement the `user_names` fix:
[0m$ [0mcd /home/runner/work/rbops/rbops/redblue && grep -n "globals: HashMap::new\|modules: HashMap::new\|Self {" src/vm.rs | head -10
314:    pub fn new() -> Self {
316:        Self {
321:            modules: HashMap::new(),
324:            declared_modules: HashMap::new(),
338:    pub fn with_max_call_depth(max_call_depth: usize) -> Self {
349:    pub fn with_max_iterations(max_iterations: usize) -> Self {
358:    pub fn with_max_steps(max_steps: usize) -> Self {
1481:    fn default() -> Self {
[0m
[0m→ [0mRead src/vm.rs[90m [limit=55, offset=310][0m
[0m
[0m← [0mEdit src/vm.rs
Index: /home/runner/work/rbops/rbops/redblue/src/vm.rs
===================================================================
--- /home/runner/work/rbops/rbops/redblue/src/vm.rs
+++ /home/runner/work/rbops/rbops/redblue/src/vm.rs
@@ -192,8 +192,19 @@
 /// module's own scope instead of becoming a global, which is what makes a
 /// module declaration a boundary rather than a sequence of top-level
 /// statements.
 module_depth: usize,
+/// The `module_member` names this VM has published for a module's own
+/// members, which is where a call `MathUtils.circle_area(5)` resolves to.
+///
+/// They are recorded rather than inferred from the name, because
+/// `Module_member` is a naming convention and a program may bind a name with
+/// an underscore in it: guessing would drop a name the program wrote.
+/// [`Vm::user_names`] uses this to leave them out — they are the interior of
+/// `MathUtils.circle_area`, so offering `MathUtils_circle_area` to
+/// completion, `:vars`, `:funcs` and the analyzer's seed shows the program a
+/// name it cannot write.
+qualified_members: HashSet<String>,
 /// Every `object` declaration, by type name. The table is the inheritance
 /// model: an entry already holds its own fields and methods merged with
 /// everything it inherits, nearest declaration first, so a lookup is a
 /// single map read and cannot walk a cyclic parent chain.

[0m
[0m← [0mEdit src/vm.rs
Index: /home/runner/work/rbops/rbops/redblue/src/vm.rs
===================================================================
--- /home/runner/work/rbops/rbops/redblue/src/vm.rs
+++ /home/runner/work/rbops/rbops/redblue/src/vm.rs
@@ -333,8 +333,9 @@
 module_aliases: HashMap::new(),
 importing: Vec::new(),
 declared_modules: HashMap::new(),
 module_depth: 0,
+qualified_members: HashSet::new(),
 objects: HashMap::new(),
 expectation_failure: None,
 current_span: Span::unknown(),
 call_depth: 0,

[0m
[0m← [0mEdit src/vm.rs
Index: /home/runner/work/rbops/rbops/redblue/src/vm.rs
===================================================================
--- /home/runner/work/rbops/rbops/redblue/src/vm.rs
+++ /home/runner/work/rbops/rbops/redblue/src/vm.rs
@@ -446,14 +446,23 @@
 /// next.
 ///
 /// Sorted and deduplicated, because `globals` and each scope are hash maps and
 /// their iteration order is not a result.
+///
+/// The `module_member` names a module's members are published under are left
+/// out — see [`Vm::qualified_members`]. They are in `globals` because that is
+/// where [`Vm::call_method`] looks for them, and a name the program never
+/// wrote is not one of its names: after `import MathUtils` this used to offer
+/// `MathUtils_circle_area` to completion and list it in `:vars`, which is a
+/// name no line of Redblue can call.
 pub fn user_names(&self) -> Vec<String> {
     let builtins = stdlib::builtins();
     let mut names: Vec<String> = self
         .globals
         .keys()
-        .filter(|name| !builtins.contains_key(*name))
+        .filter(|name| {
+            !builtins.contains_key(*name) && !self.qualified_members.contains(*name)
+        })
         .cloned()
         .collect();
     for scope in &self.locals {
         names.extend(scope.keys().cloned());
@@ -462,8 +471,20 @@
     names.dedup();
     names
 }
 
+/// Publishes `value` as the member `member` of `module`, under the
+/// `module_member` name a call through the module resolves to.
+///
+/// Every writer of such a name goes through here, so the set of them is
+/// known exactly and [`Vm::user_names`] does not have to guess which globals
+/// are mangled names and which are a program's own.
+fn publish_member(&mut self, module: &str, member: &str, value: Value) {
+    let name = qualified_member(module, member);
+    self.qualified_members.insert(name.clone());
+    self.globals.insert(name, value);
+}
+
 /// The value bound to `name`, wherever this VM keeps it.
 ///
 /// What a REPL's `:inspect` and `:vars` read, and neither of them could
 /// answer from its own bookkeeping: a `set`, a `to` and an `import` all bind

[0m
Now update `user_names` and add the publishing helper:
[0m← [0mEdit src/vm.rs
Index: /home/runner/work/rbops/rbops/redblue/src/vm.rs
===================================================================
--- /home/runner/work/rbops/rbops/redblue/src/vm.rs
+++ /home/runner/work/rbops/rbops/redblue/src/vm.rs
@@ -501,10 +501,15 @@
 /// about where functions are stored: "User-defined functions are stored in
 /// the VM" told the user nothing they could not already see from the same
 /// line, and named none of the functions they had just written. A builtin is
 /// a [`Value::Builtin`] and is already excluded from [`Vm::user_names`], so
-/// what is left is what a `to` declared — including a module's functions,
-/// which the `import` published as `Module_function` — and nothing else.
+/// what is left is what a `to` declared.
+///
+/// A module's functions are not listed. They are reached as
+/// `MathUtils.circle_area(..)`, and [`Vm::user_names`] deliberately holds the
+/// published `MathUtils_circle_area` back rather than showing a name the user
+/// cannot type; the module's own name is one of the session's names, so it is
+/// still offered and inspectable.
 pub fn user_functions(&self) -> Vec<String> {
     self.user_names()
         .into_iter()
         .filter(|name| matches!(self.user_value(name), Some(Value::Function(_))))

[0m
Now route the three publishing sites through the helper:
[0m← [0mEdit src/vm.rs
Index: /home/runner/work/rbops/rbops/redblue/src/vm.rs
===================================================================
--- /home/runner/work/rbops/rbops/redblue/src/vm.rs
+++ /home/runner/work/rbops/rbops/redblue/src/vm.rs
@@ -581,9 +581,9 @@
     {
         let Some(value) = self.declare_member(&member) else {
             continue;
         };
-        self.globals.insert(qualified_member(name, &member), value);
+        self.publish_member(name, &member, value);
     }
 }
 self.pop_scope();
 if let Some(error) = failure {

[0m
[0m→ [0mRead src/vm.rs[90m [limit=25, offset=668][0m
[0m
[0m← [0mEdit src/vm.rs
Index: /home/runner/work/rbops/rbops/redblue/src/vm.rs
===================================================================
--- /home/runner/work/rbops/rbops/redblue/src/vm.rs
+++ /home/runner/work/rbops/rbops/redblue/src/vm.rs
@@ -684,9 +684,9 @@
         let Some(value) = self.declare_member(member) else {
             continue;
         };
         let qualified = qualified_member(name, member);
-        self.globals.insert(qualified.clone(), value.clone());
+        self.publish_member(name, member, value.clone());
         members.push((member.clone(), qualified, value));
     }
 }
 

[0m
[0m← [0mEdit src/vm.rs
Index: /home/runner/work/rbops/rbops/redblue/src/vm.rs
===================================================================
--- /home/runner/work/rbops/rbops/redblue/src/vm.rs
+++ /home/runner/work/rbops/rbops/redblue/src/vm.rs
@@ -1141,10 +1141,9 @@
 // `alias_member` names here rather than by the loader.
 if let Some(declared) = self.declared_modules.get(&item.name) {
     let members: Vec<(String, String, Value)> = declared.members.clone();
     for (member, _, value) in members {
-        self.globals
-            .insert(qualified_member(&target_name, &member), value);
+        self.publish_member(&target_name, &member, value);
     }
 }
 
 // The names the import itself binds go through the same

[0m
[0m$ [0mcd /home/runner/work/rbops/rbops/redblue && cargo build 2>&1 | tail -20
[1m[92m   Compiling[0m redblue v0.1.0 (/home/runner/work/rbops/rbops/redblue)
[1m[92m    Finished[0m `dev` profile [unoptimized] target(s) in 1.09s
[0m
[0m$ [0mcd /home/runner/work/rbops/rbops/redblue && ls modules && printf 'import MathUtils\n:vars\n:funcs\nsay MathUtils.circle_area(2)\n:quit\n' | timeout 20 ./target/debug/rb 2>&1 | head -30
MathUtils.rb
SuiteKit.rb
Welcome to Redblue v0.1.0 - Interactive REPL
Type 'help' for commands, 'quit' to exit

>>> >>> Variables:
  MathUtils = nothing
  TAU = 6.28318
>>> No functions defined.
>>> 12.56636
>>> Goodbye!
[0m
[0m$ [0mcd /home/runner/work/rbops/rbops/redblue && git stash && cargo build 2>&1|tail -2 && printf 'import MathUtils\n:vars\n:funcs\n:quit\n' | timeout 20 ./target/debug/rb 2>&1 | head -20; git stash pop
error: Entry 'phases/phase-033/FINDINGS.md' not uptodate. Cannot merge.
Cannot save the current worktree state
No stash entries found.
[0m
[0m$ [0mcd /home/runner/work/rbops/rbops/redblue && git status --short && git stash list
A phases/phase-033/FINDINGS.md
 A phases/phase-033/REPORT.md
 M src/analyzer.rs
 M src/parser.rs
 M src/repl/commands.rs
 M src/repl/completer.rs
 M src/repl/history.rs
 M src/repl/mod.rs
 M src/vm.rs
 A tests/repl_test.rs
[0m
[0m$ [0mcd /home/runner/work/rbops/rbops/redblue && cp src/vm.rs /tmp/opencode/vm.new && python3 - <<'PY'
p='src/vm.rs'
s=open(p).read()
s=s.replace("""                !builtins.contains_key(*name) && !self.qualified_members.contains(*name)""","""                !builtins.contains_key(*name)""",1)
open(p,'w').write(s)
PY
cargo build 2>&1|tail -2 && printf 'import MathUtils\n:vars\n:funcs\n:quit\n' | timeout 20 ./target/debug/rb 2>&1 | head -20; cp /tmp/opencode/vm.new src/vm.rs; cargo build 2>&1|tail -2
[1m[92m   Compiling[0m redblue v0.1.0 (/home/runner/work/rbops/rbops/redblue)
[1m[92m    Finished[0m `dev` profile [unoptimized] target(s) in 1.09s
Welcome to Redblue v0.1.0 - Interactive REPL
Type 'help' for commands, 'quit' to exit

>>> >>> Variables:
  MathUtils = nothing
  MathUtils_circle_area = <function circle_area>
  MathUtils_circle_circumference = <function circle_circumference>
  MathUtils_degrees_to_radians = <function degrees_to_radians>
  MathUtils_radians_to_degrees = <function radians_to_degrees>
  TAU = 6.28318
>>> Functions:
  MathUtils_circle_area
  MathUtils_circle_circumference
  MathUtils_degrees_to_radians
  MathUtils_radians_to_degrees
>>> Goodbye!
[1m[92m   Compiling[0m redblue v0.1.0 (/home/runner/work/rbops/rbops/redblue)
[1m[92m    Finished[0m `dev` profile [unoptimized] target(s) in 1.09s
[0m
[0m$ [0mcd /home/runner/work/rbops/rbops/redblue && grep -rn "MathUtils" --include=*.rs src tests | head -30
src/parser.rs:114:    // module shares, as `modules/MathUtils.rb` does for `PI`.
src/parser.rs:263:/// The two spellings of a module are the same module — `module MathUtils ...
src/parser.rs:2034:/// `for each i from 1 to 10` and the alias in `import MathUtils to M` are both
src/parser.rs:2129:            depth_of("import MathUtils to M"),
src/repl/completer.rs:174:            "MathUtils".to_string(),
src/repl/completer.rs:197:            matches.contains(&"MathUtils".to_string()),
src/repl/completer.rs:373:                .contains(&"MathUtils".to_string()),
src/vm.rs:197:    /// members, which is where a call `MathUtils.circle_area(5)` resolves to.
src/vm.rs:203:    /// `MathUtils.circle_area`, so offering `MathUtils_circle_area` to
src/vm.rs:242:/// The name a member of module `module` is reached by: `MathUtils.circle_area`
src/vm.rs:243:/// is `MathUtils_circle_area`, which is the same `module_function` name the
src/vm.rs:454:    /// wrote is not one of its names: after `import MathUtils` this used to offer
src/vm.rs:455:    /// `MathUtils_circle_area` to completion and list it in `:vars`, which is a
src/vm.rs:508:    /// `MathUtils.circle_area(..)`, and [`Vm::user_names`] deliberately holds the
src/vm.rs:509:    /// published `MathUtils_circle_area` back rather than showing a name the user
src/vm.rs:563:        // `import MathUtils as M` then `M.circle_area(5)` run.
src/bytecode/vm.rs:2243:        // unbound one is bound to `nothing` — which is what makes `say MathUtils`
src/bytecode/vm.rs:2256:        // the write, so `constant M to 5` then `import MathUtils as M` would
src/bytecode/vm.rs:2415:    /// `MathUtils_circle_area` from inside a scope of the module's own; here the
src/bytecode/vm.rs:2450:    /// `MathUtils.circle_area(5)` resolves to `MathUtils_circle_area`, which
tests/loop_bounds_test.rs:389:/// `modules/MathUtils.rb` used to be left out because its `constant`
tests/formatter_test.rs:1602:module MathUtils
tests/module_system_test.rs:90:/// which is what `SPEC.md` § Modules writes: `import MathUtils as M` then
tests/module_system_test.rs:95:        eval("import MathUtils as M\nM.circle_area(2)"),
tests/module_system_test.rs:100:        eval("import MathUtils\nMathUtils.degrees_to_radians(180)"),
tests/module_system_test.rs:238:        "import MathUtils as M\nM.not_a_function(1)",
tests/module_system_test.rs:239:        "Module 'MathUtils' has no function 'not_a_function'",
tests/constant_test.rs:3://! `modules/MathUtils.rb` has opened with `constant PI to 3.14159` since the
tests/constant_test.rs:52:/// The values `modules/MathUtils.rb` declares are `3.14159` and `6.28318`, and
tests/constant_test.rs:128:/// The shipped `modules/MathUtils.rb`.
[0m
[0m$ [0mcd /home/runner/work/rbops/rbops/redblue && sed -n '1,120p' tests/module_system_test.rs
//! `module Name ... export ... end`, and `import Name as Alias`.
//!
//! Both halves of the module system had a keyword (`module` at
//! `src/lexer.rs`, `import` with an alias slot) and no behaviour behind it:
//! `module M ... end` was a `ParserError: Unexpected token Module`, and the
//! alias an import parsed was bound to `nothing`, so nothing could be called
//! through it. `docs/GRAMMAR.md` § 3.1 and `SPEC.md` § Modules describe the
//! system these tests pin.
//!
//! The rules:
//!
//! - `import Name as Alias` binds `Alias` as a name for the module `Name`, and
//!   `Alias.member(...)` runs the same function `Name.member(...)` does.
//! - A module namespace with no file behind it — `json`, `files`, `time` — is
//!   importable under any alias; only a name that is neither a module file nor
//!   a builtin namespace is `Cannot find module 'X'`.
//! - `module Name ... export ... end` declares a module. Its body runs in a
//!   scope of its own, so a module's functions are not the program's names.
//! - `export a, b` names what the module publishes; `export all` publishes
//!   everything the module defines. A name an `export` lists that the module
//!   does not define is a clean error naming it, not a silent omission.
//! - A module declared twice in one file is refused, and a module that imports
//!   itself is a caught `Runtime` error rather than a hang.
//!
//! Every test runs the whole pipeline — lexer, parser, analyzer, VM — as
//! `rb run` does, through [`redblue::run_source_value`].

use redblue::{Error, Value};

/// Runs the whole pipeline on `source` and returns the value of its last
/// statement.
#[track_caller]
fn eval(source: &str) -> Value {
    redblue::run_source_value(source)
        .unwrap_or_else(|error| panic!("`{}` should have run, failed with {:?}", source, error))
}

/// Runs the whole pipeline on `source` and returns the error it produced.
#[track_caller]
fn eval_err(source: &str) -> Error {
    redblue::run_source_value(source).expect_err("`source` should have failed")
}

/// [`Value::Number`] for a decimal written as text.
#[track_caller]
fn number(decimal: &str) -> Value {
    Value::Number(
        decimal
            .parse::<f64>()
            .unwrap_or_else(|_| panic!("`{}` should be a decimal number", decimal)),
    )
}

/// Asserts `source` fails at runtime with exactly `expected` as its message.
#[track_caller]
fn assert_runtime_error(source: &str, expected: &str) {
    match eval_err(source) {
        Error::Runtime(message, span) => {
            assert_eq!(
                message, expected,
                "`{}` failed with the wrong message",
                source
            );
            assert!(span.is_known(), "`{}` failed without a source span", source);
        }
        other => panic!(
            "`{}` should fail with a Runtime error, got {:?}",
            source, other
        ),
    }
}

/// The whole of the phase's headline claim: an import of a builtin namespace
/// under an alias, and a call through that alias.
#[test]
fn import_alias_binds_the_module_name() {
    assert_eq!(
        eval("import json as J\nJ.stringify(1)"),
        Value::Text("1".to_string()),
        "an alias should name the module it imported"
    );
    assert_eq!(
        eval("import json\njson.stringify(1)"),
        Value::Text("1".to_string()),
        "the module's own name should still work alongside its alias"
    );
}

/// A module file's functions are reachable through the name its import binds,
/// which is what `SPEC.md` § Modules writes: `import MathUtils as M` then
/// `M.circle_area(5)`.
#[test]
fn import_alias_reaches_a_module_files_function() {
    assert_eq!(
        eval("import MathUtils as M\nM.circle_area(2)"),
        number("12.56636"),
        "the alias should reach the function the module file declares"
    );
    assert_eq!(
        eval("import MathUtils\nMathUtils.degrees_to_radians(180)"),
        number("3.14159"),
        "the module's own name should reach the same function"
    );
}

/// A module declaration is a statement the VM runs: the body's bindings stay
/// inside it, and the program's own names are untouched.
#[test]
fn module_declaration_parses_and_runs() {
    assert_eq!(
        eval("set outside to 1\nmodule M\n    set inside to 2\n    export all\nend\ngive back outside"),
        number("1"),
        "a module declaration should not disturb the surrounding program"
    );
}

/// `module M ... export ... end` with no `export` at all declares nothing the
/// program can use, and is not an error.
#[test]
fn edge_module_with_nothing_exported_binds_nothing() {
[0m
[0m$ [0mcd /home/runner/work/rbops/rbops/redblue && sed -n '1,120p' tests/repl_test.rs
//! End-to-end tests for the REPL: `rb` with no arguments, driven over a pipe.
//!
//! The REPL is the one surface a user touches first and the one with no
//! coverage at all — every claim about it was previously made by reading
//! `src/repl/mod.rs` rather than by running it. These tests pipe a session into
//! the real binary and assert on what it printed and on how it exited.

use std::io::{Read, Write};
use std::path::{Path, PathBuf};
use std::process::{Command, Stdio};
use std::sync::atomic::{AtomicUsize, Ordering};
use std::thread;
use std::time::{Duration, Instant};

/// How long a session may take before it counts as hung.
///
/// This is a liveness bound, not a performance assertion: nothing here claims a
/// session is *fast*, only that it *finishes*. The pre-fix REPL spins forever on
/// EOF printing prompts, so without a bound a regression would be an unkillable
/// test rather than a failing one.
const SESSION_LIMIT: Duration = Duration::from_secs(20);

/// What one piped REPL session produced.
struct Session {
    code: Option<i32>,
    stdout: String,
    stderr: String,
}

impl Session {
    /// Asserts the session exited cleanly, quoting both streams.
    fn assert_exited_ok(&self) -> &Self {
        assert_eq!(
            self.code,
            Some(0),
            "the REPL should exit 0\nstdout:\n{}\nstderr:\n{}",
            self.stdout,
            self.stderr
        );
        self
    }

    fn assert_stdout_contains(&self, needle: &str) -> &Self {
        assert!(
            self.stdout.contains(needle),
            "stdout should contain {:?}\n--- actual ---\n{}",
            needle,
            self.stdout
        );
        self
    }

    fn assert_stdout_lacks(&self, needle: &str) -> &Self {
        assert!(
            !self.stdout.contains(needle),
            "stdout should not contain {:?}\n--- actual ---\n{}",
            needle,
            self.stdout
        );
        self
    }

    /// How many times `needle` appears, for the assertions that are about *how
    /// often* a session says something rather than whether it says it at all.
    fn count_stdout(&self, needle: &str) -> usize {
        self.stdout.matches(needle).count()
    }
}

/// Pipes `input` into `rb` with no arguments and collects the session.
///
/// stdin is closed as soon as `input` is written, so the REPL sees EOF exactly
/// as it would from Ctrl-D at a terminal. Reading stdout on its own thread means
/// a child that fills the pipe buffer cannot deadlock the test while the parent
/// waits for it to exit.
fn session(input: &str) -> Session {
    let mut child = Command::new(env!("CARGO_BIN_EXE_rb"))
        .stdin(Stdio::piped())
        .stdout(Stdio::piped())
        .stderr(Stdio::piped())
        .spawn()
        .expect("the rb binary should start");

    let mut stdin = child.stdin.take().expect("stdin should be piped");
    let payload = input.to_string();
    let writer = thread::spawn(move || {
        let _ = stdin.write_all(payload.as_bytes());
        drop(stdin);
    });

    let mut stdout = child.stdout.take().expect("stdout should be piped");
    let reader = thread::spawn(move || read_all(&mut stdout));
    let mut stderr = child.stderr.take().expect("stderr should be piped");
    let errors = thread::spawn(move || read_all(&mut stderr));

    let deadline = Instant::now() + SESSION_LIMIT;
    let status = loop {
        match child.try_wait().expect("child status should be readable") {
            Some(status) => break status,
            None if Instant::now() >= deadline => {
                let _ = child.kill();
                let _ = child.wait();
                writer.join().ok();
                let _ = reader.join();
                panic!(
                    "the REPL did not exit within {:?} of its input closing: it \
                     hangs instead of terminating on EOF.\ninput:\n{}",
                    SESSION_LIMIT, input
                );
            }
            None => thread::sleep(Duration::from_millis(10)),
        }
    };

    writer.join().expect("the writer thread should not panic");
    let stdout = reader.join().expect("the reader thread should not panic");
    let stderr = errors.join().expect("the stderr thread should not panic");

    Session {
        code: status.code(),
[0m
[0m$ [0mcd /home/runner/work/rbops/rbops/redblue && sed -n '340,470p' tests/repl_test.rs
/// A command's argument is every word after it: a path with a space in it is the
/// whole remainder, not the first word of it.
#[test]
fn edge_a_command_argument_with_a_space_in_it_is_not_truncated() {
    let dir = scratch_dir().join("with a space");
    std::fs::create_dir_all(&dir).expect("the directory should be creatable");
    let program = dir.join("prog.rb");
    std::fs::write(&program, "say \"SPACED PATH\"\n").expect("the file should be writable");

    let s = session(&format!(":load {}\n:quit\n", program.display()));
    let _ = std::fs::remove_file(&program);

    s.assert_exited_ok()
        .assert_stdout_contains("SPACED PATH")
        .assert_stdout_lacks("No such file");
}

/// `:vars` prints a listing, and a listing whose order changes from one session
/// to the next cannot be read. `variables` is a `HashMap`, so it is sorted.
#[test]
fn edge_vars_lists_the_session_bindings() {
    let s = session("2 + 3\n:vars\n:quit\n");

    s.assert_exited_ok()
        .assert_stdout_contains("Variables:")
        .assert_stdout_contains("  _ = 5");
}

#[test]
fn edge_load_of_a_missing_path_reports_the_failure() {
    let missing = scratch_dir().join("definitely-not-here-9f3a.rb");
    assert!(
        !missing.exists(),
        "the path under test must not exist before the test runs"
    );
    let s = session(&format!(":load {}\n:quit\n", missing.display()));

    s.assert_exited_ok()
        .assert_stdout_contains("Could not load file:")
        .assert_stdout_contains("No such file or directory");
}

/// A command given no argument is reported as missing one, not as an unknown
/// command, and never runs against an empty path.
#[test]
fn edge_command_missing_its_argument_is_reported_not_guessed() {
    let s = session(":load\n:inspect\n:quit\n");

    s.assert_exited_ok()
        .assert_stdout_contains("Usage: :load")
        .assert_stdout_contains("Usage: :inspect")
        .assert_stdout_lacks("Unknown command 'load");
}

/// A command word that does not exist is reported by name, and the session
/// carries on rather than treating it as source.
#[test]
fn edge_unknown_command_is_named_and_the_session_survives() {
    let s = session(":bogus\nsay \"still here\"\n:quit\n");

    s.assert_exited_ok()
        .assert_stdout_contains("Unknown command 'bogus'")
        .assert_stdout_contains("still here");
}

/// A REPL carries state from one line to the next, and this could not be asserted
/// end to end before: each line was analyzed against an empty scope, so the second
/// line of `set x to 41` / `set y to x + 1` / `say y` was rejected with
/// `Unknown variable 'x'`. Every other test here avoided a cross-line read.
#[test]
fn repl_carries_a_binding_from_one_line_to_the_next() {
    let s = session("set x to 41\nset y to x + 1\nsay y\n:vars\n:quit\n");

    s.assert_exited_ok()
        .assert_stdout_contains("42")
        .assert_stdout_contains("  x = 41")
        .assert_stdout_contains("  y = 42")
        .assert_stdout_lacks("Unknown variable");
}

/// `:vars` is a listing of the session's bindings, and the `set`s above are what
/// it has to show. It read only the REPL's own map, which held `_` and nothing
/// else, so a session that had bound a dozen names listed one.
#[test]
fn edge_vars_lists_the_names_the_session_bound_not_only_the_last_result() {
    let s = session("set alpha to 1\nset beta to 2\n2 + 3\n:vars\n:quit\n");

    s.assert_exited_ok()
        .assert_stdout_contains("Variables:")
        .assert_stdout_contains("  alpha = 1")
        .assert_stdout_contains("  beta = 2")
        .assert_stdout_contains("  _ = 5");
}

/// `:funcs` names the functions the session declared. It used to print "User-
/// defined functions are stored in the VM" — which named none — and the test that
/// ran `:funcs` asserted that sentence, so a missing listing could not fail.
#[test]
fn edge_funcs_names_the_function_the_session_declared() {
    let s = session("to shout(word)\n    say word\nend\n:funcs\n:quit\n");

    s.assert_exited_ok()
        .assert_stdout_contains("Functions:")
        .assert_stdout_contains("  shout")
        .assert_stdout_lacks("User-defined functions are stored in the VM.");
}

/// `:inspect` asks the session, not the REPL's own map. `set`, `to` and `import`
/// all bind in the VM, so `:inspect <session-name>` answered "Variable not found"
/// for every name the session had actually bound.
#[test]
fn edge_inspect_reports_a_value_the_session_bound() {
    let s = session("set counter to 7\n:inspect counter\n:inspect nosuchname\n:quit\n");

    s.assert_exited_ok()
        .assert_stdout_contains("counter: 7")
        .assert_stdout_contains("Variable 'nosuchname' not found.");
}

/// A path is a path, not a list of words joined by one space. A file whose
/// directory name holds two consecutive spaces was named by neither.
#[test]
fn edge_a_command_argument_with_consecutive_spaces_is_not_collapsed() {
    let dir = scratch_dir().join("two  spaces");
    std::fs::create_dir_all(&dir).expect("the directory should be creatable");
    let program = dir.join("prog.rb");
    std::fs::write(&program, "say \"DOUBLE SPACE\"\n").expect("the file should be writable");

    let s = session(&format!(":load {}\n:quit\n", program.display()));
    let _ = std::fs::remove_file(&program);
[0m
[0m$ [0mcd /home/runner/work/rbops/rbops/redblue && grep -n "mod tests" src/vm.rs | head; grep -rn "mod tests" tests/vm_test.rs 2>/dev/null | head -3; ls tests
bytecode_test.rs
bytecode_vm_test.rs
call_depth_test.rs
closure_capture_test.rs
common
comparison_lex_test.rs
comparison_words_test.rs
constant_test.rs
differential_test.rs
discovery_test.rs
expect_test.rs
for_range_test.rs
formatter_test.rs
index_bounds_test.rs
integration_test.rb
lexer_robustness_test.rs
linter_test.rs
loop_bounds_test.rs
mod_in_test.rs
module_system_test.rs
numeric_edge_test.rs
object_model_test.rs
parser_hardening_test.rs
record_order_test.rs
redblue_suite_test.rs
redblue_test.rs
repl_test.rs
span_test.rs
stdlib_modules_test.rs
suite.rb
test_arithmetic.rb
test_closures.rb
test_comparisons.rb
test_control_flow.rb
test_functions.rb
test_lists.rb
test_mod_in.rb
test_modules.rb
test_numeric_edges.rb
test_object_model.rb
test_objects.rb
test_records.rb
test_text.rb
tooling_grammar_test.rs
unless_test.rs
[0m
[0m$ [0mcd /home/runner/work/rbops/rbops/redblue && sed -n '1,80p' tests/parser_hardening_test.rs
use redblue::lexer::Lexer;
use redblue::parser::{parse, Parser, MAX_BLOCK_DEPTH, MAX_NESTING_DEPTH};
use redblue::Error;

fn lex_and_parse(source: &str) -> Result<redblue::parser::Program, Error> {
    let tokens = Lexer::tokenize(source)?;
    parse(tokens)
}

fn parser_error(source: &str) -> Error {
    lex_and_parse(source).expect_err("source should fail to parse")
}

/// Builds `set x to ` followed by `open` repeated `depth` times, `1`, and
/// `close` repeated `depth` times.
fn nested(open: &str, close: &str, depth: usize) -> String {
    format!(
        "set x to {}{}{}\n",
        open.repeat(depth),
        "1",
        close.repeat(depth)
    )
}

fn assert_spanned_parser_error(error: &Error) {
    match error {
        Error::Parser(message, span) => {
            assert!(
                span.is_known(),
                "parser error must carry a span, got {span:?} for {message:?}"
            );
            assert!(!message.is_empty(), "parser error must carry a message");
        }
        other => panic!("expected a Parser error, got {other:?}"),
    }
}

// --- empty / degenerate input ------------------------------------------------

#[test]
fn edge_empty_file_parses_to_empty_program() {
    let program = lex_and_parse("").expect("an empty file is valid Redblue");
    assert!(
        program.statements.is_empty(),
        "empty file should produce no statements, got {}",
        program.statements.len()
    );
}

#[test]
fn edge_whitespace_only_and_comment_only_are_empty_programs() {
    for source in [
        "   ",
        "\n\n\n",
        "\t \t",
        " \r\n \r\n",
        "// only a comment\n",
    ] {
        let program =
            lex_and_parse(source).unwrap_or_else(|e| panic!("{source:?} should parse: {e}"));
        assert!(
            program.statements.is_empty(),
            "{source:?} should produce no statements, got {}",
            program.statements.len()
        );
    }
}

// --- malformed input --------------------------------------------------------

#[test]
fn edge_unclosed_constructs_produce_spanned_parser_errors() {
    let cases = [
        ("if true then\n  say \"hi\"\n", "unclosed `end`"),
        ("to f()\n  say 1\n", "unclosed function"),
        ("for each x in [1, 2]\n  say x\n", "unclosed for"),
        ("set x to [1, 2, 3\n", "unclosed bracket"),
        ("set x to (1 + 2\n", "unclosed paren"),
        ("set x to {a: 1\n", "unclosed brace"),
        ("say 1 +", "stray operator"),
[0m
[0m$ [0mcd /home/runner/work/rbops/rbops/redblue && grep -n "MAX_BLOCK_DEPTH" -B 20 -A 40 tests/parser_hardening_test.rs | sed -n '1,120p'
1-use redblue::lexer::Lexer;
2:use redblue::parser::{parse, Parser, MAX_BLOCK_DEPTH, MAX_NESTING_DEPTH};
3-use redblue::Error;
4-
5-fn lex_and_parse(source: &str) -> Result<redblue::parser::Program, Error> {
6-    let tokens = Lexer::tokenize(source)?;
7-    parse(tokens)
8-}
9-
10-fn parser_error(source: &str) -> Error {
11-    lex_and_parse(source).expect_err("source should fail to parse")
12-}
13-
14-/// Builds `set x to ` followed by `open` repeated `depth` times, `1`, and
15-/// `close` repeated `depth` times.
16-fn nested(open: &str, close: &str, depth: usize) -> String {
17-    format!(
18-        "set x to {}{}{}\n",
19-        open.repeat(depth),
20-        "1",
21-        close.repeat(depth)
22-    )
23-}
24-
25-fn assert_spanned_parser_error(error: &Error) {
26-    match error {
27-        Error::Parser(message, span) => {
28-            assert!(
29-                span.is_known(),
30-                "parser error must carry a span, got {span:?} for {message:?}"
31-            );
32-            assert!(!message.is_empty(), "parser error must carry a message");
33-        }
34-        other => panic!("expected a Parser error, got {other:?}"),
35-    }
36-}
37-
38-// --- empty / degenerate input ------------------------------------------------
39-
40-#[test]
41-fn edge_empty_file_parses_to_empty_program() {
42-    let program = lex_and_parse("").expect("an empty file is valid Redblue");
--
171-#[test]
172-fn nesting_at_the_depth_limit_is_accepted_and_one_past_is_rejected() {
173-    let at_limit = nested("[", "]", MAX_NESTING_DEPTH);
174-    let program = lex_and_parse(&at_limit).expect("nesting exactly at the limit must parse");
175-    assert_eq!(program.statements.len(), 1);
176-
177-    let over_limit = nested("[", "]", MAX_NESTING_DEPTH + 1);
178-    let error = lex_and_parse(&over_limit).expect_err("one past the limit must be rejected");
179-    assert_spanned_parser_error(&error);
180-}
181-
182-#[test]
183-fn nesting_limit_is_a_sane_small_number() {
184-    // Guards against someone raising the limit back into stack-overflow
185-    // territory. libstd gives spawned (test) threads a 2 MiB stack.
186-    assert!(
187-        (16..=96).contains(&MAX_NESTING_DEPTH),
188-        "MAX_NESTING_DEPTH must stay within a 2 MiB stack, got {MAX_NESTING_DEPTH}"
189-    );
190-    assert!(
191:        (16..=96).contains(&MAX_BLOCK_DEPTH),
192:        "MAX_BLOCK_DEPTH must stay within a 2 MiB stack, got {MAX_BLOCK_DEPTH}"
193-    );
194-}
195-
196-// --- block nesting ----------------------------------------------------------
197-
198-/// Builds `depth` nested `open ... end` blocks around a single `say 1`.
199-fn nested_blocks(open: &str, depth: usize) -> String {
200-    format!(
201-        "{}say 1\n{}",
202-        format!("{open}\n").repeat(depth),
203-        "end\n".repeat(depth)
204-    )
205-}
206-
207-#[test]
208-fn edge_deeply_nested_blocks_are_a_clean_error_not_a_stack_overflow() {
209-    // A block body is parsed by recursing back into `parse_statement`, so
210-    // 5000 nested `if`s used to abort the process outright.
211-    for open in [
212-        "if true then",
213-        "while true",
214-        "repeat 1 times",
215-        "object Deep",
216-        "try",
217-        "test \"deep\"",
218-    ] {
219:        let source = nested_blocks(open, MAX_BLOCK_DEPTH + 1);
220-        match lex_and_parse(&source) {
221-            Ok(_) => panic!("{open:?} past the block depth limit should not parse"),
222-            Err(error) => assert_spanned_parser_error(&error),
223-        }
224-    }
225-}
226-
227-#[test]
228-fn edge_deeply_nested_functions_are_a_clean_error_not_a_stack_overflow() {
229-    let source = format!(
230-        "{}say 1\n{}",
231:        "to f()\n".repeat(MAX_BLOCK_DEPTH + 1),
232:        "end\n".repeat(MAX_BLOCK_DEPTH + 1)
233-    );
234-    match lex_and_parse(&source) {
235-        Ok(_) => panic!("nested functions past the block depth limit should not parse"),
236-        Err(error) => assert_spanned_parser_error(&error),
237-    }
238-}
239-
240-#[test]
241-fn block_nesting_at_the_depth_limit_is_accepted_and_one_past_is_rejected() {
242:    let at_limit = nested_blocks("if true then", MAX_BLOCK_DEPTH);
243-    let program = lex_and_parse(&at_limit).expect("block nesting at the limit must parse");
244-    assert_eq!(program.statements.len(), 1);
245-
246:    let over_limit = nested_blocks("if true then", MAX_BLOCK_DEPTH + 1);
247-    let error = lex_and_parse(&over_limit).expect_err("one past the limit must be rejected");
[0m
[0m← [0mEdit tests/parser_hardening_test.rs
Index: /home/runner/work/rbops/rbops/redblue/tests/parser_hardening_test.rs
===================================================================
--- /home/runner/work/rbops/rbops/redblue/tests/parser_hardening_test.rs
+++ /home/runner/work/rbops/rbops/redblue/tests/parser_hardening_test.rs
@@ -207,15 +207,22 @@
 #[test]
 fn edge_deeply_nested_blocks_are_a_clean_error_not_a_stack_overflow() {
     // A block body is parsed by recursing back into `parse_statement`, so
     // 5000 nested `if`s used to abort the process outright.
+    //
+    // `module` is one of these forms for the same reason: `parse_module` reads
+    // its body by recursing too. It was missing here *and* missing from
+    // `Parser::opens_block`, so nested modules spent no budget at all and a
+    // file of them overflowed the stack instead of reporting anything.
     for open in [
         "if true then",
         "while true",
         "repeat 1 times",
         "object Deep",
         "try",
         "test \"deep\"",
+        "module Deep",
+        "to deep()",
     ] {
         let source = nested_blocks(open, MAX_BLOCK_DEPTH + 1);
         match lex_and_parse(&source) {
             Ok(_) => panic!("{open:?} past the block depth limit should not parse"),

[0m
[0m$ [0mcd /home/runner/work/rbops/rbops/redblue && cargo test --test parser_hardening_test 2>&1 | tail -8
test token_stream_without_eof_terminates_instead_of_looping_forever ... ok
test type_mismatch_shaped_input_is_a_parser_error_not_a_panic ... ok
test edge_pathological_deep_nesting_at_100k_levels_is_rejected_quickly ... ok
test edge_100k_token_flat_input_scales_sub_quadratically ... ok
test edge_100k_token_flat_input_parses_linearly ... ok

test result: ok. 23 passed; 0 failed; 0 ignored; 0 measured; 0 filtered out; finished in 0.06s
[0m
Now the end-to-end REPL test for the module-member leak:
[0m$ [0mcd /home/runner/work/rbops/rbops/redblue && printf 'module Greeter\n    to shout(word)\n        say "HI " + word\n    end\n    export all\nend\nGreeter.shout("there")\n:vars\n:funcs\n:quit\n' | timeout 20 ./target/debug/rb 2>&1 | head -20
Welcome to Redblue v0.1.0 - Interactive REPL
Type 'help' for commands, 'quit' to exit

>>> ..  ..  ..  ..  ..  >>> Error: AnalyzerError: Unknown variable 'Greeter'
  --> 1:1
>>> No variables defined.
>>> No functions defined.
>>> Goodbye!
[0m
[0m$ [0mcd /home/runner/work/rbops/rbops/redblue && grep -n "fn edge_inspect_reports_a_value_the_session_bound" -A 12 tests/repl_test.rs
451:fn edge_inspect_reports_a_value_the_session_bound() {
452-    let s = session("set counter to 7\n:inspect counter\n:inspect nosuchname\n:quit\n");
453-
454-    s.assert_exited_ok()
455-        .assert_stdout_contains("counter: 7")
456-        .assert_stdout_contains("Variable 'nosuchname' not found.");
457-}
458-
459-/// A path is a path, not a list of words joined by one space. A file whose
460-/// directory name holds two consecutive spaces was named by neither.
461-#[test]
462-fn edge_a_command_argument_with_consecutive_spaces_is_not_collapsed() {
463-    let dir = scratch_dir().join("two  spaces");
[0m
[0m← [0mEdit tests/repl_test.rs
Index: /home/runner/work/rbops/rbops/redblue/tests/repl_test.rs
===================================================================
--- /home/runner/work/rbops/rbops/redblue/tests/repl_test.rs
+++ /home/runner/work/rbops/rbops/redblue/tests/repl_test.rs
@@ -455,8 +455,25 @@
         .assert_stdout_contains("counter: 7")
         .assert_stdout_contains("Variable 'nosuchname' not found.");
 }
 
+/// A module's members are published in the VM under the internal
+/// `MathUtils_circle_area` name a call through the module resolves to. That name
+/// is how the VM reaches the function, not a name the program wrote: `:vars`,
+/// `:funcs` and the analyzer's seed are all built from `Vm::user_names`, so
+/// before it filtered them out a session that had imported one module listed a
+/// dozen names no line of Redblue can call or read.
+#[test]
+fn edge_an_imported_modules_members_are_not_listed_as_session_names() {
+    let s = session("import MathUtils\nMathUtils.circle_area(2)\n:vars\n:funcs\n:quit\n");
+
+    s.assert_exited_ok()
+        .assert_stdout_contains("12.56636")
+        .assert_stdout_contains("  TAU = 6.28318")
+        .assert_stdout_contains("  MathUtils = nothing")
+        .assert_stdout_lacks("MathUtils_circle_area");
+}
+
 /// A path is a path, not a list of words joined by one space. A file whose
 /// directory name holds two consecutive spaces was named by neither.
 #[test]
 fn edge_a_command_argument_with_consecutive_spaces_is_not_collapsed() {

[0m
[0m$ [0mcd /home/runner/work/rbops/rbops/redblue && cargo test --test repl_test edge_an_imported 2>&1 | tail -8
[1m[92m    Finished[0m `test` profile [unoptimized] target(s) in 0.17s
[1m[92m     Running[0m tests/repl_test.rs (target/debug/deps/repl_test-9da7e15a4453ec80)

running 1 test
test edge_an_imported_modules_members_are_not_listed_as_session_names ... ok

test result: ok. 1 passed; 0 failed; 0 ignored; 0 measured; 29 filtered out; finished in 0.01s
[0m
Now the unit-level test in `src/repl/mod.rs` for `session_names`:
[0m→ [0mRead src/repl/mod.rs[90m [limit=45, offset=110][0m
[0m
[0m← [0mEdit src/repl/mod.rs
Index: /home/runner/work/rbops/rbops/redblue/src/repl/mod.rs
===================================================================
--- /home/runner/work/rbops/rbops/redblue/src/repl/mod.rs
+++ /home/runner/work/rbops/rbops/redblue/src/repl/mod.rs
@@ -114,9 +114,13 @@
 }
 
 /// Every name a completion could offer from the live session: the REPL's own
 /// variables, plus the VM's own bindings, which is where a `to` function and
-/// an `import`ed module's members live.
+/// an `import`ed module's own `set` and `constant` declarations live.
+///
+/// The `module_member` names a module's functions are published under are not
+/// here — see [`Vm::user_names`]. `MathUtils.circle_area` is what a program
+/// writes, and `MathUtils_circle_area` is only how the VM reaches it.
 fn session_names(&self) -> Vec<String> {
     let mut names: Vec<String> = self.variables.keys().cloned().collect();
     names.extend(self.vm.user_names());
     names.sort();

[0m
[0m$ [0mcd /home/runner/work/rbops/rbops/redblue && grep -n "fn complete_offers_a_function_the_session_defined" -B 8 -A 20 src/repl/mod.rs
965-            );
966-        }
967-    }
968-
969-    /// A `to` binds into a local scope rather than into the globals, so scanning
970-    /// the globals alone never offered a function the session had just defined —
971-    /// the name a user is most likely to be reaching for next.
972-    #[test]
973:    fn complete_offers_a_function_the_session_defined() {
974-        let mut repl = Repl::new();
975-
976-        feed(&mut repl, &["to shout(word)", "    say word", "end"]);
977-
978-        let matches = repl.complete("shout");
979-        assert!(
980-            matches.contains(&"shout".to_string()),
981-            "a `to` the session defined is completable: {:?}",
982-            matches
983-        );
984-    }
985-
986-    /// A block the whole user typed in one line needs no continuation line, and a
987-    /// REPL that asked for one anyway would sit waiting for an `end` the user
988-    /// never typed.
989-    #[test]
990-    fn edge_a_block_typed_on_one_line_does_not_wait_for_an_end() {
991-        let mut repl = Repl::new();
992-
993-        repl.execute_line("if 1 is greater than 0 then say \"yes\" end");
[0m
[0m← [0mEdit src/repl/mod.rs
Index: /home/runner/work/rbops/rbops/redblue/src/repl/mod.rs
===================================================================
--- /home/runner/work/rbops/rbops/redblue/src/repl/mod.rs
+++ /home/runner/work/rbops/rbops/redblue/src/repl/mod.rs
@@ -982,11 +982,54 @@
             matches
         );
     }
 
-    /// A block the whole user typed in one line needs no continuation line, and a
-    /// REPL that asked for one anyway would sit waiting for an `end` the user
-    /// never typed.
+/// An `import` publishes a module's functions in the VM under the
+/// `MathUtils_circle_area` name a call through the module resolves to. That name
+/// is how the VM reaches the function, not one the program wrote, so it must not
+/// reach completion, `:vars` or `:funcs` — the module's own name is what a
+/// session offers instead. The call itself has to keep working, so this asserts
+/// both halves.
+#[test]
+fn edge_an_imported_modules_internal_names_are_not_session_names() {
+    let mut repl = Repl::new();
+
+    feed(&mut repl, &["import MathUtils"]);
+    assert!(
+        repl.run_code("MathUtils.circle_area(2)").is_ok(),
+        "the name the module is reached by still calls through"
+    );
+
+    let names = repl.session_names();
+    for name in &names {
+        assert!(
+            !name.contains("MathUtils_"),
+            "{:?} is the VM's own name for a module member, not the session's: {:?}",
+            name,
+            names
+        );
+    }
+    assert!(
+        names.contains(&"MathUtils".to_string()) && names.contains(&"TAU".to_string()),
+        "what the module binds under its own names is still the session's: {:?}",
+        names
+    );
+    assert!(
+        !repl.complete("MathUtils_").contains(&"MathUtils_circle_area".to_string()),
+        "and the internal name is not completable: {:?}",
+        repl.complete("MathUtils_")
+    );
+    assert_eq!(
+        repl.function_lines(),
+        None,
+        "a module's functions are reached as MathUtils.circle_area, so :funcs has \
+         nothing of the session's own to list"
+    );
+}
+
+/// A block the whole user typed in one line needs no continuation line, and a
+/// REPL that asked for one anyway would sit waiting for an `end` the user
+/// never typed.
     #[test]
     fn edge_a_block_typed_on_one_line_does_not_wait_for_an_end() {
         let mut repl = Repl::new();
 

[0m
[0m$ [0mcd /home/runner/work/rbops/rbops/redblue && cargo test --lib repl:: 2>&1 | tail -12
test repl::tests::handle_command_consumes_a_command_and_leaves_source_alone ... ok
test repl::tests::handle_command_of_quit_stops_the_session ... ok
test repl::tests::handle_command_reports_a_command_missing_its_argument ... ok
test repl::tests::load_keeps_a_value_the_file_bound_where_run_does_not ... ok
test repl::tests::edge_a_block_of_few_very_long_lines_is_dropped_too ... ok
test repl::tests::load_runs_the_file_so_its_declarations_become_the_sessions_own ... ok
test repl::tests::save_and_restore_round_trip_the_session_through_the_repl ... ok
test repl::tests::edge_a_block_that_outgrows_the_buffer_is_dropped_not_kept ... ok
test repl::tests::edge_every_block_form_asks_for_its_continuation_line ... ok

test result: ok. 75 passed; 0 failed; 0 ignored; 0 measured; 19 filtered out; finished in 0.17s
[0m
[0m$ [0mcd /home/runner/work/rbops/rbops/redblue && cp src/vm.rs /tmp/opencode/vm.new2 && python3 - <<'PY'
p='src/vm.rs'
s=open(p).read()
s=s.replace("""                !builtins.contains_key(*name) && !self.qualified_members.contains(*name)""","""                !builtins.contains_key(*name)""",1)
open(p,'w').write(s)
PY
cargo test --lib repl::tests::edge_an_imported 2>&1 | tail -14; cp /tmp/opencode/vm.new2 src/vm.rs
0: __rustc::rust_begin_unwind
   1: core::panicking::panic_fmt
   2: redblue::repl::tests::edge_an_imported_modules_internal_names_are_not_session_names
   3: redblue::repl::tests::edge_an_imported_modules_internal_names_are_not_session_names::{closure#0}
   4: <redblue::repl::tests::edge_an_imported_modules_internal_names_are_not_session_names::{closure#0} as core::ops::function::FnOnce<()>>::call_once
note: Some details are omitted, run with `RUST_BACKTRACE=full` for a verbose backtrace.


failures:
    repl::tests::edge_an_imported_modules_internal_names_are_not_session_names

test result: FAILED. 0 passed; 1 failed; 0 ignored; 0 measured; 93 filtered out; finished in 0.00s

[1m[91merror[0m: test failed, to rerun pass `--lib`
[0m
[0m# [0mTodos
[✓] Read parser.rs opens_block / opens_block_at_statement_start to confirm BLOCKER 1
[✓] Fix BLOCKER 1: add TokenKind::Module to opens_block
[✓] Fix MAJOR 2: filter qualified_member names from Vm::user_names
[•] Fix MAJOR 3: :reset must clear multiline_buffer/in_multiline
[ ] Fix MAJOR 4: :restore must re-execute restored lines
[ ] Fix MAJOR 5: :inspect must print Redblue type via value.type_name()
[ ] Fix MINOR 6: strip exactly one sigil in commands.rs word parsing
[ ] Re-run four gates (fmt, clippy, test --all-targets, test --doc)
[0m
[0m← [0mEdit src/repl/mod.rs
Index: /home/runner/work/rbops/rbops/redblue/src/repl/mod.rs
===================================================================
--- /home/runner/work/rbops/rbops/redblue/src/repl/mod.rs
+++ /home/runner/work/rbops/rbops/redblue/src/repl/mod.rs
@@ -239,11 +239,9 @@
     self.restore_session(&path);
     true
 }
 ReplCommand::Reset => {
-    self.vm = Vm::new();
-    self.variables.clear();
-    println!("REPL state reset.");
+    self.reset_session();
     true
 }
 ReplCommand::Run(path) => {
     self.run_file(&path);

[0m
Now MAJOR 3 — `:reset` must clear the block buffer. I'll move it into `reset_session` so the behaviour is testable:
[0m→ [0mRead src/repl/mod.rs[90m [limit=40, offset=278][0m
Now add the `reset_session` method next to `execute_line`:
[0m
[0m← [0mEdit src/repl/mod.rs
Index: /home/runner/work/rbops/rbops/redblue/src/repl/mod.rs
===================================================================
--- /home/runner/work/rbops/rbops/redblue/src/repl/mod.rs
+++ /home/runner/work/rbops/rbops/redblue/src/repl/mod.rs
@@ -306,8 +306,29 @@
     self.in_multiline = false;
     self.execute_code(&code);
 }
 
+/// Forgets everything the session has done: its bindings, its last result,
+/// and any block it is halfway through typing.
+///
+/// The block is the half that is easy to leave out. `:reset` used to replace
+/// the VM and clear `variables` and nothing else, so `repeat 3 times` then
+/// `:reset` left the session in continuation mode with that line still
+/// buffered: the next line was appended to a block nobody was typing any
+/// more, so `say "hi"` waited for an `end` that was never coming and never
+/// ran. A session that has been reset is a session at a prompt, so the buffer
+/// goes with the bindings.
+///
+/// The history is left alone: it is the record of what was typed, and a reset
+/// is not a new session in the sense that the earlier lines were never typed.
+fn reset_session(&mut self) {
+    self.vm = Vm::new();
+    self.variables.clear();
+    self.multiline_buffer.clear();
+    self.in_multiline = false;
+    println!("REPL state reset.");
+}
+
 /// Whether a buffer of `bytes` over `lines` is too much for a block the user
 /// is still typing.
 ///
 /// Both limits, because either alone leaves a hole: a block of a thousand

[0m
[0m$ [0mcd /home/runner/work/rbops/rbops/redblue && cargo build 2>&1 | tail -5 && printf 'repeat 3 times\n:reset\nsay "hi"\n2 + 3\n:quit\n' | timeout 20 ./target/debug/rb 2>&1 | head -20
[1m[92m   Compiling[0m redblue v0.1.0 (/home/runner/work/rbops/rbops/redblue)
[1m[92m    Finished[0m `dev` profile [unoptimized] target(s) in 1.06s
Welcome to Redblue v0.1.0 - Interactive REPL
Type 'help' for commands, 'quit' to exit

>>> ..  REPL state reset.
>>> hi
>>> = 5
>>> Goodbye!
[0m
Fixed. Now the regression test:
[0m$ [0mcd /home/runner/work/rbops/rbops/redblue && grep -n "fn edge_completion_after_reset_forgets_the_sessions_names" -B 3 -A 16 src/repl/mod.rs
864-    }
865-
866-    #[test]
867:    fn edge_completion_after_reset_forgets_the_sessions_names() {
868-        let mut repl = Repl::new();
869-        repl.execute_code("set counter to 3");
870-        assert!(repl.complete("count").contains(&"counter".to_string()));
871-
872-        repl.handle_command(":reset");
873-
874-        assert!(
875-            !repl.complete("count").contains(&"counter".to_string()),
876-            "reset drops the bindings, so they cannot still be completed"
877-        );
878-    }
879-
880-    /// `:help` says `:load <file>` "Load and run a file", so `:load` runs it and
881-    /// what the file declared becomes the session's own. It used to read the file
882-    /// and print its size, leaving the session holding nothing the file declared.
883-    #[test]
[0m
[0m← [0mEdit src/repl/mod.rs
Index: /home/runner/work/rbops/rbops/redblue/src/repl/mod.rs
===================================================================
--- /home/runner/work/rbops/rbops/redblue/src/repl/mod.rs
+++ /home/runner/work/rbops/rbops/redblue/src/repl/mod.rs
@@ -876,8 +876,41 @@
         "reset drops the bindings, so they cannot still be completed"
     );
 }
 
+/// A reset session is a session at a prompt. It used to replace the VM and
+/// clear the last result and leave the block buffer alone, so a `repeat` the
+/// user had opened but not closed was still half-typed after the reset: the
+/// next line was appended to it, and nothing ran until some `end` arrived that
+/// the user had no reason to type.
+#[test]
+fn edge_reset_drops_a_block_the_session_had_not_finished_typing() {
+    let mut repl = Repl::new();
+
+    feed(&mut repl, &["repeat 3 times"]);
+    assert!(repl.in_multiline, "the block is open before the reset");
+
+    assert!(repl.handle_command(":reset"));
+
+    assert!(
+        repl.multiline_buffer.is_empty(),
+        "the buffer is gone: {:?}",
+        repl.multiline_buffer
+    );
+    assert!(
+        !repl.in_multiline,
+        "and the session is back at a prompt rather than waiting for an end"
+    );
+
+    repl.execute_line(r#"say "hi""#);
+
+    assert_eq!(
+        repl.lookup("_"),
+        None,
+        "the line ran on its own, so the block it would have joined did not"
+    );
+}
+
 /// `:help` says `:load <file>` "Load and run a file", so `:load` runs it and
 /// what the file declared becomes the session's own. It used to read the file
 /// and print its size, leaving the session holding nothing the file declared.
 #[test]

[0m
[0m$ [0mcd /home/runner/work/rbops/rbops/redblue && cargo test --lib repl::tests::edge_reset 2>&1 | tail -8
[1m[92m    Finished[0m `test` profile [unoptimized] target(s) in 1.01s
[1m[92m     Running[0m unittests src/lib.rs (target/debug/deps/redblue-24bf6050f3cb1a36)

running 1 test
test repl::tests::edge_reset_drops_a_block_the_session_had_not_finished_typing ... ok

test result: ok. 1 passed; 0 failed; 0 ignored; 0 measured; 94 filtered out; finished in 0.00s
[0m
[0m$ [0mcd /home/runner/work/rbops/rbops/redblue && cp src/repl/mod.rs /tmp/opencode/mod.rs.new && python3 - <<'PY'
p='src/repl/mod.rs'
s=open(p).read()
s=s.replace("""        self.vm = Vm::new();
        self.variables.clear();
        self.multiline_buffer.clear();
        self.in_multiline = false;
        println!("REPL state reset.");""","""        self.vm = Vm::new();
        self.variables.clear();
        println!("REPL state reset.");""",1)
open(p,'w').write(s)
PY
cargo test --lib repl::tests::edge_reset 2>&1 | tail -12; cp /tmp/opencode/mod.rs.new src/repl/mod.rs
2: redblue::repl::tests::edge_reset_drops_a_block_the_session_had_not_finished_typing
   3: redblue::repl::tests::edge_reset_drops_a_block_the_session_had_not_finished_typing::{closure#0}
   4: <redblue::repl::tests::edge_reset_drops_a_block_the_session_had_not_finished_typing::{closure#0} as core::ops::function::FnOnce<()>>::call_once
note: Some details are omitted, run with `RUST_BACKTRACE=full` for a verbose backtrace.


failures:
    repl::tests::edge_reset_drops_a_block_the_session_had_not_finished_typing

test result: FAILED. 0 passed; 1 failed; 0 ignored; 0 measured; 94 filtered out; finished in 0.00s

[1m[91merror[0m: test failed, to rerun pass `--lib`
[0m
[0m← [0mEdit tests/repl_test.rs
Index: /home/runner/work/rbops/rbops/redblue/tests/repl_test.rs
===================================================================
--- /home/runner/work/rbops/rbops/redblue/tests/repl_test.rs
+++ /home/runner/work/rbops/rbops/redblue/tests/repl_test.rs
@@ -472,8 +472,21 @@
         .assert_stdout_contains("  MathUtils = nothing")
         .assert_stdout_lacks("MathUtils_circle_area");
 }
 
+/// `:reset` leaves the session at a prompt. It used to replace the VM and clear
+/// the last result and nothing else, so a block the user had opened and not
+/// closed was still buffered: the line after the reset joined it and nothing ran
+/// until an `end` that nobody was going to type arrived.
+#[test]
+fn edge_reset_after_an_unfinished_block_returns_the_session_to_a_prompt() {
+    let s = session("repeat 3 times\n:reset\nsay \"AFTER RESET\"\n:quit\n");
+
+    s.assert_exited_ok()
+        .assert_stdout_contains("REPL state reset.")
+        .assert_stdout_contains("AFTER RESET");
+}
+
 /// A path is a path, not a list of words joined by one space. A file whose
 /// directory name holds two consecutive spaces was named by neither.
 #[test]
 fn edge_a_command_argument_with_consecutive_spaces_is_not_collapsed() {

[0m
[0m$ [0mcd /home/runner/work/rbops/rbops/redblue && cargo test --test repl_test 2>&1 | tail -8
test repl_runs_a_multiline_block ... ok
test repl_runs_a_program_that_catches_its_own_error ... ok
test repl_runs_commands_and_quits ... ok
test repl_shows_the_result_of_an_expression_under_vars ... ok
test repl_runs_a_block_the_last_word_heuristic_missed ... ok

test result: ok. 31 passed; 0 failed; 0 ignored; 0 measured; 0 filtered out; finished in 0.14s
[0m
[0m# [0mTodos
[✓] Fix BLOCKER 1: add TokenKind::Module to opens_block
[✓] Fix MAJOR 2: filter qualified_member names from Vm::user_names
[✓] Fix MAJOR 3: :reset must clear multiline_buffer/in_multiline
[•] Fix MAJOR 4: :restore must re-execute restored lines
[ ] Fix MAJOR 5: :inspect must print Redblue type via value.type_name()
[ ] Fix MINOR 6: strip exactly one sigil in commands.rs word parsing
[ ] Re-run four gates (fmt, clippy, test --all-targets, test --doc)
[0m
[0m$ [0mcd /home/runner/work/rbops/rbops/redblue && grep -rn "Restored\|:restore\|:save" tests/*.rs | head -20
tests/repl_test.rs:506:/// `:save` and `:restore` are two halves of one command between them. Nothing in
tests/repl_test.rs:513:        "set remembered to 5\nsay \"REMEMBERED\"\n:save {}\n:quit\n",
tests/repl_test.rs:521:    let second = session(&format!(":restore {}\n:history\n:quit\n", saved.display()));
tests/repl_test.rs:524:    // The saved session is every line it read, and `:save` is one of them: the
tests/repl_test.rs:529:        .assert_stdout_contains("Restored 3 line(s)")
tests/repl_test.rs:552:        "set kept to 1\n:restore {}\n:history\n:quit\n",
tests/repl_test.rs:674:/// `:restore` is a command like any other: given no file it is reported as missing
tests/repl_test.rs:678:    let s = session(":restore\n:quit\n");
tests/repl_test.rs:681:        .assert_stdout_contains("Usage: :restore")
[0m
[0m$ [0mcd /home/runner/work/rbops/rbops/redblue && sed -n '500,570p' tests/repl_test.rs
s.assert_exited_ok()
        .assert_stdout_contains("DOUBLE SPACE")
        .assert_stdout_lacks("No such file");
}

/// `:save` and `:restore` are two halves of one command between them. Nothing in
/// the REPL read the file back, so a saved session could not be loaded and the
/// round trip existed only between two histories in a unit test.
#[test]
fn edge_save_then_restore_brings_the_session_back_in_a_second_session() {
    let saved = scratch_path("saved-session", "txt");
    let first = session(&format!(
        "set remembered to 5\nsay \"REMEMBERED\"\n:save {}\n:quit\n",
        saved.display()
    ));
    first
        .assert_exited_ok()
        .assert_stdout_contains("Session saved to");

    let contents = std::fs::read_to_string(&saved).expect("the session file should be readable");
    let second = session(&format!(":restore {}\n:history\n:quit\n", saved.display()));
    let _ = std::fs::remove_file(&saved);

    // The saved session is every line it read, and `:save` is one of them: the
    // read loop records a line before it dispatches it, so the file holds the
    // command that wrote it too.
    second
        .assert_exited_ok()
        .assert_stdout_contains("Restored 3 line(s)")
        .assert_stdout_contains("     1  set remembered to 5")
        .assert_stdout_contains("     2  say \"REMEMBERED\"");
    assert_eq!(
        contents.lines().count(),
        3,
        "every line of the session was written to the file:\n{}",
        contents
    );
}

/// A restore of a file that is not there is reported, and the session that asked
/// for it keeps its own history.
#[test]
fn edge_restore_of_a_missing_path_reports_the_failure() {
    let missing = scratch_path("never-saved", "txt");
    std::fs::remove_file(&missing).expect("the scratch file should be removable");
    assert!(
        !missing.exists(),
        "the path under test must not exist before the test runs"
    );

    let s = session(&format!(
        "set kept to 1\n:restore {}\n:history\n:quit\n",
        missing.display()
    ));

    s.assert_exited_ok()
        .assert_stdout_contains("Could not restore session:")
        .assert_stdout_contains("     1  set kept to 1");
}

/// A block whose `end` never arrives is a pipe that will never close. The buffer
/// grew without limit, so the process grew until it was killed; past the limit the
/// session drops the block, says so, and goes back to reading lines.
#[test]
fn edge_a_piped_block_that_never_closes_does_not_grow_without_limit() {
    let mut input = String::from("repeat 3 times\n");
    for index in 0..600 {
        input.push_str(&format!("    say \"LINE {}\"\n", index));
    }
    input.push_str("say \"AFTER THE BLOCK\"\n:quit\n");
[0m
[0m$ [0mcd /home/runner/work/rbops/rbops/redblue && grep -n "pub fn " src/repl/history.rs
10:    pub fn new(max_size: usize) -> Self {
17:    pub fn push(&mut self, entry: String) {
36:    pub fn get(&self, index: usize) -> Option<&String> {
40:    pub fn search(&self, prefix: &str) -> Option<String> {
49:    pub fn search_all(&self, prefix: &str) -> Vec<String> {
58:    pub fn len(&self) -> usize {
62:    pub fn is_empty(&self) -> bool {
66:    pub fn clear(&mut self) {
76:    pub fn save_to_file(&self, path: impl AsRef<Path>) -> std::io::Result<()> {
93:    pub fn load_from_file(&mut self, path: impl AsRef<Path>) -> std::io::Result<()> {
[0m
[0m→ [0mRead src/repl/mod.rs[90m [limit=45, offset=592][0m
[0m
[0m← [0mEdit src/repl/mod.rs
Index: /home/runner/work/rbops/rbops/redblue/src/repl/mod.rs
===================================================================
--- /home/runner/work/rbops/rbops/redblue/src/repl/mod.rs
+++ /home/runner/work/rbops/rbops/redblue/src/repl/mod.rs
@@ -592,9 +592,9 @@
     }
 }
 
 /// Reads a history file written by [`Repl::save_session`] back into this
-/// session.
+/// session, and re-runs what it holds.
 ///
 /// `:save` had no other half: nothing in the REPL ever called
 /// [`ReplHistory::load_from_file`], so a saved session could not be loaded
 /// and the round trip was asserted only between two `ReplHistory`s in a unit
@@ -602,20 +602,66 @@
 ///
 /// The file replaces the history rather than being appended to it: `:save`
 /// writes the whole session, so restoring it into a session that has since
 /// typed more lines would give back two sessions at once.
+///
+/// The lines are *run*, not only listed. A restore that only filled the
+/// history printed "Restored 2 line(s)" and left the session unable to read
+/// what those lines had bound: `set x to 1`, `:save`, a fresh session,
+/// `:restore`, `say x` was still `AnalyzerError: Unknown variable 'x'`. The
+/// lines were back and the state they had made was not, which is the half
+/// `:restore` was named for.
 fn restore_session(&mut self, path: &str) {
     let mut restored = ReplHistory::new(HISTORY_LIMIT);
     if let Err(e) = restored.load_from_file(path) {
         println!("Could not restore session: {}", e);
         return;
     }
 
-    let restored_lines = restored.len();
+    let lines: Vec<String> = (0..restored.len())
+        .filter_map(|index| restored.get(index).cloned())
+        .collect();
+    let restored_lines = lines.len();
     self.history = restored;
+
+    let (replayed, skipped) = self.replay(&lines);
     println!("Restored {} line(s) from '{}'", restored_lines, path);
+    if restored_lines > 0 {
+        println!(
+            "Re-ran {} of them; {} REPL command(s) were listed and not re-run.",
+            replayed, skipped
+        );
+    }
 }
 
+/// Runs `lines` in this session in the order they were typed, as the read
+/// loop would have run them, and reports how many were Redblue source and how
+/// many were REPL commands.
+///
+/// The lines are run one at a time rather than as one program, so a line that
+/// fails is reported and the lines after it are still restored — and so a
+/// block that was typed over several lines comes back whole, through
+/// [`Repl::execute_line`]'s buffering.
+///
+/// A line that was a command is *not* run. `:save`, `:vars` and `:history`
+/// are about the session rather than about its bindings, and the other four
+/// do what they say at the user: a restore that cleared the screen, wrote a
+/// file or quit the session would be doing something nobody asked for. The
+/// bindings a command made are the ones the replayed source makes again.
+fn replay(&mut self, lines: &[String]) -> (usize, usize) {
+    let mut replayed = 0;
+    let mut skipped = 0;
+    for line in lines {
+        if matches!(ReplCommand::parse(line), ReplCommand::NotACommand) {
+            self.execute_line(line);
+            replayed += 1;
+        } else {
+            skipped += 1;
+        }
+    }
+    (replayed, skipped)
+}
+
 fn run_file(&self, path: &str) {
     match crate::run_file(path) {
         Ok(_) => println!("File '{}' executed successfully.", path),
         Err(e) => println!("Error running file: {}", e),

[0m
[0m$ [0mcd /home/runner/work/rbops/rbops/redblue && cargo build 2>&1|tail -3 && printf 'set x to 1\nsay "saved"\n:save /tmp/opencode/session.txt\n:reset\n:quit\n' | timeout 20 ./target/debug/rb >/dev/null 2>&1; printf ':restore /tmp/opencode/session.txt\nsay x\n2 + x\n:vars\n:quit\n' | timeout 20 ./target/debug/rb 2>&1 | head -20
[1m[92m   Compiling[0m redblue v0.1.0 (/home/runner/work/rbops/rbops/redblue)
[1m[92m    Finished[0m `dev` profile [unoptimized] target(s) in 1.13s
Welcome to Redblue v0.1.0 - Interactive REPL
Type 'help' for commands, 'quit' to exit

>>> saved
Restored 3 line(s) from '/tmp/opencode/session.txt'
Re-ran 2 of them; 1 REPL command(s) were listed and not re-run.
>>> 1
>>> = 3
>>> Variables:
  _ = 3
  x = 1
>>> Goodbye!
[0m
[0m$ [0mcd /home/runner/work/rbops/rbops/redblue && grep -n "fn save_and_restore_round_trip_the_session_through_the_repl" -B 6 -A 30 src/repl/mod.rs
1392-    }
1393-
1394-    /// `:save` and `:restore` are the same file. Nothing in the REPL ever called
1395-    /// `load_from_file`, so a saved session could not be loaded and the round trip
1396-    /// was asserted only between two histories in a unit test.
1397-    #[test]
1398:    fn save_and_restore_round_trip_the_session_through_the_repl() {
1399-        let path = scratch_path("session", "txt");
1400-        let mut saved = Repl::new();
1401-        feed(&mut saved, &["set x to 1", "say \"saved\""]);
1402-        assert!(saved.handle_command(&format!(":save {}", path.display())));
1403-        assert_eq!(saved.history.len(), 2, "both lines were recorded");
1404-
1405-        let mut restored = Repl::new();
1406-        assert!(restored.handle_command(&format!(":restore {}", path.display())));
1407-
1408-        assert_eq!(
1409-            restored.history.len(),
1410-            2,
1411-            "the restored session holds the lines that were saved"
1412-        );
1413-        assert_eq!(
1414-            restored.history.get(0).map(String::as_str),
1415-            Some("set x to 1")
1416-        );
1417-        assert_eq!(
1418-            restored.history.search("say"),
1419-            Some("say \"saved\"".to_string()),
1420-            "and they are the lines the user can reach again"
1421-        );
1422-
1423-        let _ = std::fs::remove_file(&path);
1424-    }
1425-
1426-    /// A restore of a file that is not there is a failure the user is told about,
1427-    /// and the history it was going to replace is left alone.
1428-    #[test]
[0m
[0m← [0mEdit src/repl/mod.rs
Index: /home/runner/work/rbops/rbops/redblue/src/repl/mod.rs
===================================================================
--- /home/runner/work/rbops/rbops/redblue/src/repl/mod.rs
+++ /home/runner/work/rbops/rbops/redblue/src/repl/mod.rs
@@ -1390,11 +1390,13 @@
         "a name nothing bound is still absent"
     );
 }
 
-/// `:save` and `:restore` are the same file. Nothing in the REPL ever called
-/// `load_from_file`, so a saved session could not be loaded and the round trip
-/// was asserted only between two histories in a unit test.
+/// `:save` and `:restore` are the same file, and a restore has to bring back
+/// the *state*, not only the text of the session. It used to put the lines
+/// back in the history and nothing else, so `set x to 1`, `:save`, a fresh
+/// session and `:restore` left `say x` an `AnalyzerError: Unknown variable
+/// 'x'` — the lines were back and what they had bound was not.
 #[test]
 fn save_and_restore_round_trip_the_session_through_the_repl() {
     let path = scratch_path("session", "txt");
     let mut saved = Repl::new();
@@ -1418,12 +1420,82 @@
         restored.history.search("say"),
         Some("say \"saved\"".to_string()),
         "and they are the lines the user can reach again"
     );
+    assert_eq!(
+        restored.lookup("x").map(|value| value.to_string()),
+        Some("1".to_string()),
+        "and the name they bound is the session's to read on the next line"
+    );
+    assert!(
+        restored.run_code("say x").is_ok(),
+        "so a restored session can say what it restored"
+    );
 
     let _ = std::fs::remove_file(&path);
 }
 
+/// A restore runs the lines it read back, and a block the session had typed
+/// over several lines comes back whole — through the same buffering the read
+/// loop uses, not as one line of source.
+#[test]
+fn edge_a_restored_block_runs_as_the_block_it_was() {
+    let path = scratch_path("block-session", "txt");
+    let mut saved = Repl::new();
+    feed(
+        &mut saved,
+        &["to shout(word)", "    say word", "end", "shout(\"SAVED\")"],
+    );
+    assert!(saved.handle_command(&format!(":save {}", path.display())));
+
+    let mut restored = Repl::new();
+    assert!(restored.handle_command(&format!(":restore {}", path.display())));
+
+    assert!(
+        restored.run_code("shout(\"RESTORED\")").is_ok(),
+        "the function the saved lines declared is the restored session's to call"
+    );
+    assert!(
+        !restored.in_multiline,
+        "and the replayed block closed itself: {:?}",
+        restored.multiline_buffer
+    );
+
+    let _ = std::fs::remove_file(&path);
+}
+
+/// A line of the saved file that was a command is listed again and not run
+/// again. `:restore` used to end the session it was restoring into, because
+/// the saved file held the `:quit` that wrote it — a command that quits is
+/// not something a restore replays.
+#[test]
+fn edge_a_restored_command_is_listed_and_not_run_again() {
+    let path = scratch_path("command-session", "txt");
+    let mut saved = Repl::new();
+    feed(&mut saved, &["set x to 1", ":vars"]);
+    assert!(saved.handle_command(&format!(":save {}", path.display())));
+
+    let mut restored = Repl::new();
+    assert!(restored.handle_command(&format!(":restore {}", path.display())));
+
+    assert!(
+        restored.running,
+        "the session is still there after the restore"
+    );
+    assert_eq!(
+        restored.history.len(),
+        2,
+        "both lines are back, the command among them"
+    );
+    assert_eq!(
+        restored.lookup("x").map(|value| value.to_string()),
+        Some("1".to_string()),
+        "and the source among them ran, which is the binding it made"
+    );
+
+    let _ = std::fs::remove_file(&path);
+}
+
 /// A restore of a file that is not there is a failure the user is told about,
 /// and the history it was going to replace is left alone.
 #[test]
 fn edge_restore_of_a_missing_file_leaves_the_history_alone() {

[0m
[0m$ [0mcd /home/runner/work/rbops/rbops/redblue && cargo test --lib repl:: 2>&1 | tail -20
test repl::tests::edge_every_quick_reference_snippet_is_a_program_the_session_runs ... ok
test repl::tests::edge_inspect_finds_a_name_the_session_bound ... ok
test repl::tests::edge_reset_drops_a_block_the_session_had_not_finished_typing ... ok
test repl::tests::edge_restore_of_a_missing_file_leaves_the_history_alone ... ok
test repl::tests::edge_the_report_of_an_unclosed_block_echoes_only_some_of_it ... ok
test repl::tests::edge_vars_lists_every_name_in_a_fixed_order ... ok
test repl::tests::edge_vars_lists_the_names_the_session_has_bound ... ok
test repl::tests::funcs_lists_the_functions_the_session_declared ... ok
test repl::tests::handle_command_consumes_a_command_and_leaves_source_alone ... ok
test repl::tests::handle_command_of_quit_stops_the_session ... ok
test repl::tests::handle_command_reports_a_command_missing_its_argument ... ok
test repl::tests::load_keeps_a_value_the_file_bound_where_run_does_not ... ok
test repl::tests::edge_a_block_of_few_very_long_lines_is_dropped_too ... ok
test repl::tests::load_runs_the_file_so_its_declarations_become_the_sessions_own ... ok
test repl::tests::save_and_restore_round_trip_the_session_through_the_repl ... ok
test repl::tests::edge_a_block_that_outgrows_the_buffer_is_dropped_not_kept ... ok
test repl::tests::edge_every_block_form_asks_for_its_continuation_line ... ok

test result: ok. 78 passed; 0 failed; 0 ignored; 0 measured; 19 filtered out; finished in 0.15s
[0m
[0m← [0mEdit tests/repl_test.rs
Index: /home/runner/work/rbops/rbops/redblue/tests/repl_test.rs
===================================================================
--- /home/runner/work/rbops/rbops/redblue/tests/repl_test.rs
+++ /home/runner/work/rbops/rbops/redblue/tests/repl_test.rs
@@ -517,9 +517,12 @@
     .assert_exited_ok()
     .assert_stdout_contains("Session saved to");
 
 let contents = std::fs::read_to_string(&saved).expect("the session file should be readable");
-let second = session(&format!(":restore {}\n:history\n:quit\n", saved.display()));
+let second = session(&format!(
+    ":restore {}\nsay remembered\n:vars\n:history\n:quit\n",
+    saved.display()
+));
 let _ = std::fs::remove_file(&saved);
 
 // The saved session is every line it read, and `:save` is one of them: the
 // read loop records a line before it dispatches it, so the file holds the
@@ -528,8 +531,14 @@
     .assert_exited_ok()
     .assert_stdout_contains("Restored 3 line(s)")
     .assert_stdout_contains("     1  set remembered to 5")
     .assert_stdout_contains("     2  say \"REMEMBERED\"");
+// And the lines are run, not only listed: a restore that filled the history
+// left `say remembered` an `Unknown variable` on the next line, because the
+// binding the saved line made was not part of what `:restore` brought back.
+second
+    .assert_stdout_contains("  remembered = 5")
+    .assert_stdout_lacks("Unknown variable");
 assert_eq!(
     contents.lines().count(),
     3,
     "every line of the session was written to the file:\n{}",

[0m
Now the end-to-end assertion for restore:
[0m$ [0mcd /home/runner/work/rbops/rbops/redblue && cargo test --test repl_test 2>&1 | tail -12
test repl_carries_a_binding_from_one_line_to_the_next ... ok
test repl_load_runs_the_file_rather_than_only_measuring_it ... ok
test repl_reports_an_uncaught_error_and_stays_alive ... ok
test edge_a_piped_block_that_never_closes_does_not_grow_without_limit ... ok
test repl_runs_a_multiline_block ... ok
test repl_runs_a_program_that_catches_its_own_error ... ok
test repl_runs_commands_and_quits ... ok
test repl_shows_the_result_of_an_expression_under_vars ... ok
test repl_runs_a_block_the_last_word_heuristic_missed ... ok

test result: ok. 31 passed; 0 failed; 0 ignored; 0 measured; 0 filtered out; finished in 0.14s
[0m
[0m$ [0mcd /home/runner/work/rbops/rbops/redblue && cp src/repl/mod.rs /tmp/opencode/mod.rs.new3 && python3 - <<'PY'
p='src/repl/mod.rs'
s=open(p).read()
s=s.replace("        let (replayed, skipped) = self.replay(&lines);","        let (replayed, skipped) = (0, lines.len());",1)
open(p,'w').write(s)
PY
cargo test --test repl_test edge_save_then_restore 2>&1 | grep -E "^test |assertion|Unknown variable|panicked|test result" | head -20; cp /tmp/opencode/mod.rs.new3 src/repl/mod.rs
(no output)
[0m
[0m$ [0mcd /home/runner/work/rbops/rbops/redblue && cp src/repl/mod.rs /tmp/opencode/mod.rs.new4 && python3 - <<'PY'
p='src/repl/mod.rs'
s=open(p).read()
assert "        let (replayed, skipped) = self.replay(&lines);" in s
s=s.replace("        let (replayed, skipped) = self.replay(&lines);","        let (replayed, skipped) = (0, lines.len());",1)
open(p,'w').write(s)
PY
cargo test --test repl_test edge_save_then_restore 2>&1 | tail -30
[1m[92m   Compiling[0m redblue v0.1.0 (/home/runner/work/rbops/rbops/redblue)
[1m[91merror[0m[1m: method `replay` is never used[0m
   [1m[94m--> [0msrc/repl/mod.rs:650:8
    [1m[94m|[0m
[1m[94m 97[0m [1m[94m|[0m impl Repl {
    [1m[94m|[0m [1m[94m---------[0m [1m[94mmethod in this implementation[0m
[1m[94m...[0m
[1m[94m650[0m [1m[94m|[0m     fn replay(&mut self, lines: &[String]) -> (usize, usize) {
    [1m[94m|[0m        [1m[91m^^^^^^[0m
    [1m[94m|[0m
    [1m[94m= [0m[1mnote[0m: `-D dead-code` implied by `-D warnings`
    [1m[94m= [0m[1mhelp[0m: to override `-D warnings` add `#[expect(dead_code)]` or `#[allow(dead_code)]`

[1m[91merror[0m: could not compile `redblue` (lib) due to 1 previous error
[0m
[0m$ [0mcd /home/runner/work/rbops/rbops/redblue && python3 - <<'PY'
p='src/repl/mod.rs'
s=open(p).read()
s=s.replace("        let (replayed, skipped) = (0, lines.len());","        let _ = self.replay;\n        let (replayed, skipped) = (0, lines.len());",1)
open(p,'w').write(s)
PY
cargo test --test repl_test edge_save_then_restore 2>&1 | grep -E "^test |test result|stdout should" | head -20; cp /tmp/opencode/mod.rs.new4 src/repl/mod.rs; cargo build 2>&1|tail -2
[1m[92m   Compiling[0m redblue v0.1.0 (/home/runner/work/rbops/rbops/redblue)
[1m[92m    Finished[0m `dev` profile [unoptimized] target(s) in 1.12s
[0m
[0m$ [0mcd /home/runner/work/rbops/rbops/redblue && python3 - <<'PY'
p='src/repl/mod.rs'
s=open(p).read()
assert "        let (replayed, skipped) = self.replay(&lines);" in s
s=s.replace("        let (replayed, skipped) = self.replay(&lines);","        let _ = &self.replay;\n        let (replayed, skipped) = (0usize, lines.len());",1)
open(p,'w').write(s)
PY
cargo test --test repl_test edge_save_then_restore 2>&1 | tail -30; cp /tmp/opencode/mod.rs.new4 src/repl/mod.rs
[1m[92m   Compiling[0m redblue v0.1.0 (/home/runner/work/rbops/rbops/redblue)
[1m[91merror[E0615][0m[1m: attempted to take value of method `replay` on type `&mut Repl`[0m
   [1m[94m--> [0msrc/repl/mod.rs:626:23
    [1m[94m|[0m
[1m[94m626[0m [1m[94m|[0m         let _ = &self.replay;
    [1m[94m|[0m                       [1m[91m^^^^^^[0m [1m[91mmethod, not a field[0m
    [1m[94m|[0m
[1m[96mhelp[0m: use parentheses to call the method
    [1m[94m|[0m
[1m[94m626[0m [1m[94m| [0m        let _ = &self.replay[92m(_)[0m;
    [1m[94m|[0m                             [92m+++[0m

[1mFor more information about this error, try `rustc --explain E0615`.[0m
[1m[91merror[0m: could not compile `redblue` (lib) due to 1 previous error
[0m
[0m$ [0mcd /home/runner/work/rbops/rbops/redblue && python3 - <<'PY'
p='src/repl/mod.rs'
s=open(p).read()
old="""    fn replay(&mut self, lines: &[String]) -> (usize, usize) {
        let mut replayed = 0;
        let mut skipped = 0;"""
new="""    fn replay(&mut self, lines: &[String]) -> (usize, usize) {
        if lines.is_empty() { return (0, 0); }
        let mut replayed = 0;
        let mut skipped = 0;
        if std::env::var_os("REPLAY_OFF").is_some() { return (0, lines.len()); }"""
assert old in s
s=s.replace(old,new,1)
open(p,'w').write(s)
PY
REPLAY_OFF=1 cargo test --test repl_test edge_save_then_restore 2>&1 | grep -E "test result|should not contain|Unknown variable|^test " | head
test edge_save_then_restore_brings_the_session_back_in_a_second_session ... FAILED
>>> Error: AnalyzerError: Unknown variable 'remembered'
test result: FAILED. 0 passed; 1 failed; 0 ignored; 0 measured; 30 filtered out; finished in 0.02s
[0m
[0m$ [0mcd /home/runner/work/rbops/rbops/redblue && cargo test --test repl_test edge_save_then_restore 2>&1 | grep -E "test result|^test "; cp /tmp/opencode/mod.rs.new4 src/repl/mod.rs; cargo build 2>&1 | tail -2
test edge_save_then_restore_brings_the_session_back_in_a_second_session ... ok
test result: ok. 1 passed; 0 failed; 0 ignored; 0 measured; 30 filtered out; finished in 0.02s
[1m[92m   Compiling[0m redblue v0.1.0 (/home/runner/work/rbops/rbops/redblue)
[1m[92m    Finished[0m `dev` profile [unoptimized] target(s) in 1.09s
[0m
[0m# [0mTodos
[✓] Fix BLOCKER 1: add TokenKind::Module to opens_block
[✓] Fix MAJOR 2: filter qualified_member names from Vm::user_names
[✓] Fix MAJOR 3: :reset must clear multiline_buffer/in_multiline
[✓] Fix MAJOR 4: :restore must re-execute restored lines
[•] Fix MAJOR 5: :inspect must print Redblue type via value.type_name()
[ ] Fix MINOR 6: strip exactly one sigil in commands.rs word parsing
[ ] Re-run four gates (fmt, clippy, test --all-targets, test --doc)
[0m
[0m→ [0mRead src/repl/mod.rs[90m [limit=30, offset=693][0m
[0m→ [0mRead src/repl/mod.rs[90m [limit=25, offset=676][0m
[0m
[0m← [0mEdit src/repl/mod.rs
Index: /home/runner/work/rbops/rbops/redblue/src/repl/mod.rs
===================================================================
--- /home/runner/work/rbops/rbops/redblue/src/repl/mod.rs
+++ /home/runner/work/rbops/rbops/redblue/src/repl/mod.rs
@@ -672,19 +672,40 @@
     println!("Debug mode - Not implemented yet");
     println!("Press Ctrl+C to exit debug mode");
 }
 
-/// Prints the value bound to `name` and the type of it.
+/// The `:inspect` listing for `name`, or `None` when nothing in the session is
+/// bound to it.
 ///
 /// The lookup asks the VM as well as the REPL's own map. `set`, `to` and
 /// `import` all bind in the VM, and the REPL's map held only `_`, so
 /// `:inspect <session-name>` answered "Variable not found" for every name the
 /// session had actually bound — including one it had bound a line earlier.
+///
+/// The type is the Redblue one, from [`Value::type_name`]: the name `type_of`
+/// reports and a `Runtime` error quotes. It used to be
+/// `std::any::type_name_of_val`, which is the *Rust* type of every value the
+/// VM holds — so `:inspect counter` answered `Type: "redblue::value::Value"`
+/// for a number, a text, a list and a function alike, and told the user
+/// nothing about any of them.
+///
+/// Built here rather than printed inline so the wording is something a test
+/// can read back.
+fn inspect_lines(&self, name: &str) -> Option<Vec<String>> {
+    let value = self.lookup(name)?;
+    Some(vec![
+        format!("{}: {}", name, value),
+        format!("Type: {}", value.type_name()),
+    ])
+}
+
+/// Prints what [`Repl::inspect_lines`] has to say about `name`.
 fn inspect_value(&self, name: &str) {
-    match self.lookup(name) {
-        Some(value) => {
-            println!("{}: {}", name, value);
-            println!("Type: {:?}", type_name_of_val(value));
+    match self.inspect_lines(name) {
+        Some(lines) => {
+            for line in lines {
+                println!("{}", line);
+            }
         }
         None => {
             println!("Variable '{}' not found.", name);
         }

[0m
[0m← [0mEdit src/repl/mod.rs
Index: /home/runner/work/rbops/rbops/redblue/src/repl/mod.rs
===================================================================
--- /home/runner/work/rbops/rbops/redblue/src/repl/mod.rs
+++ /home/runner/work/rbops/rbops/redblue/src/repl/mod.rs
@@ -1,9 +1,8 @@
 pub mod commands;
 pub mod completer;
 pub mod history;
 
-use std::any::type_name_of_val;
 use std::collections::HashMap;
 use std::io::{self, Write};
 
 pub use commands::ReplCommand;

[0m
[0m$ [0mcd /home/runner/work/rbops/rbops/redblue && cargo build 2>&1|tail -3 && printf 'set counter to 7\nset words to ["a","b"]\nset who to "ann"\nto greet(n)\n    return n\nend\n:inspect counter\n:inspect words\n:inspect who\n:inspect greet\n:inspect nosuch\n:quit\n' | timeout 20 ./target/debug/rb 2>&1 | tail -20
[1m[92m   Compiling[0m redblue v0.1.0 (/home/runner/work/rbops/rbops/redblue)
[1m[92m    Finished[0m `dev` profile [unoptimized] target(s) in 1.27s
Welcome to Redblue v0.1.0 - Interactive REPL
Type 'help' for commands, 'quit' to exit

>>> >>> >>> >>> ..  ..  >>> counter: 7
Type: number
>>> words: [a, b]
Type: list
>>> who: ann
Type: text
>>> greet: <function greet>
Type: function
>>> Variable 'nosuch' not found.
>>> Goodbye!
[0m
Now the regression tests for `:inspect`:
[0m$ [0mcd /home/runner/work/rbops/rbops/redblue && grep -n "fn edge_inspect_finds_a_name_the_session_bound" -B 6 -A 26 src/repl/mod.rs
1385-    }
1386-
1387-    /// `:inspect` looks in the VM, not only in the REPL's own map. `set`, `to` and
1388-    /// `import` all bind there, so it reported "Variable not found" for every name
1389-    /// a session had actually bound — including one bound a line earlier.
1390-    #[test]
1391:    fn edge_inspect_finds_a_name_the_session_bound() {
1392-        let mut repl = Repl::new();
1393-
1394-        assert_eq!(repl.lookup("nothing_here"), None);
1395-
1396-        feed(&mut repl, &["set counter to 7"]);
1397-
1398-        assert_eq!(
1399-            repl.lookup("counter").map(|value| value.to_string()),
1400-            Some("7".to_string()),
1401-            "the value a `set` bound is the session's to inspect"
1402-        );
1403-        assert!(
1404-            repl.handle_command(":inspect counter"),
1405-            "and the command that reads it runs"
1406-        );
1407-        assert_eq!(
1408-            repl.lookup("nothing_here"),
1409-            None,
1410-            "a name nothing bound is still absent"
1411-        );
1412-    }
1413-
1414-    /// `:save` and `:restore` are the same file, and a restore has to bring back
1415-    /// the *state*, not only the text of the session. It used to put the lines
1416-    /// back in the history and nothing else, so `set x to 1`, `:save`, a fresh
1417-    /// session and `:restore` left `say x` an `AnalyzerError: Unknown variable
[0m
[0m← [0mEdit src/repl/mod.rs
Index: /home/runner/work/rbops/rbops/redblue/src/repl/mod.rs
===================================================================
--- /home/runner/work/rbops/rbops/redblue/src/repl/mod.rs
+++ /home/runner/work/rbops/rbops/redblue/src/repl/mod.rs
@@ -1410,8 +1410,58 @@
         "a name nothing bound is still absent"
     );
 }
 
+/// `:inspect` reports the Redblue type of what it found, which is the name
+/// `type_of` reports and a `Runtime` error quotes. It used to report
+/// `std::any::type_name_of_val`, the *Rust* type of the value — so a number,
+/// a text, a list and a function were all `redblue::value::Value` and the
+/// line said the same thing about every value in the session.
+#[test]
+fn edge_inspect_reports_the_redblue_type_of_the_value() {
+    let mut repl = Repl::new();
+
+    feed(
+        &mut repl,
+        &[
+            "set counter to 7",
+            "set words to [\"a\", \"b\"]",
+            "set who to \"ann\"",
+            "set answer to yes",
+            "to greet(who)",
+            "    return who",
+            "end",
+        ],
+    );
+
+    for (name, expected) in [
+        ("counter", "number"),
+        ("words", "list"),
+        ("who", "text"),
+        ("answer", "yes/no"),
+        ("greet", "function"),
+    ] {
+        let lines = repl
+            .inspect_lines(name)
+            .unwrap_or_else(|| panic!("the session bound {name:?}, so it inspects"));
+        assert_eq!(
+            lines,
+            vec![
+                repl.lookup(name).map(|value| value.to_string())
+                    .unwrap_or_default(),
+                format!("Type: {expected}"),
+            ],
+            "{name:?} is a {expected} and :inspect says so"
+        );
+    }
+
+    assert_eq!(
+        repl.inspect_lines("nosuchthing"),
+        None,
+        "a name nothing bound has no lines to print"
+    );
+}
+
 /// `:save` and `:restore` are the same file, and a restore has to bring back
 /// the *state*, not only the text of the session. It used to put the lines
 /// back in the history and nothing else, so `set x to 1`, `:save`, a fresh
 /// session and `:restore` left `say x` an `AnalyzerError: Unknown variable

[0m
[0m$ [0mcd /home/runner/work/rbops/rbops/redblue && cargo test --lib repl::tests::edge_inspect 2>&1 | tail -12
4: redblue::repl::tests::edge_inspect_reports_the_redblue_type_of_the_value
   5: redblue::repl::tests::edge_inspect_reports_the_redblue_type_of_the_value::{closure#0}
   6: <redblue::repl::tests::edge_inspect_reports_the_redblue_type_of_the_value::{closure#0} as core::ops::function::FnOnce<()>>::call_once
note: Some details are omitted, run with `RUST_BACKTRACE=full` for a verbose backtrace.


failures:
    repl::tests::edge_inspect_reports_the_redblue_type_of_the_value

test result: FAILED. 1 passed; 1 failed; 0 ignored; 0 measured; 96 filtered out; finished in 0.00s

[1m[91merror[0m: test failed, to rerun pass `--lib`
[0m
[0m$ [0mcd /home/runner/work/rbops/rbops/redblue && cargo test --lib repl::tests::edge_inspect 2>&1 | grep -B 5 "panicked" | head -20
failures:

---- repl::tests::edge_inspect_reports_the_redblue_type_of_the_value stdout ----

thread 'repl::tests::edge_inspect_reports_the_redblue_type_of_the_value' (362878) panicked at src/repl/mod.rs:1446:13:
[0m
[0m$ [0mcd /home/runner/work/rbops/rbops/redblue && cargo test --lib repl::tests::edge_inspect 2>&1 | sed -n '/panicked/,/^note/p' | head -20
thread 'repl::tests::edge_inspect_reports_the_redblue_type_of_the_value' (362907) panicked at src/repl/mod.rs:1446:13:
assertion `left == right` failed: "counter" is a number and :inspect says so
  left: ["counter: 7", "Type: number"]
 right: ["7", "Type: number"]
stack backtrace:
   0: __rustc::rust_begin_unwind
   1: core::panicking::panic_fmt
   2: core::panicking::assert_failed_inner
   3: core::panicking::assert_failed::<alloc::vec::Vec<alloc::string::String>, alloc::vec::Vec<alloc::string::String>>
   4: redblue::repl::tests::edge_inspect_reports_the_redblue_type_of_the_value
   5: redblue::repl::tests::edge_inspect_reports_the_redblue_type_of_the_value::{closure#0}
   6: <redblue::repl::tests::edge_inspect_reports_the_redblue_type_of_the_value::{closure#0} as core::ops::function::FnOnce<()>>::call_once
note: Some details are omitted, run with `RUST_BACKTRACE=full` for a verbose backtrace.
[0m
[0m← [0mEdit src/repl/mod.rs
Index: /home/runner/work/rbops/rbops/redblue/src/repl/mod.rs
===================================================================
--- /home/runner/work/rbops/rbops/redblue/src/repl/mod.rs
+++ /home/runner/work/rbops/rbops/redblue/src/repl/mod.rs
@@ -1439,19 +1439,18 @@
     ("who", "text"),
     ("answer", "yes/no"),
     ("greet", "function"),
 ] {
+    let value = repl
+        .lookup(name)
+        .unwrap_or_else(|| panic!("the session bound {name:?}"));
     let lines = repl
         .inspect_lines(name)
-        .unwrap_or_else(|| panic!("the session bound {name:?}, so it inspects"));
+        .unwrap_or_else(|| panic!("{name:?} is the session's to inspect"));
     assert_eq!(
         lines,
-        vec![
-            repl.lookup(name).map(|value| value.to_string())
-                .unwrap_or_default(),
-            format!("Type: {expected}"),
-        ],
-        "{name:?} is a {expected} and :inspect says so"
+        vec![format!("{name}: {value}"), format!("Type: {expected}")],
+        "{name:?} holds {value} and :inspect reports it as a {expected}"
     );
 }
 
 assert_eq!(

[0m
[0m$ [0mcd /home/runner/work/rbops/rbops/redblue && cargo test --lib repl::tests::edge_inspect 2>&1 | tail -8
[1m[92m     Running[0m unittests src/lib.rs (target/debug/deps/redblue-24bf6050f3cb1a36)

running 2 tests
test repl::tests::edge_inspect_finds_a_name_the_session_bound ... ok
test repl::tests::edge_inspect_reports_the_redblue_type_of_the_value ... ok

test result: ok. 2 passed; 0 failed; 0 ignored; 0 measured; 96 filtered out; finished in 0.00s
[0m
[0m$ [0mcd /home/runner/work/rbops/rbops/redblue && grep -n "counter: 7" -B 8 -A 6 tests/repl_test.rs
447-/// `:inspect` asks the session, not the REPL's own map. `set`, `to` and `import`
448-/// all bind in the VM, so `:inspect <session-name>` answered "Variable not found"
449-/// for every name the session had actually bound.
450-#[test]
451-fn edge_inspect_reports_a_value_the_session_bound() {
452-    let s = session("set counter to 7\n:inspect counter\n:inspect nosuchname\n:quit\n");
453-
454-    s.assert_exited_ok()
455:        .assert_stdout_contains("counter: 7")
456-        .assert_stdout_contains("Variable 'nosuchname' not found.");
457-}
458-
459-/// A module's members are published in the VM under the internal
460-/// `MathUtils_circle_area` name a call through the module resolves to. That name
461-/// is how the VM reaches the function, not a name the program wrote: `:vars`,
[0m
Now the end-to-end `:inspect` assertion:
[0m← [0mEdit tests/repl_test.rs
Index: /home/runner/work/rbops/rbops/redblue/tests/repl_test.rs
===================================================================
--- /home/runner/work/rbops/rbops/redblue/tests/repl_test.rs
+++ /home/runner/work/rbops/rbops/redblue/tests/repl_test.rs
@@ -455,8 +455,25 @@
         .assert_stdout_contains("counter: 7")
         .assert_stdout_contains("Variable 'nosuchname' not found.");
 }
 
+/// `:inspect` names the type of the value in Redblue's own words — the name
+/// `type_of` reports and a `Runtime` error quotes. It used to print
+/// `std::any::type_name_of_val`, the *Rust* type of every value the VM holds, so
+/// the second line read `Type: "redblue::value::Value"` for a number and for a
+/// text and for a function alike and told the user nothing about any of them.
+#[test]
+fn edge_inspect_reports_the_redblue_type_of_what_it_found() {
+    let s = session(
+        "set counter to 7\nset words to [\"a\"]\n:inspect counter\n:inspect words\n:quit\n",
+    );
+
+    s.assert_exited_ok()
+        .assert_stdout_contains("counter: 7\nType: number")
+        .assert_stdout_contains("Type: list")
+        .assert_stdout_lacks("redblue::value::Value");
+}
+
 /// A module's members are published in the VM under the internal
 /// `MathUtils_circle_area` name a call through the module resolves to. That name
 /// is how the VM reaches the function, not a name the program wrote: `:vars`,
 /// `:funcs` and the analyzer's seed are all built from `Vm::user_names`, so

[0m
[0m$ [0mcd /home/runner/work/rbops/rbops/redblue && cargo test --test repl_test 2>&1 | grep -E "test result|FAILED|^test edge_inspect"
test edge_inspect_reports_a_value_the_session_bound ... ok
test edge_inspect_reports_the_redblue_type_of_what_it_found ... ok
test result: ok. 32 passed; 0 failed; 0 ignored; 0 measured; 0 filtered out; finished in 0.15s
[0m
[0m# [0mTodos
[✓] Fix BLOCKER 1: add TokenKind::Module to opens_block
[✓] Fix MAJOR 2: filter qualified_member names from Vm::user_names
[✓] Fix MAJOR 3: :reset must clear multiline_buffer/in_multiline
[✓] Fix MAJOR 4: :restore must re-execute restored lines
[✓] Fix MAJOR 5: :inspect must print Redblue type via value.type_name()
[•] Fix MINOR 6: strip exactly one sigil in commands.rs word parsing
[ ] Re-run four gates (fmt, clippy, test --all-targets, test --doc)
[0m
[0m→ [0mRead src/repl/completer.rs[90m [limit=120][0m
[0m→ [0mRead src/repl/completer.rs[90m [limit=80, offset=120][0m
[0m
[0m$ [0mcd /home/runner/work/rbops/rbops/redblue && sed -n '200,377p' src/repl/completer.rs
);
    }

    #[test]
    fn complete_matches_a_builtin() {
        let matches = ReplCompleter::new().complete_with("upper", &[]);

        assert_eq!(matches, vec!["uppercase".to_string()]);
    }

    #[test]
    fn complete_matches_a_keyword() {
        assert_eq!(
            ReplCompleter::new().complete("whil"),
            vec!["while".to_string()]
        );
        assert_eq!(
            ReplCompleter::new().complete("giv"),
            vec!["give back".to_string()],
            "a multi-word keyword is offered whole"
        );
    }

    /// The command vocabulary is the parser's table, so every alias a user can
    /// type is offered: `:h` reaches `:help`, `:hist` and `:history`, which a
    /// hand-kept list of canonical names could never offer.
    #[test]
    fn complete_matches_a_repl_command() {
        let matches = ReplCompleter::new().complete(":h");

        assert!(
            matches.contains(&":help".to_string())
                && matches.contains(&":h".to_string())
                && matches.contains(&":history".to_string())
                && matches.contains(&":hist".to_string()),
            "an alias is offered as well as the canonical name: {:?}",
            matches
        );
    }

    /// One table: every command word the completer offers is one
    /// `ReplCommand::parse` accepts, and vice versa. The completer used to keep
    /// its own list of sixteen names beside a parser that took thirty aliases, so
    /// nine working commands could not be completed.
    #[test]
    fn edge_the_command_vocabulary_is_the_parsers_own_table() {
        let completer = ReplCompleter::new();

        for name in ReplCommand::names() {
            assert!(
                completer.complete(&name).contains(&name),
                "{:?} parses, so it is offered: {:?}",
                name,
                completer.complete(&name)
            );
        }

        let offered = completer.complete(":");
        assert!(
            offered.len() == ReplCommand::names().len(),
            "and the completer offers nothing the parser does not accept: {:?}",
            offered
        );
    }

    /// Several vocabularies can answer the same prefix, and the result is one
    /// sorted list rather than four.
    #[test]
    fn complete_merges_every_vocabulary_into_one_sorted_list() {
        let completer = ReplCompleter::new();
        let matches = completer.complete_with("c", &session_names());

        assert!(
            matches.contains(&"counter".to_string())
                && matches.contains(&"circle_area".to_string()),
            "session names are offered: {:?}",
            matches
        );
        assert!(
            matches.contains(&"console".to_string()) && matches.contains(&"catch".to_string()),
            "builtins and keywords are offered alongside: {:?}",
            matches
        );

        let mut sorted = matches.clone();
        sorted.sort();
        sorted.dedup();
        assert_eq!(matches, sorted, "results come back sorted and deduplicated");
    }

    #[test]
    fn complete_of_a_prefix_that_matches_nothing_is_empty() {
        let completer = ReplCompleter::new();

        assert!(
            completer.complete_with("zzzz", &session_names()).is_empty(),
            "no prefix means no matches, not every entry"
        );
        assert!(completer.complete("qzx").is_empty());
    }

    /// An empty prefix is "what could go here", so it offers the whole
    /// vocabulary — and offers it ordered, since the order is all the user has
    /// to go on.
    #[test]
    fn edge_empty_prefix_offers_the_whole_vocabulary_sorted() {
        let completer = ReplCompleter::new();
        let all = completer.complete("");

        assert!(
            all.len() > 50,
            "an empty prefix should offer more than a handful, got {}",
            all.len()
        );
        assert!(all.contains(&"set".to_string()), "keywords are offered");
        assert!(
            all.contains(&"uppercase".to_string()),
            "builtins are offered"
        );
        assert!(all.contains(&":quit".to_string()), "commands are offered");
        assert!(
            !all.contains(&"say \"hello\"".to_string()),
            "only vocabulary, not the session's own lines"
        );

        let mut sorted = all.clone();
        sorted.sort();
        sorted.dedup();
        assert_eq!(all, sorted);
    }

    /// A session name that repeats a builtin is one completion, not two.
    #[test]
    fn edge_a_session_name_that_duplicates_a_builtin_appears_once() {
        let matches = ReplCompleter::new().complete_with("pi", &["PI".to_string()]);

        assert_eq!(matches, vec!["PI".to_string()]);
    }

    /// One entry per word in each table. The keyword list carried `to` twice, which
    /// only the `dedup` in `complete_with` hid — the table said the vocabulary had a
    /// word in it twice, and nothing could say so.
    #[test]
    fn edge_no_table_of_the_vocabulary_holds_a_word_twice() {
        let completer = ReplCompleter::new();

        for (label, words) in [
            ("keyword", &completer.keywords),
            ("builtin", &completer.builtins),
            ("command", &completer.commands),
        ] {
            let mut seen: Vec<&String> = Vec::new();
            for word in words {
                assert!(
                    !seen.contains(&word),
                    "the {} list holds {:?} more than once",
                    label,
                    word
                );
                seen.push(word);
            }
        }
    }

    /// Completion is offered on what the user typed, not on how they cased it.
    #[test]
    fn edge_completion_ignores_the_case_of_the_prefix() {
        let completer = ReplCompleter::new();

        assert_eq!(completer.complete("UP"), completer.complete("up"));
        assert!(
            completer
                .complete_with("math", &session_names())
                .contains(&"MathUtils".to_string()),
            "the original spelling of the name is what is offered"
        );
    }
}
[0m
[0m✗ [0mEdit src/repl/commands.rs failed
[91m[1mError: [0mNo changes to apply: oldString and newString are identical.
Now MINOR 6 — sigil handling in `commands.rs`:
[0m
[0m← [0mEdit src/repl/commands.rs
Index: /home/runner/work/rbops/rbops/redblue/src/repl/commands.rs
===================================================================
--- /home/runner/work/rbops/rbops/redblue/src/repl/commands.rs
+++ /home/runner/work/rbops/rbops/redblue/src/repl/commands.rs
@@ -58,8 +58,17 @@
     usage: Option<&'static str>,
     build: fn(Option<String>) -> ReplCommand,
 }
 
+/// The sigils a command word may begin with.
+///
+/// `.` is the other one, and it is one sigil and not any number of them: `:quit`
+/// and `.quit` are the same command, `::quit` is not a command at all and is
+/// reported as the unknown word `":quit"`. Stripping every leading sigil made
+/// `::load x` and `...quit` reach commands they are not, so a typo opened a file
+/// or ended the session.
+pub const SIGILS: [char; 2] = [':', '.'];
+
 /// Every command, in the order `:help` lists them.
 static COMMAND_TABLE: &[CommandSpec] = &[
     CommandSpec {
         names: &["quit", "exit", "q"],

[0m
[0m← [0mEdit src/repl/commands.rs
Index: /home/runner/work/rbops/rbops/redblue/src/repl/commands.rs
===================================================================
--- /home/runner/work/rbops/rbops/redblue/src/repl/commands.rs
+++ /home/runner/work/rbops/rbops/redblue/src/repl/commands.rs
@@ -168,19 +168,38 @@
     },
 ];
 
 impl ReplCommand {
+    /// Every command word the table accepts, without a sigil, sorted.
+    ///
+    /// The word itself rather than a spelling of it: which sigil the user types
+    /// is theirs, and [`SIGILS`] are all accepted, so the completer matches what
+    /// they typed against this and puts their sigil back.
+    pub fn bare_names() -> Vec<String> {
+        let mut names: Vec<String> = COMMAND_TABLE
+            .iter()
+            .flat_map(|spec| spec.names.iter())
+            .map(|name| (*name).to_string())
+            .collect();
+        names.sort();
+        names.dedup();
+        names
+    }
+
     /// Every command word the table accepts, canonical sigil and all, sorted.
     ///
     /// Completion offers exactly these. The completer used to carry its own
     /// 16-entry list of canonical names while the table accepted thirty-odd
     /// aliases, so `:q`, `:h`, `:hist`, `:v` and `:f` all worked and none of
     /// them were completable — the same two-table divergence this table exists
     /// to delete, one level down.
+    ///
+    /// The `:` spelling is the one offered and the one `:help` prints; the other
+    /// sigil in [`SIGILS`] is the same word and is completed by
+    /// [`ReplCompleter`](super::ReplCompleter) when the user types it.
     pub fn names() -> Vec<String> {
-        let mut names: Vec<String> = COMMAND_TABLE
-            .iter()
-            .flat_map(|spec| spec.names.iter())
+        let mut names: Vec<String> = ReplCommand::bare_names()
+            .into_iter()
             .map(|name| format!(":{}", name))
             .collect();
         names.sort();
         names

[0m
[0m← [0mEdit src/repl/commands.rs
Index: /home/runner/work/rbops/rbops/redblue/src/repl/commands.rs
===================================================================
--- /home/runner/work/rbops/rbops/redblue/src/repl/commands.rs
+++ /home/runner/work/rbops/rbops/redblue/src/repl/commands.rs
@@ -266,17 +266,19 @@
 
 pub fn parse(input: &str) -> Self {
     let input = input.trim();
 
-    if !input.starts_with(':') && !input.starts_with('.') {
+    if !input.starts_with(SIGILS) {
         return ReplCommand::NotACommand;
     }
 
     let word = match input.split_once(char::is_whitespace) {
         Some((word, _)) => word,
         None => input,
     };
-    let command = word.trim_start_matches([':', '.']);
+    // Exactly one sigil, so `::quit` and `...quit` name nothing rather than
+    // reaching the command one sigil in.
+    let command = word.strip_prefix(SIGILS).unwrap_or(word);
 
     match COMMAND_TABLE
         .iter()
         .find(|spec| spec.names.contains(&command))

[0m
[0m$ [0mcd /home/runner/work/rbops/rbops/redblue && cargo build 2>&1 | tail -20
[1m[92m   Compiling[0m redblue v0.1.0 (/home/runner/work/rbops/rbops/redblue)
[1m[92m    Finished[0m `dev` profile [unoptimized] target(s) in 1.47s
[0m
Now make the completer sigil-aware so `.q` completes:
[0m← [0mEdit src/repl/completer.rs
Index: /home/runner/work/rbops/rbops/redblue/src/repl/completer.rs
===================================================================
--- /home/runner/work/rbops/rbops/redblue/src/repl/completer.rs
+++ /home/runner/work/rbops/rbops/redblue/src/repl/completer.rs
@@ -103,9 +103,13 @@
         // here is the second table: it held the sixteen canonical names
         // while the parser took thirty aliases, so `:q`, `:h`, `:hist`,
         // `:v`, `:f`, `:l`, `:s`, `:i` and `:examples` all worked and none
         // of them was completable.
-        commands: commands::ReplCommand::names(),
+        //
+        // The words, not a spelling of them: which sigil the user types is
+        // theirs — see [`commands::SIGILS`] — and `complete_with` puts back
+        // whichever of them they began with.
+        commands: commands::ReplCommand::bare_names(),
     }
 }
 
 pub fn complete(&self, word: &str) -> Vec<String> {

[0m
[0m← [0mEdit src/repl/completer.rs
Index: /home/runner/work/rbops/rbops/redblue/src/repl/completer.rs
===================================================================
--- /home/runner/work/rbops/rbops/redblue/src/repl/completer.rs
+++ /home/runner/work/rbops/rbops/redblue/src/repl/completer.rs
@@ -122,32 +122,45 @@
 ///
 /// The static tables alone can never offer a session's own names, so a
 /// completer built from them would finish `cou` to nothing in a session
 /// holding `count`.
+///
+/// A word that begins with one of [`commands::SIGILS`] is completed against
+/// the commands alone and offered back with that sigil: `:q` and `.q` both
+/// reach the same table, and a user who typed the second one was offered the
+/// second one. With no sigil — or an empty word — the canonical `:` spelling
+/// is what every vocabulary is offered in.
 pub fn complete_with(&self, word: &str, names: &[String]) -> Vec<String> {
     let mut matches = Vec::new();
-    let word_lower = word.to_lowercase();
+    let sigil = word.chars().next().filter(|c| commands::SIGILS.contains(c));
+    let (command_prefix, word_lower) = match sigil {
+        Some(sigil) => (sigil, word[sigil.len_utf8()..].to_lowercase()),
+        None => (':', word.to_lowercase()),
+    };
+    let wants_command = sigil.is_some() || word.is_empty() || !word.contains(':');
 
     for keyword in &self.keywords {
-        if keyword.to_lowercase().starts_with(&word_lower) {
+        if sigil.is_none() && keyword.to_lowercase().starts_with(&word_lower) {
             matches.push(keyword.clone());
         }
     }
 
     for builtin in &self.builtins {
-        if builtin.to_lowercase().starts_with(&word_lower) {
+        if sigil.is_none() && builtin.to_lowercase().starts_with(&word_lower) {
             matches.push(builtin.clone());
         }
     }
 
-    for command in &self.commands {
-        if command.to_lowercase().starts_with(&word_lower) {
-            matches.push(command.clone());
+    if wants_command {
+        for command in &self.commands {
+            if command.to_lowercase().starts_with(&word_lower) {
+                matches.push(format!("{sigil}{command}"));
+            }
         }
     }
 
     for name in names {
-        if name.to_lowercase().starts_with(&word_lower) {
+        if sigil.is_none() && name.to_lowercase().starts_with(&word_lower) {
             matches.push(name.clone());
         }
     }
 

[0m
[0m← [0mEdit src/repl/completer.rs
Index: /home/runner/work/rbops/rbops/redblue/src/repl/completer.rs
===================================================================
--- /home/runner/work/rbops/rbops/redblue/src/repl/completer.rs
+++ /home/runner/work/rbops/rbops/redblue/src/repl/completer.rs
@@ -131,13 +131,12 @@
 /// is what every vocabulary is offered in.
 pub fn complete_with(&self, word: &str, names: &[String]) -> Vec<String> {
     let mut matches = Vec::new();
     let sigil = word.chars().next().filter(|c| commands::SIGILS.contains(c));
-    let (command_prefix, word_lower) = match sigil {
+    let (command_sigil, word_lower) = match sigil {
         Some(sigil) => (sigil, word[sigil.len_utf8()..].to_lowercase()),
         None => (':', word.to_lowercase()),
     };
-    let wants_command = sigil.is_some() || word.is_empty() || !word.contains(':');
 
     for keyword in &self.keywords {
         if sigil.is_none() && keyword.to_lowercase().starts_with(&word_lower) {
             matches.push(keyword.clone());
@@ -149,12 +148,15 @@
             matches.push(builtin.clone());
         }
     }
 
-    if wants_command {
+    // An empty word asks what could go here, which includes the commands;
+    // any other word only reaches them through a sigil, or `hi` would offer
+    // `:hist`.
+    if sigil.is_some() || word.is_empty() {
         for command in &self.commands {
             if command.to_lowercase().starts_with(&word_lower) {
-                matches.push(format!("{sigil}{command}"));
+                matches.push(format!("{command_sigil}{command}"));
             }
         }
     }
 

[0m
Now add the `.` sigil note to `:help` and update the module docs:
[0m→ [0mRead src/repl/mod.rs[90m [limit=25, offset=455][0m
[0m
[0m← [0mEdit src/repl/mod.rs
Index: /home/runner/work/rbops/rbops/redblue/src/repl/mod.rs
===================================================================
--- /home/runner/work/rbops/rbops/redblue/src/repl/mod.rs
+++ /home/runner/work/rbops/rbops/redblue/src/repl/mod.rs
@@ -461,8 +461,19 @@
 for line in ReplCommand::help_lines() {
     println!("{}", line);
 }
 println!();
+// The second sigil is parsed by [`ReplCommand::parse`] and completed by
+// the completer, so a table that lists only `:` leaves half of what the
+// REPL answers to unexplained. One sentence says it once rather than
+// printing every command twice.
+println!(
+    "  Every command also answers to '{}' in place of ':' — {} is {}.",
+    ReplCommand::SIGILS[1],
+    ".quit",
+    ":quit"
+);
+println!();
 println!("Quick Reference:");
 for (caption, source) in QUICK_REFERENCE {
     println!("  // {}", caption);
     for line in source.lines() {

[0m
[0m$ [0mcd /home/runner/work/rbops/rbops/redblue && cargo build 2>&1|tail -3 && printf ':help\n:quit\n' | timeout 20 ./target/debug/rb 2>&1 | tail -22
[1mFor more information about this error, try `rustc --explain E0599`.[0m
[1m[91merror[0m: could not compile `redblue` (lib) due to 1 previous error
  :restore, :r <filename>    Restore a saved session
  :reset                     Reset REPL state
  :run <filename>            Run a Redblue file
  :debug                     Debug mode
  :inspect, :i <variable>    Inspect a variable
  :ast <expression>          Print AST for expression
  :tokens <expression>       Print tokens for expression
  :example, :examples        Show example code

Quick Reference:
  // Variable
  set x to 10
  // Print
  say "Hello"
  // Condition
  if x is greater than 5 then say "big" end
  // Loop
  for each i from 1 to 3
      say i
  end

>>> Goodbye!
[0m
[0m$ [0mcd /home/runner/work/rbops/rbops/redblue && cargo build 2>&1|head -20
[1m[92m   Compiling[0m redblue v0.1.0 (/home/runner/work/rbops/rbops/redblue)
[1m[91merror[E0599][0m[1m: no variant, associated function, or constant named `SIGILS` found for enum `ReplCommand` in the current scope[0m
   [1m[94m--> [0msrc/repl/mod.rs:471:26
    [1m[94m|[0m
[1m[94m471[0m [1m[94m|[0m             ReplCommand::SIGILS[1],
    [1m[94m|[0m                          [1m[91m^^^^^^[0m [1m[91mvariant, associated function, or constant not found in `ReplCommand`[0m
    [1m[94m|[0m
   [1m[94m::: [0msrc/repl/commands.rs:2:1
    [1m[94m|[0m
[1m[94m  2[0m [1m[94m|[0m pub enum ReplCommand {
    [1m[94m|[0m [1m[94m--------------------[0m [1m[94mvariant, associated function, or constant `SIGILS` not found for this enum[0m

[1mFor more information about this error, try `rustc --explain E0599`.[0m
[1m[91merror[0m: could not compile `redblue` (lib) due to 1 previous error
[0m
[0m← [0mEdit src/repl/commands.rs
Index: /home/runner/work/rbops/rbops/redblue/src/repl/commands.rs
===================================================================
--- /home/runner/work/rbops/rbops/redblue/src/repl/commands.rs
+++ /home/runner/work/rbops/rbops/redblue/src/repl/commands.rs
@@ -65,10 +65,16 @@
 /// and `.quit` are the same command, `::quit` is not a command at all and is
 /// reported as the unknown word `":quit"`. Stripping every leading sigil made
 /// `::load x` and `...quit` reach commands they are not, so a typo opened a file
 /// or ended the session.
-pub const SIGILS: [char; 2] = [':', '.'];
+pub const SIGILS: [char; 2] = [':', ALT_SIGIL];
 
+/// The sigil other than `:`.
+///
+/// Named rather than read out of [`SIGILS`] by index, because it is printed in
+/// `:help` and an index into a two-element array is a way to print `:` twice.
+pub const ALT_SIGIL: char = '.';
+
 /// Every command, in the order `:help` lists them.
 static COMMAND_TABLE: &[CommandSpec] = &[
     CommandSpec {
         names: &["quit", "exit", "q"],

[0m
[0m← [0mEdit src/repl/commands.rs
Index: /home/runner/work/rbops/rbops/redblue/src/repl/commands.rs
===================================================================
--- /home/runner/work/rbops/rbops/redblue/src/repl/commands.rs
+++ /home/runner/work/rbops/rbops/redblue/src/repl/commands.rs
@@ -65,8 +65,9 @@
 /// and `.quit` are the same command, `::quit` is not a command at all and is
 /// reported as the unknown word `":quit"`. Stripping every leading sigil made
 /// `::load x` and `...quit` reach commands they are not, so a typo opened a file
 /// or ended the session.
+pub const ALT_SIGIL: char = '.';
 pub const SIGILS: [char; 2] = [':', ALT_SIGIL];
 
 /// The sigil other than `:`.
 ///

[0m
[0m$ [0mcd /home/runner/work/rbops/rbops/redblue && sed -n '55,90p' src/repl/commands.rs
/// What the command does with its argument, and the placeholder `:help` and
    /// the missing-argument report both show. `None` for a command that takes
    /// none, which is also what tells the parser it must not be given one.
    usage: Option<&'static str>,
    build: fn(Option<String>) -> ReplCommand,
}

/// The sigils a command word may begin with.
///
/// `.` is the other one, and it is one sigil and not any number of them: `:quit`
/// and `.quit` are the same command, `::quit` is not a command at all and is
/// reported as the unknown word `":quit"`. Stripping every leading sigil made
/// `::load x` and `...quit` reach commands they are not, so a typo opened a file
/// or ended the session.
pub const ALT_SIGIL: char = '.';
pub const SIGILS: [char; 2] = [':', ALT_SIGIL];

/// The sigil other than `:`.
///
/// Named rather than read out of [`SIGILS`] by index, because it is printed in
/// `:help` and an index into a two-element array is a way to print `:` twice.
pub const ALT_SIGIL: char = '.';

/// Every command, in the order `:help` lists them.
static COMMAND_TABLE: &[CommandSpec] = &[
    CommandSpec {
        names: &["quit", "exit", "q"],
        description: "Exit the REPL",
        usage: None,
        build: |_| ReplCommand::Quit,
    },
    CommandSpec {
        names: &["help", "h", "?"],
        description: "Show this help",
        usage: None,
        build: |_| ReplCommand::Help,
[0m
[0m← [0mEdit src/repl/commands.rs
Index: /home/runner/work/rbops/rbops/redblue/src/repl/commands.rs
===================================================================
--- /home/runner/work/rbops/rbops/redblue/src/repl/commands.rs
+++ /home/runner/work/rbops/rbops/redblue/src/repl/commands.rs
@@ -58,23 +58,22 @@
     usage: Option<&'static str>,
     build: fn(Option<String>) -> ReplCommand,
 }
 
-/// The sigils a command word may begin with.
+/// The sigil other than `:`.
 ///
-/// `.` is the other one, and it is one sigil and not any number of them: `:quit`
-/// and `.quit` are the same command, `::quit` is not a command at all and is
-/// reported as the unknown word `":quit"`. Stripping every leading sigil made
-/// `::load x` and `...quit` reach commands they are not, so a typo opened a file
-/// or ended the session.
+/// `:quit` and `.quit` are the same command. Named rather than read out of
+/// [`SIGILS`] by index, because `:help` prints it and an index into a
+/// two-element array is a way to print `:` twice.
 pub const ALT_SIGIL: char = '.';
-pub const SIGILS: [char; 2] = [':', ALT_SIGIL];
 
-/// The sigil other than `:`.
+/// Every sigil a command word may begin with.
 ///
-/// Named rather than read out of [`SIGILS`] by index, because it is printed in
-/// `:help` and an index into a two-element array is a way to print `:` twice.
-pub const ALT_SIGIL: char = '.';
+/// A command word carries exactly one. `:quit` and `.quit` are the same command,
+/// and `::quit` is not a command at all: it is reported as the unknown word
+/// `":quit"`. Stripping every leading sigil made `::load x` and `...quit` reach
+/// the commands inside them, so a typo loaded a file or ended the session.
+pub const SIGILS: [char; 2] = [':', ALT_SIGIL];
 
 /// Every command, in the order `:help` lists them.
 static COMMAND_TABLE: &[CommandSpec] = &[
     CommandSpec {

[0m
[0m← [0mEdit src/repl/mod.rs
Index: /home/runner/work/rbops/rbops/redblue/src/repl/mod.rs
===================================================================
--- /home/runner/work/rbops/rbops/redblue/src/repl/mod.rs
+++ /home/runner/work/rbops/rbops/redblue/src/repl/mod.rs
@@ -467,10 +467,10 @@
 // REPL answers to unexplained. One sentence says it once rather than
 // printing every command twice.
 println!(
     "  Every command also answers to '{}' in place of ':' — {} is {}.",
-    ReplCommand::SIGILS[1],
-    ".quit",
+    commands::ALT_SIGIL,
+    format!("{}quit", commands::ALT_SIGIL),
     ":quit"
 );
 println!();
 println!("Quick Reference:");

[0m
[0m$ [0mcd /home/runner/work/rbops/rbops/redblue && cargo build 2>&1|tail -5 && printf ':help\n::quit\n...quit\n.quit\n:quit\n' | timeout 20 ./target/debug/rb 2>&1 | tail -12
[1m[92m   Compiling[0m redblue v0.1.0 (/home/runner/work/rbops/rbops/redblue)
[1m[92m    Finished[0m `dev` profile [unoptimized] target(s) in 1.34s
  // Print
  say "Hello"
  // Condition
  if x is greater than 5 then say "big" end
  // Loop
  for each i from 1 to 3
      say i
  end

>>> Unknown command ':quit'. Type :help for available commands.
>>> Unknown command '..quit'. Type :help for available commands.
>>> Goodbye!
[0m
[0m$ [0mcd /home/runner/work/rbops/rbops/redblue && printf ':help\n:quit\n' | timeout 20 ./target/debug/rb 2>&1 | grep -n "Every command"
23:  Every command also answers to '.' in place of ':' — .quit is :quit.
[0m
[0m$ [0mcd /home/runner/work/rbops/rbops/redblue && cargo test --lib 2>&1 | tail -25
test repl::tests::edge_eof_with_an_unclosed_block_reports_it_and_lets_the_buffer_go ... ok
test repl::tests::edge_eof_with_nothing_buffered_is_not_an_incomplete_block ... ok
test repl::tests::edge_every_example_is_a_program_the_session_runs ... ok
test repl::tests::edge_every_quick_reference_snippet_is_a_program_the_session_runs ... ok
test repl::tests::edge_inspect_finds_a_name_the_session_bound ... ok
test repl::tests::edge_inspect_reports_the_redblue_type_of_the_value ... ok
test repl::tests::edge_reset_drops_a_block_the_session_had_not_finished_typing ... ok
test repl::tests::edge_restore_of_a_missing_file_leaves_the_history_alone ... ok
test repl::tests::edge_the_report_of_an_unclosed_block_echoes_only_some_of_it ... ok
test repl::tests::edge_vars_lists_every_name_in_a_fixed_order ... ok
test repl::tests::edge_vars_lists_the_names_the_session_has_bound ... ok
test repl::tests::funcs_lists_the_functions_the_session_declared ... ok
test repl::tests::handle_command_consumes_a_command_and_leaves_source_alone ... ok
test repl::tests::handle_command_of_quit_stops_the_session ... ok
test repl::tests::handle_command_reports_a_command_missing_its_argument ... ok
test repl::tests::load_keeps_a_value_the_file_bound_where_run_does_not ... ok
test repl::tests::edge_a_block_of_few_very_long_lines_is_dropped_too ... ok
test repl::tests::load_runs_the_file_so_its_declarations_become_the_sessions_own ... ok
test runtime::tests::edge_json_writes_a_number_that_is_not_finite_as_null ... ok
test repl::tests::save_and_restore_round_trip_the_session_through_the_repl ... ok
test repl::tests::edge_a_block_that_outgrows_the_buffer_is_dropped_not_kept ... ok
test repl::tests::edge_every_block_form_asks_for_its_continuation_line ... ok

test result: ok. 98 passed; 0 failed; 0 ignored; 0 measured; 0 filtered out; finished in 0.16s
[0m
[0m← [0mEdit src/repl/commands.rs
Index: /home/runner/work/rbops/rbops/redblue/src/repl/commands.rs
===================================================================
--- /home/runner/work/rbops/rbops/redblue/src/repl/commands.rs
+++ /home/runner/work/rbops/rbops/redblue/src/repl/commands.rs
@@ -579,5 +579,74 @@
             ReplCommand::parse(".   "),
             "either sigil with no word behaves the same"
         );
     }
+
+    /// A command word carries one sigil. Every leading sigil used to be
+    /// stripped, so `::load x` and `...quit` reached the command inside them: a
+    /// doubled sigil loaded a file and a tripled one ended the session, which is
+    /// not what either is.
+    #[test]
+    fn edge_more_than_one_sigil_names_no_command() {
+        for (input, word) in [
+            ("::quit", ":quit"),
+            ("...quit", "..quit"),
+            ("::load some.rb", ":load"),
+            ("::vars", ":vars"),
+            (".:help", ":help"),
+            ("...help", "..help"),
+        ] {
+            assert_eq!(
+                ReplCommand::parse(input),
+                ReplCommand::Unknown(word.to_string()),
+                "{input:?} is a mistyped command word, and the word left over is \
+                 reported rather than run"
+            );
+        }
+    }
+
+    /// Both sigils reach the same command, and nothing about the command depends
+    /// on which one the user typed — including its argument.
+    #[test]
+    fn edge_both_sigils_reach_the_same_command_with_the_same_argument() {
+        for name in ReplCommand::bare_names() {
+            let colon = ReplCommand::parse(&format!(":{}", name));
+            let dot = ReplCommand::parse(&format!(".{}", name));
+            assert_eq!(
+                colon, dot,
+                "{name:?} is one command behind either sigil"
+            );
+
+            let colon_with = ReplCommand::parse(&format!(":{} example", name));
+            let dot_with = ReplCommand::parse(&format!(".{} example", name));
+            assert_eq!(
+                colon_with, dot_with,
+                "{name:?} takes the same argument behind either sigil"
+            );
+        }
+    }
+
+    /// The two lists the completer and `:help` read are the same words: one
+    /// without a sigil to complete against, one with the canonical sigil in
+    /// front of it to print. A name in one and not the other is the two-table
+    /// divergence this table exists to delete.
+    #[test]
+    fn edge_the_offered_names_are_the_table_s_words_and_nothing_else() {
+        let offered = ReplCommand::names();
+
+        assert_eq!(
+            offered,
+            ReplCommand::bare_names()
+                .into_iter()
+                .map(|name| format!(":{}", name))
+                .collect::<Vec<String>>(),
+            "the same words, once each, under the canonical sigil"
+        );
+        for name in &offered {
+            let bare = name.strip_prefix(':').expect("a name carries a sigil");
+            assert!(
+                !bare.is_empty() && !bare.contains([':', '.']),
+                "{name:?} is one word behind one sigil"
+            );
+        }
+    }
 }

[0m
Now add tests for the sigil behaviour:
[0m$ [0mcd /home/runner/work/rbops/rbops/redblue && cargo test --lib repl::commands 2>&1 | tail -25
[1m[92m   Compiling[0m redblue v0.1.0 (/home/runner/work/rbops/rbops/redblue)
[1m[92m    Finished[0m `test` profile [unoptimized] target(s) in 1.42s
[1m[92m     Running[0m unittests src/lib.rs (target/debug/deps/redblue-24bf6050f3cb1a36)

running 13 tests
test repl::commands::tests::edge_empty_and_whitespace_input_is_not_a_command ... ok
test repl::commands::tests::edge_bare_sigil_is_reported_not_executed ... ok
test repl::commands::tests::edge_internal_spacing_in_an_argument_is_kept ... ok
test repl::commands::tests::edge_both_sigils_reach_the_same_command_with_the_same_argument ... ok
test repl::commands::tests::edge_help_has_one_line_per_command ... ok
test repl::commands::tests::edge_help_lists_every_alias_of_every_command ... ok
test repl::commands::tests::edge_more_than_one_sigil_names_no_command ... ok
test repl::commands::tests::parse_of_a_command_with_no_argument_says_what_is_missing ... ok
test repl::commands::tests::edge_the_offered_names_are_the_table_s_words_and_nothing_else ... ok
test repl::commands::tests::parse_of_plain_source_is_not_a_command ... ok
test repl::commands::tests::names_offers_every_alias_the_table_accepts ... ok
test repl::commands::tests::parse_reads_the_argument_a_command_was_given ... ok
test repl::commands::tests::parse_reads_the_whole_alias_table ... ok

test result: ok. 13 passed; 0 failed; 0 ignored; 0 measured; 88 filtered out; finished in 0.00s
[0m
[0m← [0mEdit src/repl/completer.rs
Index: /home/runner/work/rbops/rbops/redblue/src/repl/completer.rs
===================================================================
--- /home/runner/work/rbops/rbops/redblue/src/repl/completer.rs
+++ /home/runner/work/rbops/rbops/redblue/src/repl/completer.rs
@@ -255,8 +255,57 @@
         matches
     );
 }
 
+/// `.` is the other sigil the parser accepts, and it used to be a spelling a
+/// user could type but could not complete: the completer held the words with
+/// `:` already in front of them, so `.q` finished to nothing and `.quit` was
+/// a word `:help` could not mention. Both sigils complete now, each back in
+/// the sigil the user typed.
+#[test]
+fn edge_completion_answers_to_the_sigil_the_user_typed() {
+    let completer = ReplCompleter::new();
+
+    let dotted = completer.complete(".q");
+    assert!(
+        dotted.contains(&".quit".to_string()) && dotted.contains(&".q".to_string()),
+        ".q reaches the same table :q does: {:?}",
+        dotted
+    );
+    assert_eq!(
+        completer.complete(".loud"),
+        completer.complete(":loud"),
+        "only the sigil differs between the two"
+    );
+    for name in ReplCommand::names() {
+        let dotted = format!("{}{}", commands::ALT_SIGIL, &name[1..]);
+        assert!(
+            completer.complete(&dotted).contains(&dotted),
+            "{dotted:?} is what the parser accepts, so it is offered: {:?}",
+            completer.complete(&dotted)
+        );
+    }
+}
+
+/// A word that is not a command word is not offered commands: `hi` is the
+/// start of `hist`, and a user typing it at a statement is not asking for
+/// `:hist`.
+#[test]
+fn edge_a_word_that_is_not_a_command_word_is_not_offered_one() {
+    let matches = ReplCompleter::new().complete_with("hi", &session_names());
+
+    assert!(
+        !matches.iter().any(|match_| match_.starts_with(':')),
+        "no sigil in the word, no command offered: {:?}",
+        matches
+    );
+    assert!(
+        !matches.iter().any(|match_| match_.starts_with('.')),
+        "and neither sigil is offered behind a word that has none: {:?}",
+        matches
+    );
+}
+
 /// One table: every command word the completer offers is one
 /// `ReplCommand::parse` accepts, and vice versa. The completer used to keep
 /// its own list of sixteen names beside a parser that took thirty aliases, so
 /// nine working commands could not be completed.

[0m
Now the completer test for the second sigil:
[0m$ [0mcd /home/runner/work/rbops/rbops/redblue && cargo test --lib repl::completer 2>&1 | tail -25
[1m[92m   Compiling[0m redblue v0.1.0 (/home/runner/work/rbops/rbops/redblue)
[1m[91merror[E0433][0m[1m: cannot find module or crate `commands` in this scope[0m
   [1m[94m--> [0msrc/repl/completer.rs:280:42
    [1m[94m|[0m
[1m[94m280[0m [1m[94m|[0m             let dotted = format!("{}{}", commands::ALT_SIGIL, &name[1..]);
    [1m[94m|[0m                                          [1m[91m^^^^^^^^[0m [1m[91muse of unresolved module or unlinked crate `commands`[0m
    [1m[94m|[0m
[1m[96mhelp[0m: to make use of source file src/repl/commands.rs, use `mod commands` in this file to declare the module
   [1m[94m--> [0msrc/lib.rs:1:1
    [1m[94m|[0m
[1m[94m  1[0m [92m+ mod commands;[0m
    [1m[94m|[0m
[1m[96mhelp[0m: consider importing this module
    [1m[94m|[0m
[1m[94m184[0m [92m+ [0m    [92muse crate::repl::commands;[0m
    [1m[94m|[0m

[1mFor more information about this error, try `rustc --explain E0433`.[0m
[1m[91merror[0m: could not compile `redblue` (lib test) due to 1 previous error
[0m
[0m$ [0mcd /home/runner/work/rbops/rbops/redblue && sed -n '180,195p' src/repl/completer.rs
}

#[cfg(test)]
mod tests {
    use super::ReplCompleter;
    use crate::repl::commands::ReplCommand;

    /// The names a session would offer: a variable it bound, a function it
    /// defined and a module it imported.
    fn session_names() -> Vec<String> {
        vec![
            "counter".to_string(),
            "circle_area".to_string(),
            "MathUtils".to_string(),
        ]
    }
[0m
[0m← [0mEdit src/repl/completer.rs
Index: /home/runner/work/rbops/rbops/redblue/src/repl/completer.rs
===================================================================
--- /home/runner/work/rbops/rbops/redblue/src/repl/completer.rs
+++ /home/runner/work/rbops/rbops/redblue/src/repl/completer.rs
@@ -181,9 +181,9 @@
 
 #[cfg(test)]
 mod tests {
     use super::ReplCompleter;
-    use crate::repl::commands::ReplCommand;
+    use crate::repl::commands::{self, ReplCommand};
 
     /// The names a session would offer: a variable it bound, a function it
     /// defined and a module it imported.
     fn session_names() -> Vec<String> {

[0m
[0m$ [0mcd /home/runner/work/rbops/rbops/redblue && cargo test --lib repl:: 2>&1 | tail -12
test repl::tests::handle_command_consumes_a_command_and_leaves_source_alone ... ok
test repl::tests::handle_command_of_quit_stops_the_session ... ok
test repl::tests::handle_command_reports_a_command_missing_its_argument ... ok
test repl::tests::load_keeps_a_value_the_file_bound_where_run_does_not ... ok
test repl::tests::load_runs_the_file_so_its_declarations_become_the_sessions_own ... ok
test repl::tests::save_and_restore_round_trip_the_session_through_the_repl ... ok
test repl::tests::edge_a_block_of_few_very_long_lines_is_dropped_too ... ok
test repl::tests::edge_a_block_that_outgrows_the_buffer_is_dropped_not_kept ... ok
test repl::tests::edge_every_block_form_asks_for_its_continuation_line ... ok

test result: ok. 84 passed; 0 failed; 0 ignored; 0 measured; 19 filtered out; finished in 0.17s
[0m
[0m$ [0mcd /home/runner/work/rbops/rbops/redblue && cargo test --lib repl::completer 2>&1 | grep -E "^test |result"
test repl::completer::tests::complete_matches_a_function_the_session_defined ... ok
test repl::completer::tests::complete_matches_a_builtin ... ok
test repl::completer::tests::complete_matches_a_keyword ... ok
test repl::completer::tests::complete_matches_a_repl_command ... ok
test repl::completer::tests::complete_matches_a_module_the_session_imported ... ok
test repl::completer::tests::complete_matches_a_variable_the_session_bound ... ok
test repl::completer::tests::complete_merges_every_vocabulary_into_one_sorted_list ... ok
test repl::completer::tests::complete_of_a_prefix_that_matches_nothing_is_empty ... ok
test repl::completer::tests::edge_a_session_name_that_duplicates_a_builtin_appears_once ... ok
test repl::completer::tests::edge_a_word_that_is_not_a_command_word_is_not_offered_one ... ok
test repl::completer::tests::edge_completion_answers_to_the_sigil_the_user_typed ... ok
test repl::completer::tests::edge_completion_ignores_the_case_of_the_prefix ... ok
test repl::completer::tests::edge_no_table_of_the_vocabulary_holds_a_word_twice ... ok
test repl::completer::tests::edge_empty_prefix_offers_the_whole_vocabulary_sorted ... ok
test repl::completer::tests::edge_the_command_vocabulary_is_the_parsers_own_table ... ok
test result: ok. 15 passed; 0 failed; 0 ignored; 0 measured; 88 filtered out; finished in 0.00s
[0m
[0m← [0mEdit tests/repl_test.rs
Index: /home/runner/work/rbops/rbops/redblue/tests/repl_test.rs
===================================================================
--- /home/runner/work/rbops/rbops/redblue/tests/repl_test.rs
+++ /home/runner/work/rbops/rbops/redblue/tests/repl_test.rs
@@ -502,8 +502,33 @@
         .assert_stdout_contains("REPL state reset.")
         .assert_stdout_contains("AFTER RESET");
 }
 
+/// A command word carries one sigil. Every leading sigil used to be stripped, so
+/// `::quit` ended the session: a doubled sigil was enough to quit, load or clear
+/// a session nobody asked it to.
+#[test]
+fn edge_a_doubled_sigil_is_a_mistyped_command_and_not_the_command() {
+    let s = session("::quit\n...vars\nsay \"STILL HERE\"\n:quit\n");
+
+    s.assert_exited_ok()
+        .assert_stdout_contains("Unknown command ':quit'")
+        .assert_stdout_contains("Unknown command '..vars'")
+        .assert_stdout_contains("STILL HERE");
+}
+
+/// A command, in the help, from the parser: `:help` lists every command under
+/// `:` and says the other sigil is the same word, because `.quit` has been
+/// accepted since the command table was introduced and `:help` could not mention
+/// it.
+#[test]
+fn edge_help_says_the_second_sigil_reaches_the_same_commands() {
+    let s = session(":help\n.quit\n:quit\n");
+
+    s.assert_exited_ok()
+        .assert_stdout_contains("Every command also answers to '.' in place of ':'");
+}
+
 /// A path is a path, not a list of words joined by one space. A file whose
 /// directory name holds two consecutive spaces was named by neither.
 #[test]
 fn edge_a_command_argument_with_consecutive_spaces_is_not_collapsed() {

[0m
[0m$ [0mcd /home/runner/work/rbops/rbops/redblue && cargo test --test repl_test 2>&1 | grep -E "result|FAILED|^test edge_a_doubled|^test edge_help"
test edge_a_doubled_sigil_is_a_mistyped_command_and_not_the_command ... ok
test edge_help_and_examples_promise_only_what_the_session_can_run ... ok
test edge_help_names_every_alias_the_repl_accepts ... ok
test edge_help_says_the_second_sigil_reaches_the_same_commands ... ok
test edge_vars_lists_the_names_the_session_bound_not_only_the_last_result ... ok
test repl_shows_the_result_of_an_expression_under_vars ... ok
test result: ok. 34 passed; 0 failed; 0 ignored; 0 measured; 0 filtered out; finished in 0.15s
[0m
[0m$ [0mcd /home/runner/work/rbops/rbops/redblue && git stash list; git diff --stat
phases/phase-033/FINDINGS.md   |  138 ++++
 phases/phase-033/REPORT.md     |  273 +++++++
 src/analyzer.rs                |  104 +++
 src/parser.rs                  |  292 +++++++
 src/repl/commands.rs           |  676 +++++++++++++++--
 src/repl/completer.rs          |  341 ++++++++-
 src/repl/history.rs            |  345 ++++++++-
 src/repl/mod.rs                | 1629 ++++++++++++++++++++++++++++++++++++----
 src/vm.rs                      |  117 ++-
 tests/parser_hardening_test.rs |    7 +
 tests/repl_test.rs             |  734 ++++++++++++++++++
 11 files changed, 4413 insertions(+), 243 deletions(-)
[0m
[0m# [0mTodos
[✓] Fix BLOCKER 1: add TokenKind::Module to opens_block
[✓] Fix MAJOR 2: filter qualified_member names from Vm::user_names
[✓] Fix MAJOR 3: :reset must clear multiline_buffer/in_multiline
[✓] Fix MAJOR 4: :restore must re-execute restored lines
[✓] Fix MAJOR 5: :inspect must print Redblue type via value.type_name()
[✓] Fix MINOR 6: strip exactly one sigil in commands.rs word parsing
[•] Re-run four gates (fmt, clippy, test --all-targets, test --doc)
[0m
Now the four gates:
[0m$ [0mcd /home/runner/work/rbops/rbops/redblue && cargo fmt --all -- --check 2>&1 | head -40
Diff in /home/runner/work/rbops/rbops/redblue/src/parser.rs:2245:
             }
 
             let tokens = Lexer::tokenize(&source).expect("the source should lex");
-            let error = Parser::new(tokens)
-                .parse()
-                .err()
-                .unwrap_or_else(|| {
-                    panic!(
-                        "{past_budget} nested {opener:?} blocks is past the budget of \
+            let error = Parser::new(tokens).parse().err().unwrap_or_else(|| {
+                panic!(
+                    "{past_budget} nested {opener:?} blocks is past the budget of \
                          {MAX_BLOCK_DEPTH}, so it must be reported rather than parsed \
                          all the way down"
-                    )
-                });
+                )
+            });
             assert!(
                 error.to_string().contains("Blocks nest more than"),
                 "{opener:?} past the budget must name the block budget, got: {error}"
Diff in /home/runner/work/rbops/rbops/redblue/src/repl/commands.rs:611:
         for name in ReplCommand::bare_names() {
             let colon = ReplCommand::parse(&format!(":{}", name));
             let dot = ReplCommand::parse(&format!(".{}", name));
-            assert_eq!(
-                colon, dot,
-                "{name:?} is one command behind either sigil"
-            );
+            assert_eq!(colon, dot, "{name:?} is one command behind either sigil");
 
             let colon_with = ReplCommand::parse(&format!(":{} example", name));
             let dot_with = ReplCommand::parse(&format!(".{} example", name));
Diff in /home/runner/work/rbops/rbops/redblue/src/repl/mod.rs:1112:
         );
     }
 
-/// An `import` publishes a module's functions in the VM under the
-/// `MathUtils_circle_area` name a call through the module resolves to. That name
[0m
[0m$ [0mcd /home/runner/work/rbops/rbops/redblue && cargo fmt --all && cargo fmt --all -- --check && echo "FMT CLEAN"
FMT CLEAN
[0m
[0m$ [0mcd /home/runner/work/rbops/rbops/redblue && cargo clippy --all-targets -- -D warnings 2>&1 | tail -20
[1m[91merror[0m[1m: literal with an empty format string[0m
   [1m[94m--> [0msrc/repl/mod.rs:473:13
    [1m[94m|[0m
[1m[94m473[0m [1m[94m|[0m             ":quit"
    [1m[94m|[0m             [1m[91m^^^^^^^[0m
    [1m[94m|[0m
    [1m[94m= [0m[1mhelp[0m: for further information visit https://rust-lang.github.io/rust-clippy/rust-1.99.0/index.html#print_literal
    [1m[94m= [0m[1mnote[0m: `-D clippy::print-literal` implied by `-D warnings`
    [1m[94m= [0m[1mhelp[0m: to override `-D warnings` add `#[allow(clippy::print_literal)]`
[1m[96mhelp[0m: try
    [1m[94m|[0m
[1m[94m470[0m [92m~ [0m            "  Every command also answers to '{}' in place of ':' — {} is [92m:quit[0m.",
[1m[94m471[0m [1m[94m|[0m             commands::ALT_SIGIL,
[1m[94m472[0m [92m~ [0m            format!("{}quit", commands::ALT_SIGIL)
    [1m[94m|[0m

[1m[91merror[0m: could not compile `redblue` (lib) due to 2 previous errors
[1m[33mwarning[0m: build failed, waiting for other jobs to finish...
[1m[91merror[0m: could not compile `redblue` (lib test) due to 2 previous errors
[0m
[0m$ [0mcd /home/runner/work/rbops/rbops/redblue && cargo clippy --all-targets -- -D warnings 2>&1 | head -30
[1m[92m    Checking[0m redblue v0.1.0 (/home/runner/work/rbops/rbops/redblue)
[1m[91merror[0m[1m: `format!` in `println!` args[0m
   [1m[94m--> [0msrc/repl/mod.rs:469:9
    [1m[94m|[0m
[1m[94m469[0m [1m[94m|[0m [1m[91m/[0m         println!(
[1m[94m470[0m [1m[94m|[0m [1m[91m|[0m             "  Every command also answers to '{}' in place of ':' — {} is {}.",
[1m[94m471[0m [1m[94m|[0m [1m[91m|[0m             commands::ALT_SIGIL,
[1m[94m472[0m [1m[94m|[0m [1m[91m|[0m             format!("{}quit", commands::ALT_SIGIL),
[1m[94m473[0m [1m[94m|[0m [1m[91m|[0m             ":quit"
[1m[94m474[0m [1m[94m|[0m [1m[91m|[0m         );
    [1m[94m|[0m [1m[91m|_________^[0m
    [1m[94m|[0m
    [1m[94m= [0m[1mhelp[0m: combine the `format!(..)` arguments with the outer `println!(..)` call
    [1m[94m= [0m[1mhelp[0m: or consider changing `format!` to `format_args!`
    [1m[94m= [0m[1mhelp[0m: for further information visit https://rust-lang.github.io/rust-clippy/rust-1.99.0/index.html#format_in_format_args
    [1m[94m= [0m[1mnote[0m: `-D clippy::format-in-format-args` implied by `-D warnings`
    [1m[94m= [0m[1mhelp[0m: to override `-D warnings` add `#[allow(clippy::format_in_format_args)]`

[1m[91merror[0m[1m: literal with an empty format string[0m
   [1m[94m--> [0msrc/repl/mod.rs:473:13
    [1m[94m|[0m
[1m[94m473[0m [1m[94m|[0m             ":quit"
    [1m[94m|[0m             [1m[91m^^^^^^^[0m
    [1m[94m|[0m
    [1m[94m= [0m[1mhelp[0m: for further information visit https://rust-lang.github.io/rust-clippy/rust-1.99.0/index.html#print_literal
    [1m[94m= [0m[1mnote[0m: `-D clippy::print-literal` implied by `-D warnings`
    [1m[94m= [0m[1mhelp[0m: to override `-D warnings` add `#[allow(clippy::print_literal)]`
[1m[96mhelp[0m: try
    [1m[94m|[0m
[1m[94m470[0m [92m~ [0m            "  Every command also answers to '{}' in place of ':' — {} is [92m:quit[0m.",
[0m
[0m← [0mEdit src/repl/mod.rs
Index: /home/runner/work/rbops/rbops/redblue/src/repl/mod.rs
===================================================================
--- /home/runner/work/rbops/rbops/redblue/src/repl/mod.rs
+++ /home/runner/work/rbops/rbops/redblue/src/repl/mod.rs
@@ -465,13 +465,12 @@
 // The second sigil is parsed by [`ReplCommand::parse`] and completed by
 // the completer, so a table that lists only `:` leaves half of what the
 // REPL answers to unexplained. One sentence says it once rather than
 // printing every command twice.
+let alt = commands::ALT_SIGIL;
 println!(
-    "  Every command also answers to '{}' in place of ':' — {} is {}.",
-    commands::ALT_SIGIL,
-    format!("{}quit", commands::ALT_SIGIL),
-    ":quit"
+    "  Every command also answers to '{alt}' in place of ':' \
+     — {alt}quit is :quit."
 );
 println!();
 println!("Quick Reference:");
 for (caption, source) in QUICK_REFERENCE {

[0m
[0m$ [0mcd /home/runner/work/rbops/rbops/redblue && cargo clippy --all-targets -- -D warnings 2>&1 | tail -20
[1m[92m    Checking[0m redblue v0.1.0 (/home/runner/work/rbops/rbops/redblue)
[1m[92m    Finished[0m `dev` profile [unoptimized] target(s) in 1.56s
[0m
[0m$ [0mcd /home/runner/work/rbops/rbops/redblue && cargo fmt --all -- --check && echo "FMT CLEAN" && cargo test --all-targets 2>&1 | grep -E "^test result|running \d+|error|FAILED|panicked" | head -60
FMT CLEAN
test repl::history::tests::edge_load_of_a_missing_file_is_reported_as_an_error ... ok
test result: ok. 103 passed; 0 failed; 0 ignored; 0 measured; 0 filtered out; finished in 0.17s
test result: ok. 0 passed; 0 failed; 0 ignored; 0 measured; 0 filtered out; finished in 0.00s
test result: ok. 50 passed; 0 failed; 0 ignored; 0 measured; 0 filtered out; finished in 0.15s
test edge_a_circular_import_is_a_caught_error_not_a_hang ... ok
test edge_a_module_that_imports_itself_is_a_caught_error ... ok
test result: ok. 47 passed; 0 failed; 0 ignored; 0 measured; 0 filtered out; finished in 16.07s
test depth_error_is_catchable_by_try_catch ... ok
test infinite_recursion_is_a_runtime_error_not_a_stack_overflow ... ok
test result: ok. 11 passed; 0 failed; 0 ignored; 0 measured; 0 filtered out; finished in 0.14s
test edge_a_closure_calling_an_undefined_name_is_a_caught_error ... ok
test edge_unbounded_closure_recursion_is_a_caught_error ... ok
test result: ok. 26 passed; 0 failed; 0 ignored; 0 measured; 0 filtered out; finished in 0.07s
test edge_ordering_a_list_or_record_against_a_number_is_a_runtime_error ... ok
test edge_ordering_operands_of_different_types_is_a_runtime_error ... ok
test edge_text_ordering_is_a_runtime_error_on_both_sides ... ok
test result: ok. 19 passed; 0 failed; 0 ignored; 0 measured; 0 filtered out; finished in 0.02s
test edge_word_ordering_a_number_against_text_is_a_runtime_error ... ok
test edge_word_ordering_a_record_or_list_against_a_number_is_a_runtime_error ... ok
test result: ok. 13 passed; 0 failed; 0 ignored; 0 measured; 0 filtered out; finished in 0.01s
test constant_syntax_errors_are_reported ... ok
test edge_a_body_reading_a_name_nothing_binds_is_still_an_error ... ok
test edge_a_call_before_the_declaration_is_a_runtime_error ... ok
test edge_a_module_name_read_before_the_import_is_an_error ... ok
test edge_constant_used_before_declaration_is_an_error ... ok
test result: ok. 20 passed; 0 failed; 0 ignored; 0 measured; 0 filtered out; finished in 0.00s
test result: ok. 81 passed; 0 failed; 0 ignored; 0 measured; 0 filtered out; finished in 2.63s
test edge_non_utf8_rb_file_is_reported_as_an_io_error ... ok
test result: ok. 13 passed; 0 failed; 0 ignored; 0 measured; 0 filtered out; finished in 0.19s
test edge_division_by_zero_is_a_runtime_error_not_an_assertion ... ok
test edge_malformed_expect_is_a_parse_error ... ok
test result: ok. 21 passed; 0 failed; 0 ignored; 0 measured; 0 filtered out; finished in 0.01s
test edge_a_by_before_the_to_is_a_parser_error ... ok
test edge_a_for_each_with_neither_in_nor_from_is_a_parser_error ... ok
test edge_a_non_number_by_is_a_runtime_error_naming_by ... ok
test edge_a_non_number_from_is_a_runtime_error_naming_from ... ok
test edge_a_step_missing_its_end_of_the_range_is_a_parser_error ... ok
test edge_a_non_number_to_is_a_runtime_error_naming_to ... ok
test edge_a_step_that_overflows_the_counter_is_a_runtime_error ... ok
test result: ok. 31 passed; 0 failed; 0 ignored; 0 measured; 0 filtered out; finished in 1.16s
test edge_a_block_comment_is_still_a_parser_error_when_the_block_is_unclosed ... ok
test edge_a_spec_only_form_is_never_reported_as_an_error ... ok
test edge_unclosed_block_is_a_parser_error ... ok
test result: ok. 71 passed; 0 failed; 0 ignored; 0 measured; 0 filtered out; finished in 0.52s
test an_index_that_is_not_a_whole_number_is_a_runtime_error ... ok
test indexing_into_an_empty_list_is_a_runtime_error ... ok
test edge_an_out_of_bounds_error_names_the_index_it_was_given ... ok
test edge_out_of_bounds_index_is_a_runtime_error_not_a_silent_nothing ... ok
test indexing_a_non_list_or_a_field_of_a_non_record_is_a_runtime_error ... ok
test result: ok. 8 passed; 0 failed; 0 ignored; 0 measured; 0 filtered out; finished in 0.00s
test edge_escape_at_end_of_input_inside_a_string_is_still_an_error ... ok
test test_unterminated_string_is_a_spanned_lexer_error ... ok
test edge_invalid_utf8_file_is_an_io_error_not_a_panic ... ok
test result: ok. 16 passed; 0 failed; 0 ignored; 0 measured; 0 filtered out; finished in 0.00s
test a_missing_end_is_reported_as_an_error ... ok
test a_wellformed_program_reports_no_errors ... ok
test edge_a_missing_field_is_not_a_lint_error ... ok
test edge_a_record_with_a_repeated_key_is_not_a_lint_error ... ok
test edge_numeric_and_index_edges_are_not_lint_errors ... ok
test edge_rb_lint_prints_the_line_of_a_syntax_error_and_exits_nonzero ... ok
[0m
[0m$ [0mcd /home/runner/work/rbops/rbops/redblue && cargo test --all-targets 2>&1 | grep -E "^test result" | awk -F'[ ;]' '{p+=$4; f+=$6; i+=$8} END {print "passed="p, "failed="f, "ignored="i}'
passed=865 failed=0 ignored=0
[0m
[0m$ [0mcd /home/runner/work/rbops/rbops/redblue && cargo test --all-targets 2>&1 | grep -cE "^test result: ok"; cargo test --all-targets 2>&1 | grep -E "FAILED|failures:|panicked at" | head
31
[0m
[0m$ [0mcd /home/runner/work/rbops/rbops/redblue && cargo test --doc 2>&1 | tail -8
[1m[92m    Finished[0m `test` profile [unoptimized] target(s) in 0.05s
[1m[92m   Doc-tests[0m redblue

running 1 test
test src/bytecode/mod.rs - bytecode (line 12) ... ok

test result: ok. 1 passed; 0 failed; 0 ignored; 0 measured; 0 filtered out; finished in 0.14s
[0m
[0m$ [0mcd /home/runner/work/rbops/rbops/redblue && git diff -- src tests | grep -nE "^\+.*(#\[ignore|allow\(clippy|allow\(dead_code|// skip|skip\()" | head
(no output)
[0m
[0m$ [0mcd /home/runner/work/rbops/rbops/redblue && git diff -- src tests | grep -nE "^-.*(#\[test\]|fn )" | grep -v "^-\s*$" | head -30
1558:-    pub fn save_to_file(&self, path: &str) -> std::io::Result<()> {
1573:-    pub fn load_from_file(&mut self, path: &str) -> std::io::Result<()> {
2561:-    fn load_file(&self, path: &str) {
[0m
[0m$ [0mcd /home/runner/work/rbops/rbops/redblue && for f in examples/*.rb modules/*.rb; do out=$(timeout 30 ./target/debug/rb run "$f" 2>&1); if [ $? -ne 0 ]; then echo "FAIL $f"; echo "$out" | head -3; else echo "ok $f"; fi; done; timeout 120 ./target/debug/rb test 2>&1 | tail -4
ok examples/files.rb
ok examples/fizzbuzz.rb
ok examples/formats.rb
ok examples/hello.rb
ok examples/test_arithmetic.rb
ok examples/time.rb
ok modules/MathUtils.rb
ok modules/SuiteKit.rb
..................................................................................................................................................................................................................................................................................Tests run: 274
Passed: 274
Failed: 0
[0m
[0m$ [0mcd /home/runner/work/rbops/rbops/redblue && printf 'module A\n  module B\n    module C\n    end\n  end\nend\n:quit\n' | timeout 20 ./target/debug/rb 2>&1 | tail -3; printf 'set n to 3\nif n is greater than 0 then\n say "yes"\nend\n:inspect n\n:quit\n' | timeout 20 ./target/debug/rb 2>&1 | tail -5
Type 'help' for commands, 'quit' to exit

>>> ..  ..  ..  ..  ..  >>> Goodbye!

>>> >>> ..  ..  yes
>>> n: 3
Type: number
>>> Goodbye!
[0m
Now let me review my full diff for quality before final gate confirmation:
[0m$ [0mcd /home/runner/work/rbops/rbops/redblue && git diff -- src/vm.rs
diff --git a/src/vm.rs b/src/vm.rs
index 970ece0..e28f607 100644
--- a/src/vm.rs
+++ b/src/vm.rs
@@ -193,6 +193,17 @@ pub struct Vm {
     /// module declaration a boundary rather than a sequence of top-level
     /// statements.
     module_depth: usize,
+    /// The `module_member` names this VM has published for a module's own
+    /// members, which is where a call `MathUtils.circle_area(5)` resolves to.
+    ///
+    /// They are recorded rather than inferred from the name, because
+    /// `Module_member` is a naming convention and a program may bind a name with
+    /// an underscore in it: guessing would drop a name the program wrote.
+    /// [`Vm::user_names`] uses this to leave them out — they are the interior of
+    /// `MathUtils.circle_area`, so offering `MathUtils_circle_area` to
+    /// completion, `:vars`, `:funcs` and the analyzer's seed shows the program a
+    /// name it cannot write.
+    qualified_members: HashSet<String>,
     /// Every `object` declaration, by type name. The table is the inheritance
     /// model: an entry already holds its own fields and methods merged with
     /// everything it inherits, nearest declaration first, so a lookup is a
@@ -323,6 +334,7 @@ impl Vm {
             importing: Vec::new(),
             declared_modules: HashMap::new(),
             module_depth: 0,
+            qualified_members: HashSet::new(),
             objects: HashMap::new(),
             expectation_failure: None,
             current_span: Span::unknown(),
@@ -416,6 +428,92 @@ impl Vm {
         std::mem::take(&mut self.output)
     }
 
+    /// The names this VM has bound that the standard library did not: what a
+    /// `set`, a `to` or an `import` put here.
+    ///
+    /// A REPL asks for this three times over — to seed the analyzer so the next
+    /// line can read a name an earlier line bound, to offer its own names for
+    /// completion, and to list them for `:vars` and `:funcs`. It has to be the
+    /// names the standard library did *not* put there: offering `abs` or `files`
+    /// as a session's own is noise, and it is the only way to tell the two apart,
+    /// since both live in `globals`.
+    ///
+    /// The local scopes are read as well as `globals`, because a name is not
+    /// always a global: `to` binds a function with [`Vm::declare`] and
+    /// [`Vm::set_var`], which lands in the innermost live scope. Scanning
+    /// `globals` alone therefore never offered a function the program had just
+    /// defined, which is the name a REPL user is most likely to be reaching for
+    /// next.
+    ///
+    /// Sorted and deduplicated, because `globals` and each scope are hash maps and
+    /// their iteration order is not a result.
+    ///
+    /// The `module_member` names a module's members are published under are left
+    /// out — see [`Vm::qualified_members`]. They are in `globals` because that is
+    /// where [`Vm::call_method`] looks for them, and a name the program never
+    /// wrote is not one of its names: after `import MathUtils` this used to offer
+    /// `MathUtils_circle_area` to completion and list it in `:vars`, which is a
+    /// name no line of Redblue can call.
+    pub fn user_names(&self) -> Vec<String> {
+        let builtins = stdlib::builtins();
+        let mut names: Vec<String> = self
+            .globals
+            .keys()
+            .filter(|name| !builtins.contains_key(*name) && !self.qualified_members.contains(*name))
+            .cloned()
+            .collect();
+        for scope in &self.locals {
+            names.extend(scope.keys().cloned());
+        }
+        names.sort();
+        names.dedup();
+        names
+    }
+
+    /// Publishes `value` as the member `member` of `module`, under the
+    /// `module_member` name a call through the module resolves to.
+    ///
+    /// Every writer of such a name goes through here, so the set of them is
+    /// known exactly and [`Vm::user_names`] does not have to guess which globals
+    /// are mangled names and which are a program's own.
+    fn publish_member(&mut self, module: &str, member: &str, value: Value) {
+        let name = qualified_member(module, member);
+        self.qualified_members.insert(name.clone());
+        self.globals.insert(name, value);
+    }
+
+    /// The value bound to `name`, wherever this VM keeps it.
+    ///
+    /// What a REPL's `:inspect` and `:vars` read, and neither of them could
+    /// answer from its own bookkeeping: a `set`, a `to` and an `import` all bind
+    /// here, not in the REPL's own map, so `:inspect <session-name>` reported
+    /// "not found" for every name a session had actually bound.
+    pub fn user_value(&self, name: &str) -> Option<&Value> {
+        self.get_var_ref(name)
+    }
+
+    /// The names in [`Vm::user_names`] that hold a callable the program
+    /// declared, sorted.
+    ///
+    /// `:funcs` is a listing, so it reads this rather than printing a sentence
+    /// about where functions are stored: "User-defined functions are stored in
+    /// the VM" told the user nothing they could not already see from the same
+    /// line, and named none of the functions they had just written. A builtin is
+    /// a [`Value::Builtin`] and is already excluded from [`Vm::user_names`], so
+    /// what is left is what a `to` declared.
+    ///
+    /// A module's functions are not listed. They are reached as
+    /// `MathUtils.circle_area(..)`, and [`Vm::user_names`] deliberately holds the
+    /// published `MathUtils_circle_area` back rather than showing a name the user
+    /// cannot type; the module's own name is one of the session's names, so it is
+    /// still offered and inspectable.
+    pub fn user_functions(&self) -> Vec<String> {
+        self.user_names()
+            .into_iter()
+            .filter(|name| matches!(self.user_value(name), Some(Value::Function(_))))
+            .collect()
+    }
+
     /// Runs a module's declarations into this VM, under the name the `import`
     /// that reached it goes by.
     ///
@@ -482,7 +580,7 @@ impl Vm {
                 let Some(value) = self.declare_member(&member) else {
                     continue;
                 };
-                self.globals.insert(qualified_member(name, &member), value);
+                self.publish_member(name, &member, value);
             }
         }
         self.pop_scope();
@@ -585,7 +683,7 @@ impl Vm {
                     continue;
                 };
                 let qualified = qualified_member(name, member);
-                self.globals.insert(qualified.clone(), value.clone());
+                self.publish_member(name, member, value.clone());
                 members.push((member.clone(), qualified, value));
             }
         }
@@ -649,14 +747,20 @@ impl Vm {
     }
 
     fn get_var(&self, name: &str) -> Option<Value> {
+        self.get_var_ref(name).cloned()
+    }
+
+    /// [`Vm::get_var`] without the copy, for a caller that is only going to look
+    /// at what is bound — `:vars` and `:inspect` both are.
+    fn get_var_ref(&self, name: &str) -> Option<&Value> {
         // Check local scopes first
         for scope in self.locals.iter().rev() {
             if let Some(v) = scope.get(name) {
-                return Some(v.clone());
+                return Some(v);
             }
         }
         // Check globals
-        self.globals.get(name).cloned()
+        self.globals.get(name)
     }
 
     /// Binds `name` to `value` as a constant, refusing a second declaration of
@@ -1036,8 +1140,7 @@ impl Vm {
                     if let Some(declared) = self.declared_modules.get(&item.name) {
                         let members: Vec<(String, String, Value)> = declared.members.clone();
                         for (member, _, value) in members {
-                            self.globals
-                                .insert(qualified_member(&target_name, &member), value);
+                            self.publish_member(&target_name, &member, value);
                         }
                     }
[0m
[0m$ [0mcd /home/runner/work/rbops/rbops/redblue && printf 'import MathUtils\nsay MathUtils_circle_area\n:inspect MathUtils_circle_area\n:quit\n' | timeout 20 ./target/debug/rb 2>&1 | tail -6; grep -n "_" src/lexer.rs | grep -i "identifier" | head -5
>>> >>> Error: AnalyzerError: Unknown variable 'MathUtils_circle_area'
  --> 1:1
>>> MathUtils_circle_area: <function circle_area>
Type: function
>>> Goodbye!
306:    fn read_identifier(&mut self) -> String {
326:        TokenKind::Identifier(ident.to_string())
394:                let ident = lexer.read_identifier();
[0m
[0m$ [0mcd /home/runner/work/rbops/rbops/redblue && sed -n '300,330p' src/lexer.rs
text.push(c);
                self.advance();
            }
        }
    }

    fn read_identifier(&mut self) -> String {
        let mut ident = String::new();
        while let Some(c) = self.current() {
            if c.is_alphanumeric() || c == '_' {
                ident.push(c);
                self.advance();
            } else {
                break;
            }
        }
        ident
    }

    fn keyword(&self, ident: &str) -> TokenKind {
        for (word, kind) in KEYWORDS {
            if *word == ident {
                return kind.clone();
            }
        }

        TokenKind::Identifier(ident.to_string())
    }

    /// The words this lexer recognises as keywords, sorted and deduplicated,
    /// for editor tooling.
[0m
[0m$ [0mcd /home/runner/work/rbops/rbops/redblue && printf 'import MathUtils\nsay MathUtils_circle_area\n' > /tmp/opencode/direct_member.rb && timeout 20 ./target/debug/rb run /tmp/opencode/direct_member.rb; echo "exit=$?"
Error: AnalyzerError: Unknown variable 'MathUtils_circle_area'
  --> /tmp/opencode/direct_member.rb:2:1
2 | say MathUtils_circle_area
  | ^
exit=1
[0m
[0m$ [0mcd /home/runner/work/rbops/rbops/redblue && git diff -- src/repl/commands.rs src/repl/completer.rs | grep -v "^-" | sed -n '1,200p'
diff --git a/src/repl/commands.rs b/src/repl/commands.rs
index bd82e49..c1254f5 100644
+++ b/src/repl/commands.rs
@@ -1,4 +1,11 @@
+#[derive(Debug, PartialEq, Eq)]
 pub enum ReplCommand {
+    /// A line that is Redblue source rather than a command.
+    ///
+    /// This is not [`ReplCommand::Unknown`]: `say "hi"` is not a mistyped
+    /// command, it is a program. Conflating the two made the REPL answer
+    /// `2 + 3` with "Unknown command '2 + 3'" and refuse to evaluate it.
+    NotACommand,
     Quit,
     Help,
     Clear,
@@ -7,6 +14,12 @@ pub enum ReplCommand {
     Functions,
     Load(String),
     Save(String),
+    /// Reads a history file written by [`ReplCommand::Save`] back into the
+    /// session's history.
+    ///
+    /// The other half of `:save`, which had no half: a saved file could not be
+    /// loaded by any REPL path, so the round trip existed only in unit tests.
+    Restore(String),
     Reset,
     Run(String),
     Debug,
@@ -14,73 +27,623 @@ pub enum ReplCommand {
     Ast(String),
     Tokens(String),
     Example,
+    /// A command that was recognised but not given what it needs.
+    ///
+    /// Not [`ReplCommand::Unknown`]: the command *is* known, its argument is
+    /// not, and reporting "Unknown command 'load requires a file path'" told
+    /// the user they had mistyped a command they had typed correctly.
+    MissingArgument {
+        command: &'static str,
+        usage: &'static str,
+    },
     Unknown(String),
 }
 
+/// One command in the table: every word that reaches it, what it does, the usage
+/// shown when it was given no argument, and how it builds itself.
+///
+/// The table is the single authority on what a command is called, what it does
+/// and what it takes. It replaced a hand-written `match` plus a separate list in
+/// the completer plus a third written-out list in the help text, which is how
+/// `:q`, `:h`, `:hist`, `:v` and `:f` came to parse without being completable.
+struct CommandSpec {
+    /// Every name that reaches this command, canonical name first — the name
+    /// [`ReplCommand::MissingArgument`] reports.
+    names: &'static [&'static str],
+    /// What the command is for, printed beside its name by `:help`.
+    description: &'static str,
+    /// What the command does with its argument, and the placeholder `:help` and
+    /// the missing-argument report both show. `None` for a command that takes
+    /// none, which is also what tells the parser it must not be given one.
+    usage: Option<&'static str>,
+    build: fn(Option<String>) -> ReplCommand,
+}
+
+/// The sigil other than `:`.
+///
+/// `:quit` and `.quit` are the same command. Named rather than read out of
+/// [`SIGILS`] by index, because `:help` prints it and an index into a
+/// two-element array is a way to print `:` twice.
+pub const ALT_SIGIL: char = '.';
+
+/// Every sigil a command word may begin with.
+///
+/// A command word carries exactly one. `:quit` and `.quit` are the same command,
+/// and `::quit` is not a command at all: it is reported as the unknown word
+/// `":quit"`. Stripping every leading sigil made `::load x` and `...quit` reach
+/// the commands inside them, so a typo loaded a file or ended the session.
+pub const SIGILS: [char; 2] = [':', ALT_SIGIL];
+
+/// Every command, in the order `:help` lists them.
+static COMMAND_TABLE: &[CommandSpec] = &[
+    CommandSpec {
+        names: &["quit", "exit", "q"],
+        description: "Exit the REPL",
+        usage: None,
+        build: |_| ReplCommand::Quit,
+    },
+    CommandSpec {
+        names: &["help", "h", "?"],
+        description: "Show this help",
+        usage: None,
+        build: |_| ReplCommand::Help,
+    },
+    CommandSpec {
+        names: &["clear", "cls"],
+        description: "Clear the screen",
+        usage: None,
+        build: |_| ReplCommand::Clear,
+    },
+    CommandSpec {
+        names: &["history", "hist"],
+        description: "Show command history",
+        usage: None,
+        build: |_| ReplCommand::History,
+    },
+    CommandSpec {
+        names: &["vars", "variables", "v"],
+        description: "Show all variables",
+        usage: None,
+        build: |_| ReplCommand::Vars,
+    },
+    CommandSpec {
+        names: &["functions", "funcs", "f"],
+        description: "Show defined functions",
+        usage: None,
+        build: |_| ReplCommand::Functions,
+    },
+    CommandSpec {
+        names: &["load", "l"],
+        description: "Load and run a file",
+        usage: Some("<filename>"),
+        build: |argument| ReplCommand::Load(argument.unwrap_or_default()),
+    },
+    CommandSpec {
+        names: &["save", "s"],
+        description: "Save current session",
+        usage: Some("<filename>"),
+        build: |argument| ReplCommand::Save(argument.unwrap_or_default()),
+    },
+    CommandSpec {
+        names: &["restore", "r"],
+        description: "Restore a saved session",
+        usage: Some("<filename>"),
+        build: |argument| ReplCommand::Restore(argument.unwrap_or_default()),
+    },
+    CommandSpec {
+        names: &["reset"],
+        description: "Reset REPL state",
+        usage: None,
+        build: |_| ReplCommand::Reset,
+    },
+    CommandSpec {
+        names: &["run"],
+        description: "Run a Redblue file",
+        usage: Some("<filename>"),
+        build: |argument| ReplCommand::Run(argument.unwrap_or_default()),
+    },
+    CommandSpec {
+        names: &["debug"],
+        description: "Debug mode",
+        usage: None,
+        build: |_| ReplCommand::Debug,
+    },
+    CommandSpec {
+        names: &["inspect", "i"],
+        description: "Inspect a variable",
+        usage: Some("<variable>"),
+        build: |argument| ReplCommand::Inspect(argument.unwrap_or_default()),
+    },
+    CommandSpec {
+        names: &["ast"],
+        description: "Print AST for expression",
+        usage: Some("<expression>"),
+        build: |argument| ReplCommand::Ast(argument.unwrap_or_default()),
+    },
+    CommandSpec {
+        names: &["tokens"],
+        description: "Print tokens for expression",
+        usage: Some("<expression>"),
+        build: |argument| ReplCommand::Tokens(argument.unwrap_or_default()),
+    },
+    CommandSpec {
+        names: &["example", "examples"],
+        description: "Show example code",
+        usage: None,
+        build: |_| ReplCommand::Example,
+    },
+];
+
 impl ReplCommand {
+    /// Every command word the table accepts, without a sigil, sorted.
+    ///
+    /// The word itself rather than a spelling of it: which sigil the user types
+    /// is theirs, and [`SIGILS`] are all accepted, so the completer matches what
+    /// they typed against this and puts their sigil back.
+    pub fn bare_names() -> Vec<String> {
+        let mut names: Vec<String> = COMMAND_TABLE
+            .iter()
+            .flat_map(|spec| spec.names.iter())
+            .map(|name| (*name).to_string())
+            .collect();
+        names.sort();
+        names.dedup();
+        names
+    }
+
+    /// Every command word the table accepts, canonical sigil and all, sorted.
+    ///
+    /// Completion offers exactly these. The completer used to carry its own
+    /// 16-entry list of canonical names while the table accepted thirty-odd
[0m
[0m→ [0mRead src/repl/commands.rs[90m [limit=40, offset=170][0m
[0m
[0m← [0mEdit src/repl/commands.rs
Index: /home/runner/work/rbops/rbops/redblue/src/repl/commands.rs
===================================================================
--- /home/runner/work/rbops/rbops/redblue/src/repl/commands.rs
+++ /home/runner/work/rbops/rbops/redblue/src/repl/commands.rs
@@ -179,16 +179,19 @@
 ///
 /// The word itself rather than a spelling of it: which sigil the user types
 /// is theirs, and [`SIGILS`] are all accepted, so the completer matches what
 /// they typed against this and puts their sigil back.
+///
+/// Not deduplicated: a word the table holds twice is a word two commands
+/// answer to, and [`bare_names`] reporting it twice is what lets a test say
+/// so. The completer's own `dedup` hides it from a user either way.
 pub fn bare_names() -> Vec<String> {
     let mut names: Vec<String> = COMMAND_TABLE
         .iter()
         .flat_map(|spec| spec.names.iter())
         .map(|name| (*name).to_string())
         .collect();
     names.sort();
-    names.dedup();
     names
 }
 
 /// Every command word the table accepts, canonical sigil and all, sorted.

[0m
[0m← [0mEdit src/repl/commands.rs
Index: /home/runner/work/rbops/rbops/redblue/src/repl/commands.rs
===================================================================
--- /home/runner/work/rbops/rbops/redblue/src/repl/commands.rs
+++ /home/runner/work/rbops/rbops/redblue/src/repl/commands.rs
@@ -648,5 +648,22 @@
                 "{name:?} is one word behind one sigil"
             );
         }
     }
+
+    /// No word is claimed by two commands. The completer's `dedup` would hide a
+    /// repeat from a user, and the parser would reach whichever entry came first,
+    /// so nothing else would ever say so.
+    #[test]
+    fn edge_no_command_word_is_claimed_by_two_commands() {
+        let names = ReplCommand::bare_names();
+        let mut seen: Vec<&String> = Vec::new();
+
+        for name in &names {
+            assert!(
+                !seen.contains(&name),
+                "{name:?} is in the table more than once, so two commands answer to it"
+            );
+            seen.push(name);
+        }
+    }
 }

[0m
[0m$ [0mcd /home/runner/work/rbops/rbops/redblue && cargo test --lib repl::commands 2>&1 | grep -E "^test |result"
test repl::commands::tests::edge_empty_and_whitespace_input_is_not_a_command ... ok
test repl::commands::tests::edge_bare_sigil_is_reported_not_executed ... ok
test repl::commands::tests::edge_help_has_one_line_per_command ... ok
test repl::commands::tests::edge_both_sigils_reach_the_same_command_with_the_same_argument ... ok
test repl::commands::tests::edge_internal_spacing_in_an_argument_is_kept ... ok
test repl::commands::tests::edge_help_lists_every_alias_of_every_command ... ok
test repl::commands::tests::edge_more_than_one_sigil_names_no_command ... ok
test repl::commands::tests::edge_no_command_word_is_claimed_by_two_commands ... ok
test repl::commands::tests::edge_the_offered_names_are_the_table_s_words_and_nothing_else ... ok
test repl::commands::tests::parse_of_a_command_with_no_argument_says_what_is_missing ... ok
test repl::commands::tests::names_offers_every_alias_the_table_accepts ... ok
test repl::commands::tests::parse_of_plain_source_is_not_a_command ... ok
test repl::commands::tests::parse_reads_the_argument_a_command_was_given ... ok
test repl::commands::tests::parse_reads_the_whole_alias_table ... ok
test result: ok. 14 passed; 0 failed; 0 ignored; 0 measured; 90 filtered out; finished in 0.00s
[0m
[0m$ [0mcd /home/runner/work/rbops/rbops/redblue && git diff -- src/repl/mod.rs | grep -v "^-" | sed -n '1,150p'
diff --git a/src/repl/mod.rs b/src/repl/mod.rs
index 1876197..b1c8d6a 100644
+++ b/src/repl/mod.rs
@@ -2,7 +2,6 @@ pub mod commands;
 pub mod completer;
 pub mod history;
 
 use std::collections::HashMap;
 use std::io::{self, Write};
 
@@ -12,14 +11,83 @@ pub use history::ReplHistory;
 
 use crate::analyzer;
 use crate::lexer::Lexer;
+use crate::parser::{open_block_depth, Parser, Program};
 use crate::value::Value;
 use crate::vm::Vm;
 
+/// How many lines a session keeps before the oldest is dropped. A terminal
+/// scrollback holds far more, so a session that outgrows this has already lost
+/// anything the user would go looking for.
+const HISTORY_LIMIT: usize = 1000;
+
+/// The most lines a block may hold before the session stops waiting for its
+/// `end`.
+///
+/// Nobody types five hundred lines into one block by accident, and a piped block
+/// that is never closed — `printf 'repeat 3 times\n' | rb`, or a generator that
+/// forgot its `end` — buffered without limit until the process ran out of memory.
+/// Past this the session says the block is incomplete and starts over, which is
+/// what the user would have to do by hand anyway.
+const MAX_BLOCK_LINES: usize = 500;
+
+/// The most bytes a block may hold, for the same reason and for the same inputs:
+/// a block of a few very long lines gets nowhere near [`MAX_BLOCK_LINES`] and can
+/// still be enormous.
+const MAX_BLOCK_BYTES: usize = 64 * 1024;
+
+/// How many lines of an unclosed block are echoed back when the session ends or
+/// gives up. The rest are counted and reported, so the report itself cannot be
+/// the thing that floods a terminal.
+const BLOCK_REPORT_LINES: usize = 20;
+
+/// The snippets `:help` prints under "Quick Reference", each one a complete
+/// program the session has run.
+///
+/// Kept as source rather than as a hand-written sentence so the help cannot
+/// promise something the interpreter does not do: `if x > 5 then` was printed for
+/// years and is not Redblue, and `say "Hello, {{name}}!"` promised an
+/// interpolation `say` does not perform.
+const QUICK_REFERENCE: &[(&str, &str)] = &[
+    ("Variable", "set x to 10"),
+    ("Print", r#"say "Hello""#),
+    ("Condition", "if x is greater than 5 then say \"big\" end"),
+    ("Loop", "for each i from 1 to 3\n    say i\nend"),
+];
+
+/// The code `:example` shows: a caption, the program, and the text that program
+/// prints.
+///
+/// Every entry has run in this session before it is printed here — the test at
+/// the bottom of this module analyzes each source and asserts it is accepted —
+/// so an example cannot promise a feature the interpreter does not have. The old
+/// examples promised string interpolation: `say "Hello, {{name}}!"` printed
+/// `Hello, {{name}}!`.
+const EXAMPLES: &[(&str, &str)] = &[
+    ("// Variables", "set name to \"World\"\nsay name"),
+    (
+        "// Print",
+        "set name to \"World\"\nsay \"Hello, \" + name + \"!\"",
+    ),
+    ("// Math", "set x to (10 + 5) * 2\nsay x"),
+    (
+        "// Conditionals",
+        "set age to 30\nif age is greater than 18 then\n    say \"Adult\"\nelse\n    say \"Minor\"\nend",
+    ),
+    (
+        "// Loops",
+        "repeat 3 times\n    say \"Hello!\"\nend",
+    ),
+    (
+        "// Functions",
+        "to greet(who)\n    say \"Hello, \" + who + \"!\"\nend\ngreet(\"World\")",
+    ),
+];
+
 pub struct Repl {
     vm: Vm,
     variables: HashMap<String, Value>,
+    history: ReplHistory,
+    completer: ReplCompleter,
     running: bool,
     multiline_buffer: Vec<String>,
     in_multiline: bool,
@@ -30,13 +98,54 @@ impl Repl {
         Self {
             vm: Vm::new(),
             variables: HashMap::new(),
+            history: ReplHistory::new(HISTORY_LIMIT),
+            completer: ReplCompleter::new(),
             running: true,
             multiline_buffer: Vec::new(),
             in_multiline: false,
         }
     }
 
+    /// Completes `word` against the session: the language's own keywords and
+    /// builtins, the REPL's commands, and every name this session has bound.
+    pub fn complete(&self, word: &str) -> Vec<String> {
+        self.completer.complete_with(word, &self.session_names())
+    }
+
+    /// Every name a completion could offer from the live session: the REPL's own
+    /// variables, plus the VM's own bindings, which is where a `to` function and
+    /// an `import`ed module's own `set` and `constant` declarations live.
+    ///
+    /// The `module_member` names a module's functions are published under are not
+    /// here — see [`Vm::user_names`]. `MathUtils.circle_area` is what a program
+    /// writes, and `MathUtils_circle_area` is only how the VM reaches it.
+    fn session_names(&self) -> Vec<String> {
+        let mut names: Vec<String> = self.variables.keys().cloned().collect();
+        names.extend(self.vm.user_names());
+        names.sort();
+        names.dedup();
+        names
+    }
+
+    /// Whether `code` is a program the user has not finished typing, and so wants
+    /// the session to read another line before running anything.
+    ///
+    /// The question is asked of the tokens rather than of the last word of the
+    /// line. Matching the last word got both directions wrong: `repeat 3 times`
+    /// ends in `times` and `for each i from 1 to 10` ends in `10`, so real blocks
+    /// were run half-written, while a stray `end` matched and captured every line
+    /// after it.
+    ///
+    /// A line the lexer cannot read is treated as finished. It is a line the user
+    /// is going to retype, and waiting for an `end` that will never balance it
+    /// would hang the session on it.
+    fn needs_continuation(code: &str) -> bool {
+        match Lexer::tokenize(code) {
+            Ok(tokens) => open_block_depth(&tokens) > 0,
+            Err(_) => false,
+        }
+    }
+
     pub fn run(&mut self) {
         println!("Welcome to Redblue v0.1.0 - Interactive REPL");
         println!("Type 'help' for commands, 'quit' to exit\n");
@@ -54,8 +163,13 @@ impl Repl {
[0m
Let me re-run all four gates cleanly and confirm:
[0m$ [0mcd /home/runner/work/rbops/rbops/redblue && cargo fmt --all -- --check && echo "GATE 1 fmt: clean"
GATE 1 fmt: clean
[0m
[0m$ [0mcd /home/runner/work/rbops/rbops/redblue && cargo clippy --all-targets -- -D warnings 2>&1 | tail -3 && echo "GATE 2 clippy: clean"
[1m[92m    Checking[0m redblue v0.1.0 (/home/runner/work/rbops/rbops/redblue)
[1m[92m    Finished[0m `dev` profile [unoptimized] target(s) in 1.87s
GATE 2 clippy: clean
[0m
[0m$ [0mcd /home/runner/work/rbops/rbops/redblue && cargo test --all-targets 2>&1 | tee /tmp/opencode/gate3.log | grep -E "^test result" | awk -F'[ ;]' '{p+=$4; f+=$6; i+=$8} END {print "GATE 3: passed="p" failed="f" ignored="i}'; grep -cE "^test result: ok" /tmp/opencode/gate3.log
GATE 3: passed=866 failed=0 ignored=0
31
[0m
[0m$ [0mcd /home/runner/work/rbops/rbops/redblue && cargo test --doc 2>&1 | tail -4
test src/bytecode/mod.rs - bytecode (line 12) ... ok

test result: ok. 1 passed; 0 failed; 0 ignored; 0 measured; 0 filtered out; finished in 0.13s
[0m
[0m$ [0mcd /home/runner/work/rbops/rbops/redblue && grep -E "edge_a_decoded_chunk_runs_identically" /tmp/opencode/gate3.log
test edge_a_decoded_chunk_runs_identically_to_the_compiled_one ... ok
[0m
[0m# [0mTodos
[✓] Fix BLOCKER 1: add TokenKind::Module to opens_block
[✓] Fix MAJOR 2: filter qualified_member names from Vm::user_names
[✓] Fix MAJOR 3: :reset must clear multiline_buffer/in_multiline
[✓] Fix MAJOR 4: :restore must re-execute restored lines
[✓] Fix MAJOR 5: :inspect must print Redblue type via value.type_name()
[✓] Fix MINOR 6: strip exactly one sigil in commands.rs word parsing
[✓] Re-run four gates (fmt, clippy, test --all-targets, test --doc)
[0m
All six findings fixed, no gate weakened, no test deleted, no `#[ignore]`/`allow(` added.

## Fixes

**1. BLOCKER — `src/parser.rs:445`.** `module` added to `Parser::opens_block`, so nested module declarations spend the `MAX_BLOCK_DEPTH` budget. Reproduced first: 5000 nested `module` blocks aborted with `has overflowed its stack` (exit 134); 65 of them parsed with no error at all. Now 65 → `Blocks nest more than 64 levels deep` at the right span, and 5000 too.

**2. `src/vm.rs`.** `Vm` records every `module_member` name it publishes in a new `qualified_members` set (all three writers go through one `publish_member`), and `user_names` filters them. After `import MathUtils`, `:vars` no longer lists `MathUtils_circle_area`/`MathUtils_circle_circumference`/… and completion and the analyzer seed stop offering them; `MathUtils` and `TAU` are still there and `MathUtils.circle_area(2)` still runs. Consequence worth flagging: `say MathUtils_circle_area` is now `Unknown variable` in the REPL, which is what `rb run` has always said for a file.

**3. `src/repl/mod.rs:238`.** `:reset` moved into `reset_session`, which clears `multiline_buffer` and `in_multiline`. `repeat 3 times` → `:reset` → `say "hi"` now prints `hi`.

**4. `src/repl/mod.rs:606`.** `restore_session` now replays the restored lines through `execute_line` (so a multi-line block comes back whole) and reports how many were source vs. REPL commands. A restored command is listed, not re-run — otherwise the `:quit` in the saved file would end the session doing the restore. `set x to 1`/`:save`/fresh/`:restore`/`say x` → `1`.

**5. `src/repl/mod.rs:682`.** `:inspect` uses `Value::type_name()` (`number`, `text`, `list`, `function`), factored into `inspect_lines` so it is testable; `std::any::type_name_of_val` import dropped.

**6. `src/repl/commands.rs`.** `strip_prefix(SIGILS)` — exactly one sigil, so `::quit` is `Unknown command ':quit'` instead of quitting the session. The `.` sigil is now completed too (`ReplCommand::bare_names` + sigil-aware `complete_with`) and stated in `:help`.

## Gates

| Gate | Result |
|---|---|
| `cargo fmt --all -- --check` | clean |
| `cargo clippy --all-targets -- -D warnings` | clean, no `allow(` added |
| `cargo test --all-targets` | **866 passed, 0 failed, 0 ignored** |
| `cargo test --doc` | 1 passed |

17 new tests (2 parser, 1 parser-hardening, 4 commands, 2 completer, 5 repl-mod, 3 repl E2E). Each of fixes 1–4 was verified red before its fix by reverting the source change and re-running. `rb run` over all `examples/*.rb` and `modules/*.rb` still succeeds, and `rb test` is 274/274.
