[0m
> build · space-bunny-free
[0m
I'll start by reproducing the finding immediately.
[0m$ [0mls src/ tests/ 2>/dev/null
src/:
analyzer.rs
error.rs
formatter.rs
lexer.rs
lib.rs
linter.rs
main.rs
parser.rs
repl
stdlib.rs
testing
value.rs
vm.rs

tests/:
call_depth_test.rs
discovery_test.rs
expect_test.rs
integration_test.rb
numeric_edge_test.rs
record_order_test.rs
redblue_suite_test.rs
redblue_test.rs
span_test.rs
suite.rb
test_arithmetic.rb
test_control_flow.rb
test_functions.rb
test_lists.rb
test_modules.rb
test_numeric_edges.rb
test_objects.rb
test_records.rb
test_text.rb
[0m
[0m$ [0mls && ls phases/ 2>/dev/null | head -30
AGENTS.md
CODE_OF_CONDUCT.md
CONTRIBUTING.md
Cargo.lock
Cargo.toml
HANDOUT.md
LICENSE
PHILOSOPHY.md
README.md
ROADMAP.md
SPEC.md
docs
err.txt
errors.txt
examples
export.sh
modules
phases
src
target
test.redblue
tests
tooling
phase-002
phase-003
phase-004
phase-006
phase-007
[0m
[0m$ [0mgrep -n "Index\|Field\|index" src/vm.rs | head -60
6:use crate::value::{finite_number, Fields, Value};
372:                let record = Value::Record(Fields::new());
482:            Expr::Index { object, index } => {
484:                let idx = self.evaluate(index)?;
495:                            "Index must be a number".to_string(),
501:                        "Cannot index non-list".to_string(),
518:                let mut record = Fields::new();
843:                let record = crate::value::Fields::from([
1134:        for (index, param) in params.iter().enumerate() {
1135:            let value = args.get(index).cloned().unwrap_or(Value::Nothing);
1180:    let mut map = crate::value::Fields::new();
[0m
[0m$ [0mwc -l src/vm.rs src/value.rs src/stdlib.rs && cat err.txt errors.txt 2>/dev/null | head -5
1356 src/vm.rs
  144 src/value.rs
  279 src/stdlib.rs
 1779 total
[0m
[0m→ [0mRead src/value.rs
[0m→ [0mRead src/vm.rs[90m [offset=470, limit=80][0m
[0m
[0m$ [0mgrep -n "at \[\|index\|\bat\b" SPEC.md | head -40
244:A number literal is digits, at most one `.`, then at most one exponent: an `e`,
318:set first to items at 0
319:set last to items at -1
[0m
[0m$ [0mls target/ 2>/dev/null; ls target/debug/rb target/release/rb 2>/dev/null
CACHEDIR.TAG
debug
tmp
target/debug/rb
[0m
[0m$ [0msed -n '300,345p' SPEC.md
### Property Access

```redblue
set first to person.name
set x_coord to point.x
```

### Function Call

```redblue
set len to text.length("hello")
set result to math.sqrt(2)
```

### List Operations

```redblue
// Indexing
set first to items at 0
set last to items at -1

// Length
set count to length of items

// Contains
if "hello" is in words
```

---

## Statements

### If-Then-Else

```redblue
if condition
    // statements
end

if condition
    // then branch
else
    // else branch
end

if x > 0
[0m
[0m$ [0mls -la target/debug/rb; target/debug/rb --help 2>&1 | head -20
-rwxr-xr-x 2 runner runner 11798192 Oct  4 09:10 target/debug/rb
Redblue v0.1.0 - A programming language as readable as plain English

Usage:
  rb              Start interactive REPL
  rb <file>      Run a Redblue file
  rb run <file>  Run a Redblue file
  rb test        Run all tests
  rb test <file> Run specific test file
  rb format <file>  Format a Redblue file
  rb format --check <file>  Check if file needs formatting
  rb lint <file>  Lint a Redblue file
  rb help        Show this help
  rb version     Show version

Example:
  rb examples/hello.rb
  rb format examples/hello.rb
  rb lint examples/hello.rb
[0m
Now reproducing the finding with the prebuilt binary:
[0m$ [0mcat > target/tmp/repro2.rb <<'EOF'
set rec to {name: "ada"}
say "missing key: {rec.nope}"
say "nested: {({a: [1]}) at 0 at 5}"
EOF
target/debug/rb run target/tmp/repro2.rb; echo "exit=$?"
missing key: {rec.nope}
nested: {({a: [1]}) at 0 at 5}
exit=0
[0m
[0m$ [0mmkdir -p target/tmp && cat > target/tmp/repro1.rb <<'EOF'
set items to [10, 20, 30]
say "index 0: {items at 0}"
say "index -1: {items at -1}"
say "index 3 (len): {items at 3}"
say "index 999: {items at 999}"
say "index -5 (past start): {items at -5}"
say "index 1e300: {items at 1e300}"
EOF
target/debug/rb run target/tmp/repro1.rb; echo "exit=$?"
index 0: {items at 0}
index -1: {items at -1}
index 3 (len): {items at 3}
index 999: {items at 999}
index -5 (past start): {items at -5}
index 1e300: {items at 1e300}
exit=0
[0m
[0m$ [0mgrep -n "interp\|InterpolatedText" docs/GRAMMAR.md src/lexer.rs | head -20
(no output)
[0m
[0m$ [0mgrep -rn "InterpolatedText" src/ | head -20; grep -rn '"{"' src/lexer.rs | head
src/parser.rs:47:    InterpolatedText(Vec<Expr>),
src/formatter.rs:340:            Expr::InterpolatedText(parts) => {
src/linter.rs:219:            Expr::InterpolatedText(parts) => {
src/analyzer.rs:258:            Expr::InterpolatedText(parts) => {
src/vm.rs:506:            Expr::InterpolatedText(parts) => {
[0m
[0m$ [0mgrep -rn 'Interpolation\|interpolat' src/parser.rs | head -10; echo ---; grep -rn '{' examples/*.rb | head -10
46:    // String interpolation
---
examples/formats.rb:4:set json_str to "{\"name\": \"Alice\", \"age\": 30, \"active\": true}"
examples/hello.rb:10:    say "Hello, {name}!"
[0m
[0m$ [0mtarget/debug/rb run examples/hello.rb; echo "exit=$?"
Hello, World!
Hello, World!
Hello, {name}!
exit=0
[0m
The prebuilt binary is stale (no interpolation, yet `examples/hello.rb` uses it). Building fresh:
[0m$ [0mtime cargo build 2>&1 | tail -5
[1m[92m    Finished[0m `dev` profile [unoptimized] target(s) in 0.07s

real	0m0.086s
user	0m0.054s
sys	0m0.034s
[0m
[0m$ [0mgrep -n "'{'\|'}'\|Interpolat" src/lexer.rs src/parser.rs | head -20
src/lexer.rs:389:                '{' => {
src/lexer.rs:393:                '}' => {
src/parser.rs:47:    InterpolatedText(Vec<Expr>),
[0m
[0m$ [0mcd /home/runner/work/rbops/rbops/redblue && git log --oneline -8 && git status --short
5cec921 rbops: phase-007 (2026-10-04T09:09:03Z)
6f236c4 rbops: phase-007 (2026-10-04T08:22:57Z)
7249abe rbops: phase-006 (2026-10-04T08:00:34Z)
ab793e2 rbops: phase-004 (2026-10-04T07:29:18Z)
06b1136 Merge remote-tracking branch 'origin/rbops-wip/phase-004'
162d3a3 rbops: phase-003 (2026-10-04T06:50:55Z)
da2ffba restore phase-003: the complete attempt, recovered from artifact
ee528e1 rbops: phase-002 (2026-10-04T04:51:42Z)
[0m
[0m$ [0msed -n '385,400p' src/lexer.rs; echo "--- parser string ---"; grep -n "InterpolatedText\|fn parse_string\|Text(" src/parser.rs | head
']' => {
                    lexer.advance();
                    TokenKind::RightBracket
                }
                '{' => {
                    lexer.advance();
                    TokenKind::LeftBrace
                }
                '}' => {
                    lexer.advance();
                    TokenKind::RightBrace
                }
                ',' => {
                    lexer.advance();
                    TokenKind::Comma
                }
--- parser string ---
8:    Text(String),
47:    InterpolatedText(Vec<Expr>),
832:                kind: TokenKind::Text(s),
897:                | Some(TokenKind::Text(_))
1246:            TokenKind::Text(s) => {
1248:                Ok(Expr::Text(s.clone()))
[0m
Interpolation isn't implemented (pre-existing, out of scope). Reproducing without it:
[0m$ [0mcd /home/runner/work/rbops/rbops/redblue && cat > target/tmp/repro1.rb <<'EOF'
set items to [10, 20, 30]
say "index 0 -> " + (items at 0)
say "index -1 -> " + (items at -1)
say "index 3 (== len) -> " + (items at 3)
say "index 999 -> " + (items at 999)
say "index -5 (past start) -> " + (items at -5)
say "index 1e300 -> " + (items at 1e300)
say "index 0.5 -> " + (items at 0.5)
set empty to []
say "empty list at 0 -> " + (empty at 0)
EOF
target/debug/rb run target/tmp/repro1.rb; echo "exit=$?"
Error: ParserError: Expected RightParen but got Identifier("at")
  --> target/tmp/repro1.rb:2:28
2 | say "index 0 -> " + (items at 0)
  |                            ^
exit=1
[0m
[0m$ [0mcd /home/runner/work/rbops/rbops/redblue && cat > target/tmp/repro1.rb <<'EOF'
set items to [10, 20, 30]
set a to items at 0
set b to items at -1
say "index 0 -> " + a
say "index -1 -> " + b
set c to items at 3
say "index 3 (== len) is: " + c
set d to items at 999
say "index 999 is: " + d
set e to items at -5
say "index -5 (past start) is: " + e
set f to items at 1e300
say "index 1e300 is: " + f
set empty to []
set g to empty at 0
say "empty list at 0 is: " + g
EOF
target/debug/rb run target/tmp/repro1.rb; echo "exit=$?"
Error: AnalyzerError: Unknown variable 'at'
Unknown variable 'at'
Unknown variable 'at'
Unknown variable 'at'
Unknown variable 'at'
Unknown variable 'at'
Unknown variable 'at'
  --> target/tmp/repro1.rb:2:16
2 | set a to items at 0
  |                ^
exit=1
[0m
[0m$ [0mcd /home/runner/work/rbops/rbops/redblue && grep -n -i "index\|at \|Property\|Index" docs/GRAMMAR.md | head -20
78:record_literal     = 'record' '{' [ property { ',' property } ] '}'
79:property           = identifier ':' expression
226:// Repeat loop
236:// Repeat until
268:                    { property_decl | method_decl }
271:property_decl    = 'has' identifier [ ':' type_expression ] [ 'default' expression ]
331:                 | postfix '.' identifier              // property access
333:                 | postfix '[' expression ']'         // indexing
443:| 9 | property access, call, index | Left |
[0m
[0m$ [0mcd /home/runner/work/rbops/rbops/redblue && grep -rn "at 0\|at 1\|at -1" examples/*.rb tests/*.rb modules/*.rb 2>/dev/null | head -20
examples/fizzbuzz.rb:3:repeat 15 times
tests/suite.rb:7:    repeat 15 times
tests/suite.rb:33:    repeat 100 times
tests/test_control_flow.rb:81:    repeat 0 times
tests/test_control_flow.rb:89:    repeat 1 times
[0m
[0m$ [0mcd /home/runner/work/rbops/rbops/redblue && cat > target/tmp/repro1.rb <<'EOF'
set items to [10, 20, 30]
say "index 0 -> " + items[0]
say "index -1 -> " + items[-1]
say "index 3 (== len) -> " + items[3]
say "index 999 -> " + items[999]
say "index -5 (past start) -> " + items[-5]
say "index 1e300 -> " + items[1e300]
say "index 0.5 -> " + items[0.5]
set empty to []
say "empty list at 0 -> " + empty[0]
EOF
target/debug/rb run target/tmp/repro1.rb; echo "exit=$?"
Error: RuntimeError: Cannot add non-numbers
  --> target/tmp/repro1.rb:2:1
2 | say "index 0 -> " + items[0]
  | ^
exit=1
[0m
[0m$ [0mcd /home/runner/work/rbops/rbops/redblue && cat > target/tmp/repro1.rb <<'EOF'
set items to [10, 20, 30]
say items[0]
say items[-1]
say items[3]
say items[999]
say items[-5]
say items[0.5]
set empty to []
say empty[0]
EOF
target/debug/rb run target/tmp/repro1.rb; echo "exit=$?"
10
30
nothing
nothing
nothing
10
nothing
exit=0
[0m
**REPRODUCED** — out-of-bounds indexing silently returns `nothing`, and `items[0.5]` truncates to element 0. Now field access:
[0m$ [0mcd /home/runner/work/rbops/rbops/redblue && printf 'say [1,2][5]\n' > target/tmp/r6.rb && target/debug/rb run target/tmp/r6.rb; echo "exit=$?"
echo "=== nested ==="
printf 'set x to [1,2]\nsay x[0]\n' > target/tmp/r7.rb; target/debug/rb run target/tmp/r7.rb
echo "=== dup keys record ==="
printf 'say record{a: 1, a: 2}\n' > target/tmp/r8.rb; target/debug/rb run target/tmp/r8.rb; echo "exit=$?"
nothing
exit=0
=== nested ===
1
=== dup keys record ===
exit=1
Error: AnalyzerError: Unknown variable 'record'
  --> target/tmp/r8.rb:1:1
1 | say record{a: 1, a: 2}
  | ^
[0m
[0m$ [0mcd /home/runner/work/rbops/rbops/redblue && cat > target/tmp/repro2.rb <<'EOF'
set rec to record{name: "ada", age: 36}
say rec.name
say rec.nope
EOF
target/debug/rb run target/tmp/repro2.rb; echo "exit=$?"
echo "=== field on non-record ==="
printf 'say 5.foo\n' > target/tmp/r3.rb; target/debug/rb run target/tmp/r3.rb; echo "exit=$?"
printf 'set t to "hi"\nsay t.foo\n' > target/tmp/r4.rb; target/debug/rb run target/tmp/r4.rb; echo "exit=$?"
printf 'set l to [1,2]\nsay l.foo\n' > target/debug/../tmp/r5.rb; printf 'set l to [1,2]\nsay l.foo\n' > target/tmp/r5.rb; target/debug/rb run target/tmp/r5.rb; echo "exit=$?"
Error: AnalyzerError: Unknown variable 'record'
  --> target/tmp/repro2.rb:1:1
1 | set rec to record{name: "ada", age: 36}
  | ^
Error: AnalyzerError: Unknown variable 'foo'
  --> target/tmp/r3.rb:1:7
1 | say 5.foo
  |       ^
exit=1
=== field on non-record ===
exit=1
Error: RuntimeError: Cannot access property on non-object
  --> target/tmp/r4.rb:2:1
2 | say t.foo
  | ^
Error: RuntimeError: Cannot access property on non-object
  --> target/tmp/r5.rb:2:1
2 | say l.foo
  | ^
exit=1
exit=1
[0m
[0m$ [0mcd /home/runner/work/rbops/rbops/redblue && printf 'set r to {name: "ada", age: 36}\nsay r.name\nsay r.nope\nsay r.nope + "x"\n' > target/tmp/r9.rb && target/debug/rb run target/tmp/r9.rb; echo "exit=$?"
echo "=== dup keys ==="
printf 'say {a: 1, a: 2}\n' > target/tmp/r10.rb; target/debug/rb run target/tmp/r10.rb; echo "exit=$?"
echo "=== index non-list ==="
printf 'say 5[0]\n' > target/tmp/r11.rb; target/debug/rb run target/tmp/r11.rb; echo "exit=$?"
printf 'set t to "hi"\nsay t[0]\n' > target/tmp/r12.rb; target/debug/rb run target/tmp/r12.rb; echo "exit=$?"
printf 'set r to {a: 1}\nsay r[0]\n' > target/tmp/r13.rb; target/debug/rb run target/tmp/r13.rb; echo "exit=$?"
echo "=== index by text ==="
printf 'set l to [1,2]\nsay l["a"]\n' > target/tmp/r14.rb; target/debug/rb run target/tmp/r14.rb; echo "exit=$?"
Error: RuntimeError: Cannot add non-numbers
  --> target/tmp/r9.rb:4:1
4 | say r.nope + "x"
  | ^
exit=1
=== dup keys ===
{a: 2}
exit=0
=== index non-list ===
Error: RuntimeError: Cannot index non-list
  --> target/tmp/r11.rb:1:1
1 | say 5[0]
  | ^
exit=1
Error: RuntimeError: Cannot index non-list
  --> target/tmp/r12.rb:2:1
2 | say t[0]
  | ^
Error: RuntimeError: Cannot index non-list
  --> target/tmp/r13.rb:2:1
2 | say r[0]
  | ^
exit=1
exit=1
=== index by text ===
Error: RuntimeError: Index must be a number
  --> target/tmp/r14.rb:2:1
2 | say l["a"]
  | ^
exit=1
[0m
[0m$ [0mcd /home/runner/work/rbops/rbops/redblue && cat phases/INVARIANTS.md 2>/dev/null | head -40; echo "=== tests using negative index ==="; grep -rn '\[-' tests/ examples/ modules/ src/ 2>/dev/null | head
=== tests using negative index ===
tests/numeric_edge_test.rs:160:    assert_eq!(eval("[1, 2, 3][-1]"), Value::Number(3.0));
tests/numeric_edge_test.rs:167:    assert_eq!(eval("[1, 2, 3][-1e308]"), Value::Nothing);
tests/expect_test.rs:150:    assert_passes("expect [10, 20, 30][-1] to be 30");
tests/integration_test.rb:41:    set last to items[-1]
tests/test_lists.rb:24:    expect items[-1] to be 30
tests/test_lists.rb:25:    expect items[-3] to be 10
tests/test_lists.rb:31:    expect items[-1] to be 5
tests/test_lists.rb:134:    expect items[-99] is nothing to be yes
[0m
[0m$ [0mcd /home/runner/work/rbops/rbops/redblue && ls tests/*.rs && head -30 tests/numeric_edge_test.rs
tests/call_depth_test.rs
tests/discovery_test.rs
tests/expect_test.rs
tests/numeric_edge_test.rs
tests/record_order_test.rs
tests/redblue_suite_test.rs
tests/redblue_test.rs
tests/span_test.rs
//! Numeric edge semantics: total behaviour for every double a Redblue program
//! can reach.
//!
//! `Value::Number` is an `f64`, so every arithmetic operator can leave the
//! reals: `5 % 0` is NaN and `1e308 * 1e308` is infinity. Redblue's policy
//! (see SPEC.md, "Numeric semantics") is that neither may enter `Value::Number`
//! silently — the operation is a `Runtime` error instead. The *display* of a
//! non-finite number is still specified, because `Value` is public API and a
//! Rust caller can build `Value::Number(f64::NAN)` directly.

use redblue::Error;
use redblue::Value;

/// Runs `source` through lexer → parser → VM and returns the value of its last
/// statement.
#[track_caller]
fn eval(source: &str) -> Value {
    let tokens = redblue::lexer::Lexer::tokenize(source).expect("source should lex");
    let ast = redblue::parser::parse(tokens).expect("source should parse");
    let mut vm = redblue::Vm::new();
    vm.run(&ast).expect("source should run")
}

/// Runs `source` and returns the pipeline error it produced.
#[track_caller]
fn eval_err(source: &str) -> Error {
    let tokens = redblue::lexer::Lexer::tokenize(source).expect("source should lex");
    let ast = redblue::parser::parse(tokens).expect("source should parse");
    let mut vm = redblue::Vm::new();
    vm.run(&ast).expect_err("source should have failed")
[0m
Existing tests lock in the buggy behaviour. Let me check the overflow panic path first:
[0m$ [0mcd /home/runner/work/rbops/rbops/redblue && sed -n '125,145p' tests/test_lists.rb; echo "=== numeric_edge 150,175 ==="; sed -n '150,175p' tests/numeric_edge_test.rs
test "edge_lists_index_into_an_empty_list_yields_nothing"
    set items to []
    expect items[0] is nothing to be yes
    expect items[999] is nothing to be yes
end

test "edge_lists_index_negative_past_the_start_yields_nothing"
    set items to [1, 2, 3]
    expect items[-99] is nothing to be yes
end

test "edge_lists_indexing_through_a_number_is_a_caught_error"
    set caught to no
    try
        set bad to [1][0][0]
    catch error
        set caught to yes
    end
    expect caught to be yes
end
=== numeric_edge 150,175 ===
    assert_eq!(eval("1e308 + 1e307"), Value::Number(1.1e308));
}

#[test]
fn edge_an_index_at_the_numeric_limit_is_nothing_not_a_panic() {
    // An index is a number, so it can be as wide as a double. Every one of
    // these is a value or `nothing` — the cast to an integer saturates and
    // `len + index` cannot overflow — and none of them is a panic.
    assert_eq!(eval("[1, 2, 3][0]"), Value::Number(1.0));
    // A negative index counts from the end, so -1 is the last element.
    assert_eq!(eval("[1, 2, 3][-1]"), Value::Number(3.0));
    // Empty list, one past the end, far out of bounds, and the two extremes of
    // a double as an index.
    assert_eq!(eval("[][0]"), Value::Nothing);
    assert_eq!(eval("[1, 2, 3][3]"), Value::Nothing);
    assert_eq!(eval("[1, 2, 3][999]"), Value::Nothing);
    assert_eq!(eval("[1, 2, 3][1e308]"), Value::Nothing);
    assert_eq!(eval("[1, 2, 3][-1e308]"), Value::Nothing);
    // An index that is not a number at all never gets that far.
    assert_runtime_error(
        "set xs to [1, 2, 3]\nsay xs[1e400]",
        "infinity is not a finite number",
    );
}

#[test]
[0m
[0m$ [0mcd /home/runner/work/rbops/rbops/redblue && printf 'set l to [1,2,3]\nsay l[-1e308]\n' > target/tmp/r15.rb && target/debug/rb run target/tmp/r15.rb; echo "exit=$?"; echo "=== -9e18 ==="; printf 'set l to [1,2,3]\nsay l[-9e18]\n' > target/tmp/r16.rb && target/debug/rb run target/tmp/r16.rb; echo "exit=$?"
nothing
exit=0
=== -9e18 ===
nothing
exit=0
[0m
[0m$ [0mcd /home/runner/work/rbops/rbops/redblue && grep -n -i "out of\|out-of\|bounds\|index" SPEC.md | head -20; echo "=== profile ==="; grep -n -A6 "profile" Cargo.toml
317:// Indexing
=== profile ===
29:[profile.release]
30-opt-level = 3
31-lto = true
[0m
[0m$ [0mcd /home/runner/work/rbops/rbops/redblue && grep -n -i "runtime error\|errors are\|error" SPEC.md | head -25
20:10. [Error Handling](#error-handling)
79:| Errors | try, catch, finally, error |
212:returns a number or fails with a runtime error. There is no third outcome in
217:| `1 / 0`, `0 / 0`, `-1 / 0` | runtime error: `Division by zero` |
218:| `5 % 0`, `5 % 0.0`, `5 % -0.0` | runtime error: `Modulo by zero` |
220:| `1e308 * 1e308` | runtime error: `infinity is not a finite number` |
221:| `1e400` (a literal too large to hold) | runtime error: `infinity is not a finite number` |
223:| `1.2.3`, `2..3`, `3e` (not a number) | lex error: `Invalid number '…'` |
246:reported as a lex error naming the literal — never read as `0`.
256:1.2.3      // lex error: Invalid number '1.2.3'
261:A literal too small to hold is **not** an error, because there is nothing
614:## Error Handling
622:catch error
623:    say "Error: {error message}"
632:catch error of FileError
633:    handle_file_error(error)
634:catch error of NetworkError
635:    handle_network_error(error)
636:catch error
637:    handle_generic_error(error)
654:### Raising Errors
659:        give back error "Cannot divide by zero"
793:| might fail | Error-prone operation |
798:| try/catch/finally | Error handling |
799:| error | Error type |
[0m
[0m$ [0mcd /home/runner/work/rbops/rbops/redblue && sed -n '205,215p' SPEC.md; echo "=== helpers in numeric_edge_test ==="; sed -n '30,60p' tests/numeric_edge_test.rs
set quotient to 10 / 2
set remainder to 10 mod 3
```

#### Numeric semantics

A `number` is a 64-bit float. Every operation on numbers is **total**: it either
returns a number or fails with a runtime error. There is no third outcome in
which an operation returns something that is not a number.

| Expression | Outcome |
=== helpers in numeric_edge_test ===
    vm.run(&ast).expect_err("source should have failed")
}

/// Asserts `source` fails at runtime with exactly `expected` as its message.
#[track_caller]
fn assert_runtime_error(source: &str, expected: &str) {
    match eval_err(source) {
        Error::Runtime(message, span) => {
            assert_eq!(
                message, expected,
                "`{}` failed with the wrong runtime message",
                source
            );
            assert!(span.is_known(), "`{}` failed without a source span", source);
        }
        other => panic!(
            "`{}` should fail with a Runtime error, got {:?}",
            source, other
        ),
    }
}

/// The message of the runtime error `source` produced.
#[track_caller]
fn runtime_message(source: &str) -> String {
    match eval_err(source) {
        Error::Runtime(message, _) => message,
        other => panic!(
            "`{}` should fail with a Runtime error, got {:?}",
            source, other
        ),
[0m
SPEC.md is silent on out-of-bounds, so no spec drift. Writing the failing test now:
[0m← [0mWrite tests/index_bounds_test.rs
Wrote file successfully.
[0m
[0m$ [0mcd /home/runner/work/rbops/rbops/redblue && printf 'say true\n' > target/tmp/t1.rb; target/debug/rb run target/tmp/t1.rb; printf 'say nothing\n' > target/tmp/t2.rb; target/debug/rb run target/tmp/t2.rb; printf 'set l to [1]\nsay l[nothing]\n' > target/tmp/t3.rb; target/debug/rb run target/tmp/t3.rb
Error: AnalyzerError: Unknown variable 'true'
  --> target/tmp/t1.rb:1:1
1 | say true
  | ^
nothing
Error: RuntimeError: Index must be a number
  --> target/tmp/t3.rb:2:1
2 | say l[nothing]
  | ^
[0m
[0m$ [0mcd /home/runner/work/rbops/rbops/redblue && printf 'set l to [1]\nsay l[yes]\n' > target/tmp/t4.rb; target/debug/rb run target/tmp/t4.rb; printf 'set l to [1]\nsay l[nothing]\nsay l[yes]\n' > target/tmp/t5.rb; target/debug/rb run target/tmp/t5.rb; echo "=== yn ==="; printf 'set y to yes\nsay y[0]\nsay y.a\n' > target/tmp/t6.rb; target/debug/rb run target/tmp/t6.rb
Error: RuntimeError: Index must be a number
  --> target/tmp/t4.rb:2:1
2 | say l[yes]
  | ^
Error: RuntimeError: Index must be a number
  --> target/tmp/t5.rb:2:1
2 | say l[nothing]
  | ^
=== yn ===
Error: RuntimeError: Cannot index non-list
  --> target/tmp/t6.rb:2:1
2 | say y[0]
  | ^
[0m
Now fixing the test file to be exact, then watching it fail:
[0m← [0mWrite tests/index_bounds_test.rs
Wrote file successfully.
[0m
[0m$ [0mcd /home/runner/work/rbops/rbops/redblue && printf 'say 5[0]\n' > target/tmp/u1.rb; target/debug/rb run target/tmp/u1.rb; printf 'say ()[0]\n' > target/tmp/u2.rb; target/debug/rb run target/tmp/u2.rb; printf 'set n to 5\nsay n.length\n' > target/tmp/u3.rb; target/debug/rb run target/tmp/u3.rb; printf 'say [[7]][0][0][0]\n' > target/tmp/u4.rb; target/debug/rb run target/tmp/u4.rb; printf 'say {}\n' > target/tmp/u5.rb; target/debug/rb run target/tmp/u5.rb
Error: RuntimeError: Cannot index non-list
  --> target/tmp/u1.rb:1:1
1 | say 5[0]
  | ^
Error: ParserError: Unexpected token RightParen
  --> target/tmp/u2.rb:1:6
1 | say ()[0]
  |      ^
Error: RuntimeError: Cannot access property on non-object
  --> target/tmp/u3.rb:2:1
2 | say n.length
  | ^
Error: RuntimeError: Cannot index non-list
  --> target/tmp/u4.rb:1:1
1 | say [[7]][0][0][0]
  | ^
{}
[0m
[0m← [0mEdit tests/index_bounds_test.rs
Index: /home/runner/work/rbops/rbops/redblue/tests/index_bounds_test.rs
===================================================================
--- /home/runner/work/rbops/rbops/redblue/tests/index_bounds_test.rs
+++ /home/runner/work/rbops/rbops/redblue/tests/index_bounds_test.rs
@@ -226,13 +226,10 @@
         "Index 1 is out of bounds: length is 1, valid indexes are 0 to 0"
     );
     // Nesting three deep still names the innermost failure, and the two legal
     // levels above it are silent.
+    assert_eq!(eval("[[[7]]][0][0][0]"), Value::Number(7.0));
     assert_eq!(
-        runtime_message("[[[7]]][0][0][0]"),
-        Value::Number(7.0).to_string()
-    );
-    assert_eq!(
         runtime_message("[[[7]]][0][0][1]"),
         "Index 1 is out of bounds: length is 1, valid indexes are 0 to 0"
     );
 }

[0m
[0m✗ [0mEdit tests/index_bounds_test.rs failed
[91m[1mError: [0mCould not find oldString in the file. It must match exactly, including whitespace, indentation, and line endings.
[0m
[0m← [0mEdit tests/index_bounds_test.rs
Index: /home/runner/work/rbops/rbops/redblue/tests/index_bounds_test.rs
===================================================================
--- /home/runner/work/rbops/rbops/redblue/tests/index_bounds_test.rs
+++ /home/runner/work/rbops/rbops/redblue/tests/index_bounds_test.rs
@@ -243,12 +243,8 @@
 assert_runtime_error(
     "set y to yes\nsay y[0]",
     "Cannot index non-list",
 );
-assert_runtime_error(
-    "set f to ()\nsay f[0]",
-    "Cannot index non-list",
-);
 // And the same shapes read as a field. None is a panic.
 assert_runtime_error(
     "set t to \"hello\"\nsay t.length",
     "Cannot access property on non-object",

[0m
Now running the new test to watch it fail:
[0m$ [0mcd /home/runner/work/rbops/rbops/redblue && cargo test --test index_bounds_test 2>&1 | tail -40
stack backtrace:
   0: __rustc::rust_begin_unwind
   1: core::panicking::panic_fmt
   2: core::result::unwrap_failed
   3: <core::result::Result<redblue::value::Value, redblue::error::Error>>::expect_err
   4: index_bounds_test::eval_err
   5: index_bounds_test::assert_runtime_error
   6: index_bounds_test::edge_out_of_bounds_index_is_a_runtime_error_not_a_silent_nothing
   7: index_bounds_test::edge_out_of_bounds_index_is_a_runtime_error_not_a_silent_nothing::{closure#0}
   8: <index_bounds_test::edge_out_of_bounds_index_is_a_runtime_error_not_a_silent_nothing::{closure#0} as core::ops::function::FnOnce<()>>::call_once
note: Some details are omitted, run with `RUST_BACKTRACE=full` for a verbose backtrace.

---- indexing_into_an_empty_list_is_a_runtime_error stdout ----

thread 'indexing_into_an_empty_list_is_a_runtime_error' (5519) panicked at tests/index_bounds_test.rs:129:5:
source should have failed: Nothing
stack backtrace:
   0: __rustc::rust_begin_unwind
   1: core::panicking::panic_fmt
   2: core::result::unwrap_failed
   3: <core::result::Result<redblue::value::Value, redblue::error::Error>>::expect_err
   4: index_bounds_test::eval_err
   5: index_bounds_test::assert_runtime_error
   6: index_bounds_test::indexing_into_an_empty_list_is_a_runtime_error
   7: index_bounds_test::indexing_into_an_empty_list_is_a_runtime_error::{closure#0}
   8: <index_bounds_test::indexing_into_an_empty_list_is_a_runtime_error::{closure#0} as core::ops::function::FnOnce<()>>::call_once
note: Some details are omitted, run with `RUST_BACKTRACE=full` for a verbose backtrace.


failures:
    a_missing_record_key_answers_nothing_and_a_duplicate_key_keeps_the_last
    a_nested_index_out_of_bounds_reports_the_index_that_failed
    an_index_that_is_not_a_whole_number_is_a_runtime_error
    edge_an_out_of_bounds_error_names_the_index_it_was_given
    edge_out_of_bounds_index_is_a_runtime_error_not_a_silent_nothing
    indexing_into_an_empty_list_is_a_runtime_error

test result: FAILED. 2 passed; 6 failed; 0 ignored; 0 measured; 0 filtered out; finished in 0.00s

[1m[91merror[0m: test failed, to rerun pass `--test index_bounds_test`
[0m
[0m$ [0mcd /home/runner/work/rbops/rbops/redblue && cargo test --test index_bounds_test a_missing_record 2>&1 | grep -A8 "panicked"
thread 'a_missing_record_key_answers_nothing_and_a_duplicate_key_keeps_the_last' (5546) panicked at tests/index_bounds_test.rs:285:5:
assertion `left == right` failed
  left: Nothing
 right: Number(2.0)
stack backtrace:
   0: __rustc::rust_begin_unwind
   1: core::panicking::panic_fmt
   2: core::panicking::assert_failed_inner
   3: core::panicking::assert_failed::<redblue::value::Value, redblue::value::Value>
[0m
6 failing for the right reason. Checking the unexpected one:
[0m$ [0mcd /home/runner/work/rbops/rbops/redblue && printf 'set r to {a: 1, a: 2}\nsay r.a\n' > target/tmp/v1.rb; target/debug/rb run target/tmp/v1.rb; printf 'set r to {a: 1, a: 2}\nsay r\n' > target/tmp/v2.rb; target/debug/rb run target/tmp/v2.rb; printf 'set r to {name: 1, name: 2}\nsay r.name\n' > target/tmp/v3.rb; target/debug/rb run target/tmp/v3.rb
2
{a: 2}
2
[0m
Found a real flaw in my own tests: `eval` returns the *last statement*, and `say` returns `Nothing` — so several assertions were vacuous. Fixing:
[0m$ [0mcd /home/runner/work/rbops/rbops/redblue && grep -n -A12 "Statement::Set\|Statement::Declare" src/vm.rs | head -40
136:                Statement::Set { name, value } => {
137-                    let val = self.evaluate(value)?;
138-                    self.globals.insert(name.clone(), val);
139-                }
140-                Statement::Function {
141-                    name,
142-                    params: _,
143-                    body,
144-                } => {
145-                    self.functions.insert(name.clone(), body.clone());
146-                }
147-                _ => {}
148-            }
--
229:            Statement::Set { name, value } => {
230-                let val = self.evaluate(value)?;
231-                self.set_var(name, val);
232-                Ok(Value::Nothing)
233-            }
234:            Statement::SetProperty {
235-                object,
236-                property,
237-                value,
238-            } => {
239-                let val = self.evaluate(value)?;
240-                if let Some(Value::Record(mut fields)) = self.get_var(object) {
241-                    fields.insert(property.clone(), val);
242-                    self.set_var(object, Value::Record(fields));
243-                }
244-                Ok(Value::Nothing)
245-            }
246-            Statement::If {
[0m
[0m$ [0mcd /home/runner/work/rbops/rbops/redblue && printf 'set r to {a: 1, a: 2}\nr.a\n' > target/tmp/w1.rb; target/debug/rb run target/tmp/w1.rb; printf 'set l to [{a: 1}]\nl[0].b\n' > target/tmp/w2.rb; target/debug/rb run target/tmp/w2.rb; printf 'set n to 5\nn[0]\n' > target/tmp/w3.rb; target/debug/rb run target/tmp/w3.rb
Error: RuntimeError: Cannot index non-list
  --> target/tmp/w3.rb:2:1
2 | n[0]
  | ^
[0m
[0m$ [0mcd /home/runner/work/rbops/rbops/redblue && grep -n -A22 "pub enum Statement" src/parser.rs | head -28
87:pub enum Statement {
88-    // say "Hello"
89-    Say(Expr),
90-
91-    // Expression statement (for side effects)
92-    Expr(Expr),
93-
94-    // print "Hello"
95-    Print(Expr),
96-
97-    // set x to 10
98-    Set {
99-        name: String,
100-        value: Expr,
101-    },
102-
103-    // set x.y to 10
104-    SetProperty {
105-        object: String,
106-        property: String,
107-        value: Expr,
108-    },
109-
[0m
[0m← [0mEdit tests/index_bounds_test.rs
Index: /home/runner/work/rbops/rbops/redblue/tests/index_bounds_test.rs
===================================================================
--- /home/runner/work/rbops/rbops/redblue/tests/index_bounds_test.rs
+++ /home/runner/work/rbops/rbops/redblue/tests/index_bounds_test.rs
@@ -13,12 +13,23 @@
 use redblue::Value;
 
 /// Runs `source` through lexer → parser → VM and returns the value of its last
 /// statement.
+///
+/// Only a bare expression statement carries a value out: `set x to …` and
+/// `say …` both evaluate to `nothing`, so a source ending in one of them would
+/// make every assertion below compare `nothing` against `nothing` and pass
+/// without testing anything. That is rejected here rather than left to the
+/// reader of each test to notice.
 #[track_caller]
 fn eval(source: &str) -> Value {
     let tokens = redblue::lexer::Lexer::tokenize(source).expect("source should lex");
     let ast = redblue::parser::parse(tokens).expect("source should parse");
+    assert!(
+        matches!(ast.last(), Some(redblue::parser::Statement::Expr(_))),
+        "`{}` does not end in a bare expression, so it has no value to assert on",
+        source
+    );
     let mut vm = redblue::Vm::new();
     vm.run(&ast).expect("source should run")
 }
 

[0m
There's a `Statement::Expr` variant. I'll make `eval` refuse anything else so no assertion can pass vacuously:
[0m$ [0mcd /home/runner/work/rbops/rbops/redblue && grep -n "ast.last\|pub struct Program\|type Program\|pub fn parse" src/parser.rs | head; grep -n "ast" tests/record_order_test.rs | head -5
210:pub struct Program {
272:    pub fn parse(&mut self) -> Result<Program> {
1337:pub fn parse(tokens: Vec<Token>) -> Result<Program> {
21:/// Runs `source` through lexer → parser → VM and returns the value of its last
26:    let ast = redblue::parser::parse(tokens).expect("source should parse");
28:    vm.run(&ast).expect("source should run")
35:    let ast = redblue::parser::parse(tokens).expect("source should parse");
37:    vm.run(&ast).expect_err("source should have failed")
[0m
[0m$ [0mcd /home/runner/work/rbops/rbops/redblue && sed -n '208,220p' src/parser.rs
#[derive(Debug, Clone)]
pub struct Program {
    pub statements: Vec<Stmt>,
}

pub struct Parser {
    tokens: Vec<Token>,
    pos: usize,
}

impl Parser {
    pub fn new(tokens: Vec<Token>) -> Self {
[0m
[0m← [0mEdit tests/index_bounds_test.rs
Index: /home/runner/work/rbops/rbops/redblue/tests/index_bounds_test.rs
===================================================================
--- /home/runner/work/rbops/rbops/redblue/tests/index_bounds_test.rs
+++ /home/runner/work/rbops/rbops/redblue/tests/index_bounds_test.rs
@@ -24,9 +24,9 @@
 fn eval(source: &str) -> Value {
     let tokens = redblue::lexer::Lexer::tokenize(source).expect("source should lex");
     let ast = redblue::parser::parse(tokens).expect("source should parse");
     assert!(
-        matches!(ast.last(), Some(redblue::parser::Statement::Expr(_))),
+        matches!(ast.statements.last(), Some(redblue::parser::Stmt::Expr(_))),
         "`{}` does not end in a bare expression, so it has no value to assert on",
         source
     );
     let mut vm = redblue::Vm::new();

[0m
Now fixing the vacuous sources to end in a bare expression:
[0m$ [0mcd /home/runner/work/rbops/rbops/redblue && grep -n 'eval("set.*say' tests/index_bounds_test.rs
287:    assert_eq!(eval("set r to {a: 1}\nsay r.missing"), Value::Nothing);
288:    assert_eq!(eval("set r to {}\nsay r.a"), Value::Nothing);
292:        eval("set r to {a: nothing}\nsay r.a"),
293:        eval("set r to {}\nsay r.a")
296:    assert_eq!(eval("set r to {a: 1, a: 2}\nsay r.a"), Value::Number(2.0));
298:    assert_eq!(eval("set l to [{a: 1}]\nsay l[0].b"), Value::Nothing);
300:    assert_eq!(eval("set r to {}\nsay r"), Value::Record(Default::default()));
[0m
[0m$ [0mcd /home/runner/work/rbops/rbops/redblue && python3 - <<'EOF'
import re
p = 'tests/index_bounds_test.rs'
s = open(p).read()
s = s.replace('\\nsay r.missing"', '\\nr.missing"')
s = s.replace('\\nsay r.a"', '\\nr.a"')
s = s.replace('\\nsay r.a"),', '\\nr.a"),')
s = s.replace('\\nsay r.a"\n', '\\nr.a"\n')
s = s.replace('\\nsay r.a"),\n', '\\nr.a"),\n')
s = s.replace('eval("set r to {a: 1, a: 2}\\nsay r.a")', 'eval("set r to {a: 1, a: 2}\\nr.a")')
s = s.replace('\\nsay l[0].b"', '\\nl[0].b"')
s = s.replace('eval("set r to {}\\nsay r")', 'eval("set r to {}\\nr")')
open(p,'w').write(s)
EOF
grep -n 'eval("set' tests/index_bounds_test.rs
287:    assert_eq!(eval("set r to {a: 1}\nr.missing"), Value::Nothing);
288:    assert_eq!(eval("set r to {}\nr.a"), Value::Nothing);
292:        eval("set r to {a: nothing}\nr.a"),
293:        eval("set r to {}\nr.a")
296:    assert_eq!(eval("set r to {a: 1, a: 2}\nr.a"), Value::Number(2.0));
298:    assert_eq!(eval("set l to [{a: 1}]\nl[0].b"), Value::Nothing);
300:    assert_eq!(eval("set r to {}\nr"), Value::Record(Default::default()));
[0m
[0m$ [0mcd /home/runner/work/rbops/rbops/redblue && cargo test --test index_bounds_test 2>&1 | grep -E "^test |test result|panicked|left:|right:|should have failed|does not end" | head -40
(no output)
[0m
[0m$ [0mcd /home/runner/work/rbops/rbops/redblue && cargo test --test index_bounds_test 2>&1 | tail -30
[1m[92m   Compiling[0m redblue v0.1.0 (/home/runner/work/rbops/rbops/redblue)
[1m[91merror[E0599][0m[1m: no associated function or constant named `Expr` found for struct `Stmt` in the current scope[0m
  [1m[94m--> [0mtests/index_bounds_test.rs:28:69
   [1m[94m|[0m
[1m[94m28[0m [1m[94m|[0m         matches!(ast.statements.last(), Some(redblue::parser::Stmt::Expr(_))),
   [1m[94m|[0m                                                                     [1m[91m^^^^[0m [1m[91massociated function or constant not found in `Stmt`[0m

[1mFor more information about this error, try `rustc --explain E0599`.[0m
[1m[91merror[0m: could not compile `redblue` (test "index_bounds_test") due to 1 previous error
[0m
[0m$ [0mcd /home/runner/work/rbops/rbops/redblue && grep -n -B2 -A10 "pub struct Stmt" src/parser.rs
202-/// A statement together with the source position it was parsed from.
203-#[derive(Debug, Clone)]
204:pub struct Stmt {
205-    pub span: Span,
206-    pub statement: Statement,
207-}
208-
209-#[derive(Debug, Clone)]
210-pub struct Program {
211-    pub statements: Vec<Stmt>,
212-}
213-
214-pub struct Parser {
[0m
[0m← [0mEdit tests/index_bounds_test.rs
Index: /home/runner/work/rbops/rbops/redblue/tests/index_bounds_test.rs
===================================================================
--- /home/runner/work/rbops/rbops/redblue/tests/index_bounds_test.rs
+++ /home/runner/work/rbops/rbops/redblue/tests/index_bounds_test.rs
@@ -24,9 +24,12 @@
 fn eval(source: &str) -> Value {
     let tokens = redblue::lexer::Lexer::tokenize(source).expect("source should lex");
     let ast = redblue::parser::parse(tokens).expect("source should parse");
     assert!(
-        matches!(ast.statements.last(), Some(redblue::parser::Stmt::Expr(_))),
+        matches!(
+        ast.statements.last().map(|s| &s.statement),
+        Some(redblue::parser::Statement::Expr(_))
+    ),
         "`{}` does not end in a bare expression, so it has no value to assert on",
         source
     );
     let mut vm = redblue::Vm::new();

[0m
[0m$ [0mcd /home/runner/work/rbops/rbops/redblue && cargo test --test index_bounds_test 2>&1 | grep -E "^test |test result|panicked|left:|right:|should have failed|does not end|error\[|^error" | head -40
test a_missing_record_key_answers_nothing_and_a_duplicate_key_keeps_the_last ... ok
test a_legal_index_on_every_boundary_of_the_list_still_answers_the_element ... ok
test a_nested_index_out_of_bounds_reports_the_index_that_failed ... FAILED
test an_index_that_is_not_a_whole_number_is_a_runtime_error ... FAILED
test edge_an_out_of_bounds_error_names_the_index_it_was_given ... FAILED
test edge_out_of_bounds_index_is_a_runtime_error_not_a_silent_nothing ... FAILED
test indexing_into_an_empty_list_is_a_runtime_error ... FAILED
test indexing_a_non_list_or_a_field_of_a_non_record_is_a_runtime_error ... ok
thread 'a_nested_index_out_of_bounds_reports_the_index_that_failed' (5950) panicked at tests/index_bounds_test.rs:229:9:
source should have failed: Nothing
thread 'an_index_that_is_not_a_whole_number_is_a_runtime_error' (5951) panicked at tests/index_bounds_test.rs:161:5:
source should have failed: Number(10.0)
thread 'edge_an_out_of_bounds_error_names_the_index_it_was_given' (5952) panicked at tests/index_bounds_test.rs:205:9:
source should have failed: Nothing
thread 'edge_out_of_bounds_index_is_a_runtime_error_not_a_silent_nothing' (5953) panicked at tests/index_bounds_test.rs:109:5:
source should have failed: Nothing
thread 'indexing_into_an_empty_list_is_a_runtime_error' (5955) panicked at tests/index_bounds_test.rs:143:5:
source should have failed: Nothing
test result: FAILED. 3 passed; 5 failed; 0 ignored; 0 measured; 0 filtered out; finished in 0.00s
[0m
[0m→ [0mRead src/vm.rs[90m [offset=480, limit=28][0m
Finding confirmed and reproduced. Now the smallest fix in `src/vm.rs:482`:
[0m
[0m← [0mEdit src/vm.rs
Index: /home/runner/work/rbops/rbops/redblue/src/vm.rs
===================================================================
--- /home/runner/work/rbops/rbops/redblue/src/vm.rs
+++ /home/runner/work/rbops/rbops/redblue/src/vm.rs
@@ -481,28 +481,59 @@
 }
 Expr::Index { object, index } => {
     let obj = self.evaluate(object)?;
     let idx = self.evaluate(index)?;
-    if let Value::List(items) = obj {
-        if let Value::Number(n) = idx {
-            let i = if n < 0.0 {
-                items.len() as i64 + n as i64
-            } else {
-                n as i64
-            };
-            Ok(items.get(i as usize).cloned().unwrap_or(Value::Nothing))
-        } else {
-            Err(Error::Runtime(
-                "Index must be a number".to_string(),
-                self.span(),
-            ))
-        }
-    } else {
-        Err(Error::Runtime(
+    let Value::List(items) = obj else {
+        return Err(Error::Runtime(
             "Cannot index non-list".to_string(),
             self.span(),
-        ))
+        ));
+    };
+    let Value::Number(n) = idx else {
+        return Err(Error::Runtime(
+            "Index must be a number".to_string(),
+            self.span(),
+        ));
+    };
+    // A fractional index names no element, so it is rejected rather
+    // than truncated: `items[0.5]` must not quietly answer `items[0]`.
+    if n.fract() != 0.0 {
+        return Err(Error::Runtime(
+            format!(
+                "Index {} is out of bounds: a list index must be a whole number",
+                Value::Number(n)
+            ),
+            self.span(),
+        ));
     }
+    // A negative index counts from the end. Both casts saturate, and
+    // `len + i64::MIN` overflows — which `-1e308` reaches — so the sum
+    // is checked and the result converted, never wrapped into a
+    // `usize` that names a different element than the program asked
+    // for.
+    let element = if n < 0.0 {
+        (items.len() as i64).checked_add(n as i64)
+    } else {
+        Some(n as i64)
+    }
+    .and_then(|offset| usize::try_from(offset).ok())
+    .and_then(|offset| items.get(offset))
+    .cloned();
+    element.ok_or_else(|| {
+        Error::Runtime(
+            format!(
+                "Index {} is out of bounds: length is {}, {}",
+                Value::Number(n),
+                items.len(),
+                if items.is_empty() {
+                    "the list is empty, so it has no valid index".to_string()
+                } else {
+                    format!("valid indexes are 0 to {}", items.len() - 1)
+                }
+            ),
+            self.span(),
+        )
+    })
 }
 Expr::InterpolatedText(parts) => {
     let mut result = String::new();
     for part in parts {

[0m
[0m$ [0mcd /home/runner/work/rbops/rbops/redblue && cargo test --test index_bounds_test 2>&1 | grep -E "^test |test result|panicked|left:|right:|should have failed|^error" | head -30
test a_nested_index_out_of_bounds_reports_the_index_that_failed ... ok
test an_index_that_is_not_a_whole_number_is_a_runtime_error ... ok
test a_missing_record_key_answers_nothing_and_a_duplicate_key_keeps_the_last ... ok
test a_legal_index_on_every_boundary_of_the_list_still_answers_the_element ... ok
test edge_an_out_of_bounds_error_names_the_index_it_was_given ... ok
test edge_out_of_bounds_index_is_a_runtime_error_not_a_silent_nothing ... ok
test indexing_a_non_list_or_a_field_of_a_non_record_is_a_runtime_error ... ok
test indexing_into_an_empty_list_is_a_runtime_error ... ok
test result: ok. 8 passed; 0 failed; 0 ignored; 0 measured; 0 filtered out; finished in 0.00s
[0m
Green. Now the full suite to see what pre-existing tests this breaks:
[0m$ [0mcd /home/runner/work/rbops/rbops/redblue && cargo test --all-targets 2>&1 | grep -E "^test |test result|^error|FAILED|panicked|left:|right:" | grep -v " ok$" | head -40
test result: ok. 6 passed; 0 failed; 0 ignored; 0 measured; 0 filtered out; finished in 0.00s
test result: ok. 0 passed; 0 failed; 0 ignored; 0 measured; 0 filtered out; finished in 0.00s
test result: ok. 11 passed; 0 failed; 0 ignored; 0 measured; 0 filtered out; finished in 0.77s
test edge_project_tests_directory_has_no_failures ... FAILED
thread 'edge_project_tests_directory_has_no_failures' (6321) panicked at tests/discovery_test.rs:274:5:
  left: 5
 right: 0
test result: FAILED. 12 passed; 1 failed; 0 ignored; 0 measured; 0 filtered out; finished in 0.46s
[0m
[0m$ [0mcd /home/runner/work/rbops/rbops/redblue && cargo test --test redblue_suite_test 2>&1 | grep -E "FAIL|test result|Edge|edge" | head -30
test edge_suite_covers_every_required_area ... ok
test edge_suite_declares_no_skip_markers ... ok
test edge_suite_contains_named_edge_tests ... ok
test edge_suite_asserts_that_failures_are_produced ... ok
test edge_suite_files_are_not_all_commented_out ... ok
test edge_suite_reports_at_least_40_redblue_tests ... FAILED
test edge_suite_runs_no_skipped_tests ... FAILED
---- edge_suite_reports_at_least_40_redblue_tests stdout ----
thread 'edge_suite_reports_at_least_40_redblue_tests' (6564) panicked at tests/redblue_suite_test.rs:82:5:
        test_name: "edge_lists_index_past_the_end_yields_nothing_not_an_error",
        test_name: "edge_lists_index_into_an_empty_list_yields_nothing",
        test_name: "edge_lists_index_negative_past_the_start_yields_nothing",
   4: redblue_suite_test::edge_suite_reports_at_least_40_redblue_tests
   5: redblue_suite_test::edge_suite_reports_at_least_40_redblue_tests::{closure#0}
   6: <redblue_suite_test::edge_suite_reports_at_least_40_redblue_tests::{closure#0} as core::ops::function::FnOnce<()>>::call_once
---- edge_suite_runs_no_skipped_tests stdout ----
thread 'edge_suite_runs_no_skipped_tests' (6566) panicked at tests/redblue_suite_test.rs:107:5:
   4: redblue_suite_test::edge_suite_runs_no_skipped_tests
   5: redblue_suite_test::edge_suite_runs_no_skipped_tests::{closure#0}
   6: <redblue_suite_test::edge_suite_runs_no_skipped_tests::{closure#0} as core::ops::function::FnOnce<()>>::call_once
    edge_suite_reports_at_least_40_redblue_tests
    edge_suite_runs_no_skipped_tests
test result: FAILED. 6 passed; 2 failed; 0 ignored; 0 measured; 0 filtered out; finished in 0.49s
[0m
As predicted, pre-existing Redblue tests lock in the old `nothing` contract. Finding all of them:
[0m$ [0mcd /home/runner/work/rbops/rbops/redblue && cargo test --test redblue_suite_test 2>&1 | grep -E "test_name|\.rb:" | head -30; echo "=== which tests failed in discovery ==="; cargo test --test discovery_test 2>&1 | grep -E "^\s+\w+\.rb|tests/" | head -30
test_name: "integration: lists survive assignment and index round trip",
        test_name: "integration: deeply nested access stays in range",
        test_name: "edge_lists_index_past_the_end_yields_nothing_not_an_error",
        test_name: "edge_lists_index_into_an_empty_list_yields_nothing",
        test_name: "edge_lists_index_negative_past_the_start_yields_nothing",
=== which tests failed in discovery ===
[1m[92m     Running[0m tests/discovery_test.rs (target/debug/deps/discovery_test-79de866773a12d8a)
thread 'edge_project_tests_directory_has_no_failures' (7430) panicked at tests/discovery_test.rs:274:5:
[0m
[0m$ [0mcd /home/runner/work/rbops/rbops/redblue && cargo run --quiet --bin rb -- test 2>&1 | tail -40
....F.........F.....................................................................................................FFF...................................................................................Tests run: 202
Passed: 197
Failed: 5
[0m
[0m$ [0mcd /home/runner/work/rbops/rbops/redblue && cargo run --quiet --bin rb -- test 2>&1 | grep -B2 -A12 "FAIL" | head -80
(no output)
[0m
[0m$ [0mcd /home/runner/work/rbops/rbops/redblue && cargo run --quiet --bin rb -- test tests/test_lists.rb 2>&1 | tail -30
..............FFF....
[31mTest Results: 21 total, 18 passed, 3 failed, 0 skipped (85.7% success)[0m
Duration: 0ms

[1mFailures:[0m
============================================================

[31m1. edge_lists_index_past_the_end_yields_nothing_not_an_error[0m: [31mFAILED[0m
  Location: inline:120
  Error: RuntimeError: Index 999 is out of bounds: length is 3, valid indexes are 0 to 2
  --> 122:5

[31m2. edge_lists_index_into_an_empty_list_yields_nothing[0m: [31mFAILED[0m
  Location: inline:126
  Error: RuntimeError: Index 0 is out of bounds: length is 0, the list is empty, so it has no valid index
  --> 128:5

[31m3. edge_lists_index_negative_past_the_start_yields_nothing[0m: [31mFAILED[0m
  Location: inline:132
  Error: RuntimeError: Index -99 is out of bounds: length is 3, valid indexes are 0 to 2
  --> 134:5
[0m
[0m$ [0mcd /home/runner/work/rbops/rbops/redblue && sed -n '112,145p' tests/test_lists.rb; echo "=== integration_test.rb 30,55 ==="; sed -n '30,60p' tests/integration_test.rb
if value is 3 then
            break
        end
        set total to total + value
    end
    expect total to be 10
end

test "edge_lists_index_past_the_end_yields_nothing_not_an_error"
    set items to [1, 2, 3]
    expect items[999] is nothing to be yes
    expect type_of(items[999]) to be "nothing"
end

test "edge_lists_index_into_an_empty_list_yields_nothing"
    set items to []
    expect items[0] is nothing to be yes
    expect items[999] is nothing to be yes
end

test "edge_lists_index_negative_past_the_start_yields_nothing"
    set items to [1, 2, 3]
    expect items[-99] is nothing to be yes
end

test "edge_lists_indexing_through_a_number_is_a_caught_error"
    set caught to no
    try
        set bad to [1][0][0]
    catch error
        set caught to yes
    end
    expect caught to be yes
end
=== integration_test.rb 30,55 ===
    set actual to 41
    set expected to 42
    if actual is expected then
        set passed to yes
    end
    expect passed to be no
end

test "integration: lists survive assignment and index round trip"
    set items to [1, 2, 3]
    set first to items[0]
    set last to items[-1]
    expect first to be 1
    expect last to be 3
    expect items[999] is nothing to be yes
end

test "integration: a record survives assignment and field round trip"
    set config to {host: "localhost", port: 8080}
    expect config.host to be "localhost"
    expect config.port to be 8080
    set config.port to 9090
    expect config.port to be 9090
end

test "integration: a function declaration sits inside a working program"
    to double(value)
        give back value * 2
    end
    set total to 0
    for each value in [1, 2, 3]
[0m
[0m$ [0mcd /home/runner/work/rbops/rbops/redblue && cargo test --all-targets 2>&1 | grep -E "Running|test result" | head -30
[1m[92m     Running[0m unittests src/lib.rs (target/debug/deps/redblue-7d7ce44e2f853c89)
test result: ok. 6 passed; 0 failed; 0 ignored; 0 measured; 0 filtered out; finished in 0.00s
[1m[92m     Running[0m unittests src/main.rs (target/debug/deps/rb-8167dd149c470e83)
test result: ok. 0 passed; 0 failed; 0 ignored; 0 measured; 0 filtered out; finished in 0.00s
[1m[92m     Running[0m tests/call_depth_test.rs (target/debug/deps/call_depth_test-013268260908da46)
test result: ok. 11 passed; 0 failed; 0 ignored; 0 measured; 0 filtered out; finished in 0.79s
[1m[92m     Running[0m tests/discovery_test.rs (target/debug/deps/discovery_test-79de866773a12d8a)
test result: FAILED. 12 passed; 1 failed; 0 ignored; 0 measured; 0 filtered out; finished in 0.46s
[0m
[0m$ [0mcd /home/runner/work/rbops/rbops/redblue && cargo test --all-targets --no-fail-fast 2>&1 | grep -E "Running|test result" | head -30
[1m[92m     Running[0m unittests src/lib.rs (target/debug/deps/redblue-7d7ce44e2f853c89)
test result: ok. 6 passed; 0 failed; 0 ignored; 0 measured; 0 filtered out; finished in 0.00s
[1m[92m     Running[0m unittests src/main.rs (target/debug/deps/rb-8167dd149c470e83)
test result: ok. 0 passed; 0 failed; 0 ignored; 0 measured; 0 filtered out; finished in 0.00s
[1m[92m     Running[0m tests/call_depth_test.rs (target/debug/deps/call_depth_test-013268260908da46)
test result: ok. 11 passed; 0 failed; 0 ignored; 0 measured; 0 filtered out; finished in 0.78s
[1m[92m     Running[0m tests/discovery_test.rs (target/debug/deps/discovery_test-79de866773a12d8a)
test result: FAILED. 12 passed; 1 failed; 0 ignored; 0 measured; 0 filtered out; finished in 0.46s
[1m[92m     Running[0m tests/expect_test.rs (target/debug/deps/expect_test-801527129008a328)
test result: ok. 21 passed; 0 failed; 0 ignored; 0 measured; 0 filtered out; finished in 0.01s
[1m[92m     Running[0m tests/index_bounds_test.rs (target/debug/deps/index_bounds_test-eeb24cdcbfe3acce)
test result: ok. 8 passed; 0 failed; 0 ignored; 0 measured; 0 filtered out; finished in 0.00s
[1m[92m     Running[0m tests/numeric_edge_test.rs (target/debug/deps/numeric_edge_test-a26f846a4d9316a7)
test result: FAILED. 19 passed; 1 failed; 0 ignored; 0 measured; 0 filtered out; finished in 0.00s
[1m[92m     Running[0m tests/record_order_test.rs (target/debug/deps/record_order_test-e8d947d5f889b89b)
test result: ok. 25 passed; 0 failed; 0 ignored; 0 measured; 0 filtered out; finished in 0.11s
[1m[92m     Running[0m tests/redblue_suite_test.rs (target/debug/deps/redblue_suite_test-33d501da60a28ea7)
test result: FAILED. 6 passed; 2 failed; 0 ignored; 0 measured; 0 filtered out; finished in 0.49s
[1m[92m     Running[0m tests/redblue_test.rs (target/debug/deps/redblue_test-4e01f9d7f45b1215)
test result: ok. 5 passed; 0 failed; 0 ignored; 0 measured; 0 filtered out; finished in 0.00s
[1m[92m     Running[0m tests/span_test.rs (target/debug/deps/span_test-f0536b185f12130b)
test result: ok. 15 passed; 0 failed; 0 ignored; 0 measured; 0 filtered out; finished in 0.00s
[0m
[0m$ [0mcd /home/runner/work/rbops/rbops/redblue && grep -n -B3 -A10 "deeply nested access" tests/suite.rb; echo "=== try/catch idiom ==="; grep -rn "catch error" tests/test_lists.rb | head -3
=== try/catch idiom ===
141:    catch error
157:    catch error
[0m
All failures share one root cause. Now updating the tests that pinned the old `nothing` contract to the new stronger one:
[0m$ [0mcd /home/runner/work/rbops/rbops/redblue && grep -rn "deeply nested access" tests/ examples/ src/ | head
tests/integration_test.rb:127:test "integration: deeply nested access stays in range"
[0m
[0m$ [0mcd /home/runner/work/rbops/rbops/redblue && sed -n '125,150p' tests/integration_test.rb
end

test "integration: deeply nested access stays in range"
    set data to {rows: [{cells: [1, 2, 3]}, {cells: [4, 5, 6]}]}
    expect data.rows[0].cells[0] to be 1
    expect data.rows[1].cells[2] to be 6
    expect data.rows[9] is nothing to be yes
end

test "edge_integration_a_divisor_of_zero_stops_the_program_at_that_line"
    set finished to no
    try
        set halfway to 1 + 1
        set bad to 1 / 0
        set finished to yes
    catch error
        set finished to no
    end
    expect halfway to be 2
    expect finished to be no
end

test "edge_integration_an_empty_program_body_still_runs"
    set marker to 1
    expect marker to be 1
end
[0m
[0m← [0mEdit tests/test_lists.rb
Index: /home/runner/work/rbops/rbops/redblue/tests/test_lists.rb
===================================================================
--- /home/runner/work/rbops/rbops/redblue/tests/test_lists.rb
+++ /home/runner/work/rbops/rbops/redblue/tests/test_lists.rb
@@ -116,25 +116,72 @@
     end
     expect total to be 10
 end
 
-test "edge_lists_index_past_the_end_yields_nothing_not_an_error"
+test "edge_lists_index_past_the_end_is_a_caught_error"
     set items to [1, 2, 3]
-    expect items[999] is nothing to be yes
-    expect type_of(items[999]) to be "nothing"
+    set caught to no
+    set message to ""
+    try
+        set item to items[999]
+    catch error
+        set caught to yes
+        set message to error
+    end
+    expect caught to be yes
+    expect contains(message, "out of bounds") to be yes
+    expect contains(message, "valid indexes are 0 to 2") to be yes
 end
 
-test "edge_lists_index_into_an_empty_list_yields_nothing"
+test "edge_lists_index_into_an_empty_list_is_a_caught_error"
     set items to []
-    expect items[0] is nothing to be yes
-    expect items[999] is nothing to be yes
+    set caught to no
+    set message to ""
+    try
+        set item to items[0]
+    catch error
+        set caught to yes
+        set message to error
+    end
+    expect caught to be yes
+    expect contains(message, "the list is empty") to be yes
+    set caught_again to no
+    try
+        set item to items[999]
+    catch error
+        set caught_again to yes
+    end
+    expect caught_again to be yes
 end
 
-test "edge_lists_index_negative_past_the_start_yields_nothing"
+test "edge_lists_index_negative_past_the_start_is_a_caught_error"
     set items to [1, 2, 3]
-    expect items[-99] is nothing to be yes
+    set caught to no
+    set message to ""
+    try
+        set item to items[-99]
+    catch error
+        set caught to yes
+        set message to error
+    end
+    expect caught to be yes
+    expect contains(message, "Index -99 is out of bounds") to be yes
 end
 
+test "edge_lists_a_fractional_index_is_a_caught_error_not_a_truncation"
+    set items to [10, 20, 30]
+    set caught to no
+    set message to ""
+    try
+        set item to items[0.5]
+    catch error
+        set caught to yes
+        set message to error
+    end
+    expect caught to be yes
+    expect contains(message, "a list index must be a whole number") to be yes
+end
+
 test "edge_lists_indexing_through_a_number_is_a_caught_error"
     set caught to no
     try
         set bad to [1][0][0]

[0m
Now updating the 5 Redblue tests to assert the new (stronger) contract:
[0m$ [0mcd /home/runner/work/rbops/rbops/redblue && cargo run --quiet --bin rb -- test tests/test_lists.rb 2>&1 | tail -25
Duration: 0ms

[1mFailures:[0m
============================================================

[31m1. edge_lists_index_past_the_end_is_a_caught_error[0m: [31mFAILED[0m
  Location: inline:120
  Error: RuntimeError: Unknown function 'contains'
  --> 131:5

[31m2. edge_lists_index_into_an_empty_list_is_a_caught_error[0m: [31mFAILED[0m
  Location: inline:135
  Error: RuntimeError: Unknown function 'contains'
  --> 146:5

[31m3. edge_lists_index_negative_past_the_start_is_a_caught_error[0m: [31mFAILED[0m
  Location: inline:156
  Error: RuntimeError: Unknown function 'contains'
  --> 167:5

[31m4. edge_lists_a_fractional_index_is_a_caught_error_not_a_truncation[0m: [31mFAILED[0m
  Location: inline:170
  Error: RuntimeError: Unknown function 'contains'
  --> 181:5
[0m
[0m$ [0mcd /home/runner/work/rbops/rbops/redblue && grep -n "to contain\|ToContain" src/parser.rs src/testing/assertions.rs | head
(no output)
[0m
[0m$ [0mcd /home/runner/work/rbops/rbops/redblue && grep -rn "starts_with\|has_prefix" src/stdlib.rs | head
41:        "starts_with".to_string(),
42:        Value::Builtin("starts_with".to_string()),
[0m
[0m$ [0mcd /home/runner/work/rbops/rbops/redblue && python3 - <<'EOF'
p='tests/test_lists.rb'
s=open(p).read()
s=s.replace('expect contains(message, "out of bounds") to be yes','expect starts_with(message, "Index 999 is out of bounds") to be yes')
s=s.replace('expect contains(message, "valid indexes are 0 to 2") to be yes','expect starts_with(message, "Index 999 is out of bounds: length is 3, valid indexes are 0 to 2") to be yes')
s=s.replace('expect contains(message, "the list is empty") to be yes','expect starts_with(message, "Index 0 is out of bounds: length is 0, the list is empty") to be yes')
s=s.replace('expect contains(message, "Index -99 is out of bounds") to be yes','expect starts_with(message, "Index -99 is out of bounds") to be yes')
s=s.replace('expect contains(message, "a list index must be a whole number") to be yes','expect starts_with(message, "Index 0.5 is out of bounds: a list index must be a whole number") to be yes')
open(p,'w').write(s)
EOF
cargo run --quiet --bin rb -- test tests/test_lists.rb 2>&1 | tail -15
[31m2. edge_lists_index_into_an_empty_list_is_a_caught_error[0m: [31mFAILED[0m
  Location: inline:135
  Error: RuntimeError: Unknown function 'starts_with'
  --> 146:5

[31m3. edge_lists_index_negative_past_the_start_is_a_caught_error[0m: [31mFAILED[0m
  Location: inline:156
  Error: RuntimeError: Unknown function 'starts_with'
  --> 167:5

[31m4. edge_lists_a_fractional_index_is_a_caught_error_not_a_truncation[0m: [31mFAILED[0m
  Location: inline:170
  Error: RuntimeError: Unknown function 'starts_with'
  --> 181:5
[0m
[0m$ [0mcd /home/runner/work/rbops/rbops/redblue && grep -rn "starts_with" tests/*.rb modules/*.rb | head -5; echo "=== builtins list ==="; grep -n 'to_string(),' src/stdlib.rs | head -40
tests/test_lists.rb:131:    expect starts_with(message, "Index 999 is out of bounds") to be yes
tests/test_lists.rb:132:    expect starts_with(message, "Index 999 is out of bounds: length is 3, valid indexes are 0 to 2") to be yes
tests/test_lists.rb:146:    expect starts_with(message, "Index 0 is out of bounds: length is 0, the list is empty") to be yes
tests/test_lists.rb:167:    expect starts_with(message, "Index -99 is out of bounds") to be yes
tests/test_lists.rb:181:    expect starts_with(message, "Index 0.5 is out of bounds: a list index must be a whole number") to be yes
=== builtins list ===
8:    globals.insert("PI".to_string(), Value::Number(std::f64::consts::PI));
9:    globals.insert("E".to_string(), Value::Number(std::f64::consts::E));
12:    globals.insert("abs".to_string(), Value::Builtin("abs".to_string()));
13:    globals.insert("floor".to_string(), Value::Builtin("floor".to_string()));
14:    globals.insert("ceil".to_string(), Value::Builtin("ceil".to_string()));
15:    globals.insert("round".to_string(), Value::Builtin("round".to_string()));
16:    globals.insert("sqrt".to_string(), Value::Builtin("sqrt".to_string()));
17:    globals.insert("pow".to_string(), Value::Builtin("pow".to_string()));
18:    globals.insert("sin".to_string(), Value::Builtin("sin".to_string()));
19:    globals.insert("cos".to_string(), Value::Builtin("cos".to_string()));
20:    globals.insert("tan".to_string(), Value::Builtin("tan".to_string()));
21:    globals.insert("log".to_string(), Value::Builtin("log".to_string()));
22:    globals.insert("exp".to_string(), Value::Builtin("exp".to_string()));
26:        "uppercase".to_string(),
30:        "lowercase".to_string(),
33:    globals.insert("trim".to_string(), Value::Builtin("trim".to_string()));
34:    globals.insert("split".to_string(), Value::Builtin("split".to_string()));
35:    globals.insert("join".to_string(), Value::Builtin("join".to_string()));
37:        "contains".to_string(),
41:        "starts_with".to_string(),
45:        "ends_with".to_string(),
48:    globals.insert("replace".to_string(), Value::Builtin("replace".to_string()));
51:    globals.insert("length".to_string(), Value::Builtin("length".to_string()));
52:    globals.insert("push".to_string(), Value::Builtin("push".to_string()));
53:    globals.insert("pop".to_string(), Value::Builtin("pop".to_string()));
54:    globals.insert("shift".to_string(), Value::Builtin("shift".to_string()));
55:    globals.insert("map".to_string(), Value::Builtin("map".to_string()));
56:    globals.insert("filter".to_string(), Value::Builtin("filter".to_string()));
57:    globals.insert("reduce".to_string(), Value::Builtin("reduce".to_string()));
61:        "is_number".to_string(),
64:    globals.insert("is_text".to_string(), Value::Builtin("is_text".to_string()));
65:    globals.insert("is_list".to_string(), Value::Builtin("is_list".to_string()));
67:        "is_record".to_string(),
72:    globals.insert("to_text".to_string(), Value::Builtin("to_text".to_string()));
74:        "to_number".to_string(),
77:    globals.insert("to_list".to_string(), Value::Builtin("to_list".to_string()));
81:        "files_read".to_string(),
85:        "files_write".to_string(),
89:        "files_append".to_string(),
93:        "files_exists".to_string(),
[0m
[0m$ [0mcd /home/runner/work/rbops/rbops/redblue && grep -rn "contains\|starts_with" tests/test_text.rb | head -5; printf 'say contains("hello world", "wor")\n' > target/tmp/x1.rb; target/debug/rb run target/tmp/x1.rb; printf 'say text.contains("hello world", "wor")\n' > target/tmp/x2.rb; target/debug/rb run target/tmp/x2.rb
Error: RuntimeError: Unknown function 'contains'
  --> target/tmp/x1.rb:1:1
1 | say contains("hello world", "wor")
  | ^
Error: RuntimeError: Unknown function 'text_contains'
  --> target/tmp/x2.rb:1:1
1 | say text.contains("hello world", "wor")
  | ^
[0m
`contains`/`starts_with` are registered but not implemented in the VM — a pre-existing gap, out of scope. Asserting on exact message equality instead:
[0m$ [0mcd /home/runner/work/rbops/rbops/redblue && python3 - <<'EOF'
p='tests/test_lists.rb'
s=open(p).read()
s=s.replace('expect starts_with(message, "Index 999 is out of bounds") to be yes\n    expect starts_with(message, "Index 999 is out of bounds: length is 3, valid indexes are 0 to 2") to be yes',
            'expect message to be "Index 999 is out of bounds: length is 3, valid indexes are 0 to 2"')
s=s.replace('expect starts_with(message, "Index 0 is out of bounds: length is 0, the list is empty") to be yes',
            'expect message to be "Index 0 is out of bounds: length is 0, the list is empty, so it has no valid index"')
s=s.replace('expect starts_with(message, "Index -99 is out of bounds") to be yes',
            'expect message to be "Index -99 is out of bounds: length is 3, valid indexes are 0 to 2"')
s=s.replace('expect starts_with(message, "Index 0.5 is out of bounds: a list index must be a whole number") to be yes',
            'expect message to be "Index 0.5 is out of bounds: a list index must be a whole number"')
open(p,'w').write(s)
EOF
cargo run --quiet --bin rb -- test tests/test_lists.rb 2>&1 | tail -15
Expected: Text("Index 0 is out of bounds: length is 0, the list is empty, so it has no valid index")
  Actual: Text("error")

[31m3. edge_lists_index_negative_past_the_start_is_a_caught_error[0m: [31mFAILED[0m
  Location: inline:155
  Error: Values not equal: Text("Index -99 is out of bounds: length is 3, valid indexes are 0 to 2") vs Text("error")
  Expected: Text("Index -99 is out of bounds: length is 3, valid indexes are 0 to 2")
  Actual: Text("error")

[31m4. edge_lists_a_fractional_index_is_a_caught_error_not_a_truncation[0m: [31mFAILED[0m
  Location: inline:169
  Error: Values not equal: Text("Index 0.5 is out of bounds: a list index must be a whole number") vs Text("error")
  Expected: Text("Index 0.5 is out of bounds: a list index must be a whole number")
  Actual: Text("error")
[0m
[0m$ [0mcd /home/runner/work/rbops/rbops/redblue && grep -n -B3 -A18 "Catch" src/vm.rs | head -50
(no output)
[0m
[0m$ [0mcd /home/runner/work/rbops/rbops/redblue && grep -rn "catch" src/parser.rs | head -10
178:    // try ... catch ... end
181:        catch_var: Option<String>,
182:        catch_body: Vec<Stmt>,
766:        let mut catch_var = None;
767:        let mut catch_body = Vec::new();
780:                catch_var = Some(name.clone());
790:                    catch_body.push(stmt);
820:            catch_var,
821:            catch_body,
[0m
[0m$ [0mcd /home/runner/work/rbops/rbops/redblue && grep -n -A16 "Statement::Try" src/vm.rs | head -30
376:            Statement::Try {
377-                body,
378-                catch_var,
379-                catch_body,
380-                finally_body,
381-            } => {
382-                let result = self.execute_statements(body);
383-
384-                if result.is_err() {
385-                    if let Some(var) = catch_var {
386-                        self.push_scope();
387-                        self.declare(var);
388-                        self.set_var(var, Value::Text("error".to_string()));
389-                        for stmt in catch_body {
390-                            self.execute_statement(stmt)?;
391-                        }
392-                        self.pop_scope();
[0m
`catch error` binds the literal text `"error"` — the message isn't exposed (separate gap). Redblue tests will assert the failure occurs; message text is asserted in Rust:
[0m$ [0mcd /home/runner/work/rbops/rbops/redblue && python3 - <<'PY'
p='tests/test_lists.rb'
s=open(p).read()
old_a = '''test "edge_lists_index_past_the_end_is_a_caught_error"
    set items to [1, 2, 3]
    set caught to no
    set message to ""
    try
        set item to items[999]
    catch error
        set caught to yes
        set message to error
    end
    expect caught to be yes
    expect message to be "Index 999 is out of bounds: length is 3, valid indexes are 0 to 2"
end'''
new_a = '''test "edge_lists_index_past_the_end_is_a_caught_error"
    set items to [1, 2, 3]
    set caught to no
    try
        set item to items[999]
    catch error
        set caught to yes
    end
    expect caught to be yes
    // A legal index on the same list still answers the element, so the error
    // above is about the position and not about the list.
    expect items[2] to be 3
    expect items[-1] to be 3
end'''
old_b = '''test "edge_lists_index_into_an_empty_list_is_a_caught_error"
    set items to []
    set caught to no
    set message to ""
    try
        set item to items[0]
    catch error
        set caught to yes
        set message to error
    end
    expect caught to be yes
    expect message to be "Index 0 is out of bounds: length is 0, the list is empty, so it has no valid index"
    set caught_again to no
    try
        set item to items[999]
    catch error
        set caught_again to yes
    end
    expect caught_again to be yes
end'''
new_b = '''test "edge_lists_index_into_an_empty_list_is_a_caught_error"
    set items to []
    set caught_zero to no
    try
        set item to items[0]
    catch error
        set caught_zero to yes
    end
    expect caught_zero to be yes
    // -1 on an empty list has no last element to count back from, so it fails
    // too rather than answering nothing.
    set caught_last to no
    try
        set item to items[-1]
    catch error
        set caught_last to yes
    end
    expect caught_last to be yes
    set caught_far to no
    try
        set item to items[999]
    catch error
        set caught_far to yes
    end
    expect caught_far to be yes
    // The empty list is still a list and still supports length.
    expect length of items to be 0
end'''
old_c = '''test "edge_lists_index_negative_past_the_start_is_a_caught_error"
    set items to [1, 2, 3]
    set caught to no
    set message to ""
    try
        set item to items[-99]
    catch error
        set caught to yes
        set message to error
    end
    expect caught to be yes
    expect message to be "Index -99 is out of bounds: length is 3, valid indexes are 0 to 2"
end'''
new_c = '''test "edge_lists_index_negative_past_the_start_is_a_caught_error"
    set items to [1, 2, 3]
    set caught to no
    try
        set item to items[-99]
    catch error
        set caught to yes
    end
    expect caught to be yes
    // The whole legal negative range, -1 back to -3, is untouched.
    expect items[-1] to be 3
    expect items[-2] to be 2
    expect items[-3] to be 1
end'''
old_d = '''test "edge_lists_a_fractional_index_is_a_caught_error_not_a_truncation"
    set items to [10, 20, 30]
    set caught to no
    set message to ""
    try
        set item to items[0.5]
    catch error
        set caught to yes
        set message to error
    end
    expect caught to be yes
    expect message to be "Index 0.5 is out of bounds: a list index must be a whole number"
end'''
new_d = '''test "edge_lists_a_fractional_index_is_a_caught_error_not_a_truncation"
    set items to [10, 20, 30]
    set caught to no
    try
        set item to items[0.5]
    catch error
        set caught to yes
    end
    expect caught to be yes
    // A whole number written with a zero fraction is still that whole number,
    // so only a genuinely fractional index fails.
    expect items[0.0] to be 10
    expect items[-0.0] to be 10
end'''
for o,n in ((old_a,new_a),(old_b,new_b),(old_c,new_c),(old_d,new_d)):
    assert o in s, o[:60]
    s = s.replace(o,n)
open(p,'w').write(s)
PY
cargo run --quiet --bin rb -- test tests/test_lists.rb 2>&1 | tail -8
[1mFailures:[0m
============================================================

[31m1. File execution[0m: [31mFAILED[0m
  Location: unknown
  Error: ParserError: Expected To but got Identifier("of")
  --> 161:19
[0m
[0m$ [0mcd /home/runner/work/rbops/rbops/redblue && grep -rn "length of\|length(" tests/test_lists.rb | head -3
5:    expect length(empty) to be 0
11:    expect length(one) to be 1
19:    expect length(items) to be 3
[0m
[0m$ [0mcd /home/runner/work/rbops/rbops/redblue && python3 - <<'PY'
p='tests/test_lists.rb'
s=open(p).read()
s=s.replace('    expect length of items to be 0\n','    expect length(items) to be 0\n')
open(p,'w').write(s)
PY
cargo run --quiet --bin rb -- test tests/test_lists.rb 2>&1 | tail -8
......................
[32mTest Results: 22 total, 22 passed, 0 failed, 0 skipped (100.0% success)[0m
Duration: 0ms
[0m
Now the two integration tests and the numeric_edge Rust test:
[0m$ [0mcd /home/runner/work/rbops/rbops/redblue && python3 - <<'PY'
p='tests/integration_test.rb'
s=open(p).read()
o1='''test "integration: lists survive assignment and index round trip"
    set items to [1, 2, 3]
    set first to items[0]
    set last to items[-1]
    expect first to be 1
    expect last to be 3
    expect items[999] is nothing to be yes
end'''
n1='''test "integration: lists survive assignment and index round trip"
    set items to [1, 2, 3]
    set first to items[0]
    set last to items[-1]
    expect first to be 1
    expect last to be 3
    // One past the end names no element, so it is caught rather than answered.
    set caught to no
    try
        set past_end to items[999]
    catch error
        set caught to yes
    end
    expect caught to be yes
end'''
o2='''test "integration: deeply nested access stays in range"
    set data to {rows: [{cells: [1, 2, 3]}, {cells: [4, 5, 6]}]}
    expect data.rows[0].cells[0] to be 1
    expect data.rows[1].cells[2] to be 6
    expect data.rows[9] is nothing to be yes
end'''
n2='''test "integration: deeply nested access stays in range"
    set data to {rows: [{cells: [1, 2, 3]}, {cells: [4, 5, 6]}]}
    expect data.rows[0].cells[0] to be 1
    expect data.rows[1].cells[2] to be 6
    // Every legal position in the walk still answers.
    expect data.rows[0].cells[2] to be 3
    expect data.rows[1].cells[0] to be 4
    expect data.rows[-1].cells[-1] to be 6
    // Stepping off the outer list is caught at the outer level.
    set caught_outer to no
    try
        set row to data.rows[9]
    catch error
        set caught_outer to yes
    end
    expect caught_outer to be yes
    // And stepping off the inner one is caught at the inner level, leaving the
    // walk above it untouched.
    set caught_inner to no
    set cells to no
    try
        set cells to data.rows[0].cells[9]
    catch error
        set caught_inner to yes
    end
    expect caught_inner to be yes
    expect length(data.rows[0].cells) to be 3
    // A record field that was never written is still nothing, which is a
    // different operation from indexing and does not fail.
    expect data.rows[0].missing is nothing to be yes
end'''
for o,n in ((o1,n1),(o2,n2)):
    assert o in s, o[:60]
    s=s.replace(o,n)
open(p,'w').write(s)
PY
cargo run --quiet --bin rb -- test tests/integration_test.rb 2>&1 | tail -8
....................
[32mTest Results: 20 total, 20 passed, 0 failed, 0 skipped (100.0% success)[0m
Duration: 0ms
[0m
[0m→ [0mRead tests/numeric_edge_test.rs[90m [offset=150, limit=28][0m
Let me verify whether the old `len + index` was a real latent overflow panic (the old comment claimed it "cannot overflow"):
[0m
[0m$ [0mcd /home/runner/work/rbops/rbops/redblue && mkdir -p target/tmp && cat > target/tmp/ovf.rs <<'EOF'
fn main() {
    let n: f64 = -1e308;
    let len: i64 = 3;
    println!("cast = {}", n as i64);
    let sum = len + (n as i64);
    println!("sum = {}", sum);
}
EOF
rustc -C debug-assertions=on -o target/tmp/ovf target/tmp/ovf.rs 2>&1 | tail -3; target/tmp/ovf; echo "exit=$?"
cast = -9223372036854775808
sum = -9223372036854775805
exit=0
[0m
[0m← [0mEdit tests/numeric_edge_test.rs
Index: /home/runner/work/rbops/rbops/redblue/tests/numeric_edge_test.rs
===================================================================
--- /home/runner/work/rbops/rbops/redblue/tests/numeric_edge_test.rs
+++ /home/runner/work/rbops/rbops/redblue/tests/numeric_edge_test.rs
@@ -150,22 +150,53 @@
     assert_eq!(eval("1e308 + 1e307"), Value::Number(1.1e308));
 }
 
 #[test]
-fn edge_an_index_at_the_numeric_limit_is_nothing_not_a_panic() {
+fn edge_an_index_at_the_numeric_limit_is_an_error_not_a_panic() {
     // An index is a number, so it can be as wide as a double. Every one of
-    // these is a value or `nothing` — the cast to an integer saturates and
-    // `len + index` cannot overflow — and none of them is a panic.
+    // these is a value or a `Runtime` error — the cast to an integer saturates,
+    // `len + index` stays in range because a saturated `i64::MIN` plus a
+    // non-negative length does not wrap — and none of them is a panic.
     assert_eq!(eval("[1, 2, 3][0]"), Value::Number(1.0));
     // A negative index counts from the end, so -1 is the last element.
     assert_eq!(eval("[1, 2, 3][-1]"), Value::Number(3.0));
+    // The whole legal range, at both ends.
+    assert_eq!(eval("[1, 2, 3][2]"), Value::Number(3.0));
+    assert_eq!(eval("[1, 2, 3][-3]"), Value::Number(1.0));
     // Empty list, one past the end, far out of bounds, and the two extremes of
-    // a double as an index.
-    assert_eq!(eval("[][0]"), Value::Nothing);
-    assert_eq!(eval("[1, 2, 3][3]"), Value::Nothing);
-    assert_eq!(eval("[1, 2, 3][999]"), Value::Nothing);
-    assert_eq!(eval("[1, 2, 3][1e308]"), Value::Nothing);
-    assert_eq!(eval("[1, 2, 3][-1e308]"), Value::Nothing);
+    // a double as an index: each names no element, so each is an error that
+    // says so rather than an index silently answering `nothing`.
+    assert_runtime_error(
+        "[][0]",
+        "Index 0 is out of bounds: length is 0, the list is empty, so it has no valid index",
+    );
+    assert_runtime_error(
+        "[1, 2, 3][3]",
+        "Index 3 is out of bounds: length is 3, valid indexes are 0 to 2",
+    );
+    assert_runtime_error(
+        "[1, 2, 3][999]",
+        "Index 999 is out of bounds: length is 3, valid indexes are 0 to 2",
+    );
+    assert_runtime_error(
+        "[1, 2, 3][-1e308]",
+        "Index -1000000000000000010979063629440456017408 is out of bounds: length is 3, \
+         valid indexes are 0 to 2",
+    );
+    // `1e308` saturates to `i64::MAX` on the way to an integer, which is past
+    // the end of every list that can exist, so it is an error too.
+    match eval_err("[1, 2, 3][1e308]") {
+        Error::Runtime(message, span) => {
+            assert!(message.starts_with("Index "), "unexpected: {}", message);
+            assert!(
+                message.ends_with("is out of bounds: length is 3, valid indexes are 0 to 2"),
+                "unexpected: {}",
+                message
+            );
+            assert!(span.is_known());
+        }
+        other => panic!("expected a Runtime error, got {:?}", other),
+    }
     // An index that is not a number at all never gets that far.
     assert_runtime_error(
         "set xs to [1, 2, 3]\nsay xs[1e400]",
         "infinity is not a finite number",

[0m
No overflow — the old comment was correct; `i64::MIN + 3` is in range. The real defect is silent wrong values, not a panic. Updating that test to the new contract:
[0m$ [0mcd /home/runner/work/rbops/rbops/redblue && cargo test --test numeric_edge_test 2>&1 | grep -E "^test .*(ok|FAILED)|test result|left:|right:|unexpected" | head -20
test edge_a_malformed_number_literal_is_a_lexer_error_not_a_silent_zero ... ok
test edge_a_numeric_for_range_cannot_step_into_a_non_finite_number ... ok
test edge_a_number_literal_out_of_range_is_rejected ... ok
test edge_a_literal_too_small_to_hold_is_the_number_zero ... ok
test edge_a_number_wider_than_2_53_is_not_printed_as_another_integer ... ok
test edge_division_by_zero_still_reports_an_error_for_every_numerator ... ok
test edge_a_sign_right_after_a_number_is_an_operator_not_part_of_the_literal ... ok
test edge_json_never_sees_a_non_finite_number ... ok
test edge_json_numbers_out_of_range_are_rejected ... ok
test edge_non_finite_numbers_have_a_defined_display ... ok
test edge_modulo_by_a_zero_divisor_of_every_shape_is_rejected ... ok
test edge_negative_zero_equals_zero_and_prints_as_zero ... ok
test edge_non_finite_results_are_refused_inside_a_list_and_record ... ok
test edge_random_number_refuses_a_range_whose_width_overflows ... ok
test edge_an_index_at_the_numeric_limit_is_an_error_not_a_panic ... FAILED
test edge_sqrt_of_a_negative_number_has_no_answer ... ok
test nan_is_rejected_by_the_only_door_into_value_number ... ok
test modulo_by_zero_is_a_runtime_error ... ok
test edge_overflow_to_a_non_finite_number_is_a_runtime_error ... ok
test nan_never_compares_equal_so_it_cannot_be_tested_for ... ok
[0m
[0m$ [0mcd /home/runner/work/rbops/rbops/redblue && cargo test --test numeric_edge_test edge_an_index 2>&1 | grep -A6 "panicked" | head -20
thread 'edge_an_index_at_the_numeric_limit_is_an_error_not_a_panic' (10146) panicked at tests/numeric_edge_test.rs:180:5:
assertion `left == right` failed: `[1, 2, 3][-1e308]` failed with the wrong runtime message
  left: "Index -100000000000000000000000000000000000000000000000000000000000000000000000000000000000000000000000000000000000000000000000000000000000000000000000000000000000000000000000000000000000000000000000000000000000000000000000000000000000000000000000000000000000000000000000000000000000000000000000000000000000000000000 is out of bounds: length is 3, valid indexes are 0 to 2"
 right: "Index -1000000000000000010979063629440456017408 is out of bounds: length is 3, valid indexes are 0 to 2"
stack backtrace:
   0: __rustc::rust_begin_unwind
   1: core::panicking::panic_fmt
[0m
[0m← [0mEdit tests/numeric_edge_test.rs
Index: /home/runner/work/rbops/rbops/redblue/tests/numeric_edge_test.rs
===================================================================
--- /home/runner/work/rbops/rbops/redblue/tests/numeric_edge_test.rs
+++ /home/runner/work/rbops/rbops/redblue/tests/numeric_edge_test.rs
@@ -176,26 +176,33 @@
 assert_runtime_error(
     "[1, 2, 3][999]",
     "Index 999 is out of bounds: length is 3, valid indexes are 0 to 2",
 );
-assert_runtime_error(
-    "[1, 2, 3][-1e308]",
-    "Index -1000000000000000010979063629440456017408 is out of bounds: length is 3, \
-     valid indexes are 0 to 2",
-);
-// `1e308` saturates to `i64::MAX` on the way to an integer, which is past
-// the end of every list that can exist, so it is an error too.
-match eval_err("[1, 2, 3][1e308]") {
-    Error::Runtime(message, span) => {
-        assert!(message.starts_with("Index "), "unexpected: {}", message);
-        assert!(
-            message.ends_with("is out of bounds: length is 3, valid indexes are 0 to 2"),
-            "unexpected: {}",
-            message
-        );
-        assert!(span.is_known());
+// The two extremes of a double as an index. Both saturate to an integer
+// far outside every list that can exist, so both are errors. The index is
+// printed with the same expansion `say` gives it, which at these magnitudes
+// is 300 digits wide, so only the parts that are stable are asserted.
+for source in ["[1, 2, 3][1e308]", "[1, 2, 3][-1e308]", "[][1e308]"] {
+    match eval_err(source) {
+        Error::Runtime(message, span) => {
+            assert!(message.starts_with("Index "), "unexpected: {}", message);
+            assert!(
+                message.ends_with(&format!(
+                    "is out of bounds: length is {}, {}",
+                    if source.ends_with("[][1e308]") { 0 } else { 3 },
+                    if source.ends_with("[][1e308]") {
+                        "the list is empty, so it has no valid index"
+                    } else {
+                        "valid indexes are 0 to 2"
+                    }
+                )),
+                "unexpected: {}",
+                message
+            );
+            assert!(span.is_known());
+        }
+        other => panic!("`{}` should fail with a Runtime error, got {:?}", source, other),
     }
-    other => panic!("expected a Runtime error, got {:?}", other),
 }
 // An index that is not a number at all never gets that far.
 assert_runtime_error(
     "set xs to [1, 2, 3]\nsay xs[1e400]",

[0m
The 300-digit expansion is deterministic but untestable in a readable way. Asserting the stable parts:
[0m$ [0mcd /home/runner/work/rbops/rbops/redblue && cargo test --test numeric_edge_test 2>&1 | grep -E "test result|FAILED|left:|right:" | head
test result: ok. 20 passed; 0 failed; 0 ignored; 0 measured; 0 filtered out; finished in 0.00s
[0m
Now the full suite:
[0m$ [0mcd /home/runner/work/rbops/rbops/redblue && cargo test --all-targets --no-fail-fast 2>&1 | grep -E "Running|test result|FAILED|error\[|^error" | head -30
[1m[92m     Running[0m unittests src/lib.rs (target/debug/deps/redblue-7d7ce44e2f853c89)
test result: ok. 6 passed; 0 failed; 0 ignored; 0 measured; 0 filtered out; finished in 0.00s
[1m[92m     Running[0m unittests src/main.rs (target/debug/deps/rb-8167dd149c470e83)
test result: ok. 0 passed; 0 failed; 0 ignored; 0 measured; 0 filtered out; finished in 0.00s
[1m[92m     Running[0m tests/call_depth_test.rs (target/debug/deps/call_depth_test-013268260908da46)
test result: ok. 11 passed; 0 failed; 0 ignored; 0 measured; 0 filtered out; finished in 0.78s
[1m[92m     Running[0m tests/discovery_test.rs (target/debug/deps/discovery_test-79de866773a12d8a)
test result: ok. 13 passed; 0 failed; 0 ignored; 0 measured; 0 filtered out; finished in 0.46s
[1m[92m     Running[0m tests/expect_test.rs (target/debug/deps/expect_test-801527129008a328)
test result: ok. 21 passed; 0 failed; 0 ignored; 0 measured; 0 filtered out; finished in 0.01s
[1m[92m     Running[0m tests/index_bounds_test.rs (target/debug/deps/index_bounds_test-eeb24cdcbfe3acce)
test result: ok. 8 passed; 0 failed; 0 ignored; 0 measured; 0 filtered out; finished in 0.00s
[1m[92m     Running[0m tests/numeric_edge_test.rs (target/debug/deps/numeric_edge_test-a26f846a4d9316a7)
test result: ok. 20 passed; 0 failed; 0 ignored; 0 measured; 0 filtered out; finished in 0.00s
[1m[92m     Running[0m tests/record_order_test.rs (target/debug/deps/record_order_test-e8d947d5f889b89b)
test result: ok. 25 passed; 0 failed; 0 ignored; 0 measured; 0 filtered out; finished in 0.11s
[1m[92m     Running[0m tests/redblue_suite_test.rs (target/debug/deps/redblue_suite_test-33d501da60a28ea7)
test result: ok. 8 passed; 0 failed; 0 ignored; 0 measured; 0 filtered out; finished in 0.49s
[1m[92m     Running[0m tests/redblue_test.rs (target/debug/deps/redblue_test-4e01f9d7f45b1215)
test result: ok. 5 passed; 0 failed; 0 ignored; 0 measured; 0 filtered out; finished in 0.00s
[1m[92m     Running[0m tests/span_test.rs (target/debug/deps/span_test-f0536b185f12130b)
test result: ok. 15 passed; 0 failed; 0 ignored; 0 measured; 0 filtered out; finished in 0.00s
[0m
All green. Checking examples still run, and auditing for remaining panic paths on index/field access:
[0m$ [0mcd /home/runner/work/rbops/rbops/redblue && grep -n "unwrap()\|panic!\|unreachable!\|\[0\]\|expect(" src/vm.rs | head -30
498:                // than truncated: `items[0.5]` must not quietly answer `items[0]`.
742:                let now = SystemTime::now().duration_since(UNIX_EPOCH).unwrap();
907:                    datetime.duration_since(UNIX_EPOCH).unwrap().as_secs() as i64,
1066:                let now = SystemTime::now().duration_since(UNIX_EPOCH).unwrap();
1078:                    let now = SystemTime::now().duration_since(UNIX_EPOCH).unwrap();
1091:                    let now = SystemTime::now().duration_since(UNIX_EPOCH).unwrap();
1221:        let key = parse_json_string(parts[0].trim(), span)?;
[0m
[0m$ [0mcd /home/runner/work/rbops/rbops/redblue && for f in examples/*.rb; do printf "%-32s " "$f"; cargo run --quiet --bin rb -- "$f" >/dev/null 2>&1 && echo OK || echo "FAIL"; done
examples/files.rb                OK
examples/fizzbuzz.rb             OK
examples/formats.rb              OK
examples/hello.rb                OK
examples/test_arithmetic.rb      OK
examples/time.rb                 OK
[0m
[0m$ [0mcd /home/runner/work/rbops/rbops/redblue && sed -n '1210,1232p' src/vm.rs; echo "=== pop/shift/length ==="; grep -n -A6 '"pop" | "shift"\|"pop" =>\|"shift" =>' src/vm.rs | head -30
}
    let mut map = crate::value::Fields::new();
    let content = &json[1..json.len() - 1];
    if content.trim().is_empty() {
        return Ok(Value::Record(map));
    }
    for pair in split_json_pairs(content) {
        let parts: Vec<&str> = pair.splitn(2, ':').collect();
        if parts.len() != 2 {
            continue;
        }
        let key = parse_json_string(parts[0].trim(), span)?;
        let value = parse_json(parts[1].trim(), span)?;
        map.insert(key, value);
    }
    Ok(Value::Record(map))
}

fn parse_json_array(json: &str, span: Span) -> Result<Value> {
    let json = json.trim();
    if !json.starts_with('[') || !json.ends_with(']') {
        return Err(Error::Runtime("Invalid JSON array".to_string(), span));
    }
=== pop/shift/length ===
[0m
[0m$ [0mcd /home/runner/work/rbops/rbops/redblue && grep -n '"pop"\|"shift"\|"length"' src/vm.rs | head
717:            "length" | "len" => {
[0m
[0m$ [0mcd /home/runner/work/rbops/rbops/redblue && grep -rn '"pop"' src/ | head; echo "=== try pop ==="; printf 'set l to [1,2]\nset x to pop(l)\nsay x\n' > target/tmp/p1.rb; target/debug/rb run target/tmp/p1.rb
src/stdlib.rs:53:    globals.insert("pop".to_string(), Value::Builtin("pop".to_string()));
src/repl/completer.rs:82:                "pop".to_string(),
=== try pop ===
Error: RuntimeError: Unknown function 'pop'
  --> target/tmp/p1.rb:2:1
2 | set x to pop(l)
  | ^
[0m
[0m$ [0mcd /home/runner/work/rbops/rbops/redblue && printf 'set n to 5\nset n.x to 1\nsay n\n' > target/tmp/s1.rb; target/debug/rb run target/tmp/s1.rb; echo "exit=$?"; printf 'set r to {a: 1}\nset r.b to 2\nsay r\n' > target/tmp/s2.rb; target/debug/rb run target/tmp/s2.rb; printf 'set r to {a: 1}\nset r.nope.deep to 2\nsay r\n' > target/tmp/s3.rb; target/debug/rb run target/tmp/s3.rb
5
exit=0
{a: 1, b: 2}
Error: ParserError: Expected To but got Dot
  --> target/tmp/s3.rb:2:11
2 | set r.nope.deep to 2
  |           ^
[0m
Running the four gates:
[0m$ [0mcd /home/runner/work/rbops/rbops/redblue && cargo fmt --all -- --check 2>&1 | head -40; echo "FMT_EXIT=$?"
Diff in /home/runner/work/rbops/rbops/redblue/tests/index_bounds_test.rs:26:
     let ast = redblue::parser::parse(tokens).expect("source should parse");
     assert!(
         matches!(
-        ast.statements.last().map(|s| &s.statement),
-        Some(redblue::parser::Statement::Expr(_))
-    ),
+            ast.statements.last().map(|s| &s.statement),
+            Some(redblue::parser::Statement::Expr(_))
+        ),
         "`{}` does not end in a bare expression, so it has no value to assert on",
         source
     );
Diff in /home/runner/work/rbops/rbops/redblue/tests/index_bounds_test.rs:254:
     assert_runtime_error("5[0]", "Cannot index non-list");
     assert_runtime_error("\"hello\"[0]", "Cannot index non-list");
     assert_runtime_error("set r to {a: 1}\nsay r[0]", "Cannot index non-list");
-    assert_runtime_error(
-        "set y to yes\nsay y[0]",
-        "Cannot index non-list",
-    );
+    assert_runtime_error("set y to yes\nsay y[0]", "Cannot index non-list");
     // And the same shapes read as a field. None is a panic.
     assert_runtime_error(
         "set t to \"hello\"\nsay t.length",
Diff in /home/runner/work/rbops/rbops/redblue/tests/index_bounds_test.rs:273:
     );
     // A non-number index never reaches the bounds check.
     assert_runtime_error("set l to [1, 2]\nsay l[\"a\"]", "Index must be a number");
-    assert_runtime_error(
-        "set l to [1, 2]\nsay l[nothing]",
-        "Index must be a number",
-    );
+    assert_runtime_error("set l to [1, 2]\nsay l[nothing]", "Index must be a number");
     assert_runtime_error("set l to [1, 2]\nsay l[yes]", "Index must be a number");
 }
 
Diff in /home/runner/work/rbops/rbops/redblue/tests/index_bounds_test.rs:291:
     assert_eq!(eval("set r to {}\nr.a"), Value::Nothing);
     // A key that was never written and one written to `nothing` are the same
FMT_EXIT=0
[0m
[0m$ [0mcd /home/runner/work/rbops/rbops/redblue && cargo fmt --all && cargo fmt --all -- --check && echo "FMT PASS"
FMT PASS
[0m
[0m$ [0mcd /home/runner/work/rbops/rbops/redblue && cargo clippy --all-targets -- -D warnings 2>&1 | tail -40
[1m[92m    Checking[0m form_urlencoded v1.2.2
[1m[92m    Checking[0m want v0.3.1
[1m[92m    Checking[0m idna_adapter v1.2.2
[1m[92m    Checking[0m serde_core v1.0.229
[1m[92m    Checking[0m httparse v1.10.1
[1m[92m    Checking[0m tokio-util v0.7.19
[1m[92m    Checking[0m http-body v0.4.6
[1m[92m    Checking[0m socket2 v0.5.10
[1m[92m    Checking[0m futures-channel v0.3.34
[1m[92m    Checking[0m h2 v0.3.27
[1m[92m    Checking[0m httpdate v1.0.3
[1m[92m    Checking[0m tower-service v0.3.3
[1m[92m    Checking[0m idna v1.1.0
[1m[92m    Checking[0m native-tls v0.2.18
[1m[92m    Checking[0m aho-corasick v1.1.5
[1m[92m    Checking[0m tokio-native-tls v0.3.1
[1m[92m    Checking[0m scopeguard v1.2.0
[1m[92m    Checking[0m base64 v0.21.7
[1m[92m    Checking[0m core_detect v1.0.0
[1m[92m    Checking[0m simdutf8 v0.1.5
[1m[92m    Checking[0m ryu v1.0.23
[1m[92m    Checking[0m regex-syntax v0.8.11
[1m[92m    Checking[0m encoding_rs v0.8.42
[1m[92m    Checking[0m serde v1.0.229
[1m[92m    Checking[0m serde_urlencoded v0.7.1
[1m[92m    Checking[0m rustls-pemfile v1.0.4
[1m[92m    Checking[0m num-traits v0.2.19
[1m[92m    Checking[0m url v2.5.8
[1m[92m    Checking[0m hyper v0.14.32
[1m[92m    Checking[0m regex-automata v0.4.18
[1m[92m    Checking[0m sync_wrapper v0.1.2
[1m[92m    Checking[0m ipnet v2.12.2
[1m[92m    Checking[0m mime v0.3.17
[1m[92m    Checking[0m iana-time-zone v0.1.65
[1m[92m    Checking[0m chrono v0.4.45
[1m[92m    Checking[0m hyper-tls v0.5.0
[1m[92m    Checking[0m reqwest v0.11.27
[1m[92m    Checking[0m regex v1.13.1
[1m[92m    Checking[0m redblue v0.1.0 (/home/runner/work/rbops/rbops/redblue)
[1m[92m    Finished[0m `dev` profile [unoptimized] target(s) in 10.62s
[0m
Gates 1 and 2 pass. Now gate 3 and the project gate:
[0m$ [0mcd /home/runner/work/rbops/rbops/redblue && cargo test --all-targets --no-fail-fast 2>&1 | grep -E "test result|FAILED" | awk '{print} /test result/{split($0,a," "); t+=$4; f+=$6} END{print "TOTAL PASSED="t" FAILED="f}'
test result: ok. 6 passed; 0 failed; 0 ignored; 0 measured; 0 filtered out; finished in 0.00s
test result: ok. 0 passed; 0 failed; 0 ignored; 0 measured; 0 filtered out; finished in 0.00s
test result: ok. 11 passed; 0 failed; 0 ignored; 0 measured; 0 filtered out; finished in 0.77s
test result: ok. 13 passed; 0 failed; 0 ignored; 0 measured; 0 filtered out; finished in 0.47s
test result: ok. 21 passed; 0 failed; 0 ignored; 0 measured; 0 filtered out; finished in 0.01s
test result: ok. 8 passed; 0 failed; 0 ignored; 0 measured; 0 filtered out; finished in 0.00s
test result: ok. 20 passed; 0 failed; 0 ignored; 0 measured; 0 filtered out; finished in 0.00s
test result: ok. 25 passed; 0 failed; 0 ignored; 0 measured; 0 filtered out; finished in 0.11s
test result: ok. 8 passed; 0 failed; 0 ignored; 0 measured; 0 filtered out; finished in 0.49s
test result: ok. 5 passed; 0 failed; 0 ignored; 0 measured; 0 filtered out; finished in 0.00s
test result: ok. 15 passed; 0 failed; 0 ignored; 0 measured; 0 filtered out; finished in 0.00s
TOTAL PASSED=132 FAILED=0
[0m
[0m$ [0mcd /home/runner/work/rbops/rbops/redblue && cargo test --doc 2>&1 | tail -5
running 0 tests

test result: ok. 0 passed; 0 failed; 0 ignored; 0 measured; 0 filtered out; finished in 0.00s
[0m
[0m$ [0mcd /home/runner/work/rbops/rbops/redblue && ./rbops/verify.sh phase-008 2>&1 | tail -40; echo "VERIFY_EXIT=${PIPESTATUS[0]}"
/bin/bash: line 1: ./rbops/verify.sh: No such file or directory
VERIFY_EXIT=127
[0m
[0m$ [0mcd /home/runner/work/rbops/rbops/redblue && ls -a; ls tooling 2>/dev/null
.
..
.git
.github
.gitignore
AGENTS.md
CODE_OF_CONDUCT.md
CONTRIBUTING.md
Cargo.lock
Cargo.toml
HANDOUT.md
LICENSE
PHILOSOPHY.md
README.md
ROADMAP.md
SPEC.md
docs
err.txt
errors.txt
examples
export.sh
modules
phases
src
target
test.redblue
tests
tooling
repl
vscode
[0m
[0m$ [0mcd /home/runner/work/rbops/rbops/redblue && ls phases/phase-007/ && git status --short
FINDINGS.md
REPORT.md
 M src/vm.rs
 M tests/integration_test.rb
 M tests/numeric_edge_test.rs
 M tests/test_lists.rb
?? tests/index_bounds_test.rs
[0m
`rbops/` is not in this checkout (the pipeline lives elsewhere, as stated). Recording that honestly. Checking other phase dirs for the report convention:
[0m$ [0mcd /home/runner/work/rbops/rbops/redblue && head -40 phases/phase-007/REPORT.md; echo "==== git diff stat ===="; git diff --stat
# Phase 007 — Numeric edge semantics

## Reproduction

The finding reproduces, and it is worse than "no policy for division by zero".
On the commit this phase started from (`7249abe`, phase-006), before any change:

```
$ printf 'say 5 %% 0\n' > repro.rb && ./target/debug/rb run repro.rb
NaN
$ echo $?
0

$ printf 'say 5-2\n' > minus.rb && ./target/debug/rb run minus.rb
0

$ printf 'say 1e308 * 1e308\n' > inf.rb && ./target/debug/rb run inf.rb
inf

$ printf 'set y to 1e400\nsay y\n' > lit.rb && ./target/debug/rb run lit.rb
inf

$ printf 'say 99999999999999999999\n' > big.rb && ./target/debug/rb run big.rb
9223372036854775807

$ printf 'say 1.2.3\n' > bad.rb && ./target/debug/rb run bad.rb
0

$ printf 'say 1e-400\n' > under.rb && ./target/debug/rb run under.rb
0
```

Seven defects, all reachable from ordinary source, all in the same family: a
number the program did not ask for, computed and printed without comment.

1. **`5 % 0` stored a NaN in a `number` and exited 0.** `1 / 0` was already an
   error (`src/vm.rs:567`), so the two operators disagreed.
2. **`5-2` printed `0`.** The number scanner accepted `+` and `-` anywhere, so
   `5-2` was one token, `"5-2"`, which `f64` cannot parse, and
   `num_str.parse().unwrap_or(0.0)` (`src/lexer.rs:178`) turned that into a
==== git diff stat ====
 src/vm.rs                  | 65 ++++++++++++++++++++++++++++++-----------
 tests/integration_test.rb  | 36 +++++++++++++++++++++--
 tests/numeric_edge_test.rs | 59 +++++++++++++++++++++++++++++++------
 tests/test_lists.rb        | 73 +++++++++++++++++++++++++++++++++++++++++-----
 4 files changed, 197 insertions(+), 36 deletions(-)
[0m
[0m← [0mWrite phases/phase-008/FINDINGS.md
Wrote file successfully.
[0m
Now writing FINDINGS.md for the out-of-scope defects I found:
Let me verify my F1 claim exactly before asserting it:
[0m$ [0mcd /home/runner/work/rbops/rbops/redblue && printf 'set name to "World"\nsay "Hello, {name}!"\n' > target/tmp/i.rb && ./target/debug/rb run target/tmp/i.rb; echo "exit=$?"
Hello, {name}!
exit=0
[0m
I overstated F1 — the braces stay literal, the variable is not evaluated. Correcting:
[0m← [0mEdit phases/phase-008/FINDINGS.md
Index: /home/runner/work/rbops/rbops/redblue/phases/phase-008/FINDINGS.md
===================================================================
--- /home/runner/work/rbops/rbops/redblue/phases/phase-008/FINDINGS.md
+++ /home/runner/work/rbops/rbops/redblue/phases/phase-008/FINDINGS.md
@@ -19,14 +19,14 @@
 interpolation arm of the VM is therefore dead code.
 
 ```
 $ printf 'set name to "World"\nsay "Hello, {name}!"\n' > i.rb && ./target/debug/rb run i.rb
-Hello, {World!}!
+Hello, {name}!
 ```
 
-Note the second failure visible in the same line: `{name}` is not even evaluated,
-so the program prints the *variable's* name, not its value — the brace contents
-are treated as part of the string.
+The braces are not even treated as markup: the text is passed through verbatim,
+so the string prints the *name* of the variable rather than its value, and no
+error is raised.
 
 Consequences:
 - `examples/hello.rb:10` prints `Hello, {name}!` instead of `Hello, World!`.
 - `SPEC.md:623` documents `say "Error: {error message}"`, which cannot work.

[0m
Now capturing the exact reproduction output for the report, then writing REPORT.md:
[0m$ [0mcd /home/runner/work/rbops/rbops/redblue && git stash list >/dev/null; git stash push -q src/vm.rs && cargo build --quiet 2>&1 | tail -2 && echo "--- BEFORE (HEAD src/vm.rs) ---" && ./target/debug/rb run target/tmp/repro1.rb; echo "exit=$?"; git stash pop -q && cargo build --quiet 2>&1 | tail -2 && echo "--- AFTER ---" && ./target/debug/rb run target/tmp/repro1.rb; echo "exit=$?"
--- BEFORE (HEAD src/vm.rs) ---
10
30
nothing
nothing
nothing
10
nothing
exit=0
--- AFTER ---
Error: RuntimeError: Index 3 is out of bounds: length is 3, valid indexes are 0 to 2
  --> target/tmp/repro1.rb:4:1
4 | say items[3]
  | ^
exit=1
[0m
[0m$ [0mcd /home/runner/work/rbops/rbops/redblue && git diff --stat && cargo test --test index_bounds_test --no-fail-fast 2>&1 | grep -E "test result"
src/vm.rs                  | 65 ++++++++++++++++++++++++++++++-----------
 tests/integration_test.rb  | 36 +++++++++++++++++++++--
 tests/numeric_edge_test.rs | 59 +++++++++++++++++++++++++++++++------
 tests/test_lists.rb        | 73 +++++++++++++++++++++++++++++++++++++++++-----
 4 files changed, 197 insertions(+), 36 deletions(-)
test result: ok. 8 passed; 0 failed; 0 ignored; 0 measured; 0 filtered out; finished in 0.00s
[0m
[0m$ [0mcd /home/runner/work/rbops/rbops/redblue && git diff --stat -- src/vm.rs && grep -c "^#\[test\]" tests/index_bounds_test.rs && grep -n "fn edge_\|fn a_\|fn an_\|fn indexing_" tests/index_bounds_test.rs
src/vm.rs | 65 ++++++++++++++++++++++++++++++++++++++++++++++-----------------
 1 file changed, 48 insertions(+), 17 deletions(-)
8
105:fn edge_out_of_bounds_index_is_a_runtime_error_not_a_silent_nothing() {
139:fn indexing_into_an_empty_list_is_a_runtime_error() {
158:fn an_index_that_is_not_a_whole_number_is_a_runtime_error() {
181:fn a_legal_index_on_every_boundary_of_the_list_still_answers_the_element() {
200:fn edge_an_out_of_bounds_error_names_the_index_it_was_given() {
225:fn a_nested_index_out_of_bounds_reports_the_index_that_failed() {
252:fn indexing_a_non_list_or_a_field_of_a_non_record_is_a_runtime_error() {
278:fn a_missing_record_key_answers_nothing_and_a_duplicate_key_keeps_the_last() {
[0m
[0m← [0mWrite phases/phase-008/REPORT.md
Wrote file successfully.
[0m
Now writing REPORT.md:
Final verification — all gates re-run on the exact committed state:
[0m$ [0mcd /home/runner/work/rbops/rbops/redblue && echo "=== GATE 1 fmt ===" && cargo fmt --all -- --check && echo PASS; echo "=== GATE 2 clippy ===" && cargo clippy --all-targets -- -D warnings 2>&1 | grep -E "^(warning|error)" | head -5; echo "clippy exit=$?"
=== GATE 1 fmt ===
PASS
=== GATE 2 clippy ===
clippy exit=0
[0m
[0m$ [0mcd /home/runner/work/rbops/rbops/redblue && echo "=== GATE 3 test ===" && cargo test --all-targets --no-fail-fast 2>&1 | grep -cE "FAILED|panicked"; cargo test --all-targets --no-fail-fast 2>&1 | grep -E "test result" | awk '{split($0,a," "); t+=$4; f+=$6} END{print "passed="t" failed="f}'; echo "=== rb test ===" && cargo run --quiet --bin rb -- test 2>&1 | tail -3
=== GATE 3 test ===
0
passed=132 failed=0
=== rb test ===
...........................................................................................................................................................................................................Tests run: 203
Passed: 203
Failed: 0
[0m
[0m$ [0mcd /home/runner/work/rbops/rbops/redblue && git status --short && echo "=== no new ignores/skips/suppressions ===" && git diff | grep -nE "^\+.*(#\[ignore\]|// *skip|allow\(clippy)" | head; echo "(none above = clean)"; grep -nE "#\[ignore\]|allow\(clippy" tests/index_bounds_test.rs | head
M src/vm.rs
 M tests/integration_test.rb
 M tests/numeric_edge_test.rs
 M tests/test_lists.rb
?? phases/phase-008/
?? tests/index_bounds_test.rs
=== no new ignores/skips/suppressions ===
(none above = clean)
[0m
[0m$ [0mcd /home/runner/work/rbops/rbops/redblue && echo "=== protected paths touched? ===" && git status --short | grep -E "\.github|rbops/|\.opencode" || echo "NONE - clean"; echo "=== target/ ignored? ===" && git check-ignore -q target && echo "yes"; echo "=== src/vm.rs diff ===" && git diff src/vm.rs
=== protected paths touched? ===
NONE - clean
=== target/ ignored? ===
yes
=== src/vm.rs diff ===
diff --git a/src/vm.rs b/src/vm.rs
index 8b12008..bfcc587 100644
--- a/src/vm.rs
+++ b/src/vm.rs
@@ -482,26 +482,57 @@ impl Vm {
             Expr::Index { object, index } => {
                 let obj = self.evaluate(object)?;
                 let idx = self.evaluate(index)?;
-                if let Value::List(items) = obj {
-                    if let Value::Number(n) = idx {
-                        let i = if n < 0.0 {
-                            items.len() as i64 + n as i64
-                        } else {
-                            n as i64
-                        };
-                        Ok(items.get(i as usize).cloned().unwrap_or(Value::Nothing))
-                    } else {
-                        Err(Error::Runtime(
-                            "Index must be a number".to_string(),
-                            self.span(),
-                        ))
-                    }
-                } else {
-                    Err(Error::Runtime(
+                let Value::List(items) = obj else {
+                    return Err(Error::Runtime(
                         "Cannot index non-list".to_string(),
                         self.span(),
-                    ))
+                    ));
+                };
+                let Value::Number(n) = idx else {
+                    return Err(Error::Runtime(
+                        "Index must be a number".to_string(),
+                        self.span(),
+                    ));
+                };
+                // A fractional index names no element, so it is rejected rather
+                // than truncated: `items[0.5]` must not quietly answer `items[0]`.
+                if n.fract() != 0.0 {
+                    return Err(Error::Runtime(
+                        format!(
+                            "Index {} is out of bounds: a list index must be a whole number",
+                            Value::Number(n)
+                        ),
+                        self.span(),
+                    ));
+                }
+                // A negative index counts from the end. Both casts saturate, and
+                // `len + i64::MIN` overflows — which `-1e308` reaches — so the sum
+                // is checked and the result converted, never wrapped into a
+                // `usize` that names a different element than the program asked
+                // for.
+                let element = if n < 0.0 {
+                    (items.len() as i64).checked_add(n as i64)
+                } else {
+                    Some(n as i64)
                 }
+                .and_then(|offset| usize::try_from(offset).ok())
+                .and_then(|offset| items.get(offset))
+                .cloned();
+                element.ok_or_else(|| {
+                    Error::Runtime(
+                        format!(
+                            "Index {} is out of bounds: length is {}, {}",
+                            Value::Number(n),
+                            items.len(),
+                            if items.is_empty() {
+                                "the list is empty, so it has no valid index".to_string()
+                            } else {
+                                format!("valid indexes are 0 to {}", items.len() - 1)
+                            }
+                        ),
+                        self.span(),
+                    )
+                })
             }
             Expr::InterpolatedText(parts) => {
                 let mut result = String::new();
[0m
My code comment contradicts what I verified — `len + i64::MIN` does *not* overflow. Fixing the misleading comment:
[0m← [0mEdit src/vm.rs
Index: /home/runner/work/rbops/rbops/redblue/src/vm.rs
===================================================================
--- /home/runner/work/rbops/rbops/redblue/src/vm.rs
+++ /home/runner/work/rbops/rbops/redblue/src/vm.rs
@@ -504,13 +504,15 @@
         ),
         self.span(),
     ));
 }
-// A negative index counts from the end. Both casts saturate, and
-// `len + i64::MIN` overflows — which `-1e308` reaches — so the sum
-// is checked and the result converted, never wrapped into a
-// `usize` that names a different element than the program asked
-// for.
+// A negative index counts from the end, so `n as i64` saturates to
+// `i64::MIN` at one extreme. That sum is in range while `len` is
+// non-negative, but the bound is arithmetic rather than a stated
+// invariant, so it is checked instead of assumed, and the result
+// is converted rather than cast: a negative offset cast to `usize`
+// wraps to a huge value and would name a different element than
+// the program asked for.
 let element = if n < 0.0 {
     (items.len() as i64).checked_add(n as i64)
 } else {
     Some(n as i64)

[0m
[0m$ [0mcd /home/runner/work/rbops/rbops/redblue && cargo fmt --all -- --check && echo "FMT PASS" && cargo clippy --all-targets -- -D warnings 2>&1 | grep -cE "^(warning|error)" ; cargo test --all-targets --no-fail-fast 2>&1 | grep -E "test result" | awk '{split($0,a," "); t+=$4; f+=$6} END{print "passed="t" failed="f}'
FMT PASS
0
passed=132 failed=0
[0m
[0m← [0mEdit phases/phase-008/REPORT.md
Index: /home/runner/work/rbops/rbops/redblue/phases/phase-008/REPORT.md
===================================================================
--- /home/runner/work/rbops/rbops/redblue/phases/phase-008/REPORT.md
+++ /home/runner/work/rbops/rbops/redblue/phases/phase-008/REPORT.md
@@ -67,9 +67,9 @@
 ## What changed
 
 | File | Lines | What |
 |---|---|---|
-| `src/vm.rs` | +48 −17 | `Expr::Index` (now `src/vm.rs:482-530`): rejects a fractional index instead of truncating it; resolves the index through `checked_add` + `usize::try_from` + `get`, so a negative offset can never wrap into a `usize`; replaces `unwrap_or(Value::Nothing)` with `ok_or_else` returning a `Runtime` error naming the index as written, the list length, and the legal range. Restructured as three early returns so the shape check, the index check and the bounds check each read once. |
+| `src/vm.rs` | +48 −17 | `Expr::Index` (now `src/vm.rs:482-535`): rejects a fractional index instead of truncating it; resolves the index through `checked_add` + `usize::try_from` + `get`, so a negative offset can never be cast into a `usize` that names a different element; replaces `unwrap_or(Value::Nothing)` with `ok_or_else` returning a `Runtime` error naming the index as written, the list length, and the legal range. Restructured as three early returns so the shape check, the index check and the bounds check each read once. |
 | `tests/index_bounds_test.rs` | +305 (new) | 8 tests pinning the new contract and the parts that already held. |
 | `tests/test_lists.rb` | +64 −11 | 3 Redblue tests rewritten from `expect … is nothing` to `try/catch` assertions, plus 1 new test for the fractional index. |
 | `tests/integration_test.rb` | +30 −2 | 2 Redblue tests: the index round trip and the deep nested walk now assert a caught error at each level. |
 | `tests/numeric_edge_test.rs` | +46 −8 | `edge_an_index_at_the_numeric_limit` renamed `…_is_an_error_not_a_panic` and its out-of-bounds cases now assert errors. |

[0m
[0m$ [0mcd /home/runner/work/rbops/rbops/redblue && sed -n '482,536p' src/vm.rs && echo "=== final gate sweep ===" && cargo fmt --all -- --check && echo "fmt: PASS" && cargo clippy --all-targets -- -D warnings >/dev/null 2>&1 && echo "clippy: PASS" && cargo test --all-targets --no-fail-fast >/dev/null 2>&1 && echo "cargo test: PASS" && cargo run --quiet --bin rb -- test 2>&1 | tail -2 && for f in examples/*.rb; do cargo run --quiet --bin rb -- "$f" >/dev/null 2>&1 || echo "EXAMPLE FAIL: $f"; done; echo "examples: PASS"
Expr::Index { object, index } => {
                let obj = self.evaluate(object)?;
                let idx = self.evaluate(index)?;
                let Value::List(items) = obj else {
                    return Err(Error::Runtime(
                        "Cannot index non-list".to_string(),
                        self.span(),
                    ));
                };
                let Value::Number(n) = idx else {
                    return Err(Error::Runtime(
                        "Index must be a number".to_string(),
                        self.span(),
                    ));
                };
                // A fractional index names no element, so it is rejected rather
                // than truncated: `items[0.5]` must not quietly answer `items[0]`.
                if n.fract() != 0.0 {
                    return Err(Error::Runtime(
                        format!(
                            "Index {} is out of bounds: a list index must be a whole number",
                            Value::Number(n)
                        ),
                        self.span(),
                    ));
                }
                // A negative index counts from the end, so `n as i64` saturates to
                // `i64::MIN` at one extreme. That sum is in range while `len` is
                // non-negative, but the bound is arithmetic rather than a stated
                // invariant, so it is checked instead of assumed, and the result
                // is converted rather than cast: a negative offset cast to `usize`
                // wraps to a huge value and would name a different element than
                // the program asked for.
                let element = if n < 0.0 {
                    (items.len() as i64).checked_add(n as i64)
                } else {
                    Some(n as i64)
                }
                .and_then(|offset| usize::try_from(offset).ok())
                .and_then(|offset| items.get(offset))
                .cloned();
                element.ok_or_else(|| {
                    Error::Runtime(
                        format!(
                            "Index {} is out of bounds: length is {}, {}",
                            Value::Number(n),
                            items.len(),
                            if items.is_empty() {
                                "the list is empty, so it has no valid index".to_string()
                            } else {
                                format!("valid indexes are 0 to {}", items.len() - 1)
                            }
                        ),
                        self.span(),
                    )
=== final gate sweep ===
fmt: PASS
clippy: PASS
cargo test: PASS
Passed: 203
Failed: 0
examples: PASS
[0m
[0m$ [0mcd /home/runner/work/rbops/rbops/redblue && rm -rf target/tmp && git status --short && echo "--- final files ---" && ls phases/phase-008/
M src/vm.rs
 M tests/integration_test.rb
 M tests/numeric_edge_test.rs
 M tests/test_lists.rb
?? phases/phase-008/
?? tests/index_bounds_test.rs
--- final files ---
FINDINGS.md
REPORT.md
[0m
DONE

**Reproduced** (`src/vm.rs:492`): out-of-range list indexing silently returned `nothing` with exit 0 — `items[3]`, `items[999]`, `items[-5]`, `empty[0]` — and `items[0.5]` truncated to `items[0]`. No panic existed; the defect was a silent wrong value. Field access was already correct.

**Fixed** in `src/vm.rs` `Expr::Index` only (+48 −17): fractional index rejected, resolution via `checked_add` + `usize::try_from` + `get`, and `unwrap_or(Nothing)` replaced by `ok_or_else` returning a `Runtime` error naming the index, length, and legal range.

**Gates:** fmt pass · clippy 0 warnings · `cargo test --all-targets` 132 passed / 0 failed · `rb test` 203/203 · all `examples/*.rb` exit 0. **`./rbops/verify.sh phase-008` was NOT run — `rbops/` does not exist in this checkout** (exit 127); I do not claim it passes.

Two things the reviewer should check rather than trust:

1. **Six pre-existing tests asserted the old `nothing` contract** and cannot coexist with the DoD. All six were rewritten to demand a *failure* — a strengthening, not a weakening — and each gained positive assertions that legal indices still work. Listed by name with before/after in REPORT.md.
2. **I found and fixed a vacuous assertion in my own first draft**: `eval` returns the last statement's value, and `say`/`set` both yield `nothing`, so 7 assertions compared `Nothing` to `Nothing`. The helper now rejects any source not ending in a bare expression.

The DoD's "index -1 → Runtime error" is satisfied differently than a literal reading: `-1` on a non-empty list stays the last element per `SPEC.md:319` and two existing tests (hard rule 8 forbids changing that here); `-1` on an empty list and every index past the start are errors. Reasoning is in REPORT.md under Invariants touched.

Six further defects found and **not** fixed, anchored in `phases/phase-008/FINDINGS.md` — notably **F1 (blocker): `{interp}` string interpolation is unimplemented** despite being a listed AGENTS.md invariant, so `examples/hello.rb:10` prints `Hello, {name}!`; and F3: ~15 stdlib builtins are registered with no `call_builtin` arm and raise `Unknown function`.
