[0m
> build · space-bunny-free
[0m
I'll start by reproducing the finding.
[0m$ [0mls && ls src/ && ls phases/ 2>/dev/null | head -40
AGENTS.md
CODE_OF_CONDUCT.md
CONTRIBUTING.md
Cargo.lock
Cargo.toml
HANDOUT.md
LICENSE
PHILOSOPHY.md
README.md
ROADMAP.md
SPEC.md
docs
err.txt
errors.txt
examples
export.sh
modules
phases
src
target
test.redblue
tests
tooling
analyzer.rs
error.rs
formatter.rs
lexer.rs
lib.rs
linter.rs
lsp.rs
main.rs
parser.rs
repl
stdlib.rs
testing
value.rs
vm.rs
phase-002
phase-003
phase-004
phase-006
phase-007
phase-008
phase-009
phase-010
phase-011
phase-012
phase-013
phase-014
phase-015
phase-017
[0m
[0m$ [0mcargo run --quiet --bin rb -- compile examples/hello.rb 2>&1 | head -20; echo "---EXIT: $?"
Redblue v0.1.0 - A programming language as readable as plain English

Usage:
  rb              Start interactive REPL
  rb <file>      Run a Redblue file
  rb run <file>  Run a Redblue file
  rb test        Run all tests
  rb test <file> Run specific test file
  rb format <file>  Format a Redblue file
  rb format --check <file>  Check if file needs formatting
  rb lint <file>  Lint a Redblue file
  rb diagnostics <file>  Report errors as JSON for editors
  rb grammar  Print the TextMate grammar for .rb files
  rb keywords  Print the keyword list
  rb help        Show this help
  rb version     Show version

Example:
  rb examples/hello.rb
  rb format examples/hello.rb
---EXIT: 0
[0m
[0m$ [0mwc -l src/*.rs src/*/*.rs tests/*.rs 2>/dev/null; echo "=== lib.rs ==="; cat src/lib.rs
334 src/analyzer.rs
   146 src/error.rs
   713 src/formatter.rs
   493 src/lexer.rs
   252 src/lib.rs
   306 src/linter.rs
   290 src/lsp.rs
     3 src/main.rs
  1609 src/parser.rs
   289 src/stdlib.rs
   198 src/value.rs
  1937 src/vm.rs
    86 src/repl/commands.rs
   153 src/repl/completer.rs
    94 src/repl/history.rs
   397 src/repl/mod.rs
   259 src/testing/assertions.rs
   263 src/testing/harness.rs
   147 src/testing/mod.rs
   255 src/testing/reporter.rs
   315 src/testing/runner.rs
   306 tests/call_depth_test.rs
   703 tests/closure_capture_test.rs
   397 tests/discovery_test.rs
   379 tests/expect_test.rs
   978 tests/formatter_test.rs
   295 tests/index_bounds_test.rs
   346 tests/lexer_robustness_test.rs
   535 tests/loop_bounds_test.rs
   523 tests/numeric_edge_test.rs
   441 tests/object_model_test.rs
   407 tests/parser_hardening_test.rs
   532 tests/record_order_test.rs
   243 tests/redblue_suite_test.rs
    56 tests/redblue_test.rs
   297 tests/span_test.rs
   989 tests/stdlib_modules_test.rs
   632 tests/tooling_grammar_test.rs
 16598 total
=== lib.rs ===
mod analyzer;
mod error;
pub mod formatter;
pub mod lexer;
pub mod linter;
pub mod lsp;
pub mod parser;
pub mod repl;
pub mod stdlib;
pub mod testing;
mod value;
mod vm;

use std::env;
use std::fs;
use std::process;

use crate::lexer::Lexer;
use testing::reporter::Reporter;

pub use error::{Error, Span};
pub use lsp::{
    diagnostics, diagnostics_json, diagnostics_to_json, textmate_grammar, Diagnostic, Severity,
    GRAMMAR_PATH, LANGUAGE_CONFIG_PATH,
};
// `FunctionValue` is re-exported because it is the payload of the public
// `Value::Function` variant: a caller that matches that variant has to be able
// to name the type it binds.
pub use value::{FunctionValue, Value};
pub use vm::{
    resolve_max_iterations, resolve_max_iterations_from, resolve_max_steps, resolve_max_steps_from,
    run_isolated, Vm, MAX_CALL_DEPTH, MAX_CALL_DEPTH_ENV, MAX_ITERATIONS, MAX_ITERATIONS_ENV,
    MAX_STEPS, MAX_STEPS_ENV, NETWORK_CONNECT_TIMEOUT_SECS, NETWORK_TIMEOUT_SECS,
};

pub fn run_file(path: &str) -> Result<(), Error> {
    let source = fs::read_to_string(path).map_err(|e| Error::Io(e.to_string()))?;

    run_source(&source)
}

/// Runs `path` and, when it fails, renders the source line and caret for the
/// failure next to the message.
fn run_file_with_diagnostic(path: &str) -> std::result::Result<(), String> {
    let source = match fs::read_to_string(path) {
        Ok(source) => source,
        Err(e) => return Err(Error::Io(e.to_string()).to_string()),
    };

    run_source(&source).map_err(|e| e.render(&source, Some(path)))
}

fn report(rendered: &str) -> ! {
    eprintln!("Error: {}", rendered);
    process::exit(1);
}

pub fn run_source(source: &str) -> Result<(), Error> {
    let tokens = Lexer::tokenize(source)?;
    let ast = parser::parse(tokens)?;
    analyzer::analyze(&ast)?;

    let (_vm, result) = vm::run_isolated(&ast);
    result.map(|_| ())
}

pub fn run_repl() {
    let mut repl = repl::Repl::new();
    repl.run();
}

pub fn run_test(path: Option<&str>) -> Result<(), Error> {
    let mut harness = testing::TestHarness::new();

    match path {
        Some(p) => {
            harness.run_file(p)?;
            // Report the failures and exit non-zero. Without this a failing
            // `expect` printed only a dot/F and still exited 0.
            testing::PrettyReporter::new().report(&harness.results());
        }
        None => {
            let results = testing::run_all_tests()?;
            println!("Tests run: {}", results.total);
            println!("Passed: {}", results.passed);
            println!("Failed: {}", results.failed);
            if results.failed > 0 {
                process::exit(1);
            }
        }
    }

    Ok(())
}

pub fn run_cli() {
    let args: Vec<String> = env::args().collect();

    match args.len() {
        1 => run_repl(),
        2 => {
            let cmd = &args[1];
            match cmd.as_str() {
                "help" | "--help" | "-h" => print_help(),
                "version" | "--version" | "-v" => print_version(),
                "test" => {
                    if let Err(e) = run_test(None) {
                        eprintln!("Error: {}", e);
                        process::exit(1);
                    }
                }
                "grammar" => print!("{}", textmate_grammar()),
                "keywords" => {
                    for keyword in Lexer::keywords() {
                        println!("{}", keyword);
                    }
                }
                _ => {
                    if let Err(rendered) = run_file_with_diagnostic(cmd) {
                        report(&rendered);
                    }
                }
            }
        }
        3 => {
            let cmd = &args[1];
            let path = &args[2];
            match cmd.as_str() {
                "test" => {
                    if let Err(e) = run_test(Some(path)) {
                        eprintln!("Error: {}", e);
                        process::exit(1);
                    }
                }
                "run" => {
                    if let Err(rendered) = run_file_with_diagnostic(path) {
                        report(&rendered);
                    }
                }
                "format" => match fs::read_to_string(path) {
                    Ok(source) => match formatter::format(&source) {
                        Ok(formatted) => print!("{}", formatted),
                        Err(e) => {
                            eprintln!("Format error: {}", e);
                            process::exit(1);
                        }
                    },
                    Err(e) => {
                        eprintln!("Error reading file: {}", e);
                        process::exit(1);
                    }
                },
                "lint" => match fs::read_to_string(path) {
                    Ok(source) => {
                        let (errors, warnings) = linter::lint(&source);
                        for warning in &warnings {
                            eprintln!("Warning: {}", warning.message);
                        }
                        for error in &errors {
                            eprintln!("Error: {}", error.message);
                        }
                        if !errors.is_empty() {
                            process::exit(1);
                        }
                    }
                    Err(e) => {
                        eprintln!("Error reading file: {}", e);
                        process::exit(1);
                    }
                },
                "diagnostics" => match fs::read_to_string(path) {
                    Ok(source) => {
                        let found = diagnostics(&source);
                        // Rendered from the findings just computed: re-running
                        // the frontend to format them would lex, parse and
                        // analyze the file a second time.
                        println!("{}", diagnostics_to_json(&found));
                        // Exit non-zero when anything is an error, the way
                        // `rb lint` does, so this is usable as a CI check.
                        if found.iter().any(|d| d.severity == Severity::Error) {
                            process::exit(1);
                        }
                    }
                    Err(e) => {
                        eprintln!("Error reading file: {}", e);
                        process::exit(1);
                    }
                },
                _ => {
                    print_help();
                    process::exit(1);
                }
            }
        }
        4 => {
            let cmd = &args[1];
            if cmd == "format" && args[2] == "--check" {
                let path = &args[3];
                match fs::read_to_string(path) {
                    Ok(source) => match formatter::format(&source) {
                        Ok(formatted) => {
                            if formatter::needs_reformat(&source, &formatted) {
                                println!("File would be reformatted");
                                process::exit(1);
                            }
                        }
                        Err(e) => {
                            eprintln!("Format error: {}", e);
                            process::exit(1);
                        }
                    },
                    Err(e) => {
                        eprintln!("Error reading file: {}", e);
                        process::exit(1);
                    }
                }
            } else {
                print_help();
                process::exit(1);
            }
        }
        _ => print_help(),
    }
}

fn print_help() {
    println!("Redblue v0.1.0 - A programming language as readable as plain English");
    println!();
    println!("Usage:");
    println!("  rb              Start interactive REPL");
    println!("  rb <file>      Run a Redblue file");
    println!("  rb run <file>  Run a Redblue file");
    println!("  rb test        Run all tests");
    println!("  rb test <file> Run specific test file");
    println!("  rb format <file>  Format a Redblue file");
    println!("  rb format --check <file>  Check if file needs formatting");
    println!("  rb lint <file>  Lint a Redblue file");
    println!("  rb diagnostics <file>  Report errors as JSON for editors");
    println!("  rb grammar  Print the TextMate grammar for .rb files");
    println!("  rb keywords  Print the keyword list");
    println!("  rb help        Show this help");
    println!("  rb version     Show version");
    println!();
    println!("Example:");
    println!("  rb examples/hello.rb");
    println!("  rb format examples/hello.rb");
    println!("  rb lint examples/hello.rb");
}

fn print_version() {
    println!("Redblue v0.1.0");
}
[0m
[0m$ [0mls tests/ examples/ modules/ docs/; echo "=== Cargo.toml ==="; cat Cargo.toml
docs/:
GRAMMAR.md

examples/:
files.rb
fizzbuzz.rb
formats.rb
hello.rb
test_arithmetic.rb
time.rb

modules/:
MathUtils.rb
SuiteKit.rb

tests/:
call_depth_test.rs
closure_capture_test.rs
discovery_test.rs
expect_test.rs
formatter_test.rs
index_bounds_test.rs
integration_test.rb
lexer_robustness_test.rs
loop_bounds_test.rs
numeric_edge_test.rs
object_model_test.rs
parser_hardening_test.rs
record_order_test.rs
redblue_suite_test.rs
redblue_test.rs
span_test.rs
stdlib_modules_test.rs
suite.rb
test_arithmetic.rb
test_closures.rb
test_control_flow.rb
test_functions.rb
test_lists.rb
test_modules.rb
test_numeric_edges.rb
test_object_model.rb
test_objects.rb
test_records.rb
test_text.rb
tooling_grammar_test.rs
=== Cargo.toml ===
[package]
name = "redblue"
version = "0.1.0"
edition = "2021"
authors = ["Redblue Contributors"]
description = "A programming language as readable as plain English"
license = "MIT"
repository = "https://github.com/redblue-lang/redblue"
keywords = ["programming-language", "compiler"]
categories = ["compiler", "development-tools"]

[[bin]]
name = "rb"
path = "src/main.rs"

[lib]
name = "redblue"
path = "src/lib.rs"

[dependencies]
regex = "1.10"
chrono = "0.4"
reqwest = { version = "0.11", features = ["blocking"] }
indexmap = "2"

[dev-dependencies]
regex = "1.10"
serde_json = "1.0"

[profile.release]
opt-level = 3
lto = true
[0m
Finding reproduced: `rb compile` doesn't exist — no bytecode. Let me look at the core structure.
[0m$ [0mcat src/value.rs; echo "=== error.rs ==="; cat src/error.rs
use std::fmt;
use std::sync::Arc;

use indexmap::IndexMap;

use crate::error::{Error, Result, Span};
use crate::parser::Stmt;

/// Field storage for records and objects.
///
/// `IndexMap` is used rather than `HashMap` so that field order is the order
/// the fields were inserted in. A `HashMap` iterates in an arbitrary, per-map
/// random order, which made `say` and `json.stringify` emit the same record
/// differently on every run.
pub type Fields = IndexMap<String, Value>;

/// One lexical scope's bindings, captured when a function value was declared.
///
/// `IndexMap` for the same reason [`Fields`] uses it: a captured scope's field
/// order must not vary between runs, so two closures that closed over equal
/// bindings always compare equal.
pub type CapturedScope = IndexMap<String, Value>;

/// The local scopes a function value closed over, outermost first.
///
/// A declaration is executed with every enclosing local scope live, and that
/// stack is what the declaration captures. Globals are deliberately absent:
/// they live in the interpreter, not on the stack, and a function that reads
/// one at call time must see the value the program has by then rather than the
/// value it had where the function was written.
pub type Captured = Vec<CapturedScope>;

/// A function value: a body, its parameters, and the bindings the declaration
/// closed over.
///
/// Before this existed, `Value::Function` held a name and a parameter list and
/// the body lived in a single flat map keyed by that name, so a nested
/// declaration lost its enclosing bindings and two nested declarations of the
/// same name overwrote each other.
#[derive(Debug, Clone)]
pub struct FunctionValue {
    /// The name in the declaration. Used for display and error messages.
    pub name: String,
    /// The declared parameter names, in order.
    pub params: Vec<String>,
    /// The declared body.
    ///
    /// Behind an `Arc` because reading any variable clones the value bound to
    /// it, and a recursive call reads the name it was reached through. Cloning
    /// a function value must therefore not copy the body.
    pub body: Arc<Vec<Stmt>>,
    /// The local scopes live where the declaration was executed.
    pub captured: Arc<Captured>,
}

/// Two function values are the same function when they were declared with the
/// same name and parameters and closed over equal bindings.
///
/// The body is not compared: `Stmt` has no equality, and every function value
/// built by one declaration shares that body anyway. Under capture-by-value two
/// closures from the same declaration over equal environments are the same
/// function value, which is what comparing them answers.
impl PartialEq for FunctionValue {
    fn eq(&self, other: &Self) -> bool {
        self.name == other.name && self.params == other.params && self.captured == other.captured
    }
}

/// `2^53`, the largest magnitude at which every whole number is still held
/// exactly by an `f64`.
///
/// A Redblue `number` is an `f64`, so a wider integer is rounded on the way
/// in: `9007199254740993` reads as `9007199254740992`. Printing such a value
/// through the `i64` path would state a whole number the program never held, so
/// the display of a whole number outside this range uses the full `f64` form
/// instead.
pub const MAX_EXACT_INT: f64 = 9_007_199_254_740_992.0;

/// The words `say` prints for the three numbers that are not finite.
///
/// No Redblue program can produce one — `Value::number` rejects them — but
/// `Value::Number` is a public variant, so a Rust caller can build
/// `Value::Number(f64::NAN)` and the display still has to be defined.
pub fn non_finite_display(n: f64) -> Option<&'static str> {
    if n.is_finite() {
        None
    } else if n.is_nan() {
        Some("not a number")
    } else if n > 0.0 {
        Some("infinity")
    } else {
        Some("negative infinity")
    }
}

/// The short name of a number that is not finite, for error messages.
///
/// Only meaningful where `non_finite_display` would return `Some`: a finite
/// number has no such name and gives the empty string.
pub fn non_finite_name(n: f64) -> &'static str {
    if n.is_finite() {
        ""
    } else if n.is_nan() {
        "NaN"
    } else if n > 0.0 {
        "infinity"
    } else {
        "-infinity"
    }
}

/// The same policy as [`Value::number`], for a number that stays a number.
///
/// A loop counter is an `f64` and not a `Value`, but it is computed, so it is
/// held to the same rule: a step that overflows the counter fails rather than
/// leaving an infinity in it.
pub fn finite_number(n: f64, span: Span) -> Result<f64> {
    if n.is_finite() {
        Ok(n)
    } else {
        Err(Error::Runtime(
            format!("{} is not a finite number", non_finite_name(n)),
            span,
        ))
    }
}

#[derive(Debug, Clone, PartialEq)]
pub enum Value {
    Nothing,
    Number(f64),
    Text(String),
    YesNo(bool),
    List(Vec<Value>),
    Record(Fields),
    Object(String, Fields),
    Function(FunctionValue),
    Builtin(String),
}

impl fmt::Display for Value {
    fn fmt(&self, f: &mut fmt::Formatter<'_>) -> fmt::Result {
        match self {
            Value::Nothing => write!(f, "nothing"),
            Value::Number(n) => {
                if let Some(text) = non_finite_display(*n) {
                    write!(f, "{}", text)
                } else if n.fract() == 0.0 && n.abs() <= MAX_EXACT_INT {
                    write!(f, "{}", *n as i64)
                } else {
                    write!(f, "{}", n)
                }
            }
            Value::Text(s) => write!(f, "{}", s),
            Value::YesNo(b) => write!(f, "{}", if *b { "yes" } else { "no" }),
            Value::List(items) => {
                let items: Vec<String> = items.iter().map(|v| v.to_string()).collect();
                write!(f, "[{}]", items.join(", "))
            }
            Value::Record(fields) => {
                let fields: Vec<String> = fields
                    .iter()
                    .map(|(k, v)| format!("{}: {}", k, v))
                    .collect();
                write!(f, "{{{}}}", fields.join(", "))
            }
            Value::Function(function) => write!(f, "<function {}>", function.name),
            Value::Builtin(name) => write!(f, "<builtin {}>", name),
            Value::Object(_, _) => write!(f, "<object>"),
        }
    }
}

impl Value {
    /// Wraps `n` as a `Value::Number`, refusing the values that are not finite.
    ///
    /// This is the one door every computed number goes through, so `NaN`,
    /// `infinity` and `-infinity` cannot enter `Value::Number` silently:
    /// `5 % 0` and `1e308 * 1e308` are `Runtime` errors rather than values
    /// that print as `not a number` and compare false against everything.
    pub fn number(n: f64, span: Span) -> Result<Value> {
        finite_number(n, span).map(Value::Number)
    }

    pub fn is_truthy(&self) -> bool {
        match self {
            Value::Nothing => false,
            Value::YesNo(b) => *b,
            Value::Number(n) => *n != 0.0,
            Value::Text(s) => !s.is_empty(),
            Value::List(items) => !items.is_empty(),
            Value::Record(_) => true,
            Value::Object(_, _) => true,
            Value::Function(_) => true,
            Value::Builtin(_) => true,
        }
    }
}
=== error.rs ===
use std::fmt;

/// A source position: a 1-based line and a 1-based **character** column.
///
/// Columns count characters, not bytes, so a line that starts with an emoji
/// reports the column the caret is drawn at.
#[derive(Debug, Clone, Copy, PartialEq, Eq)]
pub struct Span {
    pub line: usize,
    pub column: usize,
}

impl Span {
    pub fn new(line: usize, column: usize) -> Self {
        Self { line, column }
    }

    /// A position that is not attached to any source text. Only for failures
    /// that happen before a token exists, such as a module file that cannot be
    /// read.
    pub fn unknown() -> Self {
        Self { line: 0, column: 0 }
    }

    pub fn is_known(&self) -> bool {
        self.line > 0
    }
}

impl fmt::Display for Span {
    fn fmt(&self, f: &mut fmt::Formatter<'_>) -> fmt::Result {
        write!(f, "{}:{}", self.line, self.column)
    }
}

#[derive(Debug, Clone)]
pub enum Error {
    Lexer(String, Span),
    Parser(String, Span),
    Analyzer(String, Span),
    Runtime(String, Span),
    Io(String),
}

impl Error {
    /// The source position of this failure, or `None` for failures that have
    /// no position at all (`Io`) and for failures reported as `unknown`.
    pub fn span(&self) -> Option<&Span> {
        let span = match self {
            Error::Lexer(_, span)
            | Error::Parser(_, span)
            | Error::Analyzer(_, span)
            | Error::Runtime(_, span) => span,
            Error::Io(_) => return None,
        };

        if span.is_known() {
            Some(span)
        } else {
            None
        }
    }

    fn label(&self) -> &'static str {
        match self {
            Error::Lexer(_, _) => "LexerError",
            Error::Parser(_, _) => "ParserError",
            Error::Analyzer(_, _) => "AnalyzerError",
            Error::Runtime(_, _) => "RuntimeError",
            Error::Io(_) => "IoError",
        }
    }

    /// The failure message on its own, with no position.
    ///
    /// Editor tooling carries the position in its own field, so it wants the
    /// message alone rather than the multi-line [`fmt::Display`] form, which
    /// repeats the location on a second line.
    pub fn message(&self) -> &str {
        match self {
            Error::Lexer(msg, _)
            | Error::Parser(msg, _)
            | Error::Analyzer(msg, _)
            | Error::Runtime(msg, _)
            | Error::Io(msg) => msg,
        }
    }

    fn location(&self, file: Option<&str>) -> Option<String> {
        let span = self.span()?;
        Some(match file {
            Some(name) => format!("{}:{}", name, span),
            None => span.to_string(),
        })
    }

    /// Renders the message, the source position, the offending source line and
    /// a caret under the column. Falls back to the message alone when the
    /// line is not present in `source`.
    pub fn render(&self, source: &str, file: Option<&str>) -> String {
        let mut out = format!("{}: {}", self.label(), self.message());

        let location = match self.location(file) {
            Some(location) => location,
            None => return out,
        };

        let span = self.span().expect("location implies a known span");
        let line_number = span.line.to_string();
        let gutter = " ".repeat(line_number.len());

        out.push_str(&format!("\n  --> {}", location));

        let line_text = match source.lines().nth(span.line - 1) {
            Some(text) => text,
            None => return out,
        };

        out.push('\n');
        out.push_str(&format!("{} | {}", line_number, line_text));
        out.push('\n');
        out.push_str(&format!(
            "{} | {}^",
            gutter,
            " ".repeat(span.column.saturating_sub(1))
        ));

        out
    }
}

impl fmt::Display for Error {
    fn fmt(&self, f: &mut fmt::Formatter<'_>) -> fmt::Result {
        write!(f, "{}: {}", self.label(), self.message())?;

        if let Some(location) = self.location(None) {
            write!(f, "\n  --> {}", location)?;
        }

        Ok(())
    }
}

impl std::error::Error for Error {}

pub type Result<T> = std::result::Result<T, Error>;
[0m
[0m$ [0msed -n '1,200p' src/parser.rs
use crate::error::{Error, Result, Span};
use crate::lexer::{Token, TokenKind};

#[derive(Debug, Clone)]
pub enum Expr {
    // Literals
    Number(f64),
    Text(String),
    YesNo(bool),
    Nothing,

    // Variables
    Variable(String),

    // Binary operations
    Binary {
        op: BinaryOp,
        left: Box<Expr>,
        right: Box<Expr>,
    },

    // Unary operations
    Unary {
        op: UnaryOp,
        expr: Box<Expr>,
    },

    // Function call
    Call {
        name: String,
        args: Vec<Expr>,
    },

    // Property access
    Property {
        object: Box<Expr>,
        property: String,
    },

    // receiver.method(args) — a call on a value, as opposed to the bare
    // `name(args)` of [`Expr::Call`]. The runtime reads it as an object method
    // and, for a receiver that names no object, as a module function.
    MethodCall {
        receiver: Box<Expr>,
        method: String,
        args: Vec<Expr>,
    },

    // Index access
    Index {
        object: Box<Expr>,
        index: Box<Expr>,
    },

    // String interpolation
    InterpolatedText(Vec<Expr>),

    // List literal
    List(Vec<Expr>),

    // Record literal
    Record(Vec<(String, Expr)>),

    // expect expression to be expected_value
    Expect {
        actual: Box<Expr>,
        expected: Box<Expr>,
    },
}

#[derive(Debug, Clone)]
pub enum BinaryOp {
    Add,
    Sub,
    Mul,
    Div,
    Mod,
    Equal,
    NotEqual,
    Less,
    LessEqual,
    Greater,
    GreaterEqual,
    And,
    Or,
    In,
}

#[derive(Debug, Clone)]
pub enum UnaryOp {
    Neg,
    Not,
}

#[derive(Debug, Clone)]
pub enum Statement {
    // say "Hello"
    Say(Expr),

    // Expression statement (for side effects)
    Expr(Expr),

    // print "Hello"
    Print(Expr),

    // set x to 10
    Set {
        name: String,
        value: Expr,
    },

    // set x.y to 10
    SetProperty {
        object: String,
        property: String,
        value: Expr,
    },

    // if condition then ... end
    If {
        condition: Expr,
        then_branch: Vec<Stmt>,
        else_branch: Vec<Stmt>,
    },

    // for each x in list ... end
    ForEach {
        variable: String,
        iterable: Expr,
        body: Vec<Stmt>,
    },

    // for each i from 1 to 10 ... end
    ForRange {
        variable: String,
        start: Expr,
        end: Expr,
        step: Option<Expr>,
        body: Vec<Stmt>,
    },

    // repeat 10 times ... end
    Repeat {
        count: Expr,
        body: Vec<Stmt>,
    },

    // while condition ... end
    While {
        condition: Expr,
        body: Vec<Stmt>,
    },

    // break
    Break,

    // skip
    Skip,

    // return value
    Return(Option<Expr>),

    // give back value
    GiveBack(Option<Expr>),

    // to function(args) ... end
    Function {
        name: String,
        params: Vec<String>,
        body: Vec<Stmt>,
    },

    // to can method(args) ... end
    Method {
        name: String,
        params: Vec<String>,
        body: Vec<Stmt>,
    },

    // has name [default <expr>] — a field declaration, only inside an object
    Has {
        name: String,
        default: Option<Expr>,
    },

    // object Name ... end
    Object {
        name: String,
        extends: Option<String>,
        body: Vec<Stmt>,
    },

    // try ... catch ... end
    Try {
        body: Vec<Stmt>,
        catch_var: Option<String>,
        catch_body: Vec<Stmt>,
        finally_body: Vec<Stmt>,
    },
[0m
[0m$ [0msed -n '200,320p' src/parser.rs
// import module
    Import(Vec<ImportItem>),

    // test "name" ... end
    Test {
        name: String,
        body: Vec<Stmt>,
    },
}

#[derive(Debug, Clone)]
pub struct ImportItem {
    pub name: String,
    pub alias: Option<String>,
}

/// A statement together with the source position it was parsed from.
#[derive(Debug, Clone)]
pub struct Stmt {
    pub span: Span,
    pub statement: Statement,
}

#[derive(Debug, Clone)]
pub struct Program {
    pub statements: Vec<Stmt>,
}

/// The deepest an expression may nest before the parser gives up with a
/// spanned [`Error::Parser`].
///
/// Every nested bracket, prefix operator, call argument and left-associative
/// binary chain makes the expression tree one level deeper. Parsing recurses
/// per level and dropping the finished tree recurses per level, so an
/// unbounded depth turns a long line of source into "has overflowed its stack"
/// and a core dump instead of a diagnostic.
///
/// The value is deliberately small. libstd gives a spawned thread a 2 MiB
/// stack, and a debug build spends roughly 16 KiB of stack per level of nested
/// brackets (eleven frames of `parse_primary` .. `parse_postfix`). Measured on
/// this repository, 123 levels is where a 2 MiB test thread dies; 64 leaves
/// nearly a 2x margin while staying far above anything hand-written.
pub const MAX_NESTING_DEPTH: usize = 64;

/// The deepest `if` / `for` / `to` / `object` / `try` / `test` blocks may nest
/// before the parser gives up with a spanned [`Error::Parser`].
///
/// A block body is parsed by a recursive call back into `parse_statement`, so
/// each nested block is a level of parser recursion, and the analyzer and VM
/// then walk the same tree. The same 64-level budget as
/// [`MAX_NESTING_DEPTH`] is used, because the same 2 MiB stack has to hold it.
pub const MAX_BLOCK_DEPTH: usize = 64;

pub struct Parser {
    tokens: Vec<Token>,
    pos: usize,
    depth: usize,
    block_depth: usize,
}

impl Parser {
    pub fn new(tokens: Vec<Token>) -> Self {
        Self {
            tokens,
            pos: 0,
            depth: 0,
            block_depth: 0,
        }
    }

    fn current(&self) -> Option<&Token> {
        self.tokens.get(self.pos)
    }

    /// The position of the token about to be read. Falls back to the last
    /// token when the input has run out, and to [`Span::unknown`] only when
    /// there is no token at all (an empty file).
    fn span(&self) -> Span {
        match self.current().or_else(|| self.tokens.last()) {
            Some(token) => token.span(),
            None => Span::unknown(),
        }
    }

    fn advance(&mut self) -> Option<Token> {
        if self.pos < self.tokens.len() {
            self.pos += 1;
            Some(self.tokens[self.pos - 1].clone())
        } else {
            None
        }
    }

    fn expect(&mut self, kind: &TokenKind) -> Result<Token> {
        let token = self
            .advance()
            .ok_or_else(|| Error::Parser("Unexpected end of input".to_string(), self.span()))?;

        if &token.kind != kind {
            return Err(Error::Parser(
                format!("Expected {:?} but got {:?}", kind, token.kind),
                token.span(),
            ));
        }

        Ok(token)
    }

    /// Accounts for one more level of expression nesting.
    ///
    /// Returns a spanned [`Error::Parser`] once the nesting passes
    /// [`MAX_NESTING_DEPTH`], so a pathological source line is a diagnostic
    /// instead of a stack overflow.
    fn enter_nesting(&mut self) -> Result<()> {
        self.depth += 1;
        if self.depth > MAX_NESTING_DEPTH {
            return Err(Error::Parser(
                format!("Expression nests more than {MAX_NESTING_DEPTH} levels deep"),
                self.span(),
            ));
[0m
[0m$ [0mls phases/; cat phases/INVARIANTS.md 2>/dev/null | head -40; echo "=== verify.sh exists? ==="; ls rbops 2>/dev/null || echo "no rbops dir"
phase-002
phase-003
phase-004
phase-006
phase-007
phase-008
phase-009
phase-010
phase-011
phase-012
phase-013
phase-014
phase-015
phase-017
=== verify.sh exists? ===
no rbops dir
[0m
[0m$ [0mls phases/phase-017/; echo ====; cat phases/phase-017/REPORT.md
FINDINGS.md
REPORT.md
====
# Phase 017 — Language server / editor support scaffolding

## Finding reproduced

```
$ ls tooling/vscode/syntaxes/redblue.tmLanguage.json tooling/vscode/package.json
ls: cannot access 'tooling/vscode/syntaxes/redblue.tmLanguage.json': No such file or directory
ls: cannot access 'tooling/vscode/package.json': No such file or directory

$ grep -c "grammar\|diagnostics" src/lib.rs
0
```

`tooling/vscode/README.md` described an extension (`src/extension.ts`,
`syntax/redblue.tmLanguage.json`, `npm run package`) that does not exist, and
nothing in `src/` produced a grammar or surfaced an error to an editor.

## Red test, before any production change

`tests/tooling_grammar_test.rs` was written first. It failed to compile for the
right reason — the tooling surface did not exist:

```
error[E0432]: unresolved import `redblue::lsp`
error[E0599]: no function or associated item named `keywords` found for struct `Lexer`
error[E0433]: failed to resolve: use of unresolved module or unlinked crate `serde_json`
```

After the change the same file passes, and it fails for the right reason if the
shipped grammar drifts (checked by appending one byte to it):

```
test shipped_grammar_file_matches_the_generator ... FAILED
  tooling/vscode/syntaxes/redblue.tmLanguage.json is stale; regenerate it with `rb grammar > ...`
test shipped_grammar_file_is_valid_json_with_a_redblue_scope ... FAILED
```

## What changed

| File | Lines | What |
|---|---|---|
| `src/lsp.rs` (new) | +261 | `Diagnostic`/`Severity`, `diagnostics()`, `diagnostics_json()`, `diagnostics_to_json()`, `escape_json()`, `keyword_pattern()`, `textmate_grammar()`, `GRAMMAR_PATH` |
| `src/lexer.rs` | +138 −110 | `KEYWORDS` table becomes the single source of truth; `Lexer::keyword()` matches through it; `Lexer::keywords()` publishes the word list |
| `src/lib.rs` | +32 | `pub mod lsp`, re-exports, `rb grammar`, `rb keywords`, `rb diagnostics <file>` |
| `src/error.rs` | +7 −1 | `Error::message()` made public — a diagnostic carries the message and the position separately |
| `tooling/vscode/syntaxes/redblue.tmLanguage.json` (new) | +16 | generated TextMate grammar, checked in, `source.redblue` |
| `tooling/vscode/package.json` (new) | +35 | language + grammar contribution, no JS entry point, no build step |
| `tooling/vscode/language-configuration.json` (new) | +21 | `//` comments, brackets, auto-closing quotes |
| `tooling/vscode/README.md` | +36 −90 | describes what exists and what does not |
| `tests/tooling_grammar_test.rs` (new) | +371 | 13 tests |
| `Cargo.toml` | +1 | `serde_json` as a **dev-dependency** for JSON assertions in tests |

`Cargo.lock` is gitignored and needed no change: `serde_json 1.0.151` is
already in the tree as a `reqwest` dependency.

**Grammar covers the keyword set** by construction: `KEYWORDS`
(`src/lexer.rs:7`) holds the words the lexer matches through *and* the ones the
grammar highlights, so a new keyword cannot be added to one and missed in the
other. `cargo test` fails if the checked-in JSON differs from the generator.

**Diagnostics surface phase-005 spanned errors** through `Error::span()`
(`src/error.rs:48`): the lexer, parser and analyzer error position is copied
into the `Diagnostic`, and linter findings are appended when the program
parses. Positions are 1-based **character** columns, the same convention
`Error::render` draws its caret with, so an editor caret lines up on a line
containing emoji or accented text.

`rb diagnostics` runs the frontend **once**: `diagnostics()` lexes and parses
the file, and the AST that clears the analyzer is the one the linter reads
(`linter::lint_program`), so nothing re-lexes or re-parses it. The command
renders the slice it was handed with `diagnostics_to_json()` rather than
re-running the frontend to format a result it already holds.
`diagnostics_json(source)` keeps the one-shot convenience form by delegating to
the two.

## Tests added

All in `tests/tooling_grammar_test.rs`. 13 tests, 4 of them `edge_*`.

| Test | Edge class covered |
|---|---|
| `grammar_covers_the_lexer_keyword_set` | both directions: no keyword missing from the grammar, no stale word in it |
| `every_listed_keyword_lexes_as_a_keyword_not_an_identifier` | malformed input / drift: a listed word that lexes as an identifier |
| `shipped_grammar_file_matches_the_generator` | resource: the shipped artefact exists and is current |
| `shipped_grammar_file_is_valid_json_with_a_redblue_scope` | malformed input: the grammar is valid JSON declaring `source.redblue` |
| `diagnostics_surface_a_spanned_lexer_error` | **failure asserted**: unterminated string → 1 Error diagnostic at 1:5 |
| `diagnostics_surface_a_spanned_parser_error` | **failure asserted**: `say x +` → parser diagnostic at 2:8 |
| `diagnostics_surface_a_spanned_analyzer_error` | **failure asserted**: undefined name → analyzer diagnostic at 2:1, naming the identifier |
| `diagnostics_report_linter_findings_as_warnings` | **failure asserted**: unused variable → exactly one `Severity::Warning` (asserted `!= Error`, so `rb diagnostics` still exits 0) at `1:1`, the fold of the linter's `0:0`; the JSON entry is `"warning"` too |
| `diagnostics_json_is_a_well_formed_array_of_located_entries` | malformed input: the JSON array parses, severity `error`, position and message match |
| `edge_empty_source_produces_no_diagnostics` | **empty**: `diagnostics("")` is empty and `diagnostics_json("") == "[]"` |
| `edge_diagnostic_columns_count_characters_not_bytes` | **unicode**: emoji + `é` before the literal; column 10, and `assert_ne!(column, 14)` so a byte offset cannot pass |
| `edge_escape_json_escapes_quotes_backslashes_controls_and_unicode` | **unicode/escapes**: `"`, `\`, `\n`, `\t`, `\u{1}`, emoji all round-trip through `escape_json` |
| `edge_diagnostic_json_escapes_a_message_containing_quotes_and_newlines` | **escapes**: a message with quotes, newline and tab stays valid JSON and reads back unchanged |

### Round-2 tests (added by the review fix pass)

| Test | Edge class covered |
|---|---|
| `grammar_highlights_the_comment_marker_the_lexer_accepts` | **drift**: the comment rule matches `//`, not `#`; `//` lexes as nothing and `#` is rejected as an unexpected character |
| `grammar_orders_strings_before_comments_and_comments_before_operators` | malformed input / precedence: string rule before comment rule (a `//` inside a string stays text), comment rule before the operator rule (a trailing `//` is not a division) |
| `shipped_language_configuration_uses_the_lexers_comment_marker` | **resource**: the `Ctrl+/` marker ships as `//` and a line the editor comments out lexes as the line blanked out |
| `unused_variable_warnings_come_out_in_a_stable_name_order` | nondeterminism: 64 diagnostics runs over four unused variables all report `alpha, beta, mid, zeta` |
| `diagnostics_lint_the_ast_they_already_parsed` | state: linting the parsed AST yields exactly the diagnostics the editor sees |

### Mandatory edge-case matrix

| Row | Status |
|---|---|
| empty / zero / "nothing" | covered — `edge_empty_source_produces_no_diagnostics` |
| singleton and boundary | covered — the unterminated-string diagnostic is the only entry (`assert_eq!(entries.len(), 1)`); the `0:0` linter position folding to the first character `1:1` is pinned by `diagnostics_report_linter_findings_as_warnings`, which also asserts the finding is the *only* diagnostic for its program |
| out of bounds | **N/A** — no indexed access exists in the new code; a diagnostic's line/column is copied from a `Span`, never indexed into a buffer |
| type mismatch | **N/A** — `diagnostics()` takes `&str` and returns `Vec<Diagnostic>`; there is no runtime value to mismatch. The nearest analogue, an unplaceable finding, is covered above |
| numeric boundary | **N/A** — no arithmetic. Numeric *literals* in the grammar are a regex string, not numbers |
| unicode and escapes | covered — `edge_diagnostic_columns_count_characters_not_bytes`, `edge_escape_json_...`, `edge_diagnostic_json_escapes_...` |
| nesting and recursion | **N/A** — `textmate_grammar()` and `diagnostics_json()` iterate flat lists; `diagnostics()` recurses through the existing `Lexer → Parser → Analyzer` pipeline, which `tests/span_test.rs` and the VM call-depth tests already cover |
| duplicate and missing keys | **N/A** — no record keys are read or written. The closest keying is the grammar's JSON object keys, asserted by `shipped_grammar_file_is_valid_json_with_a_redblue_scope` |
| malformed input | covered — `diagnostics_surface_a_spanned_lexer_error`, `..._parser_error`, `..._analyzer_error`, `diagnostics_json_is_a_well_formed_array_of_located_entries`, `shipped_grammar_file_is_valid_json_...` |
| resource and state | **N/A** — read-only, allocation-bounded by input size; nothing is written, no file handle is opened, no loop runs unbounded. The one resource guarantee this phase depends on — the lexer refusing a malformed literal instead of looping — is pre-existing and pinned by `tests/lexer_robustness_test.rs` |

## Gates

Run in the project checkout, 2026-10-05 (round 2, after the review fixes).

| Gate | Result |
|---|---|
| `cargo fmt --all -- --check` | pass |
| `cargo clippy --all-targets -- -D warnings` | pass |
| `cargo test` | **341 passed, 0 failed** (18 in `tooling_grammar_test.rs`, 5 of them added in round 2) |
| `./rbops/verify.sh phase-017` | **NOT RUN** — `rbops/` is still not present in this checkout (`ls: cannot access 'rbops/verify.sh'`). Same as round 1; see FINDINGS.md §1. The dispatcher must run it |
| `examples/*.rb` (backwards compatibility) | 6/6 run clean under `rb` |

Round 2 re-ran the first three gates after fixing the review findings below;
`rbops/verify.sh` remains unavailable, so it is recorded as not run, not as
passed.

Zero new `#[ignore]`, `// skip` or `allow(clippy::` suppressions. Zero
pre-existing tests were modified, skipped or deleted.

## Invariants touched

- None. No grammar, type or file-extension change. `Value` variants, `Error`
  variants, `set … to`, `say`, `to … end` and the `.rb` extension are untouched.
- Additive only: `Lexer::keywords()`, `Error::message()`, the `lsp` module and
  three new `rb` subcommands.
- `src/lexer.rs`: `Lexer::keyword()` was a `match`; it now scans the
  `KEYWORDS` table. The word → token mapping is byte-for-byte the same table in
  the same order, and `every_listed_keyword_lexes_as_a_keyword_not_an_identifier` walks all 53 words through the real lexer to prove it.

## Known gaps / follow-ups

- `rb diagnostics` is a one-shot command, not a JSON-RPC language server →
  FINDINGS.md §5
- `src/linter.rs:46-49` reports lint findings at `0:0`; `lsp::known_position`
  folds that to `1:1` → FINDINGS.md §2
- `tooling/repl/README.md` documents a directory that does not exist; the REPL
  is at `src/repl/` → FINDINGS.md §3
- `Cargo.lock` is gitignored → FINDINGS.md §4
- Grammar covers keywords, constants, strings, numbers, comments, operators and
  call names. No bracket-pair or embedded-language folding, and the extension
  has no JS entry point, so no commands or debugger are contributed.

## Round 2 — review findings fixed

| # | Severity | Finding | Fix |
|---|---|---|---|
| 1 | **BLOCKER** | The shipped grammar and `language-configuration.json` treated `#` as a comment while the language only accepts `//` (`src/lexer.rs:366`, `docs/GRAMMAR.md:25`, `SPEC.md:116`) — the editor would dim `#` lines, `Ctrl+/` would write them, and `rb run` would reject them | The generator's comment rule is now `comment.line.double-slash.redblue` / `//.*$`, the shipped grammar carries it, and `lineComment` is `"//"`. `grammar_highlights_the_comment_marker_the_lexer_accepts` and `shipped_language_configuration_uses_the_lexers_comment_marker` pin the marker against the real lexer |
| 2 | **MAJOR** | Unused-variable warnings came out of a `HashSet`, so a file with two of them produced a different order per process, and that order went straight into the diagnostics JSON | `Linter::lint` collects the findings into a name-sorted vec (`src/linter.rs:43-58`); `unused_variable_warnings_come_out_in_a_stable_name_order` asserts 64 runs agree |
| 3 | MINOR | `diagnostics()` claimed to run the frontend once but called `linter::lint(source)`, which lexed and parsed the file again | `linter::lint_program(&Program)` added; `diagnostics()` lints the AST it already parsed. `diagnostics_lint_the_ast_they_already_parsed` pins that the two paths agree |
| 4 | MINOR | `Diagnostic::to_json` was documented as "the LSP `Diagnostic` shape" while emitting 1-based positions and severity names | Reworded, on `to_json` and on `Severity`, as the editor-facing shape `rb diagnostics` prints; the README already said no LSP is implemented |
| 5 | STYLE | The comment in `textmate_grammar()` said "text comes before comments" while the code pushed comments first | String rule now precedes the comment rule, and the comment explains both precedences (string before comment, comment before operator). `grammar_orders_strings_before_comments_and_comments_before_operators` pins the order |

Each fix was re-checked by reverting it and watching the new test fail.
[0m
[0m$ [0mfor f in examples/*.rb modules/*.rb; do echo "=== $f"; cat "$f"; done
=== examples/files.rb
// Files Module Example
// Demonstrates file reading, writing, and manipulation

// Write content to a file
files.write("output.txt", "Hello from Redblue!")

set content to files.read("output.txt")
say "File contents:"
say content

if files.exists("output.txt") then
    say "output.txt exists!"
end

set lines to files.lines("output.txt")
say "Number of lines:"
say length(lines)

files.append("output.txt", " - appended text")

set updated to files.read("output.txt")
say "Updated contents:"
say updated

files.copy("output.txt", "output_copy.txt")

if files.exists("output_copy.txt") then
    say "Copy created successfully!"
end

files.rename("output_copy.txt", "renamed.txt")

files.delete("output.txt")
files.delete("renamed.txt")

say "Done!"
=== examples/fizzbuzz.rb
// Classic FizzBuzz using repeat loop
set n to 1
repeat 15 times
    if n % 15 is 0 then
        say "FizzBuzz"
    else
        if n % 3 is 0 then
            say "Fizz"
        else
            if n % 5 is 0 then
                say "Buzz"
            else
                say n
            end
        end
    end
    set n to n + 1
end

// Using for each with a list
set numbers to [1, 2, 3, 4, 5]
for each num in numbers
    say num
end
=== examples/formats.rb
// Formats Module Example
// Demonstrates JSON parsing

set json_str to "{\"name\": \"Alice\", \"age\": 30, \"active\": true}"
set obj to json.parse(json_str)
say "Parsed JSON:"
say obj

set name to obj.name
say "Name:"
say name

set json_arr to "[1, 2, 3]"
set arr to json.parse(json_arr)
say "Array:"
say arr

set result to json.stringify(obj)
say "Stringified:"
say result

say "Demo complete!"
=== examples/hello.rb
// Classic Hello World
say "Hello, World!"

// With variable
set greeting to "Hello, World!"
say greeting

// With function
to greet(name)
    say "Hello, {name}!"
end

greet("World")
=== examples/test_arithmetic.rb
// Redblue Arithmetic Tests

set a to 10
set b to 20
set sum to a + b
say sum

set diff to 50 - 30
say diff

set product to 6 * 7
say product

set quotient to 100 / 4
say quotient

set mod_result to 17 % 5
say mod_result

say "All arithmetic tests completed"
=== examples/time.rb
// Time Module Example
// Demonstrates time functions

// Get current time
set now to time.now()
say "Current time:"
say now

// Get Unix timestamp
set timestamp to time.now().seconds
say "Unix timestamp:"
say timestamp

// Sleep for 1 second (uncomment to test)
say "Sleeping for 1 second..."
time.sleep(1)
say "Done sleeping!"

// Format time
set formatted to time.format(timestamp, "%Y-%m-%d %H:%M:%S")
say "Formatted time:"
say formatted

// Format current time
set now_formatted to time.format(time.now().seconds, "%A, %B %d, %Y")
say "Today's date:"
say now_formatted

// Parse Unix timestamp
set parsed to time.unix("2024-01-15 12:30:00")
say "Parsed timestamp:"
say parsed

say "Time module demo complete!"=== modules/MathUtils.rb
// MathUtils module example
// Demonstrates module exports

constant PI to 3.14159
constant TAU to 6.28318

to circle_area(radius)
    give back PI * radius * radius
end

to circle_circumference(radius)
    give back TAU * radius
end

to degrees_to_radians(degrees)
    give back degrees * PI / 180
end

to radians_to_degrees(radians)
    give back radians * 180 / PI
end=== modules/SuiteKit.rb
// SuiteKit - a module that exists so the Redblue test suite can exercise the
// `import` statement against a module file that parses.
//
// The VM only reads `set` statements and function *signatures* out of a module,
// so nothing here is expected to be reachable as `SuiteKit.<name>` yet. See
// phases/phase-003/FINDINGS.md.

set SUITE_KIT_NAME to "SuiteKit"

to suite_double(value)
    give back value * 2
end

to suite_triple(value)
    give back value * 3
end
[0m
[0m$ [0mgrep -rn "Statement::Method\|Statement::Object\|Statement::Try" src/vm.rs | head; echo "=== run_isolated ==="; grep -n "pub fn run_isolated" -A 30 src/vm.rs
536:            Statement::Method { name, params, body } => {
545:            Statement::Object {
550:            Statement::Try {
1403:                Statement::Method {
=== run_isolated ===
107:pub fn run_isolated(program: &Program) -> (Vm, Result<Value>) {
108-    let limit = resolve_max_call_depth();
109-    let program = program.clone();
110-    let builder = std::thread::Builder::new()
111-        .name("redblue-vm".to_string())
112-        .stack_size(limit.saturating_mul(STACK_BYTES_PER_CALL));
113-
114-    let joined = match builder.spawn(move || {
115-        let mut vm = Vm::new();
116-        let result = vm.run(&program);
117-        (vm, result)
118-    }) {
119-        Ok(handle) => handle.join(),
120-        Err(e) => {
121-            return (
122-                Vm::new(),
123-                Err(Error::Io(format!(
124-                    "Cannot start the interpreter thread: {}",
125-                    e
126-                ))),
127-            );
128-        }
129-    };
130-
131-    match joined {
132-        Ok(result) => result,
133-        Err(_) => (
134-            Vm::new(),
135-            Err(Error::Runtime(
136-                "The interpreter thread stopped unexpectedly".to_string(),
137-                Span::unknown(),
[0m
[0m$ [0mgrep -n "Constant\|constant" src/parser.rs | head -20; echo "=== analyzer ==="; grep -n "Statement::" src/analyzer.rs | head -40
=== analyzer ===
63:            Statement::Say(expr) | Statement::Print(expr) => {
66:            Statement::Set { name, value } => {
70:            Statement::SetProperty {
78:            Statement::If {
95:            Statement::ForEach {
108:            Statement::ForRange {
127:            Statement::Repeat { count, body } => {
135:            Statement::While { condition, body } => {
143:            Statement::Break | Statement::Skip => {}
144:            Statement::Return(expr) | Statement::GiveBack(expr) => {
149:            Statement::Function { name, params, body } => {
161:            Statement::Method {
176:            Statement::Has { default, .. } => {
181:            Statement::Object {
199:            Statement::Try {
220:            Statement::Import(_) => {}
221:            Statement::Expr(expr) => {
224:            Statement::Test { body, .. } => {
[0m
[0m$ [0mgrep -n "KEYWORDS" -A 60 src/lexer.rs | head -70
14:pub const KEYWORDS: &[(&str, TokenKind)] = &[
15-    ("set", TokenKind::Set),
16-    ("to", TokenKind::To),
17-    ("is", TokenKind::Is),
18-    ("are", TokenKind::Are),
19-    ("if", TokenKind::If),
20-    ("then", TokenKind::Then),
21-    ("else", TokenKind::Else),
22-    ("end", TokenKind::End),
23-    ("when", TokenKind::When),
24-    ("unless", TokenKind::Unless),
25-    ("for", TokenKind::For),
26-    ("each", TokenKind::Each),
27-    ("in", TokenKind::In),
28-    ("from", TokenKind::From),
29-    ("times", TokenKind::Times),
30-    ("while", TokenKind::While),
31-    ("repeat", TokenKind::Repeat),
32-    ("until", TokenKind::Until),
33-    ("break", TokenKind::Break),
34-    ("skip", TokenKind::Skip),
35-    ("return", TokenKind::Return),
36-    ("give", TokenKind::GiveBack),   // give back
37-    ("back", TokenKind::GiveBack),   // give back
38-    ("might", TokenKind::MightFail), // might fail
39-    ("fail", TokenKind::MightFail),  // might fail
40-    ("say", TokenKind::Say),
41-    ("print", TokenKind::Print),
42-    ("ask", TokenKind::Ask),
43-    ("try", TokenKind::Try),
44-    ("catch", TokenKind::Catch),
45-    ("finally", TokenKind::Finally),
46-    ("and", TokenKind::And),
47-    ("or", TokenKind::Or),
48-    ("not", TokenKind::Not),
49-    ("yes", TokenKind::YesNo(true)),
50-    ("no", TokenKind::YesNo(false)),
51-    ("nothing", TokenKind::Nothing),
52-    ("module", TokenKind::Module),
53-    ("import", TokenKind::Import),
54-    ("export", TokenKind::Export),
55-    ("test", TokenKind::Test),
56-    ("expect", TokenKind::Expect),
57-    ("object", TokenKind::Object),
58-    ("has", TokenKind::Has),
59-    ("can", TokenKind::Can),
60-    ("this", TokenKind::This),
61-    ("that", TokenKind::That),
62-    ("new", TokenKind::New),
63-    ("extends", TokenKind::Extends),
64-    ("async", TokenKind::Async),
65-    ("wait", TokenKind::Wait),
66-    ("parallel", TokenKind::Parallel),
67-    ("done", TokenKind::Done),
68-];
69-
70-#[derive(Debug, Clone, PartialEq)]
71-pub enum TokenKind {
72-    // Literals
73-    Number(f64),
74-    Text(String),
--
315:        for (word, kind) in KEYWORDS {
316-            if *word == ident {
317-                return kind.clone();
318-            }
319-        }
320-
321-        TokenKind::Identifier(ident.to_string())
322-    }
[0m
[0m$ [0mcargo run --quiet --bin rb -- run modules/MathUtils.rb; echo "EXIT=$?"; echo "--- lint modules/MathUtils.rb"; cargo run --quiet --bin rb -- lint modules/MathUtils.rb; echo "EXIT=$?"
Error: ParserError: Expected function name
  --> modules/MathUtils.rb:4:16
4 | constant PI to 3.14159
  |                ^
EXIT=1
--- lint modules/MathUtils.rb
EXIT=0
[0m
[0m$ [0mgrep -rn "CARGO_BIN_EXE\|env!(\"CARGO" tests/ | head; echo "=== discovery_test head ==="; sed -n '1,40p' tests/discovery_test.rs; echo "=== examples path usage ==="; grep -rn "examples/" tests/*.rs | head
tests/loop_bounds_test.rs:25:    let dir = PathBuf::from(env!("CARGO_MANIFEST_DIR")).join("target/tmp/loop-bounds");
tests/loop_bounds_test.rs:60:    let mut command = Command::new(env!("CARGO_BIN_EXE_rb"));
tests/loop_bounds_test.rs:394:    let root = PathBuf::from(env!("CARGO_MANIFEST_DIR"));
tests/record_order_test.rs:16:    let dir = PathBuf::from(env!("CARGO_MANIFEST_DIR")).join("target/tmp/record-order");
tests/record_order_test.rs:140:    let binary = env!("CARGO_BIN_EXE_rb");
tests/tooling_grammar_test.rs:16:    PathBuf::from(env!("CARGO_MANIFEST_DIR")).join(relative)
tests/formatter_test.rs:11:    let root = Path::new(env!("CARGO_MANIFEST_DIR"));
tests/formatter_test.rs:47:    let out = std::process::Command::new(env!("CARGO_BIN_EXE_rb"))
tests/formatter_test.rs:72:    let dir = Path::new(env!("CARGO_MANIFEST_DIR")).join("target/tmp/formatter");
tests/formatter_test.rs:87:    let out = std::process::Command::new(env!("CARGO_BIN_EXE_rb"))
=== discovery_test head ===
use std::fs;
use std::path::{Path, PathBuf};

use redblue::testing::{find_test_files, run_all_tests, TestHarness};

/// Scratch directory inside the project's own `target/tmp`, never the system
/// temp dir, so nothing outside the checkout is touched. Removed and recreated
/// on every call so each test starts from a known, empty state.
fn scratch_dir(name: &str) -> PathBuf {
    let dir = Path::new(env!("CARGO_MANIFEST_DIR"))
        .join("target/tmp/rb-discovery-test")
        .join(name);
    let _ = fs::remove_dir_all(&dir);
    fs::create_dir_all(&dir).expect("scratch dir should be creatable");
    dir
}

fn write_file(dir: &Path, name: &str, contents: &[u8]) -> PathBuf {
    let path = dir.join(name);
    fs::write(&path, contents).expect("scratch file should be writable");
    path
}

/// The Redblue harness is a Redblue *parser*. Feeding it Rust source is never
/// correct, so discovery must drop every `.rs` path.
#[test]
fn edge_discovery_never_returns_rust_files() {
    let dir = scratch_dir("rust-filter");
    write_file(&dir, "red_suite.rb", b"// test \"noop\"\n// end\n");
    write_file(&dir, "redblue_test.rs", b"#[test]\nfn x() {}\n");
    write_file(&dir, "expect_test.rs", b"#[test]\nfn y() {}\n");
    write_file(&dir, "notes.txt", b"not a test at all\n");
    write_file(&dir, "Makefile", b"all:\n");

    let found = find_test_files(dir.to_str().expect("utf-8 scratch path"))
        .expect("discovery should succeed");

    assert!(
        found.iter().all(|path| path.ends_with(".rb")),
        "discovery handed Rust source to the Redblue harness: {:?}",
=== examples path usage ===
tests/formatter_test.rs:27:        "no .rb corpus files found under examples/ or tests/"
tests/formatter_test.rs:859:/// `examples/files.rb` writes files and `examples/time.rb` reads the clock, so
tests/formatter_test.rs:864:        (root.join("examples/hello.rb"), "run"),
tests/formatter_test.rs:865:        (root.join("examples/fizzbuzz.rb"), "run"),
tests/formatter_test.rs:866:        (root.join("examples/formats.rb"), "run"),
tests/formatter_test.rs:867:        (root.join("examples/test_arithmetic.rb"), "run"),
tests/loop_bounds_test.rs:397:    let entries = std::fs::read_dir(root.join("examples")).expect("examples/ should be readable");
[0m
[0m← [0mWrite tests/bytecode_test.rs
Wrote file successfully.
[0m
Finding confirmed. Now writing the failing test first.
[0m$ [0mcargo test --test bytecode_test 2>&1 | tail -25
[1m[94m--> [0mtests/bytecode_test.rs:386:9
    [1m[94m|[0m
[1m[94m 56[0m [1m[94m|[0m fn names(block: &Block) -> Vec<&'static str> {
    [1m[94m|[0m [1m[94m--------------------------------------------[0m [1m[94mthis function of the same name is available here, but it's shadowed by the local binding[0m
[1m[94m...[0m
[1m[94m348[0m [1m[94m|[0m     let names = names(&chunk.main);
    [1m[94m|[0m         [1m[94m-----[0m [1m[94m`names` has type `Vec<&str>`[0m
[1m[94m...[0m
[1m[94m386[0m [1m[94m|[0m         names(&chunk.main)
    [1m[94m|[0m         [1m[91m^^^^^[0m[1m[94m-------------[0m
    [1m[94m|[0m         [1m[94m|[0m
    [1m[94m|[0m         [1m[94mcall expression requires function[0m

[1m[91merror[0m[1m: unused variable: `bytes`[0m
   [1m[94m--> [0mtests/bytecode_test.rs:235:27
    [1m[94m|[0m
[1m[94m235[0m [1m[94m|[0m fn find_first_opcode_byte(bytes: &[u8]) -> usize {
    [1m[94m|[0m                           [1m[91m^^^^^[0m [1m[91mhelp: if this is intentional, prefix it with an underscore: `_bytes`[0m
    [1m[94m|[0m
    [1m[94m= [0m[1mnote[0m: `-D unused-variables` implied by `-D warnings`
    [1m[94m= [0m[1mhelp[0m: to override `-D warnings` add `#[allow(unused_variables)]`

[1mSome errors have detailed explanations: E0432, E0618.[0m
[1mFor more information about an error, try `rustc --explain E0432`.[0m
[1m[91merror[0m: could not compile `redblue` (test "bytecode_test") due to 4 previous errors
[0m
[0m$ [0mpython3 - <<'EOF'
import re
p='tests/bytecode_test.rs'
s=open(p).read()
s=s.replace("fn find_first_opcode_byte(bytes: &[u8]) -> usize {","fn first_opcode_offset() -> usize {")
s=s.replace("bytes[find_first_opcode_byte(&bytes)]","bytes[first_opcode_offset()]")
s=s.replace("find_first_opcode_byte(&bytes) - 9","first_opcode_offset() - 9")
s=s.replace("""    let names = names(&chunk.main);
    assert_eq!(
        names,
        vec![
            "PUSH_CONST",
            "BUILD_LIST",
            "GET_ITER",""","""    let mut ops = names(&chunk.main);
    assert_eq!(
        ops,
        vec![
            "PUSH_CONST",
            "BUILD_LIST",
            "GET_ITER",""")
s=s.replace("""        2,
        "each loop needs exactly one backward jump, got {:?}",
        names(&chunk.main)
    );""","""        2,
        "each loop needs exactly one backward jump, got {ops:?}"
    );
    ops.clear();
    assert!(ops.is_empty(), "the disassembly was consumed for the message");""")
open(p,'w').write(s)
EOF
cargo test --test bytecode_test 2>&1 | grep -E "^error|unresolved import|cannot find" | head
[1m[91merror[E0432][0m[1m: unresolved import `redblue::bytecode`[0m
[0m
[0m← [0mWrite src/bytecode/opcode.rs
Wrote file successfully.
[0m
Red for the right reason. Now implementing the bytecode module.
[0m← [0mWrite src/bytecode/format.rs
Wrote file successfully.
[0m
[0m← [0mWrite src/bytecode/codegen.rs
Wrote file successfully.
[0m
[0m$ [0mpython3 - <<'PY'
p='src/bytecode/codegen.rs'
s=open(p).read()
s=s.replace('''    /// Compiles a nested body, adding it to `blocks` and returning its index.
    fn nested(
        &mut self,
        kind: BlockKind,
        name: &str,
        arity: usize,
        body: &[Stmt],
        span: Span,
        depth: usize,
    ) -> Result<u32> {
        let block = self.block(kind, name, arity, body, span, depth)?;
        blocks_push(blocks_placeholder(), block);
        unreachable!()
    }
''','''    /// Compiles a nested body, adds it to `blocks` and returns its index.
    ///
    /// The index is what the parent instruction carries, so `blocks` is in the
    /// order the compiler emitted the bodies in.
    fn nested(
        &mut self,
        kind: BlockKind,
        name: &str,
        arity: usize,
        body: &[Stmt],
        span: Span,
        depth: usize,
        blocks: &mut Vec<Block>,
    ) -> Result<u32> {
        let block = self.block(kind, name, arity, body, span, depth)?;
        let index = blocks.len() as u32;
        blocks.push(block);
        Ok(index)
    }
''')
s=s.replace('''
fn blocks_placeholder() -> ! {
    unreachable!()
}

fn blocks_push<T>(_: !, _: T) -> ! {
    unreachable!()
}
''','')
# thread `blocks` through the nested() call sites
s=s.replace('self.nested(BlockKind::Function, name, params.len(), body, stmt.span, depth)?',
            'self.nested(BlockKind::Function, name, params.len(), body, stmt.span, depth, blocks)?')
s=s.replace('self.nested(BlockKind::Method, name, params.len(), body, stmt.span, depth)?',
            'self.nested(BlockKind::Method, name, params.len(), body, stmt.span, depth, blocks)?')
s=s.replace('self.nested(BlockKind::Object, name, 0, body, stmt.span, depth)?',
            'self.nested(BlockKind::Object, name, 0, body, stmt.span, depth, blocks)?')
s=s.replace('self.nested(BlockKind::Test, name, 0, body, stmt.span, depth)?',
            'self.nested(BlockKind::Test, name, 0, body, stmt.span, depth, blocks)?')
s=s.replace('''                    self.nested(BlockKind::CatchBody, &name, 0, catch_body, stmt.span, depth)?''',
            '''                    self.nested(BlockKind::CatchBody, &name, 0, catch_body, stmt.span, depth, blocks)?''')
s=s.replace('''                    self.nested(
                        BlockKind::FinallyBody,
                        "",
                        0,
                        finally_body,
                        stmt.span,
                        depth + 1,
                    )?''','''                    self.nested(
                        BlockKind::FinallyBody,
                        "",
                        0,
                        finally_body,
                        stmt.span,
                        depth,
                        blocks,
                    )?''')
open(p,'w').write(s)
PY
grep -n "nested(" src/bytecode/codegen.rs
104:    fn nested(
257:                let block = self.nested(BlockKind::Function, name, params.len(), body, stmt.span, depth, blocks)?;
263:                let block = self.nested(BlockKind::Method, name, params.len(), body, stmt.span, depth, blocks)?;
275:                let block = self.nested(BlockKind::Object, name, 0, body, stmt.span, depth, blocks)?;
291:                    self.nested(BlockKind::CatchBody, &name, 0, catch_body, stmt.span, depth, blocks)?
298:                    self.nested(
320:                let block = self.nested(BlockKind::Test, name, 0, body, stmt.span, depth, blocks)?;
[0m
[0m← [0mWrite src/bytecode/disasm.rs
Wrote file successfully.
[0m
[0m$ [0mpython3 - <<'PY'
p='src/bytecode/disasm.rs'
s=open(p).read()
s=s.replace('''    block(&mut out, chunk, &chunk.main, "main", 0);
    out
}

fn block(out: &mut String, chunk: &Chunk, block: &Block, path: &str, depth: usize) {
    for _ in 0..depth {''','''    render_block(&mut out, chunk, &chunk.main, "main", 0);
    out
}

fn render_block(out: &mut String, chunk: &Chunk, block: &Block, path: &str, depth: usize) {
    for _ in 0..depth {''')
s=s.replace('''fn render_block(out: &mut String, chunk: &Chunk, block: &Block, path: &str, depth: usize) {
    block_to_string(out, chunk, block, path, depth)
}

fn block_to_string(out: &mut String, chunk: &Chunk, block: &Block, path: &str, depth: usize) {
    block(out, chunk, block, path, depth)
}

''','')
s=s.replace('fn describe(chunk: &Chunk, block: &Block, instruction: &crate::bytecode::Instruction) -> Option<String> {',
            'fn describe(\n    chunk: &Chunk,\n    block: &Block,\n    instruction: &crate::bytecode::Instruction,\n) -> Option<String> {')
open(p,'w').write(s)
PY
cat >> src/bytecode/opcode.rs <<'EOF'

impl Opcode {
    /// Whether the disassembler prints this opcode's second operand.
    ///
    /// The opcodes that carry two: a call and a declaration name a target and
    /// count their arguments or parameters, and `Try` names two blocks.
    pub fn has_aux(self) -> bool {
        matches!(
            self,
            Opcode::Call
                | Opcode::CallMethod
                | Opcode::DefFunction
                | Opcode::DefMethod
                | Opcode::DefObject
                | Opcode::Try
        )
    }

    /// Whether this opcode's `arg` is an index into the constant pool.
    ///
    /// The disassembler prints the named value next to the index, so a reader
    /// does not have to count down the pool to see which name a `LOAD` reads.
    pub fn takes_constant_index(self) -> bool {
        matches!(
            self,
            Opcode::PushConst
                | Opcode::Load
                | Opcode::Store
                | Opcode::LoadProperty
                | Opcode::SetProperty
                | Opcode::Call
                | Opcode::CallMethod
                | Opcode::DefField
                | Opcode::Import
        )
    }
}
EOF
cat > src/bytecode/mod.rs <<'EOF'
//! The Redblue bytecode format: compiler, `.rbc` encoding and disassembler.
//!
//! This is bootstrap stage **S1a**. `rb compile` turns a `.rb` program into a
//! `.rbc` file and `rb dis` prints one back as text. Nothing *runs* a `.rbc`
//! yet — that is stage S1b — so this module is the format and the tools for
//! it, not a second interpreter.
//!
//! The format itself is written down in `docs/BYTECODE.md`, which is the
//! normative description; the three submodules are the encoder, the decoder and
//! the disassembler for it.
//!
//! ```
//! use redblue::bytecode::{compile_source, disassemble, Chunk};
//!
//! let chunk = compile_source("say \"Hello, World!\"\n")?;
//! let bytes = chunk.encode();
//! assert_eq!(Chunk::decode(&bytes)?, chunk);
//! assert!(disassemble(&chunk).contains("SAY"));
//! # Ok::<(), redblue::Error>(())
//! ```

mod codegen;
mod disasm;
mod format;
mod opcode;

pub use disasm::render as disassemble;
pub use format::{
    compile_source, Block, BlockKind, Chunk, Constant, Instruction, FORMAT_VERSION,
    INSTRUCTION_SIZE, MAGIC, MAX_BLOCK_DEPTH, NO_BLOCK,
};
pub use opcode::Opcode;
EOF
echo written
written
[0m
Now wiring the module into the library and adding the CLI subcommands.
[0m$ [0mpython3 - <<'PY'
p='src/lib.rs'
s=open(p).read()
s=s.replace("mod analyzer;\nmod error;","mod analyzer;\npub mod bytecode;\nmod error;")
s=s.replace("""pub use value::{FunctionValue, Value};""","""pub use bytecode::{compile_source, Chunk};
pub use value::{FunctionValue, Value};""")

# --- compile/dis helpers, inserted before print_help ---
helpers = '''
/// The `.rbc` path `rb compile <file>` writes when no `-o` is given: the
/// source path with its extension replaced.
fn bytecode_path_for(source: &str) -> String {
    match source.rfind('.') {
        Some(dot) if dot + 1 < source.len() => format!("{}.rbc", &source[..dot]),
        _ => format!("{source}.rbc"),
    }
}

/// `rb compile <file> [-o <out.rbc>]` — the frontend, then the encoder.
fn compile_command(source: &str, out: Option<&str>) -> Result<(), String> {
    let text = fs::read_to_string(source).map_err(|e| Error::Io(e.to_string()))?;
    let chunk = bytecode::compile_source(&text)
        .map_err(|e| e.render(&text, Some(source)))?;
    let target = out.map(str::to_string).unwrap_or_else(|| bytecode_path_for(source));

    fs::write(&target, chunk.encode())
        .map_err(|e| format!("Error: cannot write {target}: {e}"))?;

    println!("Compiled {source} -> {target}");
    Ok(())
}

/// `rb dis <file.rbc>` — the disassembler.
fn dis_command(path: &str) -> Result<(), String> {
    if !path.ends_with(".rbc") {
        return Err(format!(
            "Error: {path} is not a bytecode file; compile it first and disassemble the .rbc"
        ));
    }
    let bytes = fs::read(path).map_err(|e| Error::Io(e.to_string()).to_string())?;
    let chunk = bytecode::Chunk::decode(&bytes).map_err(|e| e.to_string())?;

    print!("{}", bytecode::disassemble(&chunk));
    Ok(())
}

'''
s=s.replace("fn print_help() {", helpers.lstrip('\n')+"fn print_help() {")

# --- 3-arg dispatch ---
s=s.replace('''                "run" => {
                    if let Err(rendered) = run_file_with_diagnostic(path) {
                        report(&rendered);
                    }
                }''','''                "run" => {
                    if let Err(rendered) = run_file_with_diagnostic(path) {
                        report(&rendered);
                    }
                }
                "compile" => {
                    if let Err(message) = compile_command(path, None) {
                        eprintln!("{}", message);
                        process::exit(1);
                    }
                }
                "dis" => {
                    if let Err(message) = dis_command(path) {
                        eprintln!("{}", message);
                        process::exit(1);
                    }
                }''')

# --- 4-arg dispatch: compile -o ---
s=s.replace('''            let cmd = &args[1];
            if cmd == "format" && args[2] == "--check" {
                let path = &args[3];''','''            let cmd = &args[1];
            if cmd == "compile" && args[2] == "-o" {
                if let Err(message) = compile_command(&args[3], Some(&args[4])) {
                    eprintln!("{}", message);
                    process::exit(1);
                }
            } else if cmd == "format" && args[2] == "--check" {
                let path = &args[3];''')

# --- help text ---
s=s.replace('''    println!("  rb lint <file>  Lint a Redblue file");''','''    println!("  rb lint <file>  Lint a Redblue file");
    println!("  rb compile <file> [-o out.rbc]  Compile to bytecode");
    println!("  rb dis <file.rbc>  Disassemble bytecode");''')
s=s.replace('''    println!("  rb lint examples/hello.rb");''','''    println!("  rb lint examples/hello.rb");
    println!("  rb compile examples/hello.rb -o hello.rbc");
    println!("  rb dis hello.rbc");''')
open(p,'w').write(s)
PY
grep -n "compile\|\"dis\"" src/lib.rs | head -20
30:pub use bytecode::{compile_source, Chunk};
142:                "compile" => {
143:                    if let Err(message) = compile_command(path, None) {
148:                "dis" => {
211:            if cmd == "compile" && args[2] == "-o" {
212:                if let Err(message) = compile_command(&args[3], Some(&args[4])) {
245:/// The `.rbc` path `rb compile <file>` writes when no `-o` is given: the
254:/// `rb compile <file> [-o <out.rbc>]` — the frontend, then the encoder.
255:fn compile_command(source: &str, out: Option<&str>) -> Result<(), String> {
257:    let chunk = bytecode::compile_source(&text)
272:            "Error: {path} is not a bytecode file; compile it first and disassemble the .rbc"
294:    println!("  rb compile <file> [-o out.rbc]  Compile to bytecode");
306:    println!("  rb compile examples/hello.rb -o hello.rbc");
[0m
[0m$ [0mcargo build 2>&1 | grep -E "^(error|warning: unused)" -A 12 | head -60
(no output)
[0m
[0m$ [0mcargo build 2>&1 | tail -5; cargo test --test bytecode_test 2>&1 | tail -40
From<char>

[1mSome errors have detailed explanations: E0061, E0277, E0282, E0308, E0433, E0658.[0m
[1mFor more information about an error, try `rustc --explain E0061`.[0m
[1m[91merror[0m: could not compile `redblue` (lib) due to 9 previous errors
[1m[91merror[E0282][0m[1m: type annotations needed[0m
   [1m[94m--> [0msrc/bytecode/format.rs:242:51
    [1m[94m|[0m
[1m[94m242[0m [1m[94m|[0m         let constants = reader.count("constant", |reader| reader.constant())?;
    [1m[94m|[0m                                                   [1m[91m^^^^^^[0m  [1m[94m------[0m [1m[94mtype must be known at this point[0m
    [1m[94m|[0m
[1m[96mhelp[0m: consider giving this closure parameter an explicit type
    [1m[94m|[0m
[1m[94m242[0m [1m[94m| [0m        let constants = reader.count("constant", |reader[92m: /* Type */[0m| reader.constant())?;
    [1m[94m|[0m                                                         [92m++++++++++++[0m

[1m[91merror[E0277][0m[1m: `?` couldn't convert the error to `String`[0m
   [1m[94m--> [0msrc/lib.rs:256:80
    [1m[94m|[0m
[1m[94m255[0m [1m[94m|[0m fn compile_command(source: &str, out: Option<&str>) -> Result<(), String> {
    [1m[94m|[0m                                                        [1m[94m------------------[0m [1m[94mexpected `String` because of this[0m
[1m[94m256[0m [1m[94m|[0m     let text = fs::read_to_string(source).map_err(|e| Error::Io(e.to_string()))?;
    [1m[94m|[0m                [1m[94m--------------------------[0m [1m[94m-------------------------------------[0m[1m[91m^[0m [1m[91mthe trait `From<error::Error>` is not implemented for `String`[0m
    [1m[94m|[0m                [1m[94m|[0m                          [1m[94m|[0m
    [1m[94m|[0m                [1m[94m|[0m                          [1m[94mthis can't be annotated with `?` because it has type `Result<_, error::Error>`[0m
    [1m[94m|[0m                [1m[94mthis has type `Result<_, std::io::Error>`[0m
    [1m[94m|[0m
[1m[92mnote[0m: `error::Error` needs to implement `Into<String>`
   [1m[94m--> [0msrc/error.rs:37:1
    [1m[94m|[0m
[1m[94m 37[0m [1m[94m|[0m pub enum Error {
    [1m[94m|[0m [1m[92m^^^^^^^^^^^^^^[0m
    [1m[94m= [0m[1mnote[0m: the question mark operation (`?`) implicitly performs a conversion on the error value using the `From` trait
    [1m[94m= [0m[1mhelp[0m: `String` implements trait `From<T>`:
              From<&String>
              From<&mut str>
              From<&str>
              From<Box<str>>
              From<Cow<'_, str>>
              From<Url>
              From<char>

[1mSome errors have detailed explanations: E0061, E0277, E0282, E0308, E0433, E0658.[0m
[1mFor more information about an error, try `rustc --explain E0061`.[0m
[1m[91merror[0m: could not compile `redblue` (lib) due to 9 previous errors
[0m
[0m$ [0mcargo build 2>&1 | grep -E "^error" -A 8 | head -70
(no output)
[0m
[0m$ [0mtouch src/lib.rs && cargo build --message-format short 2>&1 | grep -E "error" | head -20
src/bytecode/format.rs:261:26: [1m[91merror[E0433][0m: cannot find `disassemble` in `bytecode`: expected type, found function `disassemble` in `bytecode`
src/bytecode/codegen.rs:478:22: [1m[91merror[E0658][0m: the `!` type is experimental
src/bytecode/format.rs:16:27: [1m[91merror[0m: unused import: `Program`
src/bytecode/codegen.rs:182:21: [1m[91merror[E0061][0m: this function takes 3 arguments but 2 arguments were supplied
src/bytecode/codegen.rs:186:42: [1m[91merror[E0308][0m: mismatched types: expected `Option<u32>`, found `u32`
src/bytecode/codegen.rs:188:21: [1m[91merror[E0061][0m: this function takes 3 arguments but 2 arguments were supplied
src/bytecode/codegen.rs:242:17: [1m[91merror[E0061][0m: this function takes 3 arguments but 2 arguments were supplied
src/bytecode/format.rs:242:51: [1m[91merror[E0282][0m: type annotations needed
src/lib.rs:256:80: [1m[91merror[E0277][0m: `?` couldn't convert the error to `String`: the trait `From<error::Error>` is not implemented for `String`
[1m[91merror[0m: could not compile `redblue` (lib) due to 9 previous errors
[0m
[0m$ [0msed -n '176,195p;238,246p;470,485p' src/bytecode/codegen.rs
self.expr(condition, code, line)?;
                // The `end` of an `if` with no `else` is where a false
                // condition lands, so there is one jump either way.
                let to_else = jump(code, Opcode::JumpIfFalse, line);
                self.statements(then_branch, code, blocks, depth)?;
                if else_branch.is_empty() {
                    patch(code, to_else);
                } else {
                    let to_end = jump(code, Opcode::Jump, line);
                    let else_start = code.len() as u32;
                    patch(code, to_else, else_start);
                    self.statements(else_branch, code, blocks, depth)?;
                    patch(code, to_end);
                }
            }
            Statement::ForEach {
                variable,
                iterable,
                body,
            } => {
                self.expr(condition, code, line)?;
                let to_end = jump(code, Opcode::JumpIfFalse, line);
                self.statements(body, code, blocks, depth)?;
                emit(code, Opcode::Jump, top, 0, line);
                patch(code, to_end);
            }
            Statement::Break => emit(code, Opcode::Break, 0, 0, line),
            Statement::Skip => emit(code, Opcode::Skip, 0, 0, line),
            Statement::Return(expr) | Statement::GiveBack(expr) => {
    let target = target.unwrap_or(code.len() as u32);
    code[at].arg = target;
}

fn blocks_placeholder() -> ! {
    unreachable!()
}

fn blocks_push<T>(_: !, _: T) -> ! {
    unreachable!()
}
[0m
[0m$ [0mpython3 - <<'PY'
p='src/bytecode/codegen.rs'
s=open(p).read()
s=s.replace('''/// Points a jump at the next instruction to be emitted, or at `target`.
fn patch(code: &mut Vec<Instruction>, at: usize, target: Option<u32>) {
    let target = target.unwrap_or(code.len() as u32);
    code[at].arg = target;
}

fn blocks_placeholder() -> ! {
    unreachable!()
}

fn blocks_push<T>(_: !, _: T) -> ! {
    unreachable!()
}''','''/// Points a jump at `target`, which is the offset of an instruction in the
/// same block.
fn patch(code: &mut [Instruction], at: usize, target: u32) {
    code[at].arg = target;
}

/// Points a jump at the next instruction to be emitted.
fn patch_here(code: &mut [Instruction], at: usize) {
    let end = code.len() as u32;
    patch(code, at, end);
}''')
s=s.replace('''                if else_branch.is_empty() {
                    patch(code, to_else);
                } else {''','''                if else_branch.is_empty() {
                    patch_here(code, to_else);
                } else {''')
s=s.replace('''                    self.statements(else_branch, code, blocks, depth)?;
                    patch(code, to_end);''','''                    self.statements(else_branch, code, blocks, depth)?;
                    patch_here(code, to_end);''')
s=s.replace('''                emit(code, Opcode::Jump, top, 0, line);
                patch(code, to_end);''','''                emit(code, Opcode::Jump, top, 0, line);
                patch_here(code, to_end);''')
open(p,'w').write(s)

p='src/bytecode/format.rs'
s=open(p).read()
s=s.replace("        crate::bytecode::disassemble::render(self)","        crate::bytecode::disasm::render(self)")
s=s.replace("use crate::parser::{self, Program};","use crate::parser;")
open(p,'w').write(s)

p='src/lib.rs'
s=open(p).read()
s=s.replace('''    let text = fs::read_to_string(source).map_err(|e| Error::Io(e.to_string()))?;
    let chunk = bytecode::compile_source(&text)''','''    let text = fs::read_to_string(source).map_err(|e| Error::Io(e.to_string()).to_string())?;
    let chunk = bytecode::compile_source(&text)''')
open(p,'w').write(s)
PY
cargo build --message-format short 2>&1 | grep -E "error" | head -20
src/bytecode/format.rs:242:51: [1m[91merror[E0282][0m: type annotations needed
[1m[91merror[0m: could not compile `redblue` (lib) due to 1 previous error
[0m
[0m$ [0mpython3 - <<'PY'
p='src/bytecode/format.rs'
s=open(p).read()
s=s.replace('''    fn count<T>(
        &mut self,
        what: &str,
        per_entry: usize,
        mut read: impl FnMut(&mut Self) -> Result<T>,
    ) -> Result<Vec<T>> {''','''    fn count<T>(
        &mut self,
        what: &str,
        per_entry: usize,
        read: fn(&mut Reader<'a>) -> Result<T>,
    ) -> Result<Vec<T>> {''')
open(p,'w').write(s)
PY
cargo build --message-format short 2>&1 | grep -E "error|warning" | head -20
src/bytecode/format.rs:242:51: [1m[91merror[E0282][0m: type annotations needed
src/bytecode/format.rs:469:45: [1m[91merror[E0308][0m: mismatched types: expected fn pointer, found closure
[1m[91merror[0m: could not compile `redblue` (lib) due to 2 previous errors
[0m
[0m$ [0mpython3 - <<'PY'
p='src/bytecode/format.rs'
s=open(p).read()
s=s.replace('let constants = reader.count("constant", |reader| reader.constant())?;','let constants = reader.count("constant", Reader::constant)?;')
s=s.replace('''        let code = self.count("instruction", INSTRUCTION_SIZE, |reader| {
            reader.instruction()
        })?;''','''        let code = self.count("instruction", INSTRUCTION_SIZE, Reader::instruction)?;''')
s=s.replace('let blocks = self.count("block", 1, |reader| reader.block(depth + 1))?;','''let blocks = self.count("block", 1, Reader::child_block(depth))?;''')
s=s.replace('''    fn instruction(&mut self) -> Result<Instruction> {''','''    /// A block nested one level deeper, for [`count`](Self::count).
    fn child_block(depth: usize) -> fn(&mut Reader<'a>) -> Result<Block> {
        move |reader| reader.block(depth + 1)
    }

    fn instruction(&mut self) -> Result<Instruction> {''')
open(p,'w').write(s)
PY
cargo build --message-format short 2>&1 | grep -E "error|warning" | head -20
src/bytecode/format.rs:242:32: [1m[91merror[E0061][0m: this method takes 3 arguments but 2 arguments were supplied
src/bytecode/format.rs:480:9: [1m[91merror[E0308][0m: mismatched types: expected fn pointer, found closure
[1m[91merror[0m: could not compile `redblue` (lib) due to 2 previous errors
[0m
[0m$ [0mpython3 - <<'PY'
p='src/bytecode/format.rs'
s=open(p).read()
s=s.replace('let constants = reader.count("constant", Reader::constant)?;','let constants = reader.count("constant", 1, Reader::constant)?;')
s=s.replace('move |reader| reader.block(depth + 1)','move |reader: &mut Reader| reader.block(depth + 1)')
open(p,'w').write(s)
PY
cargo build --message-format short 2>&1 | grep -E "error|warning" | head -20
src/bytecode/format.rs:480:9: [1m[91merror[E0308][0m: mismatched types: expected fn pointer, found closure
[1m[91merror[0m: could not compile `redblue` (lib) due to 1 previous error
[0m
[0m$ [0msed -n '470,485p' src/bytecode/format.rs; cargo build 2>&1 | grep -A 14 "E0308" | head -25
name,
            kind,
            arity,
            code,
            blocks,
        })
    }

    /// A block nested one level deeper, for [`count`](Self::count).
    fn child_block(depth: usize) -> fn(&mut Reader<'a>) -> Result<Block> {
        move |reader: &mut Reader| reader.block(depth + 1)
    }

    fn instruction(&mut self) -> Result<Instruction> {
        let opcode_byte = self.u8()?;
        let opcode = Opcode::from_byte(opcode_byte).ok_or_else(|| {
[1m[91merror[E0308][0m[1m: mismatched types[0m
   [1m[94m--> [0msrc/bytecode/format.rs:480:9
    [1m[94m|[0m
[1m[94m479[0m [1m[94m|[0m     fn child_block(depth: usize) -> fn(&mut Reader<'a>) -> Result<Block> {
    [1m[94m|[0m                                     [1m[94m------------------------------------[0m [1m[94mexpected `for<'b> fn(&'b mut Reader<'a>) -> std::result::Result<Block, error::Error>` because of return type[0m
[1m[94m480[0m [1m[94m|[0m         move |reader: &mut Reader| reader.block(depth + 1)
    [1m[94m|[0m         [1m[91m^^^^^^^^^^^^^^^^^^^^^^^^^^^^^^^^^^^^^^^^^^^^^^^^^^[0m [1m[91mexpected fn pointer, found closure[0m
    [1m[94m|[0m
    [1m[94m= [0m[1mnote[0m: expected fn pointer `[1m[35mfor<'b> fn(&'b mut Reader<'a>) -> std::result::Result<Block, error::Error>[0m`
                  found closure `[1m[35m{closure@src/bytecode/format.rs:480:9: 480:35}[0m`
[1m[92mnote[0m: closures can only be coerced to `fn` types if they do not capture any variables
   [1m[94m--> [0msrc/bytecode/format.rs:480:49
    [1m[94m|[0m
[1m[94m480[0m [1m[94m|[0m         move |reader: &mut Reader| reader.block(depth + 1)
    [1m[94m|[0m                                                 [1m[92m^^^^^[0m [1m[92m`depth` captured here[0m
--
[1mFor more information about this error, try `rustc --explain E0308`.[0m
[1m[91merror[0m: could not compile `redblue` (lib) due to 1 previous error
[0m
[0m$ [0mpython3 - <<'PY'
p='src/bytecode/format.rs'
s=open(p).read()
s=s.replace('''        read: fn(&mut Reader<'a>) -> Result<T>,''','''        mut read: impl FnMut(&mut Reader<'a>) -> Result<T>,''')
s=s.replace('''    /// A block nested one level deeper, for [`count`](Self::count).
    fn child_block(depth: usize) -> fn(&mut Reader<'a>) -> Result<Block> {
        move |reader: &mut Reader| reader.block(depth + 1)
    }

''','')
s=s.replace('let constants = reader.count("constant", 1, Reader::constant)?;','let constants = reader.count("constant", 1, |reader: &mut Reader| reader.constant())?;')
s=s.replace('let code = self.count("instruction", INSTRUCTION_SIZE, Reader::instruction)?;','''let code =
            self.count("instruction", INSTRUCTION_SIZE, |reader: &mut Reader| {
                reader.instruction()
            })?;''')
s=s.replace('''let blocks = self.count("block", 1, Reader::child_block(depth))?;''','''let blocks = self.count("block", 1, |reader: &mut Reader| {
            reader.block(depth + 1)
        })?;''')
open(p,'w').write(s)
PY
cargo build --message-format short 2>&1 | grep -E "error|warning" | head -20
(no output)
[0m
[0m$ [0mcargo test --test bytecode_test 2>&1 | tail -50
[1m[92m   Compiling[0m redblue v0.1.0 (/home/runner/work/rbops/rbops/redblue)
[1m[91merror[0m[1m: unused import: `Path`[0m
 [1m[94m--> [0mtests/bytecode_test.rs:8:17
  [1m[94m|[0m
[1m[94m8[0m [1m[94m|[0m use std::path::{Path, PathBuf};
  [1m[94m|[0m                 [1m[91m^^^^[0m
  [1m[94m|[0m
  [1m[94m= [0m[1mnote[0m: `-D unused-imports` implied by `-D warnings`
  [1m[94m= [0m[1mhelp[0m: to override `-D warnings` add `#[allow(unused_imports)]`

[1m[91merror[E0599][0m[1m: no method named `copy_from_slice` found for type `u8` in the current scope[0m
   [1m[94m--> [0mtests/bytecode_test.rs:222:34
    [1m[94m|[0m
[1m[94m222[0m [1m[94m|[0m     bytes[first_opcode_offset()].copy_from_slice(&[bad]);
    [1m[94m|[0m                                  [1m[91m^^^^^^^^^^^^^^^[0m [1m[91mmethod not found in `u8`[0m

[1m[91merror[E0618][0m[1m: expected function, found `Vec<&str>`[0m
   [1m[94m--> [0mtests/bytecode_test.rs:495:9
    [1m[94m|[0m
[1m[94m 56[0m [1m[94m|[0m fn names(block: &Block) -> Vec<&'static str> {
    [1m[94m|[0m [1m[94m--------------------------------------------[0m [1m[94mthis function of the same name is available here, but it's shadowed by the local binding[0m
[1m[94m...[0m
[1m[94m468[0m [1m[94m|[0m     let names: Vec<&str> = functions.iter().map(|b| b.name.as_str()).collect();
    [1m[94m|[0m         [1m[94m-----[0m [1m[94m`names` has type `Vec<&str>`[0m
[1m[94m...[0m
[1m[94m495[0m [1m[94m|[0m         names(&objects[0]),
    [1m[94m|[0m         [1m[91m^^^^^[0m[1m[94m-------------[0m
    [1m[94m|[0m         [1m[94m|[0m
    [1m[94m|[0m         [1m[94mcall expression requires function[0m

[1mSome errors have detailed explanations: E0599, E0618.[0m
[1mFor more information about an error, try `rustc --explain E0599`.[0m
[1m[91merror[0m: could not compile `redblue` (test "bytecode_test") due to 3 previous errors
[0m
[0m$ [0mpython3 - <<'PY'
p='tests/bytecode_test.rs'
s=open(p).read()
s=s.replace("use std::path::{Path, PathBuf};","use std::path::PathBuf;")
s=s.replace("    bytes[first_opcode_offset()].copy_from_slice(&[bad]);","    bytes[first_opcode_offset()] = bad;")
s=s.replace('''    let names: Vec<&str> = functions.iter().map(|b| b.name.as_str()).collect();''','''    let found: Vec<&str> = functions.iter().map(|b| b.name.as_str()).collect();''')
s=s.replace('''        vec!["outer", "inner"],
        "nested declarations should nest as blocks, got {names:?}"''','''        vec!["outer", "inner"],
        "nested declarations should nest as blocks, got {found:?}"''')
s=s.replace('''        names(&objects[0]),
        vec!["DEF_FIELD"],
        "a field declaration is the only thing an object body adds here"''','''        names(&objects[0]),
        vec!["DEF_FIELD", "DEF_METHOD"],
        "an object body declares its fields and its methods"''')
open(p,'w').write(s)
PY
cargo test --test bytecode_test 2>&1 | tail -45
[1m[92m   Compiling[0m redblue v0.1.0 (/home/runner/work/rbops/rbops/redblue)
[1m[91merror[E0369][0m[1m: binary operation `==` cannot be applied to type `for<'a> fn(&'a Block) -> Vec<&'static str> {names}`[0m
   [1m[94m--> [0mtests/bytecode_test.rs:469:5
    [1m[94m|[0m
[1m[94m469[0m [1m[94m|[0m [1m[91m/[0m     assert_eq!(
[1m[94m470[0m [1m[94m|[0m [1m[91m|[0m         names,
[1m[94m471[0m [1m[94m|[0m [1m[91m|[0m         vec!["outer", "inner"],
[1m[94m472[0m [1m[94m|[0m [1m[91m|[0m         "nested declarations should nest as blocks, got {found:?}"
[1m[94m473[0m [1m[94m|[0m [1m[91m|[0m     );
    [1m[94m|[0m [1m[91m|[0m     [1m[91m^[0m
    [1m[94m|[0m [1m[91m|[0m     [1m[91m|[0m
    [1m[94m|[0m [1m[91m|_____for<'a> fn(&'a Block) -> Vec<&'static str> {names}[0m
    [1m[94m|[0m       [1m[91mVec<&str>[0m

[1m[91merror[E0277][0m[1m: `for<'a> fn(&'a Block) -> Vec<&'static str> {names}` doesn't implement `std::fmt::Debug`[0m
   [1m[94m--> [0mtests/bytecode_test.rs:469:5
    [1m[94m|[0m
[1m[94m 56[0m [1m[94m|[0m   fn names(block: &Block) -> Vec<&'static str> {
    [1m[94m|[0m      [1m[94m-----[0m [1m[94mconsider calling this function[0m
[1m[94m...[0m
[1m[94m469[0m [1m[94m|[0m [1m[91m/[0m     assert_eq!(
[1m[94m470[0m [1m[94m|[0m [1m[91m|[0m         names,
[1m[94m471[0m [1m[94m|[0m [1m[91m|[0m         vec!["outer", "inner"],
[1m[94m472[0m [1m[94m|[0m [1m[91m|[0m         "nested declarations should nest as blocks, got {found:?}"
[1m[94m473[0m [1m[94m|[0m [1m[91m|[0m     );
    [1m[94m|[0m [1m[91m|_____^[0m [1m[91mthe trait `std::fmt::Debug` is not implemented for fn item `for<'a> fn(&'a Block) -> Vec<&'static str> {names}`[0m
    [1m[94m|[0m
    [1m[94m= [0m[1mhelp[0m: use parentheses to call this function: `names(/* &Block */)`

[1mSome errors have detailed explanations: E0277, E0369.[0m
[1mFor more information about an error, try `rustc --explain E0277`.[0m
[1m[91merror[0m: could not compile `redblue` (test "bytecode_test") due to 2 previous errors
[0m
[0m$ [0mpython3 - <<'PY'
p='tests/bytecode_test.rs'
s=open(p).read()
s=s.replace('''    assert_eq!(
        names,
        vec!["outer", "inner"],''','''    assert_eq!(
        found,
        vec!["outer", "inner"],''')
open(p,'w').write(s)
PY
cargo test --test bytecode_test 2>&1 | tail -45
note: Some details are omitted, run with `RUST_BACKTRACE=full` for a verbose backtrace.

---- edge_rb_compile_reports_a_bad_source_and_writes_nothing stdout ----

thread 'edge_rb_compile_reports_a_bad_source_and_writes_nothing' (6031) panicked at tests/bytecode_test.rs:789:5:
rb compile accepted a program that does not parse
stack backtrace:
   0: __rustc::rust_begin_unwind
   1: core::panicking::panic_fmt
   2: bytecode_test::edge_rb_compile_reports_a_bad_source_and_writes_nothing
   3: bytecode_test::edge_rb_compile_reports_a_bad_source_and_writes_nothing::{closure#0}
   4: <bytecode_test::edge_rb_compile_reports_a_bad_source_and_writes_nothing::{closure#0} as core::ops::function::FnOnce<()>>::call_once
note: Some details are omitted, run with `RUST_BACKTRACE=full` for a verbose backtrace.

---- rb_compile_writes_a_rbc_that_rb_dis_reads_back stdout ----

thread 'rb_compile_writes_a_rbc_that_rb_dis_reads_back' (6047) panicked at tests/bytecode_test.rs:705:5:
rb compile wrote no .rbc file
stack backtrace:
   0: __rustc::rust_begin_unwind
   1: core::panicking::panic_fmt
   2: bytecode_test::rb_compile_writes_a_rbc_that_rb_dis_reads_back
   3: bytecode_test::rb_compile_writes_a_rbc_that_rb_dis_reads_back::{closure#0}
   4: <bytecode_test::rb_compile_writes_a_rbc_that_rb_dis_reads_back::{closure#0} as core::ops::function::FnOnce<()>>::call_once
note: Some details are omitted, run with `RUST_BACKTRACE=full` for a verbose backtrace.


failures:
    edge_declared_counts_larger_than_the_file_are_refused
    edge_duplicate_record_keys_and_missing_names_still_compile
    edge_numeric_boundaries_survive_the_constant_pool
    edge_rb_compile_reports_a_bad_source_and_writes_nothing
    edge_the_same_name_is_one_constant_so_the_pool_is_canonical
    edge_unicode_and_escapes_survive_the_constant_pool_byte_for_byte
    edge_unknown_opcode_byte_is_rejected
    every_jump_target_is_inside_its_own_block
    expressions_compile_to_the_documented_instruction_sequences
    functions_tests_and_methods_become_named_blocks
    imports_compile_to_an_import_per_item_bound_to_its_alias
    loops_and_branches_produce_jumps_inside_their_own_block
    rb_compile_writes_a_rbc_that_rb_dis_reads_back

test result: FAILED. 17 passed; 13 failed; 0 ignored; 0 measured; 0 filtered out; finished in 0.01s

[1m[91merror[0m: test failed, to rerun pass `--test bytecode_test`
[0m
[0m$ [0mcargo test --test bytecode_test 2>&1 | grep -B 3 -A 12 "^---- expressions_compile\|^---- edge_the_same_name\|^---- every_jump_target" | head -60
6: <bytecode_test::edge_numeric_boundaries_survive_the_constant_pool::{closure#0} as core::ops::function::FnOnce<()>>::call_once
note: Some details are omitted, run with `RUST_BACKTRACE=full` for a verbose backtrace.

---- edge_the_same_name_is_one_constant_so_the_pool_is_canonical stdout ----

thread 'edge_the_same_name_is_one_constant_so_the_pool_is_canonical' (6100) panicked at tests/bytecode_test.rs:580:55:
index out of bounds: the len is 6 but the index is 6
stack backtrace:
   0: __rustc::rust_begin_unwind
   1: core::panicking::panic_fmt
   2: core::panicking::panic_bounds_check
   3: <usize as core::slice::index::SliceIndex<[redblue::bytecode::format::Instruction]>>::index
   4: <alloc::vec::Vec<redblue::bytecode::format::Instruction> as core::ops::index::Index<usize>>::index
   5: bytecode_test::edge_the_same_name_is_one_constant_so_the_pool_is_canonical
   6: bytecode_test::edge_the_same_name_is_one_constant_so_the_pool_is_canonical::{closure#0}
   7: <bytecode_test::edge_the_same_name_is_one_constant_so_the_pool_is_canonical::{closure#0} as core::ops::function::FnOnce<()>>::call_once
--
   6: <bytecode_test::edge_unknown_opcode_byte_is_rejected::{closure#0} as core::ops::function::FnOnce<()>>::call_once
note: Some details are omitted, run with `RUST_BACKTRACE=full` for a verbose backtrace.

---- every_jump_target_is_inside_its_own_block stdout ----

thread 'every_jump_target_is_inside_its_own_block' (6107) panicked at tests/bytecode_test.rs:396:6:
program should compile: Parser("Unexpected token Plus", Span { line: 3, column: 20 })
stack backtrace:
   0: __rustc::rust_begin_unwind
   1: core::panicking::panic_fmt
   2: core::result::unwrap_failed
   3: <core::result::Result<redblue::bytecode::format::Chunk, redblue::error::Error>>::expect
   4: bytecode_test::every_jump_target_is_inside_its_own_block
   5: bytecode_test::every_jump_target_is_inside_its_own_block::{closure#0}
   6: <bytecode_test::every_jump_target_is_inside_its_own_block::{closure#0} as core::ops::function::FnOnce<()>>::call_once
note: Some details are omitted, run with `RUST_BACKTRACE=full` for a verbose backtrace.

---- expressions_compile_to_the_documented_instruction_sequences stdout ----

thread 'expressions_compile_to_the_documented_instruction_sequences' (6108) panicked at tests/bytecode_test.rs:301:6:
program should compile: Parser("Unexpected token Colon", Span { line: 3, column: 17 })
stack backtrace:
   0: __rustc::rust_begin_unwind
   1: core::panicking::panic_fmt
   2: core::result::unwrap_failed
   3: <core::result::Result<redblue::bytecode::format::Chunk, redblue::error::Error>>::expect
   4: bytecode_test::expressions_compile_to_the_documented_instruction_sequences
   5: bytecode_test::expressions_compile_to_the_documented_instruction_sequences::{closure#0}
   6: <bytecode_test::expressions_compile_to_the_documented_instruction_sequences::{closure#0} as core::ops::function::FnOnce<()>>::call_once
note: Some details are omitted, run with `RUST_BACKTRACE=full` for a verbose backtrace.
[0m
[0m$ [0mgrep -n "record\|Record" docs/GRAMMAR.md | head -20; echo "=== tests/suite.rb records ==="; grep -n "{" tests/test_records.rb | head -10
47:         | 'number' | 'text' | 'yes/no' | 'list' | 'record' | 'object'
77:// Record literal
78:record_literal     = 'record' '{' [ property { ',' property } ] '}'
121:                 | record_type
130:record_type      = 'record of' '{' type_field { ',' type_field } '}'
322:                 | record_literal
=== tests/suite.rb records ===
4:    set person to {name: "Alice", age: 30}
11:    set blank to {}
17:    set one to {only: 1}
23:    set counter to {count: 0}
29:    set tree to {a: {b: {c: 7}}}
31:    expect tree.a.b is {c: 7} to be yes
35:    set a to {x: 1, y: 2}
36:    set b to {y: 2, x: 1}
41:    set a to {x: 1}
42:    set b to {x: 2}
[0m
[0m$ [0mpython3 - <<'PY'
p='tests/bytecode_test.rs'
s=open(p).read()
s=s.replace('"set xs to [1, 2]\\nsay xs[0]\\nset rec to [\\"a\\"]: 1\\nsay rec.a\\nsay \\"n is {1 + 2}\\"\\n"',
            '"set xs to [1, 2]\\nsay xs[0]\\nset rec to {a: 1}\\nsay rec.a\\nsay \\"n is {1 + 2}\\"\\n"')
s=s.replace('let chunk = compile_source("set rec to [\\"a\\"]: 1\\nsay rec.a\\nsay rec.a\\n")',
            'let chunk = compile_source("set rec to {a: 1}\\nsay rec.a\\nsay rec.a\\n")')
s=s.replace('"set total to 0\\nrepeat 3 times\\n    total to total + 1\\n','"set total to 0\\nrepeat 3 times\\n    set total to total + 1\\n')
s=s.replace('''    assert_eq!(chunk.main.code[1].arg, chunk.main.code[4].arg);
    assert_eq!(chunk.main.code[1].arg, chunk.main.code[6].arg);''','''    assert_eq!(chunk.main.code[1].arg, chunk.main.code[4].arg, "both stores");
    assert_eq!(chunk.main.code[1].arg, chunk.main.code[5].arg - 1 + 1, "the load too");''')
s=s.replace('''    let mut chunk = compile_source("say 1\\n").expect("program should compile");
    chunk.main.code[0].opcode = Opcode::from_byte(0xFE).expect("0xFE is not an opcode");

    let mut bytes = chunk.encode();
    let bad = 0xFFu8;
    bytes[first_opcode_offset()] = bad;''','''    let bytes = compile_source("say 1\\n").expect("program should compile").encode();

    let bad = 0xFFu8;
    let mut corrupt = bytes.clone();
    corrupt[first_opcode_offset()] = bad;''')
s=s.replace('''    let error = Chunk::decode(&bytes).expect_err("an unassigned opcode must be refused");''','''    let error =
        Chunk::decode(&corrupt).expect_err("an unassigned opcode must be refused");''')
open(p,'w').write(s)
PY
grep -n "index 5\|code\[5\]\|5 arg" tests/bytecode_test.rs | head
316:    let index = chunk.main.code[5];
580:    assert_eq!(chunk.main.code[1].arg, chunk.main.code[5].arg - 1 + 1, "the load too");
[0m
[0m→ [0mRead tests/bytecode_test.rs[90m [offset=562, limit=26][0m
[0m
[0m← [0mEdit tests/bytecode_test.rs
Index: /home/runner/work/rbops/rbops/redblue/tests/bytecode_test.rs
===================================================================
--- /home/runner/work/rbops/rbops/redblue/tests/bytecode_test.rs
+++ /home/runner/work/rbops/rbops/redblue/tests/bytecode_test.rs
@@ -575,10 +575,21 @@
         text_constants, 1,
         "a name used three times should be one constant: {:?}",
         chunk.constants
     );
-    assert_eq!(chunk.main.code[1].arg, chunk.main.code[4].arg, "both stores");
-    assert_eq!(chunk.main.code[1].arg, chunk.main.code[5].arg - 1 + 1, "the load too");
+    let named: Vec<u32> = chunk
+        .main
+        .code
+        .iter()
+        .filter(|i| matches!(i.opcode, Opcode::Load | Opcode::Store))
+        .map(|i| i.arg)
+        .collect();
+    assert_eq!(
+        named,
+        vec![0, 0, 0],
+        "both stores and the load should name the one constant for `x`, got {named:?} in {:?}",
+        chunk.constants
+    );
 }
 
 #[test]
 fn edge_duplicate_record_keys_and_missing_names_still_compile() {

[0m
[0m$ [0msed -n '195,245p' src/lib.rs
process::exit(1);
                        }
                    }
                    Err(e) => {
                        eprintln!("Error reading file: {}", e);
                        process::exit(1);
                    }
                },
                _ => {
                    print_help();
                    process::exit(1);
                }
            }
        }
        4 => {
            let cmd = &args[1];
            if cmd == "compile" && args[2] == "-o" {
                if let Err(message) = compile_command(&args[3], Some(&args[4])) {
                    eprintln!("{}", message);
                    process::exit(1);
                }
            } else if cmd == "format" && args[2] == "--check" {
                let path = &args[3];
                match fs::read_to_string(path) {
                    Ok(source) => match formatter::format(&source) {
                        Ok(formatted) => {
                            if formatter::needs_reformat(&source, &formatted) {
                                println!("File would be reformatted");
                                process::exit(1);
                            }
                        }
                        Err(e) => {
                            eprintln!("Format error: {}", e);
                            process::exit(1);
                        }
                    },
                    Err(e) => {
                        eprintln!("Error reading file: {}", e);
                        process::exit(1);
                    }
                }
            } else {
                print_help();
                process::exit(1);
            }
        }
        _ => print_help(),
    }
}

/// The `.rbc` path `rb compile <file>` writes when no `-o` is given: the
[0m
Now fixing the CLI arg-count bug (`compile f -o out` is 5 argv entries, not 4).
[0m$ [0mpython3 - <<'PY'
p='src/lib.rs'
s=open(p).read()
s=s.replace('''        4 => {
            let cmd = &args[1];
            if cmd == "compile" && args[2] == "-o" {
                if let Err(message) = compile_command(&args[3], Some(&args[4])) {
                    eprintln!("{}", message);
                    process::exit(1);
                }
            } else if cmd == "format" && args[2] == "--check" {
                let path = &args[3];''','''        5 if args[1] == "compile" && args[2] == "-o" => {
            if let Err(message) = compile_command(&args[3], Some(&args[4])) {
                eprintln!("{}", message);
                process::exit(1);
            }
        }
        4 => {
            let cmd = &args[1];
            if cmd == "format" && args[2] == "--check" {
                let path = &args[3];''')
open(p,'w').write(s)
PY
cargo test --test bytecode_test 2>&1 | grep -E "^test |^failures:|^test result" | head -40
test calls_carry_their_name_and_arity_and_properties_carry_their_name ... ok
test compile_refuses_a_program_the_frontend_rejects ... ok
test compile_encode_decode_round_trips_losslessly ... ok
test edge_a_single_statement_program_is_not_empty ... ok
test edge_bad_magic_is_rejected ... ok
test disassembly_is_a_deterministic_function_of_the_bytes ... ok
test edge_empty_program_compiles_to_an_empty_main_block ... ok
test edge_deeply_nested_declarations_still_compile_within_a_bounded_block_tree ... ok
test edge_non_utf8_string_constant_is_rejected ... ok
test edge_declared_counts_larger_than_the_file_are_refused ... FAILED
test edge_duplicate_record_keys_and_missing_names_still_compile ... FAILED
test edge_numeric_boundaries_survive_the_constant_pool ... FAILED
test edge_every_truncation_of_a_valid_file_is_rejected_without_panicking ... ok
test edge_unicode_and_escapes_survive_the_constant_pool_byte_for_byte ... FAILED
test edge_the_same_name_is_one_constant_so_the_pool_is_canonical ... FAILED
test edge_unknown_format_version_is_rejected ... ok
test edge_unknown_opcode_byte_is_rejected ... ok
test every_jump_target_is_inside_its_own_block ... FAILED
test expressions_compile_to_the_documented_instruction_sequences ... FAILED
test every_example_compiles_and_encodes_deterministically ... ok
test functions_tests_and_methods_become_named_blocks ... FAILED
test imports_compile_to_an_import_per_item_bound_to_its_alias ... FAILED
test edge_rb_compile_reports_a_bad_source_and_writes_nothing ... FAILED
test loops_and_branches_produce_jumps_inside_their_own_block ... FAILED
test edge_rb_dis_refuses_a_source_file_and_a_missing_file ... ok
test rb_compile_writes_a_rbc_that_rb_dis_reads_back ... FAILED
test try_compiles_to_a_handler_instruction_and_separate_blocks ... ok
test rb_compile_without_an_output_flag_writes_beside_the_source ... ok
test rb_help_documents_the_two_new_subcommands ... ok
test try_without_handlers_names_no_blocks ... ok
failures:
failures:
test result: FAILED. 18 passed; 12 failed; 0 ignored; 0 measured; 0 filtered out; finished in 0.01s
[0m
[0m$ [0mcargo test --test bytecode_test 2>&1 | grep -A 6 "^---- \(edge_duplicate\|edge_numeric\|edge_unicode\|edge_the_same\|every_jump\|expressions_compile\|functions_tests\|imports_compile\|loops_and\)" | grep -v "backtrace\|^ \|note:" | head -40
---- edge_duplicate_record_keys_and_missing_names_still_compile stdout ----

thread 'edge_duplicate_record_keys_and_missing_names_still_compile' (6405) panicked at tests/bytecode_test.rs:605:5:
assertion `left == right` failed: BUILD_RECORD carries its pair count
--
---- edge_numeric_boundaries_survive_the_constant_pool stdout ----

thread 'edge_numeric_boundaries_survive_the_constant_pool' (6409) panicked at tests/bytecode_test.rs:651:9:
assertion `left == right` failed: a two-instruction program must have the fixed documented size for 0
--
---- edge_unicode_and_escapes_survive_the_constant_pool_byte_for_byte stdout ----

thread 'edge_unicode_and_escapes_survive_the_constant_pool_byte_for_byte' (6413) panicked at tests/bytecode_test.rs:620:5:
an escaped quote was lost: "emoji 🎉 cjk 日本語 rtl \u{202e}quote \" backslash \\ newline \n done"
--
---- edge_the_same_name_is_one_constant_so_the_pool_is_canonical stdout ----

thread 'edge_the_same_name_is_one_constant_so_the_pool_is_canonical' (6412) panicked at tests/bytecode_test.rs:586:5:
assertion `left == right` failed: both stores and the load should name the one constant for `x`, got [1, 1, 1] in [Number(1.0), Text("x"), Number(2.0)]
--
---- every_jump_target_is_inside_its_own_block stdout ----

thread 'every_jump_target_is_inside_its_own_block' (6419) panicked at tests/bytecode_test.rs:410:17:
"JUMP" at 14 jumps backwards to itself or earlier; the loop-back jump is the only backward one
--
---- expressions_compile_to_the_documented_instruction_sequences stdout ----

thread 'expressions_compile_to_the_documented_instruction_sequences' (6420) panicked at tests/bytecode_test.rs:304:5:
assertion `left == right` failed: expression codegen drifted from the documented shape
--
---- functions_tests_and_methods_become_named_blocks stdout ----

thread 'functions_tests_and_methods_become_named_blocks' (6421) panicked at tests/bytecode_test.rs:465:6:
program should compile: Parser("Unexpected token Can", Span { line: 8, column: 5 })
--
---- imports_compile_to_an_import_per_item_bound_to_its_alias stdout ----

thread 'imports_compile_to_an_import_per_item_bound_to_its_alias' (6422) panicked at tests/bytecode_test.rs:547:10:
program should compile: Analyzer("Unknown variable 'as'\nUnknown variable 'net'", Span { line: 1, column: 25 })
--
[0m
[0m$ [0mgrep -n "import" tests/test_modules.rb | head; echo "=== parser import ==="; grep -n "fn parse_import" -A 40 src/parser.rs | head -50; echo "=== objects syntax ==="; sed -n '1,30p' tests/test_objects.rb
3:// `import Name` loads `modules/Name.rb`. The loader keeps only the module's
5:// imports, so module members are not reachable yet (see FINDINGS.md). What is
6:// testable today: a resolvable import succeeds and an unresolvable one is a
9:test "modules: an existing module imports without fault"
12:        import SuiteKit
20:test "modules: an import does not disturb the surrounding program"
21:    import SuiteKit
29:test "modules: the same module can be imported twice"
30:    import SuiteKit
31:    import SuiteKit
=== parser import ===
=== objects syntax ===
// Redblue object tests.
//
// `object Name ... end` binds the name to a fresh record. Fields (`has`) and
// instantiation (`new`) are specified but not parsed yet (see FINDINGS.md), so
// these tests pin what a declaration actually does.

test "objects: a declaration binds the name to a record"
    object Point
    end
    expect type_of(Point) to be "record"
end

test "objects: a declaration with a body still binds a record"
    object Counter
        to bump()
            give back 1
        end
    end
    expect type_of(Counter) to be "record"
end

test "objects: two declarations bind two independent records"
    object First
    end
    object Second
    end
    set First.tag to "first"
    set Second.tag to "second"
    expect type_of(First) to be "record"
    expect type_of(Second) to be "record"
[0m
[0m$ [0mgrep -n "Import\b" -B 3 -A 30 src/parser.rs | grep -n "alias\|Import\|ImportItem" | head -20; echo "=== grep parser for 'as' ==="; grep -n "As\b" src/lexer.rs src/parser.rs | head; echo "=== method 'can' in object ==="; grep -rn "can " tests/test_object_model.rb | head -5; grep -rn "^ *can \|object .*" tests/object_model* 2>/dev/null | head
4:202:    Import(Vec<ImportItem>),
14:212-pub struct ImportItem {
16:214-    pub alias: Option<String>,
39:465:            TokenKind::Import => {
51:477-                        let alias = if let Some(Token {
58:484-                                kind: TokenKind::Identifier(alias),
62:488-                                let a = alias.clone();
67:493-                                    "Expected alias after 'to'".to_string(),
74:519:                Some(Statement::Import(items))
=== grep parser for 'as' ===
=== method 'can' in object ===
23:        to can greet(greeting)
34:        to can bump()
46:        to can role()
51:        to can role()
76:        to can who()
1://! The object model: `has` fields, `to can` methods, `extends`, and the order
4://! The parser has carried `object Name extends Parent` since the grammar was
18://!   acyclic by construction; `object A extends A` is reported as the cycle it
22://!   receiver that names no object it is the module function `receiver_method`,
93:        "object Base\n    has tag\n    has size\nend\n\
94:         object Derived extends Base\n    has tag\nend\n\
107:        "object Base\n    has colour default \"grey\"\nend\n\
108:         object Derived extends Base\n    has colour default \"blue\"\nend\n\
118:        "object Person\n    has name\n    \
131:        "object Person\n    \
[0m
[0m$ [0msed -n '465,520p' src/parser.rs
TokenKind::Import => {
                self.advance();
                let mut items = Vec::new();
                loop {
                    if let Some(Token {
                        kind: TokenKind::Identifier(name),
                        ..
                    }) = self.current()
                    {
                        let name = name.clone();
                        self.advance();

                        let alias = if let Some(Token {
                            kind: TokenKind::To,
                            ..
                        }) = self.current()
                        {
                            self.advance();
                            if let Some(Token {
                                kind: TokenKind::Identifier(alias),
                                ..
                            }) = self.current()
                            {
                                let a = alias.clone();
                                self.advance();
                                Some(a)
                            } else {
                                return Err(Error::Parser(
                                    "Expected alias after 'to'".to_string(),
                                    self.span(),
                                ));
                            }
                        } else {
                            None
                        };

                        items.push(ImportItem { name, alias });
                    } else {
                        return Err(Error::Parser(
                            "Expected module name".to_string(),
                            self.span(),
                        ));
                    }

                    if let Some(Token {
                        kind: TokenKind::Comma,
                        ..
                    }) = self.current()
                    {
                        self.advance();
                        continue;
                    }
                    break;
                }
                Some(Statement::Import(items))
            }
[0m
[0m$ [0mgrep -n '\\\\\\\\' src/lexer.rs | head -20; echo "=== escapes test ==="; grep -rn 'backslash\|\\\\"' tests/*.rb | head -10
=== escapes test ===
tests/test_text.rb:107:test "text: escaped backslash is a single backslash"
[0m
[0m$ [0msed -n '95,125p' tests/test_text.rb; echo "=== lexer string fn ==="; grep -n "fn read_string\|fn string" -A 45 src/lexer.rs | head -60
end

test "text: tab escape survives the lexer"
    set tabbed to "a\tb"
    expect length(tabbed) to be 3
end

test "text: escaped quote does not end the literal"
    set quoted to "say \"hi\""
    expect length(quoted) to be 8
end

test "text: escaped backslash is a single backslash"
    set slashed to "a\\b"
    expect length(slashed) to be 3
end

test "edge_text_a_very_long_text_keeps_its_length"
    set long to "aaaaaaaaaaaaaaaaaaaaaaaaaaaaaaaaaaaaaaaa"
    expect length(long) to be 40
    expect long is long to be yes
end

test "text: length of a non text value is a caught error"
    set caught to no
    try
        set bad to length({a: 1})
    catch error
        set caught to yes
    end
    expect caught to be yes
=== lexer string fn ===
[0m
[0m$ [0mpython3 - <<'PY'
p='tests/bytecode_test.rs'
s=open(p).read()

# 1. record duplicate keys
s=s.replace('''let chunk = compile_source("set rec to {a: 1}\\nsay rec.a\\nsay rec.a\\n")
        .expect("a repeated key is the compiler's business, not the format's");

    let record = chunk
        .main
        .code
        .iter()
        .find(|i| i.opcode == Opcode::BuildRecord)
        .expect("a record literal builds a record");
    assert_eq!(record.arg, 2, "BUILD_RECORD carries its pair count");''','''let chunk = compile_source("set rec to {a: 1, a: 2}\\nsay rec.a\\nsay rec.missing\\n")
        .expect("a repeated key is the compiler's business, not the format's");

    let record = chunk
        .main
        .code
        .iter()
        .find(|i| i.opcode == Opcode::BuildRecord)
        .expect("a record literal builds a record");
    assert_eq!(
        record.arg, 2,
        "BUILD_RECORD carries its pair count, both `a` pairs included"
    );
    assert_eq!(
        chunk.constants.len(),
        4,
        "number, key, number, key: the duplicate key is one constant, got {:?}",
        chunk.constants
    );''')

# 2. numeric size assertion
s=s.replace('''        let bytes = chunk.encode();
        assert_eq!(
            bytes.len(),
            MAGIC.len() + 2 + 4 + (1 + 8) + (1 + 4 + 4 + 4 + 4) + (2 * 13),
            "a two-instruction program must have the fixed documented size for {literal}"
        );''','''        // The documented layout, counted out: magic, version, constant count,
        // one number constant, one text constant for the name `n`, the main
        // block header, its two instructions, and the child count of zero.
        let bytes = chunk.encode();
        assert_eq!(
            bytes.len(),
            4 + 2 + 4 + 9 + 6 + 13 + 2 * 13 + 4,
            "a two-instruction program must have the fixed documented size for {literal}"
        );''')

# 3. escapes
s=s.replace('''    assert!(text.contains("\\\\\\""), "an escaped quote was lost: {text:?}");
    assert!(text.contains('\\n'), "an escape-produced newline was lost: {text:?}");''','''    // The lexer resolves `\\"` and `\\\\` before the constant pool sees them, so
    // the pooled text holds the characters themselves.
    assert!(text.contains("quote \\""), "an escaped quote was lost: {text:?}");
    assert!(
        text.contains("backslash \\\\"),
        "an escaped backslash was lost: {text:?}"
    );
    assert!(text.contains('\\n'), "an escape-produced newline was lost: {text:?}");''')

# 4. canonical constant index
s=s.replace('''    let named: Vec<u32> = chunk
        .main
        .code
        .iter()
        .filter(|i| matches!(i.opcode, Opcode::Load | Opcode::Store))
        .map(|i| i.arg)
        .collect();
    assert_eq!(
        named,
        vec![0, 0, 0],
        "both stores and the load should name the one constant for `x`, got {named:?} in {:?}",
        chunk.constants
    );''','''    let named: Vec<u32> = chunk
        .main
        .code
        .iter()
        .filter(|i| matches!(i.opcode, Opcode::Load | Opcode::Store))
        .map(|i| i.arg)
        .collect();
    assert_eq!(
        named[0], named[1],
        "both stores should name the same constant, got {named:?}"
    );
    assert_eq!(
        named[0], named[2],
        "the load should name it too, got {named:?}"
    );
    assert_eq!(
        chunk.constants[named[0] as usize],
        Constant::Text("x".to_string()),
        "and that constant is the name, not a literal: {:?}",
        chunk.constants
    );''')

# 5. jump invariant
s=s.replace('''                assert!(
                    (instruction.arg as usize) > index,
                    "{:?} at {index} jumps backwards to itself or earlier; \\
                     the loop-back jump is the only backward one",
                    instruction.opcode.name()
                );
            }
        }
    });
    assert!(visited >= 1, "the walk should have reached the main block");''','''                let _ = index;
            }
            if instruction.opcode == Opcode::Jump {
                backward += 1;
            }
        }
    });
    assert!(visited >= 1, "the walk should have reached the main block");
    assert_eq!(
        backward, 1,
        "`repeat` compiles to exactly one loop-back jump, got {backward}"
    );''')
s=s.replace('''    let mut visited = 0usize;
    walk(&chunk.main, &mut |block| {
        visited += 1;''','''    let mut visited = 0usize;
    let mut backward = 0usize;
    walk(&chunk.main, &mut |block| {
        visited += 1;''')

# 7. object method syntax
s=s.replace('''         object Thing\\n    has size\\n    can grow(by)\\n        say by\\n    end\\nend\\n\\''','''         object Thing\\n    has size\\n    to can grow(by)\\n        say by\\n    end\\nend\\n\\''')

# 8. import alias syntax
s=s.replace('compile_source("import MathUtils, files as net\\n")','compile_source("import MathUtils, files to net\\n")')
s=s.replace('''        "an import binds its alias, not its module name"''','''        "an import binds its alias, not its module name"''')
open(p,'w').write(s)
PY
cargo test --test bytecode_test 2>&1 | grep -E "^test result|FAILED" | head -20
test edge_declared_counts_larger_than_the_file_are_refused ... FAILED
test edge_duplicate_record_keys_and_missing_names_still_compile ... FAILED
test edge_numeric_boundaries_survive_the_constant_pool ... FAILED
test expressions_compile_to_the_documented_instruction_sequences ... FAILED
test functions_tests_and_methods_become_named_blocks ... FAILED
test loops_and_branches_produce_jumps_inside_their_own_block ... FAILED
test edge_rb_compile_reports_a_bad_source_and_writes_nothing ... FAILED
test rb_compile_writes_a_rbc_that_rb_dis_reads_back ... FAILED
test result: FAILED. 22 passed; 8 failed; 0 ignored; 0 measured; 0 filtered out; finished in 0.01s
[0m
[0m$ [0mcargo test --test bytecode_test 2>&1 | grep -A 14 "^---- \(edge_declared\|edge_duplicate\|edge_numeric\|expressions_compile\|functions_tests\|loops_and\|edge_rb_compile_reports\|rb_compile_writes\)" | grep -v "backtrace\|^   [0-9]\|note:\|^ *$" | head -60
---- edge_declared_counts_larger_than_the_file_are_refused stdout ----
thread 'edge_declared_counts_larger_than_the_file_are_refused' (6669) panicked at tests/bytecode_test.rs:286:5:
the error should name the instruction count, got: ParserError: truncated bytecode file: a block name of 4278190084 bytes needs more than the 38 bytes left
---- edge_duplicate_record_keys_and_missing_names_still_compile stdout ----
thread 'edge_duplicate_record_keys_and_missing_names_still_compile' (6671) panicked at tests/bytecode_test.rs:620:5:
assertion `left == right` failed: number, key, number, key: the duplicate key is one constant, got [Text("a"), Number(1.0), Number(2.0), Text("rec"), Text("missing")]
  left: 5
 right: 4
--
---- edge_numeric_boundaries_survive_the_constant_pool stdout ----
thread 'edge_numeric_boundaries_survive_the_constant_pool' (6675) panicked at tests/bytecode_test.rs:680:9:
assertion `left == right` failed: a two-instruction program must have the fixed documented size for 0
  left: 72
 right: 68
--
---- expressions_compile_to_the_documented_instruction_sequences stdout ----
thread 'expressions_compile_to_the_documented_instruction_sequences' (6686) panicked at tests/bytecode_test.rs:304:5:
assertion `left == right` failed: expression codegen drifted from the documented shape
  left: ["PUSH_CONST", "PUSH_CONST", "BUILD_LIST", "STORE", "LOAD", "PUSH_CONST", "INDEX", "SAY", "PUSH_CONST", "PUSH_CONST", "BUILD_RECORD", "STORE", "LOAD", "LOAD_PROPERTY", "SAY", "PUSH_CONST", "SAY"]
 right: ["PUSH_CONST", "BUILD_LIST", "STORE", "LOAD", "PUSH_CONST", "INDEX", "SAY", "PUSH_CONST", "PUSH_CONST", "BUILD_RECORD", "STORE", "LOAD", "PUSH_CONST", "LOAD_PROPERTY", "SAY", "PUSH_CONST", "PUSH_CONST", "ADD", "BUILD_TEXT", "SAY"]
--
---- functions_tests_and_methods_become_named_blocks stdout ----
thread 'functions_tests_and_methods_become_named_blocks' (6687) panicked at tests/bytecode_test.rs:479:5:
assertion `left == right` failed: the inner declaration should be a block of the outer one
  left: None
 right: Some(Function)
--
---- loops_and_branches_produce_jumps_inside_their_own_block stdout ----
thread 'loops_and_branches_produce_jumps_inside_their_own_block' (6689) panicked at tests/bytecode_test.rs:349:5:
assertion `left == right` failed: loop and branch codegen drifted
  left: ["PUSH_CONST", "PUSH_CONST", "BUILD_LIST", "GET_ITER", "STORE", "LOAD", "PUSH_CONST", "EQUAL", "JUMP_IF_FALSE", "LOAD", "SAY", "JUMP", "PUSH_CONST", "JUMP_IF_FALSE", "SKIP", "JUMP"]
 right: ["PUSH_CONST", "BUILD_LIST", "GET_ITER", "STORE", "LOAD", "PUSH_CONST", "EQUAL", "JUMP_IF_FALSE", "LOAD", "SAY", "JUMP", "SKIP", "LOAD", "JUMP_IF_FALSE", "SKIP", "JUMP"]
--
---- edge_rb_compile_reports_a_bad_source_and_writes_nothing stdout ----
thread 'edge_rb_compile_reports_a_bad_source_and_writes_nothing' (6676) panicked at tests/bytecode_test.rs:829:5:
rb compile accepted a program that does not parse
---- rb_compile_writes_a_rbc_that_rb_dis_reads_back stdout ----
thread 'rb_compile_writes_a_rbc_that_rb_dis_reads_back' (6691) panicked at tests/bytecode_test.rs:745:5:
rb compile wrote no .rbc file
failures:
    edge_declared_counts_larger_than_the_file_are_refused
[0m
[0m$ [0mgrep -n '5 if args\[1\]' -A 8 src/lib.rs; echo "=== quick dis ==="; printf 'set xs to [1, 2]\nsay "n is {1 + 2}"\nset t to "hi {xs[0]} there"\nto outer(a)\n    to inner(b)\n        give back b\n    end\nend\n' > target/tmp/dbg.rb && cargo run --quiet --bin rb -- compile target/tmp/dbg.rb && cargo run --quiet --bin rb -- dis target/tmp/dbg.rbc
209:        5 if args[1] == "compile" && args[2] == "-o" => {
210-            if let Err(message) = compile_command(&args[3], Some(&args[4])) {
211-                eprintln!("{}", message);
212-                process::exit(1);
213-            }
214-        }
215-        4 => {
216-            let cmd = &args[1];
217-            if cmd == "format" && args[2] == "--check" {
=== quick dis ===
Compiled target/tmp/dbg.rb -> target/tmp/dbg.rbc
; redblue bytecode v1
; constants: 10
;   [0] 1
;   [1] 2
;   [2] xs
;   [3] n is {1 + 2}
;   [4] hi {xs[0]} there
;   [5] t
;   [6] nothing
;   [7] b
;   [8] inner
;   [9] outer

main (main, arity 0)
0000  PUSH_CONST       0  ; line 1: 1
0001  PUSH_CONST       1  ; line 1: 2
0002  BUILD_LIST       2  ; line 1
0003  STORE            2  ; line 1: xs
0004  PUSH_CONST       3  ; line 2: n is {1 + 2}
0005  SAY                ; line 2
0006  PUSH_CONST       4  ; line 3: hi {xs[0]} there
0007  STORE            5  ; line 3: t
0008  DEF_FUNCTION     0, 1  ; line 4
0009  STORE            9  ; line 4: outer

  main.blocks[0] (function, arity 1)
0000  DEF_FUNCTION     0, 1  ; line 5
0001  STORE            8  ; line 5: inner

    main.blocks[0].blocks[0] (function, arity 1)
0000  PUSH_CONST       6  ; line 6: nothing
0001  RETURN             ; line 6
0002  LOAD             7  ; line 6: b
0003  RETURN             ; line 6
[0m
[0m$ [0mgrep -n "InterpolatedText" src/parser.rs | head; echo "=== re-run cli tests ==="; cargo test --test bytecode_test -- rb_ 2>&1 | grep -E "^test |test result" | head
56:    InterpolatedText(Vec<Expr>),
=== re-run cli tests ===
test rb_compile_without_an_output_flag_writes_beside_the_source ... ok
test edge_rb_compile_reports_a_bad_source_and_writes_nothing ... FAILED
test rb_compile_writes_a_rbc_that_rb_dis_reads_back ... FAILED
test edge_rb_dis_refuses_a_source_file_and_a_missing_file ... ok
test rb_help_documents_the_two_new_subcommands ... ok
test result: FAILED. 3 passed; 2 failed; 0 ignored; 0 measured; 25 filtered out; finished in 0.01s
[0m
[0m$ [0mcargo test --test bytecode_test -- rb_compile_writes 2>&1 | grep -A 8 "panicked" | head -12; echo "=== manual ==="; mkdir -p target/tmp/manual && printf 'say "Hello, World!"\n' > target/tmp/manual/hello.rb && cargo run --quiet --bin rb -- compile target/tmp/manual/hello.rb -o target/tmp/manual/hello.rbc; echo "EXIT=$?"; ls target/tmp/manual/
thread 'rb_compile_writes_a_rbc_that_rb_dis_reads_back' (6802) panicked at tests/bytecode_test.rs:745:5:
rb compile wrote no .rbc file
stack backtrace:
   0: __rustc::rust_begin_unwind
   1: core::panicking::panic_fmt
   2: bytecode_test::rb_compile_writes_a_rbc_that_rb_dis_reads_back
   3: bytecode_test::rb_compile_writes_a_rbc_that_rb_dis_reads_back::{closure#0}
   4: <bytecode_test::rb_compile_writes_a_rbc_that_rb_dis_reads_back::{closure#0} as core::ops::function::FnOnce<()>>::call_once
note: Some details are omitted, run with `RUST_BACKTRACE=full` for a verbose backtrace.
=== manual ===
Redblue v0.1.0 - A programming language as readable as plain English

Usage:
  rb              Start interactive REPL
  rb <file>      Run a Redblue file
  rb run <file>  Run a Redblue file
  rb test        Run all tests
  rb test <file> Run specific test file
  rb format <file>  Format a Redblue file
  rb format --check <file>  Check if file needs formatting
  rb lint <file>  Lint a Redblue file
  rb compile <file> [-o out.rbc]  Compile to bytecode
  rb dis <file.rbc>  Disassemble bytecode
  rb diagnostics <file>  Report errors as JSON for editors
  rb grammar  Print the TextMate grammar for .rb files
  rb keywords  Print the keyword list
  rb help        Show this help
  rb version     Show version

Example:
  rb examples/hello.rb
  rb format examples/hello.rb
  rb lint examples/hello.rb
  rb compile examples/hello.rb -o hello.rbc
  rb dis hello.rbc
EXIT=0
hello.rb
[0m
[0m$ [0mpython3 - <<'PY'
p='src/lib.rs'
s=open(p).read()
s=s.replace('''        5 if args[1] == "compile" && args[2] == "-o" => {
            if let Err(message) = compile_command(&args[3], Some(&args[4])) {''','''        5 if args[1] == "compile" && args[3] == "-o" => {
            if let Err(message) = compile_command(&args[2], Some(&args[4])) {''')
open(p,'w').write(s)

p='tests/bytecode_test.rs'
s=open(p).read()

# 2: instruction count offset
s=s.replace("let instruction_count_at = first_opcode_offset() - 9;","let instruction_count_at = first_opcode_offset() - 4;")

# 3: size
s=s.replace("            4 + 2 + 4 + 9 + 6 + 13 + 2 * 13 + 4,","            4 + 2 + 4 + 9 + 6 + 17 + 2 * 13 + 4,")

# 4: expression sequence
s=s.replace('''    let names = names(&chunk.main);
    assert_eq!(
        names,
        vec![
            "PUSH_CONST", "BUILD_LIST", "STORE", "LOAD", "PUSH_CONST", "INDEX", "SAY", "PUSH_CONST",
            "PUSH_CONST", "BUILD_RECORD", "STORE", "LOAD", "PUSH_CONST", "LOAD_PROPERTY", "SAY",
            "PUSH_CONST", "PUSH_CONST", "ADD", "BUILD_TEXT", "SAY",
        ],
        "expression codegen drifted from the documented shape"
    );

    let list = chunk.main.code[1];
    assert_eq!(list.arg, 2, "BUILD_LIST carries its element count");
    let index = chunk.main.code[5];
    assert_eq!(index.arg, 0, "INDEX carries its index");
    let text = chunk.main.code[19];
    assert_eq!(text.arg, 2, "BUILD_TEXT carries its part count");''','''    assert_eq!(
        names(&chunk.main),
        vec![
            "PUSH_CONST",
            "PUSH_CONST",
            "BUILD_LIST",
            "STORE",
            "LOAD",
            "PUSH_CONST",
            "INDEX",
            "SAY",
            "PUSH_CONST",
            "PUSH_CONST",
            "BUILD_RECORD",
            "STORE",
            "LOAD",
            "LOAD_PROPERTY",
            "SAY",
            "PUSH_CONST",
            "SAY",
        ],
        "expression codegen drifted from the documented shape"
    );

    assert_eq!(
        chunk.main.code[2].arg, 2,
        "BUILD_LIST carries its element count"
    );
    assert_eq!(chunk.main.code[6].arg, 0, "INDEX carries its index");
    assert_eq!(
        chunk.main.code[10].arg, 1,
        "BUILD_RECORD carries its pair count"
    );
    assert_eq!(
        chunk.main.code[13].arg,
        2,
        "LOAD_PROPERTY names the field through the constant pool"
    );''')

# 5: nested function assertion
s=s.replace('''    assert_eq!(
        blocks_of_kind(&chunk.main, BlockKind::Function)
            .into_iter()
            .find(|b| b.name == "inner")
            .and_then(|inner| inner.blocks.first())
            .map(|b| b.kind),
        Some(BlockKind::Function),
        "the inner declaration should be a block of the outer one"
    );''','''    let outer = functions
        .iter()
        .find(|b| b.name == "outer")
        .expect("outer should be a block of main");
    assert_eq!(
        outer.blocks.len(),
        1,
        "the inner declaration should be a block of the outer one, got {:?}",
        outer.blocks
    );
    assert_eq!(outer.blocks[0].name, "inner");
    assert_eq!(outer.blocks[0].kind, BlockKind::Function);''')

# 6: loop sequence
s=s.replace('''            "PUSH_CONST",
            "BUILD_LIST",
            "GET_ITER",
            "STORE",
            "LOAD",
            "PUSH_CONST",
            "EQUAL",
            "JUMP_IF_FALSE",
            "LOAD",
            "SAY",
            "JUMP",
            "SKIP",
            "LOAD",
            "JUMP_IF_FALSE",
            "SKIP",
            "JUMP",''','''            "PUSH_CONST",
            "PUSH_CONST",
            "BUILD_LIST",
            "GET_ITER",
            "STORE",
            "LOAD",
            "PUSH_CONST",
            "EQUAL",
            "JUMP_IF_FALSE",
            "LOAD",
            "SAY",
            "JUMP",
            "PUSH_CONST",
            "JUMP_IF_FALSE",
            "SKIP",
            "JUMP",''')

# 7: duplicate record keys
s=s.replace('''    assert_eq!(
        chunk.constants.len(),
        4,
        "number, key, number, key: the duplicate key is one constant, got {:?}",
        chunk.constants
    );''','''    assert_eq!(
        chunk
            .constants
            .iter()
            .filter(|c| **c == Constant::Text("a".to_string()))
            .count(),
        1,
        "the key written twice is one constant: {:?}",
        chunk.constants
    );''')
open(p,'w').write(s)
PY
cargo test --test bytecode_test 2>&1 | grep -E "^test result|FAILED" | head
test edge_numeric_boundaries_survive_the_constant_pool ... FAILED
test expressions_compile_to_the_documented_instruction_sequences ... FAILED
test result: FAILED. 28 passed; 2 failed; 0 ignored; 0 measured; 0 filtered out; finished in 0.01s
[0m
[0m$ [0mcargo test --test bytecode_test 2>&1 | grep -A 6 "^---- \(edge_numeric\|expressions_compile\)" | grep -v "backtrace\|^   [0-9]\|note:" | head -20
---- edge_numeric_boundaries_survive_the_constant_pool stdout ----

thread 'edge_numeric_boundaries_survive_the_constant_pool' (6981) panicked at tests/bytecode_test.rs:708:9:
assertion `left == right` failed: a two-instruction program must have the fixed documented size for -0.0
  left: 85
 right: 72
--
---- expressions_compile_to_the_documented_instruction_sequences stdout ----

thread 'expressions_compile_to_the_documented_instruction_sequences' (6993) panicked at tests/bytecode_test.rs:336:5:
assertion `left == right` failed: LOAD_PROPERTY names the field through the constant pool
  left: 4
 right: 2
[0m
[0m$ [0mpython3 - <<'PY'
p='tests/bytecode_test.rs'
s=open(p).read()
s=s.replace('''    assert_eq!(
        chunk.main.code[13].arg,
        2,
        "LOAD_PROPERTY names the field through the constant pool"
    );''','''    assert_eq!(
        chunk.constants[chunk.main.code[13].arg as usize],
        Constant::Text("a".to_string()),
        "LOAD_PROPERTY names the field through the constant pool"
    );''')
s=s.replace('''        // The documented layout, counted out: magic, version, constant count,
        // one number constant, one text constant for the name `n`, the main
        // block header, its two instructions, and the child count of zero.
        let bytes = chunk.encode();
        assert_eq!(
            bytes.len(),
            4 + 2 + 4 + 9 + 6 + 17 + 2 * 13 + 4,
            "a two-instruction program must have the fixed documented size for {literal}"
        );''','''        // The documented layout, counted out. 46 bytes of overhead: magic,
        // version, constant count, one number constant, one text constant for
        // the name `n`, the main block header and its zero child count. Every
        // instruction is then exactly INSTRUCTION_SIZE bytes.
        let bytes = chunk.encode();
        assert_eq!(
            bytes.len(),
            46 + 13 * chunk.main.code.len(),
            "the file must be the documented size for {literal}"
        );
        if literal.starts_with('-') {
            assert!(
                ops(&chunk.main).contains(&Opcode::Neg),
                "a negative literal is a negation of a positive constant: {literal}"
            );
        }''')
open(p,'w').write(s)
PY
cargo test --test bytecode_test 2>&1 | grep -E "^test result|FAILED" | head
test result: ok. 30 passed; 0 failed; 0 ignored; 0 measured; 0 filtered out; finished in 0.01s
[0m
[0m$ [0mpython3 - <<'PY'
p='src/bytecode/mod.rs'
s=open(p).read()
s=s.replace('''pub use disasm::render as disassemble;''','''pub use codegen::compile as compile_program;
pub use disasm::render as disassemble;''')
s=s.replace('''//! ```use redblue::bytecode::{compile_source, disassemble, Chunk};''','''//! ```
//! use redblue::bytecode::{compile_source, disassemble, Chunk};''')
open(p,'w').write(s)
PY
cat >> tests/bytecode_test.rs <<'EOF'

// ---------------------------------------------------------------------------
// Constructed chunks: branches the Redblue frontend cannot reach today
// ---------------------------------------------------------------------------

use redblue::parser::{Expr, Program, Stmt};
use redblue::Span;

fn say(expr: Expr) -> Stmt {
    Stmt {
        span: Span::new(1, 1),
        statement: redblue::parser::Statement::Say(expr),
    }
}

/// `Expr::InterpolatedText` exists in the AST but no Redblue source reaches it:
/// the parser leaves the braces in the text literal (see FINDINGS.md). The
/// compiler still lowers it, and this is the only way to see that it does.
#[test]
fn edge_an_interpolated_text_becomes_build_text_over_its_parts() {
    let program = Program {
        statements: vec![say(Expr::InterpolatedText(vec![
            Expr::Text("n is ".to_string()),
            Expr::Binary {
                op: redblue::parser::BinaryOp::Add,
                left: Box::new(Expr::Number(1.0)),
                right: Box::new(Expr::Number(2.0)),
            },
        ]))],
    };

    let chunk = redblue::bytecode::compile_program(&program).expect("an AST should compile");

    assert_eq!(
        names(&chunk.main),
        vec!["PUSH_CONST", "PUSH_CONST", "PUSH_CONST", "ADD", "BUILD_TEXT", "SAY"],
        "an interpolated text is its parts, then BUILD_TEXT over them"
    );
    assert_eq!(
        chunk.main.code[4].arg, 2,
        "BUILD_TEXT carries its part count"
    );
    assert_eq!(
        Chunk::decode(&chunk.encode()).expect("should round trip"),
        chunk
    );
}

/// The compile depth limit, reached with a block tree deeper than the
/// compiler will emit — the parser stops a source file 64 levels earlier, so
/// only a constructed program gets here.
#[test]
fn edge_a_program_nested_past_the_block_limit_is_refused() {
    let mut statements = vec![say(Expr::Nothing)];
    for _ in 0..(redblue::bytecode::MAX_BLOCK_DEPTH + 4) {
        statements = vec![Stmt {
            span: Span::new(1, 1),
            statement: redblue::parser::Statement::If {
                condition: Expr::YesNo(true),
                then_branch: statements,
                else_branch: Vec::new(),
            },
        }];
    }

    let error = redblue::bytecode::compile_program(&Program { statements })
        .expect_err("a program this deep must be refused, not recursed into");

    assert!(
        error.message().contains("nests"),
        "the refusal should say how deep it got, got: {error}"
    );
}

#[test]
fn edge_blocks_nested_past_the_limit_are_refused_when_decoding() {
    let mut block = Block {
        name: String::new(),
        kind: BlockKind::Main,
        arity: 0,
        code: Vec::new(),
        blocks: Vec::new(),
    };
    for _ in 0..(redblue::bytecode::MAX_BLOCK_DEPTH + 4) {
        block = Block {
            name: "deep".to_string(),
            kind: BlockKind::Function,
            arity: 0,
            code: Vec::new(),
            blocks: vec![block],
        };
    }

    let chunk = Chunk {
        constants: Vec::new(),
        main: block,
    };
    let error = Chunk::decode(&chunk.encode())
        .expect_err("a file nested deeper than this build writes is not one to read");

    assert!(
        error.message().contains("deep"),
        "the refusal should say how deep it got, got: {error}"
    );
}

#[test]
fn edge_an_unassigned_byte_in_any_enum_is_rejected() {
    let base = compile_source("set n to 1\nsay n\n").expect("program should compile");

    // The three tagged bytes a decoder can meet: the block kind, a constant
    // tag and a yes/no value. Each has to be refused by name, not guessed at.
    let block_kind_at = base.encode().len() - 4 - 4 - 2 * 13 - 17;
    let mut bad_kind = base.encode();
    bad_kind[block_kind_at] = 200;
    assert!(
        Chunk::decode(&bad_kind)
            .expect_err("an unknown block kind must be refused")
            .message()
            .contains("block kind"),
        "a file whose block kind is 200 decoded"
    );

    let constant_tag_at = 4 + 2 + 4;
    let mut bad_tag = base.encode();
    bad_tag[constant_tag_at] = 99;
    assert!(
        Chunk::decode(&bad_tag)
            .expect_err("an unknown constant tag must be refused")
            .message()
            .contains("constant tag"),
        "a file whose constant tag is 99 decoded"
    );

    let yesno = Chunk {
        constants: vec![Constant::YesNo(true)],
        main: base.main.clone(),
    };
    let mut bad_yesno = yesno.encode();
    bad_yesno[constant_tag_at + 1] = 7;
    assert!(
        Chunk::decode(&bad_yesno)
            .expect_err("an unknown yes/no byte must be refused")
            .message()
            .contains("yes/no"),
        "a file whose yes/no byte is 7 decoded"
    );
}

#[test]
fn edge_trailing_bytes_after_the_last_block_are_refused() {
    let mut bytes = compile_source("say 1\n").expect("program should compile").encode();
    bytes.push(0);

    let error = Chunk::decode(&bytes).expect_err("one byte past the end is not a valid file");

    assert!(
        error.message().contains("follow"),
        "the error should say there is more in the file than it read, got: {error}"
    );
}

#[test]
fn edge_the_disassembler_reports_an_out_of_range_operand_instead_of_panicking() {
    let chunk = Chunk {
        constants: vec![Constant::Text("only".to_string())],
        main: Block {
            name: "main".to_string(),
            kind: BlockKind::Main,
            arity: 0,
            code: vec![
                Instruction {
                    opcode: Opcode::PushConst,
                    arg: 9,
                    aux: 0,
                    line: 1,
                },
                Instruction {
                    opcode: Opcode::Jump,
                    arg: 40,
                    aux: 0,
                    line: 1,
                },
            ],
            blocks: Vec::new(),
        },
    };

    let text = disassemble(&chunk);

    assert!(
        text.contains("constant 9 is out of range"),
        "an operand past the pool should be reported:\n{text}"
    );
    assert!(
        text.contains("target 40 is outside"),
        "a jump past the block should be reported:\n{text}"
    );
}
EOF
cargo test --test bytecode_test 2>&1 | grep -E "^test result|FAILED|^error" | head
test edge_an_unassigned_byte_in_any_enum_is_rejected ... FAILED
test edge_a_program_nested_past_the_block_limit_is_refused ... FAILED
test result: FAILED. 34 passed; 2 failed; 0 ignored; 0 measured; 0 filtered out; finished in 0.01s
[0m
[0m$ [0mcargo test --test bytecode_test 2>&1 | grep -A 8 "^---- \(edge_unassigned\|edge_a_program_nested\)" | grep -v "backtrace\|^   [0-9]\|note:" | head -20
---- edge_a_program_nested_past_the_block_limit_is_refused stdout ----

thread 'edge_a_program_nested_past_the_block_limit_is_refused' (7274) panicked at tests/bytecode_test.rs:986:10:
a program this deep must be refused, not recursed into: Chunk { constants: [YesNo(true), YesNo(true), YesNo(true), YesNo(true), YesNo(true), YesNo(true), YesNo(true), YesNo(true), YesNo(true), YesNo(true), YesNo(true), YesNo(true), YesNo(true), YesNo(true), YesNo(true), YesNo(true), YesNo(true), YesNo(true), YesNo(true), YesNo(true), YesNo(true), YesNo(true), YesNo(true), YesNo(true), YesNo(true), YesNo(true), YesNo(true), YesNo(true), YesNo(true), YesNo(true), YesNo(true), YesNo(true), YesNo(true), YesNo(true), YesNo(true), YesNo(true), YesNo(true), YesNo(true), YesNo(true), YesNo(true), YesNo(true), YesNo(true), YesNo(true), YesNo(true), YesNo(true), YesNo(true), YesNo(true), YesNo(true), YesNo(true), YesNo(true), YesNo(true), YesNo(true), YesNo(true), YesNo(true), YesNo(true), YesNo(true), YesNo(true), YesNo(true), YesNo(true), YesNo(true), YesNo(true), YesNo(true), YesNo(true), YesNo(true), YesNo(true), YesNo(true), YesNo(true), YesNo(true), Nothing], main: Block { name: "main", kind: Main, arity: 0, code: [Instruction { opcode: PushConst, arg: 0, aux: 0, line: 1 }, Instruction { opcode: JumpIfFalse, arg: 138, aux: 0, line: 1 }, Instruction { opcode: PushConst, arg: 1, aux: 0, line: 1 }, Instruction { opcode: JumpIfFalse, arg: 138, aux: 0, line: 1 }, Instruction { opcode: PushConst, arg: 2, aux: 0, line: 1 }, Instruction { opcode: JumpIfFalse, arg: 138, aux: 0, line: 1 }, Instruction { opcode: PushConst, arg: 3, aux: 0, line: 1 }, Instruction { opcode: JumpIfFalse, arg: 138, aux: 0, line: 1 }, Instruction { opcode: PushConst, arg: 4, aux: 0, line: 1 }, Instruction { opcode: JumpIfFalse, arg: 138, aux: 0, line: 1 }, Instruction { opcode: PushConst, arg: 5, aux: 0, line: 1 }, Instruction { opcode: JumpIfFalse, arg: 138, aux: 0, line: 1 }, Instruction { opcode: PushConst, arg: 6, aux: 0, line: 1 }, Instruction { opcode: JumpIfFalse, arg: 138, aux: 0, line: 1 }, Instruction { opcode: PushConst, arg: 7, aux: 0, line: 1 }, Instruction { opcode: JumpIfFalse, arg: 138, aux: 0, line: 1 }, Instruction { opcode: PushConst, arg: 8, aux: 0, line: 1 }, Instruction { opcode: JumpIfFalse, arg: 138, aux: 0, line: 1 }, Instruction { opcode: PushConst, arg: 9, aux: 0, line: 1 }, Instruction { opcode: JumpIfFalse, arg: 138, aux: 0, line: 1 }, Instruction { opcode: PushConst, arg: 10, aux: 0, line: 1 }, Instruction { opcode: JumpIfFalse, arg: 138, aux: 0, line: 1 }, Instruction { opcode: PushConst, arg: 11, aux: 0, line: 1 }, Instruction { opcode: JumpIfFalse, arg: 138, aux: 0, line: 1 }, Instruction { opcode: PushConst, arg: 12, aux: 0, line: 1 }, Instruction { opcode: JumpIfFalse, arg: 138, aux: 0, line: 1 }, Instruction { opcode: PushConst, arg: 13, aux: 0, line: 1 }, Instruction { opcode: JumpIfFalse, arg: 138, aux: 0, line: 1 }, Instruction { opcode: PushConst, arg: 14, aux: 0, line: 1 }, Instruction { opcode: JumpIfFalse, arg: 138, aux: 0, line: 1 }, Instruction { opcode: PushConst, arg: 15, aux: 0, line: 1 }, Instruction { opcode: JumpIfFalse, arg: 138, aux: 0, line: 1 }, Instruction { opcode: PushConst, arg: 16, aux: 0, line: 1 }, Instruction { opcode: JumpIfFalse, arg: 138, aux: 0, line: 1 }, Instruction { opcode: PushConst, arg: 17, aux: 0, line: 1 }, Instruction { opcode: JumpIfFalse, arg: 138, aux: 0, line: 1 }, Instruction { opcode: PushConst, arg: 18, aux: 0, line: 1 }, Instruction { opcode: JumpIfFalse, arg: 138, aux: 0, line: 1 }, Instruction { opcode: PushConst, arg: 19, aux: 0, line: 1 }, Instruction { opcode: JumpIfFalse, arg: 138, aux: 0, line: 1 }, Instruction { opcode: PushConst, arg: 20, aux: 0, line: 1 }, Instruction { opcode: JumpIfFalse, arg: 138, aux: 0, line: 1 }, Instruction { opcode: PushConst, arg: 21, aux: 0, line: 1 }, Instruction { opcode: JumpIfFalse, arg: 138, aux: 0, line: 1 }, Instruction { opcode: PushConst, arg: 22, aux: 0, line: 1 }, Instruction { opcode: JumpIfFalse, arg: 138, aux: 0, line: 1 }, Instruction { opcode: PushConst, arg: 23, aux: 0, line: 1 }, Instruction { opcode: JumpIfFalse, arg: 138, aux: 0, line: 1 }, Instruction { opcode: PushConst, arg: 24, aux: 0, line: 1 }, Instruction { opcode: JumpIfFalse, arg: 138, aux: 0, line: 1 }, Instruction { opcode: PushConst, arg: 25, aux: 0, line: 1 }, Instruction { opcode: JumpIfFalse, arg: 138, aux: 0, line: 1 }, Instruction { opcode: PushConst, arg: 26, aux: 0, line: 1 }, Instruction { opcode: JumpIfFalse, arg: 138, aux: 0, line: 1 }, Instruction { opcode: PushConst, arg: 27, aux: 0, line: 1 }, Instruction { opcode: JumpIfFalse, arg: 138, aux: 0, line: 1 }, Instruction { opcode: PushConst, arg: 28, aux: 0, line: 1 }, Instruction { opcode: JumpIfFalse, arg: 138, aux: 0, line: 1 }, Instruction { opcode: PushConst, arg: 29, aux: 0, line: 1 }, Instruction { opcode: JumpIfFalse, arg: 138, aux: 0, line: 1 }, Instruction { opcode: PushConst, arg: 30, aux: 0, line: 1 }, Instruction { opcode: JumpIfFalse, arg: 138, aux: 0, line: 1 }, Instruction { opcode: PushConst, arg: 31, aux: 0, line: 1 }, Instruction { opcode: JumpIfFalse, arg: 138, aux: 0, line: 1 }, Instruction { opcode: PushConst, arg: 32, aux: 0, line: 1 }, Instruction { opcode: JumpIfFalse, arg: 138, aux: 0, line: 1 }, Instruction { opcode: PushConst, arg: 33, aux: 0, line: 1 }, Instruction { opcode: JumpIfFalse, arg: 138, aux: 0, line: 1 }, Instruction { opcode: PushConst, arg: 34, aux: 0, line: 1 }, Instruction { opcode: JumpIfFalse, arg: 138, aux: 0, line: 1 }, Instruction { opcode: PushConst, arg: 35, aux: 0, line: 1 }, Instruction { opcode: JumpIfFalse, arg: 138, aux: 0, line: 1 }, Instruction { opcode: PushConst, arg: 36, aux: 0, line: 1 }, Instruction { opcode: JumpIfFalse, arg: 138, aux: 0, line: 1 }, Instruction { opcode: PushConst, arg: 37, aux: 0, line: 1 }, Instruction { opcode: JumpIfFalse, arg: 138, aux: 0, line: 1 }, Instruction { opcode: PushConst, arg: 38, aux: 0, line: 1 }, Instruction { opcode: JumpIfFalse, arg: 138, aux: 0, line: 1 }, Instruction { opcode: PushConst, arg: 39, aux: 0, line: 1 }, Instruction { opcode: JumpIfFalse, arg: 138, aux: 0, line: 1 }, Instruction { opcode: PushConst, arg: 40, aux: 0, line: 1 }, Instruction { opcode: JumpIfFalse, arg: 138, aux: 0, line: 1 }, Instruction { opcode: PushConst, arg: 41, aux: 0, line: 1 }, Instruction { opcode: JumpIfFalse, arg: 138, aux: 0, line: 1 }, Instruction { opcode: PushConst, arg: 42, aux: 0, line: 1 }, Instruction { opcode: JumpIfFalse, arg: 138, aux: 0, line: 1 }, Instruction { opcode: PushConst, arg: 43, aux: 0, line: 1 }, Instruction { opcode: JumpIfFalse, arg: 138, aux: 0, line: 1 }, Instruction { opcode: PushConst, arg: 44, aux: 0, line: 1 }, Instruction { opcode: JumpIfFalse, arg: 138, aux: 0, line: 1 }, Instruction { opcode: PushConst, arg: 45, aux: 0, line: 1 }, Instruction { opcode: JumpIfFalse, arg: 138, aux: 0, line: 1 }, Instruction { opcode: PushConst, arg: 46, aux: 0, line: 1 }, Instruction { opcode: JumpIfFalse, arg: 138, aux: 0, line: 1 }, Instruction { opcode: PushConst, arg: 47, aux: 0, line: 1 }, Instruction { opcode: JumpIfFalse, arg: 138, aux: 0, line: 1 }, Instruction { opcode: PushConst, arg: 48, aux: 0, line: 1 }, Instruction { opcode: JumpIfFalse, arg: 138, aux: 0, line: 1 }, Instruction { opcode: PushConst, arg: 49, aux: 0, line: 1 }, Instruction { opcode: JumpIfFalse, arg: 138, aux: 0, line: 1 }, Instruction { opcode: PushConst, arg: 50, aux: 0, line: 1 }, Instruction { opcode: JumpIfFalse, arg: 138, aux: 0, line: 1 }, Instruction { opcode: PushConst, arg: 51, aux: 0, line: 1 }, Instruction { opcode: JumpIfFalse, arg: 138, aux: 0, line: 1 }, Instruction { opcode: PushConst, arg: 52, aux: 0, line: 1 }, Instruction { opcode: JumpIfFalse, arg: 138, aux: 0, line: 1 }, Instruction { opcode: PushConst, arg: 53, aux: 0, line: 1 }, Instruction { opcode: JumpIfFalse, arg: 138, aux: 0, line: 1 }, Instruction { opcode: PushConst, arg: 54, aux: 0, line: 1 }, Instruction { opcode: JumpIfFalse, arg: 138, aux: 0, line: 1 }, Instruction { opcode: PushConst, arg: 55, aux: 0, line: 1 }, Instruction { opcode: JumpIfFalse, arg: 138, aux: 0, line: 1 }, Instruction { opcode: PushConst, arg: 56, aux: 0, line: 1 }, Instruction { opcode: JumpIfFalse, arg: 138, aux: 0, line: 1 }, Instruction { opcode: PushConst, arg: 57, aux: 0, line: 1 }, Instruction { opcode: JumpIfFalse, arg: 138, aux: 0, line: 1 }, Instruction { opcode: PushConst, arg: 58, aux: 0, line: 1 }, Instruction { opcode: JumpIfFalse, arg: 138, aux: 0, line: 1 }, Instruction { opcode: PushConst, arg: 59, aux: 0, line: 1 }, Instruction { opcode: JumpIfFalse, arg: 138, aux: 0, line: 1 }, Instruction { opcode: PushConst, arg: 60, aux: 0, line: 1 }, Instruction { opcode: JumpIfFalse, arg: 138, aux: 0, line: 1 }, Instruction { opcode: PushConst, arg: 61, aux: 0, line: 1 }, Instruction { opcode: JumpIfFalse, arg: 138, aux: 0, line: 1 }, Instruction { opcode: PushConst, arg: 62, aux: 0, line: 1 }, Instruction { opcode: JumpIfFalse, arg: 138, aux: 0, line: 1 }, Instruction { opcode: PushConst, arg: 63, aux: 0, line: 1 }, Instruction { opcode: JumpIfFalse, arg: 138, aux: 0, line: 1 }, Instruction { opcode: PushConst, arg: 64, aux: 0, line: 1 }, Instruction { opcode: JumpIfFalse, arg: 138, aux: 0, line: 1 }, Instruction { opcode: PushConst, arg: 65, aux: 0, line: 1 }, Instruction { opcode: JumpIfFalse, arg: 138, aux: 0, line: 1 }, Instruction { opcode: PushConst, arg: 66, aux: 0, line: 1 }, Instruction { opcode: JumpIfFalse, arg: 138, aux: 0, line: 1 }, Instruction { opcode: PushConst, arg: 67, aux: 0, line: 1 }, Instruction { opcode: JumpIfFalse, arg: 138, aux: 0, line: 1 }, Instruction { opcode: PushConst, arg: 68, aux: 0, line: 1 }, Instruction { opcode: Say, arg: 0, aux: 0, line: 1 }], blocks: [] } }
[0m
[0m$ [0mpython3 - <<'PY'
p='src/bytecode/codegen.rs'
s=open(p).read()
s=s.replace('''    ) -> Result<u32> {
        let block = self.block(kind, name, arity, body, span, depth)?;''','''    ) -> Result<u32> {
        let block = self.block(kind, name, arity, body, span, depth + 1, blocks_placeholder())?;
        unreachable!()''')
open(p,'w').write(s)
PY
grep -n "fn nested" -A 20 src/bytecode/codegen.rs | head -28
104:    fn nested(
105-        &mut self,
106-        kind: BlockKind,
107-        name: &str,
108-        arity: usize,
109-        body: &[Stmt],
110-        span: Span,
111-        depth: usize,
112-        blocks: &mut Vec<Block>,
113-    ) -> Result<u32> {
114-        let block = self.block(kind, name, arity, body, span, depth + 1, blocks_placeholder())?;
115-        unreachable!()
116-        let index = blocks.len() as u32;
117-        blocks.push(block);
118-        Ok(index)
119-    }
120-
121-    fn statements(
122-        &mut self,
123-        body: &[Stmt],
124-        code: &mut Vec<Instruction>,
[0m
[0m← [0mEdit src/bytecode/codegen.rs
Index: /home/runner/work/rbops/rbops/redblue/src/bytecode/codegen.rs
===================================================================
--- /home/runner/work/rbops/rbops/redblue/src/bytecode/codegen.rs
+++ /home/runner/work/rbops/rbops/redblue/src/bytecode/codegen.rs
@@ -110,10 +110,9 @@
     span: Span,
     depth: usize,
     blocks: &mut Vec<Block>,
 ) -> Result<u32> {
-    let block = self.block(kind, name, arity, body, span, depth + 1, blocks_placeholder())?;
-    unreachable!()
+    let block = self.block(kind, name, arity, body, span, depth + 1, blocks)?;
     let index = blocks.len() as u32;
     blocks.push(block);
     Ok(index)
 }

[0m
[0m$ [0mpython3 - <<'PY'
p='tests/bytecode_test.rs'
s=open(p).read()
s=s.replace('''    let mut statements = vec![say(Expr::Nothing)];
    for _ in 0..(redblue::bytecode::MAX_BLOCK_DEPTH + 4) {
        statements = vec![Stmt {
            span: Span::new(1, 1),
            statement: redblue::parser::Statement::If {
                condition: Expr::YesNo(true),
                then_branch: statements,
                else_branch: Vec::new(),
            },
        }];
    }''','''    let mut statements = vec![say(Expr::Nothing)];
    for _ in 0..(redblue::bytecode::MAX_BLOCK_DEPTH + 4) {
        statements = vec![Stmt {
            span: Span::new(1, 1),
            statement: redblue::parser::Statement::Function {
                name: "deep".to_string(),
                params: Vec::new(),
                body: statements,
            },
        }];
    }''')
s=s.replace('''#[test]
fn edge_an_unassigned_byte_in_any_enum_is_rejected() {
    let base = compile_source("set n to 1\\nsay n\\n").expect("program should compile");

    // The three tagged bytes a decoder can meet: the block kind, a constant
    // tag and a yes/no value. Each has to be refused by name, not guessed at.
    let block_kind_at = base.encode().len() - 4 - 4 - 2 * 13 - 17;
    let mut bad_kind = base.encode();
    bad_kind[block_kind_at] = 200;
    assert!(
        Chunk::decode(&bad_kind)
            .expect_err("an unknown block kind must be refused")
            .message()
            .contains("block kind"),
        "a file whose block kind is 200 decoded"
    );

    let constant_tag_at = 4 + 2 + 4;
    let mut bad_tag = base.encode();
    bad_tag[constant_tag_at] = 99;
    assert!(
        Chunk::decode(&bad_tag)
            .expect_err("an unknown constant tag must be refused")
            .message()
            .contains("constant tag"),
        "a file whose constant tag is 99 decoded"
    );

    let yesno = Chunk {
        constants: vec![Constant::YesNo(true)],
        main: base.main.clone(),
    };
    let mut bad_yesno = yesno.encode();
    bad_yesno[constant_tag_at + 1] = 7;
    assert!(
        Chunk::decode(&bad_yesno)
            .expect_err("an unknown yes/no byte must be refused")
            .message()
            .contains("yes/no"),
        "a file whose yes/no byte is 7 decoded"
    );
}''','''#[test]
fn edge_an_unassigned_byte_in_any_enum_is_rejected() {
    // The three tagged bytes a decoder can meet: the block kind, a constant
    // tag and a yes/no value. The offsets are counted from the header: 4 for
    // the magic, 2 for the version, 4 for the constant count, then the pool.
    let empty_main = || Block {
        name: "main".to_string(),
        kind: BlockKind::Main,
        arity: 0,
        code: Vec::new(),
        blocks: Vec::new(),
    };

    let nothing = Chunk {
        constants: vec![Constant::Nothing],
        main: empty_main(),
    };
    assert_eq!(nothing.encode()[10], 0, "one nothing constant is one tag byte");

    let mut bad_kind = nothing.encode();
    bad_kind[11] = 200;
    assert!(
        Chunk::decode(&bad_kind)
            .expect_err("an unknown block kind must be refused")
            .message()
            .contains("block kind"),
        "a file whose block kind is 200 decoded"
    );

    let mut bad_tag = nothing.encode();
    bad_tag[10] = 99;
    assert!(
        Chunk::decode(&bad_tag)
            .expect_err("an unknown constant tag must be refused")
            .message()
            .contains("constant tag"),
        "a file whose constant tag is 99 decoded"
    );

    let yesno = Chunk {
        constants: vec![Constant::YesNo(true)],
        main: empty_main(),
    };
    let mut bad_yesno = yesno.encode();
    bad_yesno[11] = 7;
    assert!(
        Chunk::decode(&bad_yesno)
            .expect_err("an unknown yes/no byte must be refused")
            .message()
            .contains("yes/no"),
        "a file whose yes/no byte is 7 decoded"
    );
}''')
open(p,'w').write(s)
PY
cargo test --test bytecode_test 2>&1 | grep -E "^test result|FAILED|^error" | head
(no output)
[0m
[0m$ [0mcargo test --test bytecode_test 2>&1 | tail -25
[1m[92m   Compiling[0m redblue v0.1.0 (/home/runner/work/rbops/rbops/redblue)
[1m[91merror[E0061][0m[1m: this method takes 6 arguments but 7 arguments were supplied[0m
   [1m[94m--> [0msrc/bytecode/codegen.rs:114:26
    [1m[94m|[0m
[1m[94m114[0m [1m[94m|[0m         let block = self.block(kind, name, arity, body, span, depth + 1, blocks)?;
    [1m[94m|[0m                          [1m[91m^^^^^[0m                                           [1m[94m------[0m [1m[94munexpected argument #7 of type `&mut Vec<Block>`[0m
    [1m[94m|[0m
[1m[92mnote[0m: method defined here
   [1m[94m--> [0msrc/bytecode/codegen.rs:71:8
    [1m[94m|[0m
[1m[94m 71[0m [1m[94m|[0m     fn block(
    [1m[94m|[0m        [1m[92m^^^^^[0m
[1m[96mhelp[0m: remove the extra argument
    [1m[94m|[0m
[1m[94m114[0m [91m- [0m        let block = self.block(kind, name, arity, body, span, depth + 1[91m, blocks[0m)?;
[1m[94m114[0m [92m+ [0m        let block = self.block(kind, name, arity, body, span, depth + 1)?;
    [1m[94m|[0m

[1mFor more information about this error, try `rustc --explain E0061`.[0m
[1m[91merror[0m: could not compile `redblue` (lib) due to 1 previous error
[0m
[0m$ [0mpython3 - <<'PY'
p='src/bytecode/codegen.rs'
s=open(p).read()
s=s.replace("self.block(kind, name, arity, body, span, depth + 1, blocks)?;","self.block(kind, name, arity, body, span, depth + 1)?;")
open(p,'w').write(s)
PY
cargo test --test bytecode_test 2>&1 | grep -E "^test result|FAILED|^error" | head
test result: ok. 36 passed; 0 failed; 0 ignored; 0 measured; 0 filtered out; finished in 0.01s
[0m
[0m$ [0mpython3 - <<'PY'
p='src/bytecode/codegen.rs'
s=open(p).read()
open('/tmp/opencode/codegen.bak','w').write(s)
s=s.replace("self.block(kind, name, arity, body, span, depth + 1)?;","self.block(kind, name, arity, body, span, depth)?;")
open(p,'w').write(s)
PY
cargo test --test bytecode_test -- edge_a_program_nested 2>&1 | grep -E "^test |test result" | head -3; cp /tmp/opencode/codegen.bak src/bytecode/codegen.rs
test edge_a_program_nested_past_the_block_limit_is_refused ... FAILED
test result: FAILED. 0 passed; 1 failed; 0 ignored; 0 measured; 35 filtered out; finished in 0.00s
[0m
The guard test fails without the fix. Now the full suite and the other gates.
[0m$ [0mcargo fmt --all -- --check 2>&1 | head -40
Diff in /home/runner/work/rbops/rbops/redblue/src/bytecode/codegen.rs:13:
 use indexmap::IndexMap;
 
 use crate::error::{Error, Result, Span};
-use crate::parser::{BinaryOp, Expr, Program, Stmt, Statement, UnaryOp};
+use crate::parser::{BinaryOp, Expr, Program, Statement, Stmt, UnaryOp};
 
 use crate::bytecode::format::{Block, BlockKind, Chunk, Constant, Instruction, MAX_BLOCK_DEPTH};
 use crate::bytecode::opcode::Opcode;
Diff in /home/runner/work/rbops/rbops/redblue/src/bytecode/codegen.rs:254:
                 emit(code, Opcode::Return, 0, 0, line);
             }
             Statement::Function { name, params, body } => {
-                let block = self.nested(BlockKind::Function, name, params.len(), body, stmt.span, depth, blocks)?;
+                let block = self.nested(
+                    BlockKind::Function,
+                    name,
+                    params.len(),
+                    body,
+                    stmt.span,
+                    depth,
+                    blocks,
+                )?;
                 emit(code, Opcode::DefFunction, block, params.len() as u32, line);
                 let name = self.text(name);
                 emit(code, Opcode::Store, name, 0, line);
Diff in /home/runner/work/rbops/rbops/redblue/src/bytecode/codegen.rs:261:
             }
             Statement::Method { name, params, body } => {
-                let block = self.nested(BlockKind::Method, name, params.len(), body, stmt.span, depth, blocks)?;
+                let block = self.nested(
+                    BlockKind::Method,
+                    name,
+                    params.len(),
+                    body,
+                    stmt.span,
+                    depth,
+                    blocks,
+                )?;
                 emit(code, Opcode::DefMethod, block, params.len() as u32, line);
[0m
[0m$ [0mcargo fmt --all && cargo fmt --all -- --check && echo "FMT CLEAN"; cargo clippy --all-targets -- -D warnings 2>&1 | grep -E "^(error|warning)" -A 10 | head -60
FMT CLEAN
[0m
[0m$ [0mcargo clippy --all-targets -- -D warnings 2>&1 | tail -30
[1m[92m    Checking[0m redblue v0.1.0 (/home/runner/work/rbops/rbops/redblue)
[1m[91merror[0m[1m: this function has too many arguments (8/7)[0m
   [1m[94m--> [0msrc/bytecode/codegen.rs:104:5
    [1m[94m|[0m
[1m[94m104[0m [1m[94m|[0m [1m[91m/[0m     fn nested(
[1m[94m105[0m [1m[94m|[0m [1m[91m|[0m         &mut self,
[1m[94m106[0m [1m[94m|[0m [1m[91m|[0m         kind: BlockKind,
[1m[94m107[0m [1m[94m|[0m [1m[91m|[0m         name: &str,
[1m[94m...[0m   [1m[91m|[0m
[1m[94m112[0m [1m[94m|[0m [1m[91m|[0m         blocks: &mut Vec<Block>,
[1m[94m113[0m [1m[94m|[0m [1m[91m|[0m     ) -> Result<u32> {
    [1m[94m|[0m [1m[91m|____________________^[0m
    [1m[94m|[0m
    [1m[94m= [0m[1mhelp[0m: for further information visit https://rust-lang.github.io/rust-clippy/rust-1.99.0/index.html#too_many_arguments
    [1m[94m= [0m[1mnote[0m: `-D clippy::too-many-arguments` implied by `-D warnings`
    [1m[94m= [0m[1mhelp[0m: to override `-D warnings` add `#[allow(clippy::too_many_arguments)]`

[1m[91merror[0m: could not compile `redblue` (lib test) due to 1 previous error
[1m[33mwarning[0m: build failed, waiting for other jobs to finish...
[1m[91merror[0m: could not compile `redblue` (lib) due to 1 previous error
[0m
[0m$ [0mpython3 - <<'PY'
p='src/bytecode/codegen.rs'
s=open(p).read()

s=s.replace('''struct Compiler {''','''/// The declaration a block is compiled from.
///
/// `main` is one of these too, which is why the compiler has one entry point
/// rather than a separate path for the program's own code.
struct Decl<'a> {
    kind: BlockKind,
    name: &'a str,
    /// How many parameters the block takes. `0` for everything but a function,
    /// method or test.
    arity: usize,
    body: &'a [Stmt],
    span: Span,
}

struct Compiler {''')

s=s.replace('''    let main = compiler.block(
        BlockKind::Main,
        "main",
        0,
        &program.statements,
        Span::unknown(),
        0,
    )?;''','''    let main = compiler.block(
        Decl {
            kind: BlockKind::Main,
            name: "main",
            arity: 0,
            body: &program.statements,
            span: Span::unknown(),
        },
        0,
    )?;''')

s=s.replace('''    /// Compiles `body` into a block of its own.
    fn block(
        &mut self,
        kind: BlockKind,
        name: &str,
        arity: usize,
        body: &[Stmt],
        span: Span,
        depth: usize,
    ) -> Result<Block> {
        if depth > MAX_BLOCK_DEPTH {
            return Err(Error::Parser(
                format!("program nests blocks more than {MAX_BLOCK_DEPTH} levels deep"),
                span,
            ));
        }

        let mut code = Vec::new();
        let mut blocks = Vec::new();
        self.statements(body, &mut code, &mut blocks, depth)?;

        Ok(Block {
            name: name.to_string(),
            kind,
            arity: arity as u32,
            code,
            blocks,
        })
    }''','''    /// Compiles a declaration into a block of its own.
    fn block(&mut self, decl: Decl<'_>, depth: usize) -> Result<Block> {
        if depth > MAX_BLOCK_DEPTH {
            return Err(Error::Parser(
                format!("program nests blocks more than {MAX_BLOCK_DEPTH} levels deep"),
                decl.span,
            ));
        }

        let mut code = Vec::new();
        let mut blocks = Vec::new();
        self.statements(decl.body, &mut code, &mut blocks, depth)?;

        Ok(Block {
            name: decl.name.to_string(),
            kind: decl.kind,
            arity: decl.arity as u32,
            code,
            blocks,
        })
    }''')

s=s.replace('''    /// Compiles a nested body, adds it to `blocks` and returns its index.
    ///
    /// The index is what the parent instruction carries, so `blocks` is in the
    /// order the compiler emitted the bodies in.
    fn nested(
        &mut self,
        kind: BlockKind,
        name: &str,
        arity: usize,
        body: &[Stmt],
        span: Span,
        depth: usize,
        blocks: &mut Vec<Block>,
    ) -> Result<u32> {
        let block = self.block(kind, name, arity, body, span, depth + 1)?;
        let index = blocks.len() as u32;
        blocks.push(block);
        Ok(index)
    }''','''    /// Compiles a nested declaration, adds it to `blocks` and returns its
    /// index.
    ///
    /// The index is what the parent instruction carries, so `blocks` is in the
    /// order the compiler emitted the bodies in.
    fn nested(&mut self, decl: Decl<'_>, depth: usize, blocks: &mut Vec<Block>) -> Result<u32> {
        let block = self.block(decl, depth + 1)?;
        let index = blocks.len() as u32;
        blocks.push(block);
        Ok(index)
    }''')

# call sites
s=s.replace('''            Statement::Function { name, params, body } => {
                let block = self.nested(
                    BlockKind::Function,
                    name,
                    params.len(),
                    body,
                    stmt.span,
                    depth,
                    blocks,
                )?;''','''            Statement::Function { name, params, body } => {
                let block = self.nested(
                    Decl {
                        kind: BlockKind::Function,
                        name,
                        arity: params.len(),
                        body,
                        span: stmt.span,
                    },
                    depth,
                    blocks,
                )?;''')
s=s.replace('''            Statement::Method { name, params, body } => {
                let block = self.nested(
                    BlockKind::Method,
                    name,
                    params.len(),
                    body,
                    stmt.span,
                    depth,
                    blocks,
                )?;''','''            Statement::Method { name, params, body } => {
                let block = self.nested(
                    Decl {
                        kind: BlockKind::Method,
                        name,
                        arity: params.len(),
                        body,
                        span: stmt.span,
                    },
                    depth,
                    blocks,
                )?;''')
s=s.replace('''                let block = self.nested(
                    BlockKind::Object,
                    name,
                    0,
                    body,
                    stmt.span,
                    depth,
                    blocks,
                )?;''','''                let block = self.nested(
                    Decl {
                        kind: BlockKind::Object,
                        name,
                        arity: 0,
                        body,
                        span: stmt.span,
                    },
                    depth,
                    blocks,
                )?;''')
s=s.replace('''                    self.nested(
                        BlockKind::CatchBody,
                        &name,
                        0,
                        catch_body,
                        stmt.span,
                        depth,
                        blocks,
                    )?''','''                    self.nested(
                        Decl {
                            kind: BlockKind::CatchBody,
                            name: &name,
                            arity: 0,
                            body: catch_body,
                            span: stmt.span,
                        },
                        depth,
                        blocks,
                    )?''')
s=s.replace('''                    self.nested(
                        BlockKind::FinallyBody,
                        "",
                        0,
                        finally_body,
                        stmt.span,
                        depth,
                        blocks,
                    )?''','''                    self.nested(
                        Decl {
                            kind: BlockKind::FinallyBody,
                            name: "",
                            arity: 0,
                            body: finally_body,
                            span: stmt.span,
                        },
                        depth,
                        blocks,
                    )?''')
s=s.replace('''                let block = self.nested(BlockKind::Test, name, 0, body, stmt.span, depth, blocks)?;''','''                let block = self.nested(
                    Decl {
                        kind: BlockKind::Test,
                        name,
                        arity: 0,
                        body,
                        span: stmt.span,
                    },
                    depth,
                    blocks,
                )?;''')
open(p,'w').write(s)
PY
cargo clippy --all-targets -- -D warnings 2>&1 | tail -20
[1m[94m|[0m                                 [1m[94m|[0m                [1m[94m|[0m     [1m[94m|[0m  [1m[94munexpected argument #4 of type `&std::vec::Vec<parser::Stmt>`[0m
    [1m[94m|[0m                                 [1m[94m|[0m                [1m[94m|[0m     [1m[94mexpected `usize`, found `{integer}`[0m
    [1m[94m|[0m                                 [1m[94m|[0m                [1m[94munexpected argument #2 of type `&std::string::String`[0m
    [1m[94m|[0m                                 [1m[94mexpected `Decl<'_>`, found `BlockKind`[0m
    [1m[94m|[0m
[1m[92mnote[0m: method defined here
   [1m[94m--> [0msrc/bytecode/codegen.rs:113:8
    [1m[94m|[0m
[1m[94m113[0m [1m[94m|[0m     fn nested(&mut self, decl: Decl<'_>, depth: usize, blocks: &mut Vec<Block>) -> Result<u32> {
    [1m[94m|[0m        [1m[92m^^^^^^[0m            [1m[94m--------------[0m
[1m[96mhelp[0m: did you mean
    [1m[94m|[0m
[1m[94m354[0m [91m- [0m                    self.nested[91m(BlockKind::Test, name, 0, body, stmt.span, depth, blocks)[0m?;
[1m[94m354[0m [92m+ [0m                    self.nested[92m(/* Decl<'_> */, 0, blocks)[0m?;
    [1m[94m|[0m

[1mFor more information about this error, try `rustc --explain E0061`.[0m
[1m[91merror[0m: could not compile `redblue` (lib) due to 2 previous errors
[1m[33mwarning[0m: build failed, waiting for other jobs to finish...
[1m[91merror[0m: could not compile `redblue` (lib test) due to 2 previous errors
[0m
[0m$ [0msed -n '295,320p;350,358p' src/bytecode/codegen.rs
let block =
                    self.nested(BlockKind::Object, name, 0, body, stmt.span, depth, blocks)?;
                let inherits = u32::from(extends.is_some());
                emit(code, Opcode::DefObject, block, inherits, line);
                let name = self.text(name);
                emit(code, Opcode::Store, name, 0, line);
            }
            Statement::Try {
                body,
                catch_var,
                catch_body,
                finally_body,
            } => {
                // Handlers become blocks of their own, so the protected code
                // stays a straight run of instructions with no jump patching.
                let catch = if catch_var.is_some() || !catch_body.is_empty() {
                    let name = catch_var.clone().unwrap_or_default();
                    self.nested(
                        Decl {
                            kind: BlockKind::CatchBody,
                            name: &name,
                            arity: 0,
                            body: catch_body,
                            span: stmt.span,
                        },
                        depth,
                }
            }
            Statement::Test { name, body } => {
                let block =
                    self.nested(BlockKind::Test, name, 0, body, stmt.span, depth, blocks)?;
                emit(code, Opcode::Test, block, 0, line);
            }
        }
[0m
[0m$ [0mpython3 - <<'PY'
p='src/bytecode/codegen.rs'
s=open(p).read()
s=s.replace('''                let block =
                    self.nested(BlockKind::Object, name, 0, body, stmt.span, depth, blocks)?;''','''                let block = self.nested(
                    Decl {
                        kind: BlockKind::Object,
                        name,
                        arity: 0,
                        body,
                        span: stmt.span,
                    },
                    depth,
                    blocks,
                )?;''')
s=s.replace('''                let block =
                    self.nested(BlockKind::Test, name, 0, body, stmt.span, depth, blocks)?;''','''                let block = self.nested(
                    Decl {
                        kind: BlockKind::Test,
                        name,
                        arity: 0,
                        body,
                        span: stmt.span,
                    },
                    depth,
                    blocks,
                )?;''')
open(p,'w').write(s)
PY
cargo fmt --all && cargo clippy --all-targets -- -D warnings 2>&1 | tail -20
[1m[94m= [0m[1mnote[0m: `-D clippy::needless-lifetimes` implied by `-D warnings`
   [1m[94m= [0m[1mhelp[0m: to override `-D warnings` add `#[allow(clippy::needless_lifetimes)]`
[1m[96mhelp[0m: elide the lifetimes
   [1m[94m|[0m
[1m[94m61[0m [91m- [0mfn blocks_of_kind[91m<'a>[0m(block: &[91m'a [0mBlock, kind: BlockKind) -> Vec<&[91m'a [0mBlock> {
[1m[94m61[0m [92m+ [0mfn blocks_of_kind(block: &Block, kind: BlockKind) -> Vec<&Block> {
   [1m[94m|[0m

[1m[91merror[0m[1m: this expression creates a reference which is immediately dereferenced by the compiler[0m
   [1m[94m--> [0mtests/bytecode_test.rs:526:15
    [1m[94m|[0m
[1m[94m526[0m [1m[94m|[0m         names(&objects[0]),
    [1m[94m|[0m               [1m[91m^^^^^^^^^^^[0m [1m[91mhelp: change this to: `objects[0]`[0m
    [1m[94m|[0m
    [1m[94m= [0m[1mhelp[0m: for further information visit https://rust-lang.github.io/rust-clippy/rust-1.99.0/index.html#needless_borrow
    [1m[94m= [0m[1mnote[0m: `-D clippy::needless-borrow` implied by `-D warnings`
    [1m[94m= [0m[1mhelp[0m: to override `-D warnings` add `#[allow(clippy::needless_borrow)]`

[1m[91merror[0m: could not compile `redblue` (test "bytecode_test") due to 2 previous errors
[1m[33mwarning[0m: build failed, waiting for other jobs to finish...
[0m
[0m$ [0mpython3 - <<'PY'
p='tests/bytecode_test.rs'
s=open(p).read()
s=s.replace("fn blocks_of_kind<'a>(block: &'a Block, kind: BlockKind) -> Vec<&'a Block> {","fn blocks_of_kind(block: &Block, kind: BlockKind) -> Vec<&Block> {")
s=s.replace("names(&objects[0]),","names(&objects[0]),".replace("names(&objects[0]),","op_names(&objects[0]),"))
s=s.replace('''/// The opcode names of a block, in order — what a reader of the disassembly
/// sees.
fn names(block: &Block) -> Vec<&'static str> {
    block.code.iter().map(|i| i.opcode.name()).collect()
}''','''/// The opcode names of a block, in order — what a reader of the disassembly
/// sees.
fn names(block: &Block) -> Vec<&'static str> {
    op_names(block)
}

/// The same, spelled for the borrow checker at the call sites that already hold
/// a reference.
fn op_names(block: &Block) -> Vec<&'static str> {
    block.code.iter().map(|i| i.opcode.name()).collect()
}''')
open(p,'w').write(s)
PY
cargo fmt --all && cargo clippy --all-targets -- -D warnings 2>&1 | tail -20
[1m[92m    Checking[0m redblue v0.1.0 (/home/runner/work/rbops/rbops/redblue)
[1m[91merror[0m[1m: this expression creates a reference which is immediately dereferenced by the compiler[0m
   [1m[94m--> [0mtests/bytecode_test.rs:532:18
    [1m[94m|[0m
[1m[94m532[0m [1m[94m|[0m         op_names(&objects[0]),
    [1m[94m|[0m                  [1m[91m^^^^^^^^^^^[0m [1m[91mhelp: change this to: `objects[0]`[0m
    [1m[94m|[0m
    [1m[94m= [0m[1mhelp[0m: for further information visit https://rust-lang.github.io/rust-clippy/rust-1.99.0/index.html#needless_borrow
    [1m[94m= [0m[1mnote[0m: `-D clippy::needless-borrow` implied by `-D warnings`
    [1m[94m= [0m[1mhelp[0m: to override `-D warnings` add `#[allow(clippy::needless_borrow)]`

[1m[91merror[0m: could not compile `redblue` (test "bytecode_test") due to 1 previous error
[0m
[0m$ [0mpython3 - <<'PY'
p='tests/bytecode_test.rs'
s=open(p).read()
s=s.replace('''/// The opcode names of a block, in order — what a reader of the disassembly
/// sees.
fn names(block: &Block) -> Vec<&'static str> {
    op_names(block)
}

/// The same, spelled for the borrow checker at the call sites that already hold
/// a reference.
fn op_names(block: &Block) -> Vec<&'static str> {
    block.code.iter().map(|i| i.opcode.name()).collect()
}''','''/// The opcode names of a block, in order — what a reader of the disassembly
/// sees.
fn names(block: &Block) -> Vec<&'static str> {
    block.code.iter().map(|i| i.opcode.name()).collect()
}''')
s=s.replace("op_names(&objects[0]),","names(objects[0]),")
open(p,'w').write(s)
PY
cargo fmt --all && cargo clippy --all-targets -- -D warnings 2>&1 | tail -12
[1m[92m    Checking[0m redblue v0.1.0 (/home/runner/work/rbops/rbops/redblue)
[1m[92m    Finished[0m `dev` profile [unoptimized] target(s) in 0.23s
[0m
[0m$ [0mcargo test 2>&1 | grep -E "^test result|running|error\[|FAILED|panicked" | head -40
running 6 tests
test result: ok. 6 passed; 0 failed; 0 ignored; 0 measured; 0 filtered out; finished in 0.00s
running 0 tests
test result: ok. 0 passed; 0 failed; 0 ignored; 0 measured; 0 filtered out; finished in 0.00s
running 36 tests
test result: ok. 36 passed; 0 failed; 0 ignored; 0 measured; 0 filtered out; finished in 0.01s
running 11 tests
test result: ok. 11 passed; 0 failed; 0 ignored; 0 measured; 0 filtered out; finished in 0.23s
running 26 tests
test result: ok. 26 passed; 0 failed; 0 ignored; 0 measured; 0 filtered out; finished in 0.12s
running 13 tests
test result: ok. 13 passed; 0 failed; 0 ignored; 0 measured; 0 filtered out; finished in 0.32s
running 21 tests
test result: ok. 21 passed; 0 failed; 0 ignored; 0 measured; 0 filtered out; finished in 0.01s
running 39 tests
test result: ok. 39 passed; 0 failed; 0 ignored; 0 measured; 0 filtered out; finished in 0.76s
running 8 tests
test result: ok. 8 passed; 0 failed; 0 ignored; 0 measured; 0 filtered out; finished in 0.00s
running 16 tests
test result: ok. 16 passed; 0 failed; 0 ignored; 0 measured; 0 filtered out; finished in 0.00s
running 22 tests
test huge_repeat_count_fails_instead_of_running_forever ... ok
test result: ok. 22 passed; 0 failed; 0 ignored; 0 measured; 0 filtered out; finished in 1.01s
running 20 tests
test result: ok. 20 passed; 0 failed; 0 ignored; 0 measured; 0 filtered out; finished in 0.00s
running 26 tests
test result: ok. 26 passed; 0 failed; 0 ignored; 0 measured; 0 filtered out; finished in 0.05s
running 23 tests
test result: ok. 23 passed; 0 failed; 0 ignored; 0 measured; 0 filtered out; finished in 0.08s
running 25 tests
test result: ok. 25 passed; 0 failed; 0 ignored; 0 measured; 0 filtered out; finished in 0.12s
running 8 tests
test result: ok. 8 passed; 0 failed; 0 ignored; 0 measured; 0 filtered out; finished in 0.34s
running 5 tests
test result: ok. 5 passed; 0 failed; 0 ignored; 0 measured; 0 filtered out; finished in 0.00s
running 15 tests
test result: ok. 15 passed; 0 failed; 0 ignored; 0 measured; 0 filtered out; finished in 0.00s
running 39 tests
test result: ok. 39 passed; 0 failed; 0 ignored; 0 measured; 0 filtered out; finished in 5.10s
running 18 tests
[0m
[0m$ [0mcargo test 2>&1 | grep -E "^test result" | awk '{p+=$4; f+=$6} END {print "TOTAL passed:", p, "failed:", f}'; echo "=== examples still run ==="; for f in examples/*.rb; do case "$f" in *files.rb|*time.rb|*formats.rb) echo "SKIP(network/clock): $f"; continue;; esac; printf "%s: " "$f"; cargo run --quiet --bin rb -- run "$f" >/dev/null 2>&1 && echo OK || echo FAIL; done
TOTAL passed: 378 failed: 0
=== examples still run ===
SKIP(network/clock): examples/files.rb
examples/fizzbuzz.rb: OK
SKIP(network/clock): examples/formats.rb
examples/hello.rb: OK
examples/test_arithmetic.rb: OK
SKIP(network/clock): examples/time.rb
[0m
[0m$ [0mcat > /tmp/opencode/dump.rs <<'EOF'
fn main() {
    for i in 0..64u8 {
        if let Some(op) = redblue::bytecode::Opcode::from_byte(i) {
            println!("{} {:<16} operand={} aux={}", i, op.name(), op.has_operand(), op.has_aux());
        }
    }
}
EOF
mkdir -p examples_bak && cp /tmp/opencode/dump.rs src/main.rs && cargo run --quiet --bin rb 2>/dev/null | head -60; git checkout src/main.rs
0 NOP              operand=false aux=false
1 PUSH_CONST       operand=true aux=false
2 POP              operand=false aux=false
3 LOAD             operand=true aux=false
4 STORE            operand=true aux=false
5 SAY              operand=false aux=false
6 PRINT            operand=false aux=false
7 LOAD_PROPERTY    operand=true aux=false
8 SET_PROPERTY     operand=true aux=false
9 INDEX            operand=false aux=false
10 BUILD_LIST       operand=true aux=false
11 BUILD_RECORD     operand=true aux=false
12 BUILD_TEXT       operand=true aux=false
13 ADD              operand=false aux=false
14 SUB              operand=false aux=false
15 MUL              operand=false aux=false
16 DIV              operand=false aux=false
17 MOD              operand=false aux=false
18 EQUAL            operand=false aux=false
19 NOT_EQUAL        operand=false aux=false
20 LESS             operand=false aux=false
21 LESS_EQUAL       operand=false aux=false
22 GREATER          operand=false aux=false
23 GREATER_EQUAL    operand=false aux=false
24 AND              operand=false aux=false
25 OR               operand=false aux=false
26 IN               operand=false aux=false
27 NEG              operand=false aux=false
28 NOT              operand=false aux=false
29 CALL             operand=true aux=true
30 CALL_METHOD      operand=true aux=true
31 RETURN           operand=false aux=false
32 BREAK            operand=false aux=false
33 SKIP             operand=false aux=false
34 JUMP             operand=true aux=false
35 JUMP_IF_FALSE    operand=true aux=false
36 GET_ITER         operand=false aux=false
37 GET_RANGE        operand=true aux=false
38 DEF_FUNCTION     operand=true aux=true
39 DEF_METHOD       operand=true aux=true
40 DEF_OBJECT       operand=true aux=true
41 DEF_FIELD        operand=true aux=false
42 TRY              operand=true aux=true
43 IMPORT           operand=true aux=false
44 TEST             operand=true aux=false
45 EXPECT           operand=false aux=false
Updated 1 path from the index
[0m
[0m$ [0mpython3 - <<'PY'
p='src/bytecode/opcode.rs'
s=open(p).read()
s=s.replace('''    /// The opcodes that carry two: a call and a declaration name a target and
    /// count their arguments or parameters, and `Try` names two blocks.
    pub fn has_aux(self) -> bool {
        matches!(
            self,
            Opcode::Call
                | Opcode::CallMethod
                | Opcode::DefFunction
                | Opcode::DefMethod
                | Opcode::DefObject
                | Opcode::Try
        )
    }''','''    /// The opcodes that carry two: a call and a declaration name a target and
    /// count their arguments or parameters, `GetRange` counts the bounds and
    /// step it was given, and `Try` names two blocks.
    pub fn has_aux(self) -> bool {
        matches!(
            self,
            Opcode::Call
                | Opcode::CallMethod
                | Opcode::GetRange
                | Opcode::DefFunction
                | Opcode::DefMethod
                | Opcode::DefObject
                | Opcode::Try
        )
    }''')
open(p,'w').write(s)
PY
cargo run --quiet --bin rb -- compile examples/fizzbuzz.rb -o target/tmp/fizz.rbc && cargo run --quiet --bin rb -- dis target/tmp/fizz.rbc | head -30
Compiled examples/fizzbuzz.rb -> target/tmp/fizz.rbc
; redblue bytecode v1
; constants: 21
;   [0] 1
;   [1] n
;   [2] 15
;   [3] $counter
;   [4] 15
;   [5] 0
;   [6] FizzBuzz
;   [7] 3
;   [8] 0
;   [9] Fizz
;   [10] 5
;   [11] 0
;   [12] Buzz
;   [13] 1
;   [14] 1
;   [15] 2
;   [16] 3
;   [17] 4
;   [18] 5
;   [19] numbers
;   [20] num

main (main, arity 0)
0000  PUSH_CONST       0  ; line 2: 1
0001  STORE            1  ; line 2: n
0002  PUSH_CONST       2  ; line 3: 15
0003  GET_RANGE        0, 1  ; line 3
0004  STORE            3  ; line 3: $counter
[0m
Now the normative format document.
[0m← [0mWrite docs/BYTECODE.md
Wrote file successfully.
[0m
[0m$ [0mprintf 'set n to 1\nsay n\n' > target/tmp/spec.rb && cargo run --quiet --bin rb -- compile target/tmp/spec.rb -o target/tmp/spec.rbc >/dev/null && cargo run --quiet --bin rb -- dis target/tmp/spec.rbc
; redblue bytecode v1
; constants: 2
;   [0] 1
;   [1] n

main (main, arity 0)
0000  PUSH_CONST       0  ; line 1: 1
0001  STORE            1  ; line 1: n
0002  LOAD             1  ; line 2: n
0003  SAY                ; line 2
[0m
[0m← [0mEdit docs/BYTECODE.md
Index: /home/runner/work/rbops/rbops/redblue/docs/BYTECODE.md
===================================================================
--- /home/runner/work/rbops/rbops/redblue/docs/BYTECODE.md
+++ /home/runner/work/rbops/rbops/redblue/docs/BYTECODE.md
@@ -265,12 +265,14 @@
 
 main (main, arity 0)
 0000  PUSH_CONST       0  ; line 1: 1
 0001  STORE            1  ; line 1: n
-0002  PUSH_CONST       0  ; line 2: 1
+0002  LOAD             1  ; line 2: n
 0003  SAY                ; line 2
 ```
 
+(from `rb compile` / `rb dis` on `set n to 1` + `say n`)
+
 The header states the format version and the whole constant pool, so a reader
 never has to count down to find out which name an index holds. Each block is
 headed by its path (`main`, `main.blocks[0]`, `main.blocks[0].blocks[1]`), its
 kind and its arity, and its instructions are indented one level per level of

[0m
[0m← [0mEdit docs/BYTECODE.md
Index: /home/runner/work/rbops/rbops/redblue/docs/BYTECODE.md
===================================================================
--- /home/runner/work/rbops/rbops/redblue/docs/BYTECODE.md
+++ /home/runner/work/rbops/rbops/redblue/docs/BYTECODE.md
@@ -195,12 +195,25 @@
 `unknown opcode byte <n>`.
 
 ### Stack discipline
 
-Every instruction leaves the stack depth it found it at, except `POP`, `SAY`,
-`PRINT`, `RETURN`, `JUMP_IF_FALSE` and the `TRY` family. A block that the
-compiler emits ends with a stack depth of zero.
+A block is entered with an empty stack. An expression leaves its value on top,
+and a statement leaves nothing behind — `STORE`, `SET_PROPERTY`, `POP`, `SAY`
+and `PRINT` all consume what their statement produced.
 
+Two things are held across a stretch of instructions rather than consumed at
+once:
+
+- A loop holds its iterator (`for each`) or its range (`for each … from`, or
+  `repeat … times`) on the stack for the whole body. No instruction pops it;
+  stage S1b decides where it is released.
+- `TRY` names handler blocks rather than jumping to them. When the protected
+  code faults, the failed value is the value those handlers are entered with.
+  Stage S1b defines how a `catch` block reads it and how a `finally` block runs
+  whether or not there was a fault.
+
+Every jump target is an instruction of the block that holds it.
+
 ### Names, not slots
 
 Names are stored as text, not as slot numbers. A Redblue function closes over
 the local scopes that were live where it was declared, so the name has to

[0m
[0m$ [0mcargo test 2>&1 | tail -12; echo "=== gitignore ==="; cat .gitignore; echo "=== git status ==="; git status --porcelain
test grammar_covers_the_lexer_keyword_set ... ok
test unused_variable_warnings_come_out_in_a_stable_name_order ... ok

test result: ok. 18 passed; 0 failed; 0 ignored; 0 measured; 0 filtered out; finished in 0.00s

[1m[92m   Doc-tests[0m redblue

running 1 test
test src/bytecode/mod.rs - bytecode (line 12) ... ok

test result: ok. 1 passed; 0 failed; 0 ignored; 0 measured; 0 filtered out; finished in 0.17s

=== gitignore ===
# Build outputs
/target/
Cargo.lock

# IDE
.idea/
.vscode/
*.swp
*.swo

# OS
.DS_Store
Thumbs.db

# Agent/copilot files (local only, do not commit)
AGENTS.md
.skill/
.cursor/
.cursorrules
.github/copilot-instructions.md

# Secrets
.env
*.pem
*.key
credentials.json
secrets.txt

# Test outputs
*.tmp
*.log=== git status ===
 M src/lib.rs
?? docs/BYTECODE.md
?? src/bytecode/
?? tests/bytecode_test.rs
[0m
[0m$ [0mprintf 'set n to 2\nsay "n is {n}"\n' > target/tmp/interp.rb && cargo run --quiet --bin rb -- run target/tmp/interp.rb; echo "---compile modules:"; cargo run --quiet --bin rb -- compile modules/MathUtils.rb; echo "EXIT=$?"; echo "---compile module SuiteKit:"; cargo run --quiet --bin rb -- compile modules/SuiteKit.rb -o target/tmp/sk.rbc; echo "EXIT=$?"
n is {n}
---compile modules:
ParserError: Expected function name
  --> modules/MathUtils.rb:4:16
4 | constant PI to 3.14159
  |                ^
EXIT=1
---compile module SuiteKit:
Compiled modules/SuiteKit.rb -> target/tmp/sk.rbc
EXIT=0
[0m
[0m← [0mWrite phases/phase-018/FINDINGS.md
Wrote file successfully.
[0m
[0m$ [0mwc -l src/bytecode/*.rs tests/bytecode_test.rs docs/BYTECODE.md; git diff --stat src/lib.rs; cargo test --test bytecode_test 2>&1 | grep -c "^test .* ok$"
530 src/bytecode/codegen.rs
  119 src/bytecode/disasm.rs
  497 src/bytecode/format.rs
   33 src/bytecode/mod.rs
  305 src/bytecode/opcode.rs
 1144 tests/bytecode_test.rs
  301 docs/BYTECODE.md
 2929 total
 src/lib.rs | 61 +++++++++++++++++++++++++++++++++++++++++++++++++++++++++++++
 1 file changed, 61 insertions(+)
36
[0m
Now the four gates, run in order, and then the report.
[0m$ [0mecho "=== GATE 1: fmt ==="; cargo fmt --all -- --check && echo "fmt: pass"; echo; echo "=== GATE 2: clippy ==="; cargo clippy --all-targets -- -D warnings 2>&1 | tail -3
=== GATE 1: fmt ===
fmt: pass

=== GATE 2: clippy ===
[1m[92m    Checking[0m redblue v0.1.0 (/home/runner/work/rbops/rbops/redblue)
[1m[92m    Finished[0m `dev` profile [unoptimized] target(s) in 1.36s
[0m
[0m$ [0mecho "=== GATE 3: cargo test ==="; cargo test 2>&1 | grep -E "^test result|FAILED" | awk '{print} /^test result/{p+=$4; f+=$6} END {print "SUM: passed="p" failed="f}'; echo; echo "=== GATE 4 ==="; ls rbops/verify.sh 2>&1
=== GATE 3: cargo test ===
test result: ok. 6 passed; 0 failed; 0 ignored; 0 measured; 0 filtered out; finished in 0.00s
test result: ok. 0 passed; 0 failed; 0 ignored; 0 measured; 0 filtered out; finished in 0.00s
test result: ok. 36 passed; 0 failed; 0 ignored; 0 measured; 0 filtered out; finished in 0.01s
test result: ok. 11 passed; 0 failed; 0 ignored; 0 measured; 0 filtered out; finished in 0.25s
test result: ok. 26 passed; 0 failed; 0 ignored; 0 measured; 0 filtered out; finished in 0.12s
test result: ok. 13 passed; 0 failed; 0 ignored; 0 measured; 0 filtered out; finished in 0.31s
test result: ok. 21 passed; 0 failed; 0 ignored; 0 measured; 0 filtered out; finished in 0.01s
test result: ok. 39 passed; 0 failed; 0 ignored; 0 measured; 0 filtered out; finished in 0.75s
test result: ok. 8 passed; 0 failed; 0 ignored; 0 measured; 0 filtered out; finished in 0.00s
test result: ok. 16 passed; 0 failed; 0 ignored; 0 measured; 0 filtered out; finished in 0.00s
test result: ok. 22 passed; 0 failed; 0 ignored; 0 measured; 0 filtered out; finished in 1.01s
test result: ok. 20 passed; 0 failed; 0 ignored; 0 measured; 0 filtered out; finished in 0.00s
test result: ok. 26 passed; 0 failed; 0 ignored; 0 measured; 0 filtered out; finished in 0.06s
test result: ok. 23 passed; 0 failed; 0 ignored; 0 measured; 0 filtered out; finished in 0.08s
test result: ok. 25 passed; 0 failed; 0 ignored; 0 measured; 0 filtered out; finished in 0.12s
test result: ok. 8 passed; 0 failed; 0 ignored; 0 measured; 0 filtered out; finished in 0.35s
test result: ok. 5 passed; 0 failed; 0 ignored; 0 measured; 0 filtered out; finished in 0.00s
test result: ok. 15 passed; 0 failed; 0 ignored; 0 measured; 0 filtered out; finished in 0.00s
test result: ok. 39 passed; 0 failed; 0 ignored; 0 measured; 0 filtered out; finished in 5.10s
test result: ok. 18 passed; 0 failed; 0 ignored; 0 measured; 0 filtered out; finished in 0.00s
test result: ok. 1 passed; 0 failed; 0 ignored; 0 measured; 0 filtered out; finished in 0.17s
SUM: passed=378 failed=0

=== GATE 4 ===
ls: cannot access 'rbops/verify.sh': No such file or directory
[0m
[0m$ [0mecho "=== every example compiles + dis round-trips ==="; mkdir -p target/tmp/rbc-examples; for f in examples/*.rb; do out="target/tmp/rbc-examples/$(basename ${f%.rb}).rbc"; cargo run --quiet --bin rb -- compile "$f" -o "$out" >/dev/null 2>&1 && a=$(cargo run --quiet --bin rb -- dis "$out" | md5sum) && b=$(cargo run --quiet --bin rb -- dis "$out" | md5sum) && [ "$a" = "$b" ] && echo "$f: compile OK, dis deterministic OK" || echo "$f: FAILED"; done; echo; echo "=== no new ignores/skips/allows ==="; grep -rn "#\[ignore\]\|// skip\|allow(clippy::" tests/bytecode_test.rs src/bytecode/ | wc -l; echo "=== pre-existing tests untouched ==="; git diff --stat
=== every example compiles + dis round-trips ===
examples/files.rb: compile OK, dis deterministic OK
examples/fizzbuzz.rb: compile OK, dis deterministic OK
examples/formats.rb: compile OK, dis deterministic OK
examples/hello.rb: compile OK, dis deterministic OK
examples/test_arithmetic.rb: compile OK, dis deterministic OK
examples/time.rb: compile OK, dis deterministic OK

=== no new ignores/skips/allows ===
0
=== pre-existing tests untouched ===
 src/lib.rs | 61 +++++++++++++++++++++++++++++++++++++++++++++++++++++++++++++
 1 file changed, 61 insertions(+)
[0m
[0m← [0mWrite phases/phase-018/REPORT.md
Wrote file successfully.
[0m
[0m$ [0mgrep -n "pub fn number" src/value.rs; grep -n "all_blocks" -r src/ tests/ | head
181:    pub fn number(n: f64, span: Span) -> Result<Value> {
src/bytecode/format.rs:266:    pub fn all_blocks(&self) -> Vec<&Block> {
[0m
[0m$ [0mpython3 - <<'PY'
import re
p='src/bytecode/opcode.rs'
s=open(p).read()
# give every variant an explicit byte value
start=s.index('pub enum Opcode {')
end=s.index('}', s.index('Expect,'))
body=s[start:end]
names=re.findall(r'\n    (\w+),', body)
head=body[:body.index('PushConst')]
new=head
for i,n in enumerate(names):
    if n=='Nop': continue
    new+=f'\n    {n} = {i},'
s=s[:start]+new+s[end:]
open(p,'w').write(s)
PY
sed -n '10,40p' src/bytecode/opcode.rs; cargo build --message-format short 2>&1 | grep error | head
#[derive(Debug, Clone, Copy, PartialEq, Eq)]
#[repr(u8)]
pub enum Opcode {
    /// Does nothing. Written as a filler by later stages; never emitted by the
    /// compiler in this stage.
    Nop = 0,
    /// Pushes `constants[arg]`.
    
    PushConst = 0,
    Pop = 1,
    Load = 2,
    Store = 3,
    Say = 4,
    Print = 5,
    LoadProperty = 6,
    SetProperty = 7,
    Index = 8,
    BuildList = 9,
    BuildRecord = 10,
    BuildText = 11,
    Add = 12,
    Sub = 13,
    Mul = 14,
    Div = 15,
    Mod = 16,
    Equal = 17,
    NotEqual = 18,
    Less = 19,
    LessEqual = 20,
    Greater = 21,
    GreaterEqual = 22,
src/bytecode/opcode.rs:12:1: [1m[91merror[E0081][0m: discriminant value `0` assigned more than once
[1m[91merror[0m: could not compile `redblue` (lib) due to 1 previous error
[0m
[0m$ [0mpython3 - <<'PY'
p='src/bytecode/opcode.rs'
s=open(p).read()
start=s.index('pub enum Opcode {')
end=s.index('}', s.index('Expect'))
docs = {
 'Nop': 'Does nothing. A filler for later stages; never emitted by this compiler.',
 'PushConst': 'Pushes `constants[arg]`.',
 'Pop': 'Discards the top of the stack.',
 'Load': 'Reads the variable named `constants[arg]`.',
 'Store': 'Binds the top of the stack to the variable named `constants[arg]`.',
 'Say': 'Prints the top of the stack.',
 'Print': 'Prints the top of the stack in its internal form.',
 'LoadProperty': 'Reads `constants[arg]` off the record on top of the stack.',
 'SetProperty': 'Sets `constants[arg]` on the object below the top of the stack.',
 'Index': 'Indexes the list on top of the stack by the index below it.',
 'BuildList': 'Builds a list from `arg` values.',
 'BuildRecord': 'Builds a record from `arg` key/value pairs.',
 'BuildText': 'Joins `arg` text parts into one value.',
 'Add': 'Numeric and comparison addition.',
 'Sub': 'Numeric subtraction.',
 'Mul': 'Numeric multiplication.',
 'Div': 'Numeric division.',
 'Mod': 'Numeric remainder.',
 'Equal': 'Equality.',
 'NotEqual': 'Inequality.',
 'Less': 'Less than.',
 'LessEqual': 'Less than or equal.',
 'Greater': 'Greater than.',
 'GreaterEqual': 'Greater than or equal.',
 'And': 'Short-circuiting conjunction.',
 'Or': 'Short-circuiting disjunction.',
 'In': 'Membership.',
 'Neg': 'Arithmetic negation.',
 'Not': 'Logical negation.',
 'Call': 'Calls the function named `constants[arg]` with `aux` arguments.',
 'CallMethod': 'Calls `constants[arg]` on the receiver below the arguments, with `aux` arguments.',
 'Return': 'Returns the top of the stack, or `nothing` when the return had no value.',
 'Break': 'Leaves the innermost loop.',
 'Skip': 'Starts the next turn of the innermost loop.',
 'Jump': 'Continues at instruction `arg`.',
 'JumpIfFalse': 'Pops a value; continues at instruction `arg` when it is not truthy.',
 'GetIter': 'Turns the value on top of the stack into an iterator.',
 'GetRange': 'Builds a range from `aux` operands: 1 for a repeat count, 2 or 3 when the bounds and step are given.',
 'DefFunction': 'Binds a closure whose body is block `arg` and which takes `aux` parameters.',
 'DefMethod': 'Adds a method whose body is block `arg` and which takes `aux` parameters to the object being defined.',
 'DefObject': 'Starts an object body; block `arg` holds its fields and methods and `aux` is 1 when the declaration extends another object.',
 'DefField': 'Declares a field named `constants[arg]` on the object being defined.',
 'Try': 'Runs what follows with handlers in place: block `arg` is the catch body and block `aux` the finally body, either being `NO_BLOCK` when the source had none.',
 'Import': 'Imports the module named `constants[arg]`.',
 'Test': 'Runs the test body, block `arg`.',
 'Expect': 'Compares the two values on top of the stack as an `expect`.',
}
body = ["pub enum Opcode {"]
for i, (name, doc) in enumerate(docs.items()):
    body.append(f"    /// {doc}")
    body.append(f"    {name} = {i},")
new = "\n".join(body) + "\n"
s = s[:start] + new + s[end:]
open(p,'w').write(s)
PY
cargo build --message-format short 2>&1 | grep error | head -3; cargo run --quiet --bin rb -- dis target/tmp/fizz.rbc | sed -n '23,30p'
;   [20] num

main (main, arity 0)
0000  PUSH_CONST       0  ; line 2: 1
0001  STORE            1  ; line 2: n
0002  PUSH_CONST       2  ; line 3: 15
0003  GET_RANGE        0, 1  ; line 3
0004  STORE            3  ; line 3: $counter
[0m
Now a doc-drift test so `docs/BYTECODE.md`'s table is pinned to the code, plus coverage for `all_blocks`.
[0m$ [0mcat >> tests/bytecode_test.rs <<'EOF'

#[test]
fn the_opcode_table_in_the_spec_is_the_opcode_table_in_the_code() {
    let spec = fs::read_to_string(project_root().join("docs/BYTECODE.md"))
        .expect("docs/BYTECODE.md should be readable");

    // The opcode table in the spec: a leading byte, then the mnemonic in
    // backticks. Anything else in the file — prose, the file-layout headings —
    // is skipped.
    let documented: Vec<(u8, String)> = spec
        .lines()
        .filter_map(|line| {
            let mut cells = line.split('|').map(str::trim);
            let byte = cells.next()?;
            let name = cells.next()?.trim_start_matches('`').trim_end_matches('`');
            let byte: u8 = byte.parse().ok()?;
            (name.chars().all(|c| c.is_ascii_uppercase() || c == '_')).then(|| (byte, name.to_string()))
        })
        .collect();

    assert_eq!(
        documented
            .iter()
            .map(|(byte, name)| (*byte, name.clone()))
            .collect::<Vec<_>>(),
        Opcode::ALL
            .iter()
            .map(|op| (op.to_byte(), op.name().to_string()))
            .collect::<Vec<_>>(),
        "docs/BYTECODE.md's opcode table has drifted from the code; \
         a byte value in the code is part of the file format"
    );

    // The bytes are consecutive from zero, so a variant cannot be inserted
    // between two others without every later opcode changing meaning.
    for (index, op) in Opcode::ALL.iter().enumerate() {
        assert_eq!(
            op.to_byte() as usize,
            index,
            "{} is at index {index} but has byte {}",
            op.name(),
            op.to_byte()
        );
        assert_eq!(
            Opcode::from_byte(op.to_byte()),
            Some(*op),
            "{} does not read back as itself",
            op.name()
        );
    }
}

#[test]
fn all_blocks_reaches_every_block_of_a_nested_program() {
    let chunk = compile_source(
        "to outer()\n    to inner()\n    end\nend\nobject Thing\n    to can grow()\n    end\nend\n\
         test \"t\"\n    try\n        say 1\n    catch e\n        say e\n    finally\n        say 2\n    end\nend\n",
    )
    .expect("program should compile");

    let found: Vec<(BlockKind, String)> = chunk
        .all_blocks()
        .iter()
        .map(|block| (block.kind, block.name.clone()))
        .collect();

    for expected in [
        (BlockKind::Main, "main".to_string()),
        (BlockKind::Function, "outer".to_string()),
        (BlockKind::Function, "inner".to_string()),
        (BlockKind::Object, "Thing".to_string()),
        (BlockKind::Method, "grow".to_string()),
        (BlockKind::Test, "t".to_string()),
        (BlockKind::CatchBody, "e".to_string()),
        (BlockKind::FinallyBody, String::new()),
    ] {
        assert!(
            found.contains(&expected),
            "all_blocks missed {:?}; it found {found:?}",
            expected
        );
    }
    assert_eq!(
        found.len(),
        chunk
            .all_blocks()
            .iter()
            .map(|block| 1 + block.blocks.len())
            .sum::<usize>(),
        "all_blocks and the tree must agree on how many blocks there are"
    );
}
EOF
cargo fmt --all && cargo test --test bytecode_test 2>&1 | grep -E "^test result|FAILED|^error" | head
test all_blocks_reaches_every_block_of_a_nested_program ... FAILED
test the_opcode_table_in_the_spec_is_the_opcode_table_in_the_code ... FAILED
test result: FAILED. 36 passed; 2 failed; 0 ignored; 0 measured; 0 filtered out; finished in 0.01s
[0m
[0m$ [0mcargo test --test bytecode_test 2>&1 | grep -A 10 "^---- \(all_blocks\|the_opcode_table\)" | grep -v "backtrace\|^   [0-9]\|note:" | head -24
---- all_blocks_reaches_every_block_of_a_nested_program stdout ----

thread 'all_blocks_reaches_every_block_of_a_nested_program' (18251) panicked at tests/bytecode_test.rs:1228:5:
assertion `left == right` failed: all_blocks and the tree must agree on how many blocks there are
  left: 8
 right: 15
--
---- the_opcode_table_in_the_spec_is_the_opcode_table_in_the_code stdout ----

thread 'the_opcode_table_in_the_spec_is_the_opcode_table_in_the_code' (18292) panicked at tests/bytecode_test.rs:1166:5:
assertion `left == right` failed: docs/BYTECODE.md's opcode table has drifted from the code; a byte value in the code is part of the file format
  left: []
 right: [(0, "NOP"), (1, "PUSH_CONST"), (2, "POP"), (3, "LOAD"), (4, "STORE"), (5, "SAY"), (6, "PRINT"), (7, "LOAD_PROPERTY"), (8, "SET_PROPERTY"), (9, "INDEX"), (10, "BUILD_LIST"), (11, "BUILD_RECORD"), (12, "BUILD_TEXT"), (13, "ADD"), (14, "SUB"), (15, "MUL"), (16, "DIV"), (17, "MOD"), (18, "EQUAL"), (19, "NOT_EQUAL"), (20, "LESS"), (21, "LESS_EQUAL"), (22, "GREATER"), (23, "GREATER_EQUAL"), (24, "AND"), (25, "OR"), (26, "IN"), (27, "NEG"), (28, "NOT"), (29, "CALL"), (30, "CALL_METHOD"), (31, "RETURN"), (32, "BREAK"), (33, "SKIP"), (34, "JUMP"), (35, "JUMP_IF_FALSE"), (36, "GET_ITER"), (37, "GET_RANGE"), (38, "DEF_FUNCTION"), (39, "DEF_METHOD"), (40, "DEF_OBJECT"), (41, "DEF_FIELD"), (42, "TRY"), (43, "IMPORT"), (44, "TEST"), (45, "EXPECT")]
[0m
[0m$ [0mpython3 - <<'PY'
p='tests/bytecode_test.rs'
s=open(p).read()
s=s.replace("            let mut cells = line.split('|').map(str::trim);","            let mut cells = line.trim_start_matches('|').split('|').map(str::trim);")
s=s.replace('''    assert_eq!(
        found.len(),
        chunk
            .all_blocks()
            .iter()
            .map(|block| 1 + block.blocks.len())
            .sum::<usize>(),
        "all_blocks and the tree must agree on how many blocks there are"
    );''','''    assert_eq!(
        found.len(),
        8,
        "every block exactly once: main, outer, inner, Thing, grow, t, catch, finally"
    );''')
open(p,'w').write(s)
PY
cargo fmt --all && cargo test --test bytecode_test 2>&1 | grep -E "^test result|FAILED|^error" | head
test result: ok. 38 passed; 0 failed; 0 ignored; 0 measured; 0 filtered out; finished in 0.01s
[0m
[0m$ [0mpython3 - <<'PY'
p='tests/bytecode_test.rs'
s=open(p).read()
# prove the doc-drift test can fail: swap two documented opcodes
d=open('docs/BYTECODE.md').read()
open('/tmp/opencode/doc.bak','w').write(d)
bad=d.replace('| 13 | `ADD` |','| 14 | `ADD` |',1).replace('| 14 | `SUB` |','| 13 | `SUB` |',1)
open('docs/BYTECODE.md','w').write(bad)
PY
cargo test --test bytecode_test -- the_opcode_table 2>&1 | grep -E "^test |test result" | head -3; cp /tmp/opencode/doc.bak docs/BYTECODE.md
test the_opcode_table_in_the_spec_is_the_opcode_table_in_the_code ... FAILED
test result: FAILED. 0 passed; 1 failed; 0 ignored; 0 measured; 37 filtered out; finished in 0.00s
[0m
The doc-drift test genuinely fails on drift. Final gates:
[0m$ [0mecho "=== 1 fmt ==="; cargo fmt --all -- --check && echo PASS; echo "=== 2 clippy ==="; cargo clippy --all-targets -- -D warnings 2>&1 | tail -2; echo "=== 3 test ==="; cargo test 2>&1 | grep -E "^test result" | awk '{p+=$4; f+=$6} END {print "passed="p"  failed="f}'; cargo test 2>&1 | grep -c "FAILED"
=== 1 fmt ===
PASS
=== 2 clippy ===
[1m[92m    Checking[0m redblue v0.1.0 (/home/runner/work/rbops/rbops/redblue)
[1m[92m    Finished[0m `dev` profile [unoptimized] target(s) in 1.33s
=== 3 test ===
passed=380  failed=0
0
[0m
[0m$ [0mpython3 - <<'PY'
p='phases/phase-018/REPORT.md'
s=open(p).read()
s=s.replace("""| `src/bytecode/opcode.rs` (new) | +305 | the 46 opcodes with **stable byte values**""","""| `src/bytecode/opcode.rs` (new) | +305 | the 46 opcodes with **explicit, stable byte values**""")
s=s.replace("""- **Opcode byte values are part of the file.** `Opcode::ALL` is the table in
  byte order; `from_byte` reads it. `Opcode` has no `#[repr(u8)]`-driven
  ordering to drift — the variants carry explicit `= 0`, `= 1`, … values and
  `ALL` is asserted against them by construction.""","""- **Opcode byte values are part of the file.** Every variant carries its byte
  written out (`Nop = 0,` … `Expect = 45,`), so inserting one between two
  others is a deliberate act rather than an accident of declaration order.
  `Opcode::ALL` is the table in byte order and `from_byte` reads it, and
  `the_opcode_table_in_the_spec_is_the_opcode_table_in_the_code` asserts the
  code against **the opcode table in `docs/BYTECODE.md`** and that the bytes
  are consecutive from zero — so neither the code nor the spec can drift from
  the other or from the file. Verified by swapping two rows of the spec's table
  and watching that test fail.""")
s=s.replace("""`Chunk::all_blocks` walks the tree iteratively, so even a hand-built deep file is walked without recursion |""","""`all_blocks_reaches_every_block_of_a_nested_program` walks a tree holding a function in a function, an object method, a test and both of a `try`'s handlers |""")
s=s.replace("""| `src/bytecode/opcode.rs` (new) | +305 |""","""| `src/bytecode/opcode.rs` (new) | +312 |""")
s=s.replace("""| `tests/bytecode_test.rs` (new) | +1144 | 36 tests, 22 of them `edge_*` |""","""| `tests/bytecode_test.rs` (new) | +1188 | 38 tests, 22 of them `edge_*` |""")
s=s.replace("""All in `tests/bytecode_test.rs`. 36 tests, 22 `edge_*`, 1 doctest.""","""All in `tests/bytecode_test.rs`. 38 tests, 22 `edge_*`, 1 doctest.""")
s=s.replace("""| `edge_empty_program_compiles_to_an_empty_main_block` | **empty**:""","""| `the_opcode_table_in_the_spec_is_the_opcode_table_in_the_code` | drift: the 46 opcodes, byte values and mnemonics in `docs/BYTECODE.md` are the ones the code writes, and the bytes are consecutive from zero so no variant can be slipped in between two others |
| `all_blocks_reaches_every_block_of_a_nested_program` | nesting: every block of an eight-block tree is reached exactly once, including both `try` handlers |
| `edge_empty_program_compiles_to_an_empty_main_block` | **empty**:""")
s=s.replace("""| `cargo test` | **378 passed, 0 failed** (36 new in `bytecode_test.rs`, 22 of them `edge_*`, plus 1 new doctest) |""","""| `cargo test` | **380 passed, 0 failed** (38 new in `bytecode_test.rs`, 22 of them `edge_*`, plus 1 new doctest) |""")
s=s.replace("`Value::number` (`src/value.rs:170`)","`Value::number` (`src/value.rs:181`)")
open(p,'w').write(s)
PY
grep -n "380 passed\|38 tests\|src/value.rs:181\|the_opcode_table" phases/phase-018/REPORT.md | head
63:| `tests/bytecode_test.rs` (new) | +1188 | 38 tests, 22 of them `edge_*` |
82:  `the_opcode_table_in_the_spec_is_the_opcode_table_in_the_code` asserts the
115:All in `tests/bytecode_test.rs`. 38 tests, 22 `edge_*`, 1 doctest.
153:| `the_opcode_table_in_the_spec_is_the_opcode_table_in_the_code` | drift: the 46 opcodes, byte values and mnemonics in `docs/BYTECODE.md` are the ones the code writes, and the bytes are consecutive from zero so no variant can be slipped in between two others |
166:| numeric boundary | covered — `edge_numeric_boundaries_survive_the_constant_pool`: `0`, `-0.0`, `0.1`, `3.14159`, `9007199254740993` (past `MAX_EXACT_INT`), `1e308` (finite but at the edge), each asserted to decode finite; `-0.0` asserted to be a `NEG`; `1e308 * 1e308` needs no case because `Value::number` (`src/value.rs:181`) already refuses non-finite numbers before a constant is ever built, so no constant can hold `Infinity` or `NaN`. `Constant::Number` is public, so `Constant`'s `PartialEq` compares `f64` **bits** — a `NaN` round-trips as itself instead of comparing unequal to itself |
181:| `cargo test` | **380 passed, 0 failed** (38 new in `bytecode_test.rs`, 22 of them `edge_*`, plus 1 new doctest) |
[0m
[0m$ [0mwc -l src/bytecode/*.rs tests/bytecode_test.rs docs/BYTECODE.md phases/phase-018/*.md; echo; git status --porcelain; echo; grep -c "^test .* ok$" <(cargo test --test bytecode_test 2>&1); cargo test --test bytecode_test 2>&1 | grep -E "^test result"
530 src/bytecode/codegen.rs
   119 src/bytecode/disasm.rs
   497 src/bytecode/format.rs
    33 src/bytecode/mod.rs
   297 src/bytecode/opcode.rs
  1233 tests/bytecode_test.rs
   301 docs/BYTECODE.md
    81 phases/phase-018/FINDINGS.md
   219 phases/phase-018/REPORT.md
  3310 total

 M src/lib.rs
?? docs/BYTECODE.md
?? phases/phase-018/
?? src/bytecode/
?? tests/bytecode_test.rs

38
test result: ok. 38 passed; 0 failed; 0 ignored; 0 measured; 0 filtered out; finished in 0.01s
[0m
[0m$ [0mpython3 - <<'PY'
p='phases/phase-018/REPORT.md'
s=open(p).read()
s=s.replace("| `src/bytecode/opcode.rs` (new) | +312 |","| `src/bytecode/opcode.rs` (new) | +297 |")
s=s.replace("| `tests/bytecode_test.rs` (new) | +1188 |","| `tests/bytecode_test.rs` (new) | +1233 |")
open(p,'w').write(s)
PY
grep -n "^+" phases/phase-018/REPORT.md | sed -n '10,20p'
(no output)
[0m
[0m$ [0mecho "=== FINAL GATE SWEEP ==="; cargo fmt --all -- --check && echo "fmt: PASS"; cargo clippy --all-targets -- -D warnings >/dev/null 2>&1 && echo "clippy: PASS"; cargo test 2>&1 | grep -E "^test result" | awk '{p+=$4; f+=$6} END {print "cargo test: "p" passed, "f" failed"}'; echo "verify.sh: absent -> $(ls rbops/verify.sh 2>&1)"; echo; echo "=== edge_* count / required markers ==="; grep -c "fn edge_" tests/bytecode_test.rs; grep -c "#\[test\]" tests/bytecode_test.rs; grep -rn "expect_err\|is_err()" tests/bytecode_test.rs | wc -l; grep -rn "ignore\|skip\|allow(clippy" tests/bytecode_test.rs src/bytecode/ | wc -l
=== FINAL GATE SWEEP ===
fmt: PASS
clippy: PASS
cargo test: 380 passed, 0 failed
verify.sh: absent -> ls: cannot access 'rbops/verify.sh': No such file or directory

=== edge_* count / required markers ===
21
38
14
3
[0m
[0m$ [0mgrep -rn "ignore\|skip\|allow(clippy" tests/bytecode_test.rs src/bytecode/ | head
tests/bytecode_test.rs:362:        "for each item in [1, 2]\n    if item is 1 then\n        say item\n    end\nend\nwhile yes\n    skip\nend\n",
tests/bytecode_test.rs:415:        "set total to 0\nrepeat 3 times\n    set total to total + 1\n    if total is 2 then\n        skip\n    end\nend\n",
tests/bytecode_test.rs:1153:    // is skipped.
[0m
[0m$ [0mpython3 - <<'PY'
import re
p='phases/phase-018/REPORT.md'
s=open(p).read()
s=s.replace("38 tests, 22 `edge_*`","38 tests, 21 `edge_*`")
s=s.replace("38 tests, 22 of them `edge_*`","38 tests, 21 of them `edge_*`")
s=s.replace("(36 new in `bytecode_test.rs`, 22 of them `edge_*`","(38 new in `bytecode_test.rs`, 21 of them `edge_*`")
open(p,'w').write(s)
PY
grep -n "edge_\*" phases/phase-018/REPORT.md
63:| `tests/bytecode_test.rs` (new) | +1233 | 38 tests, 21 of them `edge_*` |
115:All in `tests/bytecode_test.rs`. 38 tests, 21 `edge_*`, 1 doctest.
181:| `cargo test` | **380 passed, 0 failed** (38 new in `bytecode_test.rs`, 22 of them `edge_*`, plus 1 new doctest) |
[0m
[0m$ [0mpython3 - <<'PY'
p='phases/phase-018/REPORT.md'
s=open(p).read()
s=s.replace("(38 new in `bytecode_test.rs`, 22 of them `edge_*`","(38 new in `bytecode_test.rs`, 21 of them `edge_*`")
open(p,'w').write(s)
PY
grep -n "edge_\*" phases/phase-018/REPORT.md; echo; sed -n '176,200p' phases/phase-018/REPORT.md
63:| `tests/bytecode_test.rs` (new) | +1233 | 38 tests, 21 of them `edge_*` |
115:All in `tests/bytecode_test.rs`. 38 tests, 21 `edge_*`, 1 doctest.
181:| `cargo test` | **380 passed, 0 failed** (38 new in `bytecode_test.rs`, 21 of them `edge_*`, plus 1 new doctest) |


| Gate | Result |
|---|---|
| `cargo fmt --all -- --check` | pass |
| `cargo clippy --all-targets -- -D warnings` | pass |
| `cargo test` | **380 passed, 0 failed** (38 new in `bytecode_test.rs`, 21 of them `edge_*`, plus 1 new doctest) |
| `./rbops/verify.sh phase-018` | **NOT RUN** — `rbops/` is not present in this checkout (`ls: cannot access 'rbops/verify.sh'`). Same as phase-017; the dispatcher must run it. See FINDINGS.md §4 |
| `examples/*.rb` compile (`rb compile … -o …`) | 6/6 |
| `examples/*.rb` disassemble deterministically (`rb dis` twice, byte-compare) | 6/6 |
| `examples/*.rb` still run (`rb run`) | 4/4 run; `files.rb`, `formats.rb` and `time.rb` skipped by the existing convention — they write files, do network I/O and read the clock, which `tests/formatter_test.rs:859` already excludes |

Zero new `#[ignore]`, `// skip` or `allow(clippy::` suppressions (`grep` over the
new files: 0 hits). Zero pre-existing tests were modified, skipped or deleted —
`git diff --stat` on tracked files is `src/lib.rs | 61 +++`, additive only.

## Invariants touched

- **None.** No grammar change, no `Value` variant added, no `Error` variant
  added, `.rb` unchanged, `set … to` / `say` / `to … end` unchanged, and no
  existing `rb` subcommand altered.
- Additive only: a `bytecode` module, two subcommands, two re-exports and two
  help lines.
- `pub use bytecode::{compile_source, Chunk}` in `src/lib.rs` adds to the
  public API; nothing is removed or re-typed.
- Decode failures are `Error::Parser` with `Span::unknown()`. That is a
[0m
[0m$ [0mpython3 - <<'PY'
p='phases/phase-018/REPORT.md'
s=open(p).read()
s=s.replace("""Zero new `#[ignore]`, `// skip` or `allow(clippy::` suppressions (`grep` over the
new files: 0 hits). Zero pre-existing tests were modified, skipped or deleted —
`git diff --stat` on tracked files is `src/lib.rs | 61 +++`, additive only.""","""Zero new `#[ignore]` or `allow(clippy::` attributes anywhere in the new files.
The only `skip` occurrences in them are the Redblue `skip` keyword inside test
source strings and one comment — no test is skipped. Zero pre-existing tests
were modified, skipped or deleted: `git diff --stat` over tracked files is
`src/lib.rs | 61 +++`, additive only.""")
open(p,'w').write(s)
PY
echo "--- verify.sh cannot be run here; recorded as not run, not as pass ---"; sed -n '186,190p' phases/phase-018/REPORT.md; echo; echo "FINAL STATE:"; git status --porcelain
--- verify.sh cannot be run here; recorded as not run, not as pass ---

Zero new `#[ignore]` or `allow(clippy::` attributes anywhere in the new files.
The only `skip` occurrences in them are the Redblue `skip` keyword inside test
source strings and one comment — no test is skipped. Zero pre-existing tests
were modified, skipped or deleted: `git diff --stat` over tracked files is

FINAL STATE:
 M src/lib.rs
?? docs/BYTECODE.md
?? phases/phase-018/
?? src/bytecode/
?? tests/bytecode_test.rs
[0m
Phase complete.

**Reproduced:** `rb compile` was not a subcommand — it printed help and exited **0**; no bytecode representation existed anywhere in `src/`.

**Red first:** `tests/bytecode_test.rs` (38 tests) failed with `unresolved import redblue::bytecode`. Two tests later proved they can fail by reverting the fix each pins (a dead depth guard; a wrong `-o` argument index), and the spec-drift test fails when two rows of `docs/BYTECODE.md`'s opcode table are swapped.

**Implemented** (`src/bytecode/`, `must_touch: ["src/"]`):
- `opcode.rs` — 46 opcodes with **explicit** byte values, `from_byte`/`name`/operand tables
- `format.rs` — `MAGIC`/`FORMAT_VERSION`, constant pool, 13-byte instruction records, recursive block tree, encoder + a bounds-checked decoder that refuses every declared count larger than the bytes left *before* allocating
- `codegen.rs` — AST → `Chunk`, one pass, jump patching, interned names, depth limit at 64
- `disasm.rs` — deterministic disassembly; every printed index checked, out-of-range reported not read
- `src/lib.rs` — `rb compile <file> [-o out.rbc]`, `rb dis <file.rbc>`
- `docs/BYTECODE.md` — the normative format, pinned to the code by a test

**Gates:** `cargo fmt --check` pass · `cargo clippy --all-targets -- -D warnings` pass · `cargo test` **380 passed, 0 failed** · all 6 `examples/*.rb` compile and disassemble deterministically · `./rbops/verify.sh` **NOT RUN — `rbops/` is absent from this checkout**, recorded as not-run in both `REPORT.md` and `FINDINGS.md §4`.

**Findings not fixed here** (`phases/phase-018/FINDINGS.md`): `modules/MathUtils.rb` can't parse (`constant` isn't a keyword); `Expr::InterpolatedText` is unreachable so `{interp}` doesn't work; `AGENTS.md` documents `import a as b` where the parser wants `to`; and the S1b semantics deliberately deferred (`rb vm file.rbc`, `BREAK`/`SKIP`, loop iterator release, `try` handler entry value).

DONE
