[0m
> build · space-bunny-free
[0m
[0m$ [0mls tests/ | head -50
bytecode_test.rs
bytecode_vm_test.rs
call_depth_test.rs
closure_capture_test.rs
comparison_lex_test.rs
comparison_words_test.rs
constant_test.rs
discovery_test.rs
expect_test.rs
for_range_test.rs
formatter_test.rs
index_bounds_test.rs
integration_test.rb
lexer_robustness_test.rs
linter_test.rs
loop_bounds_test.rs
mod_in_test.rs
module_system_test.rs
numeric_edge_test.rs
object_model_test.rs
parser_hardening_test.rs
record_order_test.rs
redblue_suite_test.rs
redblue_test.rs
span_test.rs
stdlib_module_docs_test.rs
stdlib_modules_test.rs
suite.rb
test_arithmetic.rb
test_closures.rb
test_comparisons.rb
test_control_flow.rb
test_functions.rb
test_lists.rb
test_mod_in.rb
test_modules.rb
test_numeric_edges.rb
test_object_model.rb
test_objects.rb
test_records.rb
test_text.rb
tooling_grammar_test.rs
unless_test.rs
[0m
[0m$ [0mls -la && git log --oneline -5 && git status
total 212
drwxr-xr-x 12 runner runner  4096 Oct  7 00:43 .
drwxr-xr-x  8 runner runner  4096 Oct  7 00:06 ..
drwxr-xr-x  7 runner runner  4096 Oct  7 00:43 .git
drwxr-xr-x  3 runner runner  4096 Oct  7 00:06 .github
-rw-r--r--  1 runner runner   304 Oct  7 00:06 .gitignore
-rw-r--r--  1 runner runner  5411 Oct  7 00:06 AGENTS.md
-rw-r--r--  1 runner runner  3140 Oct  7 00:06 CODE_OF_CONDUCT.md
-rw-r--r--  1 runner runner  4818 Oct  7 00:06 CONTRIBUTING.md
-rw-r--r--  1 runner runner 39455 Oct  7 00:06 Cargo.lock
-rw-r--r--  1 runner runner   632 Oct  7 00:06 Cargo.toml
-rw-r--r--  1 runner runner  6670 Oct  7 00:06 HANDOUT.md
-rw-r--r--  1 runner runner  1079 Oct  7 00:06 LICENSE
-rw-r--r--  1 runner runner  6272 Oct  7 00:06 PHILOSOPHY.md
-rw-r--r--  1 runner runner  5427 Oct  7 00:23 README.md
-rw-r--r--  1 runner runner 28928 Oct  7 00:06 ROADMAP.md
-rw-r--r--  1 runner runner 20907 Oct  7 00:39 SPEC.md
-rw-r--r--  1 runner runner   416 Oct  7 00:06 a.out
drwxr-xr-x  2 runner runner  4096 Oct  7 00:06 docs
-rw-r--r--  1 runner runner     0 Oct  7 00:06 err.txt
-rw-r--r--  1 runner runner     0 Oct  7 00:06 errors.txt
drwxr-xr-x  2 runner runner  4096 Oct  7 00:06 examples
-rw-r--r--  1 runner runner  3400 Oct  7 00:06 export.sh
drwxr-xr-x  2 runner runner  4096 Oct  7 00:06 modules
drwxr-xr-x 27 runner runner  4096 Oct  7 00:37 phases
drwxr-xr-x  5 runner runner  4096 Oct  7 00:06 src
drwxr-xr-x  4 runner runner  4096 Oct  7 00:06 target
-rw-r--r--  1 runner runner   622 Oct  7 00:06 test.redblue
drwxr-xr-x  2 runner runner  4096 Oct  7 00:13 tests
drwxr-xr-x  4 runner runner  4096 Oct  7 00:06 tooling
87752c5 rbops: phase-031 (2026-10-07T00:05:12Z)
825193a resume phase-031: adopt preserved work
a4b16d6 rbops: phase-030 (2026-10-06T21:17:41Z)
694cc85 rbops: phase-029 (2026-10-06T20:57:38Z)
6b9a59b rbops: phase-028 (2026-10-06T20:44:53Z)
On branch main
Your branch is up to date with 'origin/main'.

Changes not staged for commit:
  (use "git add <file>..." to update what will be committed)
  (use "git restore <file>..." to discard changes in working directory)
	modified:   README.md
	modified:   SPEC.md
	new file:   phases/phase-032/FINDINGS.md
	new file:   phases/phase-032/REPORT.md
	modified:   src/bytecode/vm.rs
	modified:   src/stdlib.rs
	modified:   src/vm.rs
	new file:   tests/stdlib_module_docs_test.rs

no changes added to commit (use "git add" and/or "git commit -a")
[0m
[0m→ [0mRead phases/phase-032/FINDINGS.md
[0m→ [0mRead phases/phase-032/REPORT.md
[0m→ [0mRead src/stdlib.rs
[0m→ [0mRead tests/stdlib_module_docs_test.rs
[0m
[0m$ [0mgrep -n "^## " SPEC.md README.md
SPEC.md:9:## Table of Contents
SPEC.md:27:## Introduction
SPEC.md:46:## Lexical Structure
SPEC.md:129:## Types
SPEC.md:172:## Variables and Values
SPEC.md:197:## Expressions
SPEC.md:336:## Statements
SPEC.md:460:## Functions
SPEC.md:530:## Objects
SPEC.md:641:## Modules
SPEC.md:716:## Error Handling
SPEC.md:769:## Asynchronous Programming
SPEC.md:807:## Standard Library
SPEC.md:898:## Grammar
SPEC.md:904:## Appendix: Keywords Reference
README.md:35:## Why Redblue?
README.md:47:## Installation
README.md:67:## Quick Start
README.md:120:## Standard Library
README.md:195:## Project Structure
README.md:215:## Development
README.md:231:## Status
README.md:242:## License
[0m
[0m→ [0mRead README.md[90m [offset=100, limit=120][0m
[0m→ [0mRead SPEC.md[90m [limit=95, offset=807][0m
[0m→ [0mRead src/runtime.rs[90m [offset=250, limit=380][0m
[0m
[0m$ [0mls tooling/ docs/ 2>/dev/null; ls phases/ | tail -5; git diff --stat
docs/:
BYTECODE.md
GRAMMAR.md

tooling/:
repl
vscode
phase-028
phase-029
phase-030
phase-031
phase-032
 README.md                        |  46 ++-
 SPEC.md                          |  49 ++-
 phases/phase-032/FINDINGS.md     | 107 +++++
 phases/phase-032/REPORT.md       | 168 ++++++++
 src/bytecode/vm.rs               |  13 +
 src/stdlib.rs                    | 235 ++++++++++-
 src/vm.rs                        |  14 +
 tests/stdlib_module_docs_test.rs | 851 +++++++++++++++++++++++++++++++++++++++
 8 files changed, 1463 insertions(+), 20 deletions(-)
[0m
[0m→ [0mRead src/vm.rs[90m [limit=60, offset=1150][0m
[0m
[0m$ [0mgrep -rn "console_log\|console\.log\|console_error" tests/ examples/ modules/ src/ --include=*.rs --include=*.rb | grep -v "^src/stdlib.rs" | head -30
tests/stdlib_module_docs_test.rs:345:        "console.log(\"console\")\n",
src/runtime.rs:581:        "console_log" => {
src/runtime.rs:587:        "console_error" => {
[0m
[0m$ [0mgrep -rn "length(" tests/ examples/ modules/ --include=*.rs --include=*.rb | head -40
tests/stdlib_module_docs_test.rs:267:            "text.length(\"hello\")",
tests/stdlib_module_docs_test.rs:277:            "list.length([1, 2, 3])",
tests/stdlib_module_docs_test.rs:337:        "say list.length([1, 2, 3])\n",
tests/stdlib_module_docs_test.rs:412:        ("list.length(5)", "list.length"),
tests/stdlib_module_docs_test.rs:604:        ("list.length([1, 2])", "2"),
tests/stdlib_module_docs_test.rs:644:        eval("text.length(\"\")"),
tests/stdlib_module_docs_test.rs:649:        eval("text.length(\"a\")"),
tests/stdlib_module_docs_test.rs:694:        eval("list.length([])"),
tests/stdlib_module_docs_test.rs:699:        eval("list.length([7])"),
tests/stdlib_module_docs_test.rs:730:        eval(&format!("text.length({})", redblue_text(label))),
tests/suite.rb:80:    expect length(report) to be 6
tests/suite.rb:112:    expect length(words) to be 4
tests/suite.rb:138:    expect length(rows) to be 2
tests/suite.rb:139:    expect length(rows[0]) to be 2
tests/suite.rb:151:    expect length(out) to be 10
tests/suite.rb:188:    expect length(listy) to be 0
tests/suite.rb:189:    expect length(texty) to be 0
tests/suite.rb:195:    expect length(deep) to be 1
tests/suite.rb:196:    expect length(deep[0][0][0]) to be 1
tests/closure_capture_test.rs:396:        give back [type_of(the_text), length(the_text), the_list]
tests/stdlib_modules_test.rs:575:        eval("length(csv.parse(\"a,b,c\\nd\")[1])"),
tests/test_control_flow.rb:101:    expect length(out) to be 8
tests/test_text.rb:9:    expect length(empty) to be 0
tests/test_text.rb:15:    expect length(one) to be 1
tests/test_text.rb:20:    expect length(greeting) to be 5
tests/test_text.rb:34:    expect length(a + b + c) to be 6
tests/test_text.rb:42:    expect length("Hello, {name}!") to be 14
tests/test_text.rb:59:    expect length(accented) to be 6
tests/test_text.rb:64:    expect length(cjk) to be 6
tests/test_text.rb:69:    expect length(party) to be 4
tests/test_text.rb:76:    expect length(combining) to be 3
tests/test_text.rb:83:    expect length(hebrew) to be 8
tests/test_text.rb:89:    expect length(mixed) to be 14
tests/test_text.rb:94:    expect length(two_lines) to be 3
tests/test_text.rb:99:    expect length(tabbed) to be 3
tests/test_text.rb:104:    expect length(quoted) to be 8
tests/test_text.rb:109:    expect length(slashed) to be 3
tests/test_text.rb:114:    expect length(long) to be 40
tests/test_text.rb:121:        set bad to length({a: 1})
tests/test_text.rb:131:        set bad to length(nothing)
[0m
[0m→ [0mRead tests/test_text.rb[90m [limit=140, offset=55][0m
[0m
[0m$ [0mgrep -rn "random_number\|math\.random\|random(" tests/ examples/ modules/ src/ --include=*.rs --include=*.rb | grep -v "^src/stdlib.rs" | head -30
tests/numeric_edge_test.rs:217:fn edge_random_number_refuses_a_range_whose_width_overflows() {
tests/numeric_edge_test.rs:222:    let message = runtime_message("random_number(-1e308, 1e308)");
tests/numeric_edge_test.rs:229:    match eval("random_number(1, 2)") {
tests/numeric_edge_test.rs:231:        other => panic!("random_number(1, 2) should be a number, got {:?}", other),
src/runtime.rs:598:        "random_number" => {
[0m
[0m$ [0mcargo build 2>&1 | tail -5
[1m[92m    Finished[0m `dev` profile [unoptimized] target(s) in 0.09s
[0m
[0m$ [0mgrep -rn "bare" README.md SPEC.md AGENTS.md src/*.rs | head -20
README.md:192:Every text, math and list function above is also a bare builtin of the same
src/analyzer.rs:397:                    // A bare receiver may be a module rather than a variable —
src/formatter.rs:163:    /// lexer reads `give` and `back` as the same token, so `give back` is a bare
src/formatter.rs:173:            let bare = matches!(stmt.statement, Statement::GiveBack(None));
src/formatter.rs:174:            let next_give_back = if bare {
src/formatter.rs:184:            if bare && next_give_back {
src/formatter.rs:409:                // A bare `catch` — one with no name binding — is legal: the parser
src/formatter.rs:596:                // identifier, so writing it would read back as a bare word.
src/lexer.rs:462:                // parser also reads a bare `Less`/`Greater` followed by
src/parser.rs:40:    // receiver.method(args) — a call on a value, as opposed to the bare
src/parser.rs:264:/// export all end` and a bare file of `constant` and `to` are both read as the
src/parser.rs:1245:            // `can`, so a bare `to` is a method too.
src/runtime.rs:753:/// data rather than structure. A bare field keeps its old meaning — trimmed of
src/stdlib.rs:79:/// `text.uppercase`, and a bare `uppercase` is left alone.
src/vm.rs:963:                // therefore (a) never ran a bare catch and (b) fell through to
src/vm.rs:1168:            // itself the way the program wrote it. A bare builtin name is not
[0m
[0m$ [0msed -n '807,900p' SPEC.md | cat -A | sed -n '1,100p' | grep -n 'n"'
(no output)
[0m
[0m$ [0mgrep -rn "files\.\|console\.\|time\.\|json\.\|csv\.\|network\.\|formats\.\|text\.\|list\.\|math\." examples/ modules/ tests/*.rb | head -40
examples/time.rb:5:set now to time.now()
examples/time.rb:10:set timestamp to time.now().seconds
examples/time.rb:16:time.sleep(1)
examples/time.rb:20:set formatted to time.format(timestamp, "%Y-%m-%d %H:%M:%S")
examples/time.rb:25:set now_formatted to time.format(time.now().seconds, "%A, %B %d, %Y")
examples/time.rb:30:set parsed to time.unix("2024-01-15 12:30:00")
examples/files.rb:5:files.write("output.txt", "Hello from Redblue!")
examples/files.rb:7:set content to files.read("output.txt")
examples/files.rb:11:if files.exists("output.txt") then
examples/files.rb:15:set lines to files.lines("output.txt")
examples/files.rb:19:files.append("output.txt", " - appended text")
examples/files.rb:21:set updated to files.read("output.txt")
examples/files.rb:25:files.copy("output.txt", "output_copy.txt")
examples/files.rb:27:if files.exists("output_copy.txt") then
examples/files.rb:31:files.rename("output_copy.txt", "renamed.txt")
examples/files.rb:33:files.delete("output.txt")
examples/files.rb:34:files.delete("renamed.txt")
examples/formats.rb:5:set obj to json.parse(json_str)
examples/formats.rb:14:set arr to json.parse(json_arr)
examples/formats.rb:18:set result to json.stringify(obj)
tests/integration_test.rb:105:    set text to json.parse("{\"a\": 1, \"b\": \"two\"}")
tests/integration_test.rb:106:    expect text.a to be 1
tests/integration_test.rb:107:    expect text.b to be "two"
tests/integration_test.rb:108:    set rendered to json.stringify(text)
tests/suite.rb:130:    set parsed to json.parse(source)
tests/suite.rb:137:    set rows to csv.parse("a,b\n1,2")
tests/test_lists.rb:130:    // above is about the position and not about the list.
tests/test_object_model.rb:108:    set parsed to json.parse("{\"a\": 1}")
tests/test_object_model.rb:137:    set rows to csv.parse("a,b\n1,2")
tests/test_records.rb:63:    set parsed to json.parse("{\"name\": \"Alice\", \"age\": 30}")
tests/test_records.rb:70:    set rendered to json.stringify({b: 1})
[0m
[0m$ [0mgrep -rn "Unknown function" tests/ src/ examples/ modules/ | head -30; echo ---; grep -rn "arity\|requirement\|named_as\|call_module_function\|is_module_function\|resolve_module_function" tests/ | head -20
tests/closure_capture_test.rs:509:        message, "Unknown function 'no_such_helper'",
tests/bytecode_vm_test.rs:2465:/// VM printed the area and the bytecode VM said `Unknown function`.
tests/bytecode_vm_test.rs:2480:/// bytecode VM that has no such check says `Unknown function 'M_nope'`, which is
tests/bytecode_vm_test.rs:2557:/// call through it said `Unknown function 'Geometry_area'` where the
src/stdlib.rs:168:                || format!("Unknown function '{name}'"),
src/vm.rs:1173:                        format!("Unknown function '{}'", name),
src/vm.rs:1180:                format!("Unknown function '{}'", name),
src/bytecode/vm.rs:1667:                        format!("Unknown function '{}'", name),
src/bytecode/vm.rs:1676:                format!("Unknown function '{}'", name),
---
tests/stdlib_module_docs_test.rs:581:                redblue::stdlib::is_module_function(&qualified),
tests/bytecode_test.rs:236:    // header is kind, arity, parameter count, the empty parameter list, the
tests/bytecode_test.rs:368:fn calls_carry_their_name_and_arity_and_properties_carry_their_name() {
tests/bytecode_test.rs:614:    assert_eq!(functions[0].arity, 1);
tests/bytecode_test.rs:615:    assert_eq!(functions[1].arity, 1);
tests/bytecode_test.rs:636:    assert_eq!(methods[0].arity, 1);
tests/bytecode_test.rs:1175:        // the name `n`, the main block header — kind, arity, parameter count,
tests/bytecode_test.rs:1535:        arity: 0,
tests/bytecode_test.rs:1544:            arity: 0,
tests/bytecode_test.rs:1573:        arity: 0,
tests/bytecode_test.rs:1582:            arity: 0,
tests/bytecode_test.rs:1631:            .filter(|line| line.contains("(function, arity 0)"))
tests/bytecode_test.rs:1651:            arity: 0,
tests/bytecode_test.rs:1700:                arity: 0,
tests/bytecode_test.rs:1751:        arity: 0,
tests/bytecode_test.rs:1824:            arity: 0,
[0m
[0m$ [0mgrep -rn "requires" tests/*.rs tests/*.rb examples/*.rb modules/*.rb | grep -v "^tests/stdlib_module_docs" | head -40
tests/bytecode_vm_test.rs:1611:/// The differential test the phase requires: both VMs agree on every program in
tests/bytecode_vm_test.rs:1619:        "the corpus holds {} programs, and the phase requires at least {MINIMUM_CORPUS}",
tests/bytecode_vm_test.rs:1819:        "only {ran} of the corpus programs reached the VM, and the phase requires \
tests/mod_in_test.rs:15://! behaviour of every operand shape and failure the phase requires.
tests/module_system_test.rs:295:    assert_runtime_error("import json as J\nJ.parse(5)", "json.parse requires text");
tests/object_model_test.rs:318:        "length requires a list or text",
tests/parser_hardening_test.rs:153:    // The depth the phase requires to be safe. Past the limit this must be a
tests/redblue_suite_test.rs:185:            "no suite file covers `{}`; the phase requires all eight areas",
tests/stdlib_modules_test.rs:486:        ("files.read(5)", "requires a text path"),
tests/stdlib_modules_test.rs:487:        ("files.exists(nothing)", "requires a text path"),
tests/stdlib_modules_test.rs:488:        ("files.lines([1])", "requires a text path"),
tests/stdlib_modules_test.rs:489:        ("files.delete(1)", "requires a text path"),
tests/stdlib_modules_test.rs:490:        ("files.write(\"p\")", "requires two text arguments"),
tests/stdlib_modules_test.rs:491:        ("files.write(1, 2)", "requires two text arguments"),
tests/stdlib_modules_test.rs:492:        ("files.append(\"p\", 3)", "requires two text arguments"),
tests/stdlib_modules_test.rs:493:        ("files.copy(\"a\")", "requires two text arguments"),
tests/stdlib_modules_test.rs:494:        ("files.rename(\"a\", 2)", "requires two text arguments"),
tests/stdlib_modules_test.rs:642:    assert_runtime_error("csv.parse(5)", "csv.parse requires text");
tests/stdlib_modules_test.rs:643:    assert_runtime_error("csv.parse([1, 2])", "csv.parse requires text");
tests/stdlib_modules_test.rs:889:    assert_runtime_error("json.parse(5)", "json.parse requires text");
tests/stdlib_modules_test.rs:890:    assert_runtime_error("json.parse([1])", "json.parse requires text");
tests/stdlib_modules_test.rs:968:        ("network.get(5)", "requires a URL"),
tests/stdlib_modules_test.rs:969:        ("network.get(nothing)", "requires a URL"),
tests/stdlib_modules_test.rs:972:            "requires URL and data",
tests/stdlib_modules_test.rs:974:        ("network.post(5, 5)", "requires URL and data"),
tests/test_control_flow.rb:154:test "control: and requires both sides"
[0m
[0m$ [0mgrep -rn "MightFail\|might fail" src/parser.rs src/lexer.rs | head -20
src/lexer.rs:39:    ("might", TokenKind::MightFail), // might fail
src/lexer.rs:40:    ("fail", TokenKind::MightFail),  // might fail
src/lexer.rs:109:    MightFail,
[0m
[0m$ [0mgrep -rn "console" tests/stdlib_modules_test.rs | head -20
(no output)
[0m
[0m$ [0mcat > /tmp/probe.rb <<'EOF'
say console.log()
EOF
./target/debug/rb run /tmp/probe.rb; echo "exit=$?"
nothing
exit=0
[0m
[0m$ [0mcd /home/runner/work/rbops/rbops/redblue && grep -rn "stdlib::arity\|stdlib::requirement\|stdlib::dotted\|named_as\|resolve_module_function" src/ tests/ | head
src/stdlib.rs:72:pub fn resolve_module_function(name: &str) -> Option<(&'static str, String)> {
src/stdlib.rs:87:pub fn named_as(message: &str, builtin: &str, written: &str) -> String {
src/stdlib.rs:135:    let (builtin, written) = resolve_module_function(name)?;
src/stdlib.rs:155:                    Error::Runtime(named_as(&message, builtin, &written), span)
[0m
[0m$ [0mcd /home/runner/work/rbops/rbops/redblue && for s in 'say uppercase("hi")' 'say math.random("hi","there")' 'say console.log()' 'say text.length("🎉")' 'say files.read("a","b")' 'say time.now(1,2)'; do printf '%s\n' "$s" > /tmp/p.rb; printf '### %s\n' "$s"; ./target/debug/rb run /tmp/p.rb 2>&1 | head -6; done
### say uppercase("hi")
Error: RuntimeError: Unknown function 'uppercase'
  --> /tmp/p.rb:1:1
1 | say uppercase("hi")
  | ^
### say math.random("hi","there")
0.586951
### say console.log()
nothing
### say text.length("🎉")
4
### say files.read("a","b")
Error: IoError: Failed to read 'a': No such file or directory (os error 2)
### say time.now(1,2)
{seconds: 1791334109, nanoseconds: 212828778}
[0m
[0m$ [0mcd /home/runner/work/rbops/rbops/redblue && for s in 'text.uppercase(text)' 'math.random(min, max)' 'files.read(path)' 'console.clear()' 'time.unix("YYYY-MM-DD HH:MM:SS")' 'set content to files.read("data.rb")
might fail files.write("output.rb", content)
if files.exists("config.rb")
    // ...
end'; do printf '%s\n' "$s" > /tmp/x.rb; printf '### %s\n' "$s"; ./target/debug/rb run /tmp/x.rb 2>&1 | head -4; done
### text.uppercase(text)
Error: AnalyzerError: Unknown variable 'text'
  --> /tmp/x.rb:1:1
1 | text.uppercase(text)
  | ^
### math.random(min, max)
Error: AnalyzerError: Unknown variable 'min'
Unknown variable 'max'
  --> /tmp/x.rb:1:1
1 | math.random(min, max)
### files.read(path)
Error: AnalyzerError: Unknown variable 'path'
  --> /tmp/x.rb:1:1
1 | files.read(path)
  | ^
### console.clear()
[2J[1H### time.unix("YYYY-MM-DD HH:MM:SS")
Error: RuntimeError: Invalid date format, use YYYY-MM-DD HH:MM:SS
  --> /tmp/x.rb:1:1
1 | time.unix("YYYY-MM-DD HH:MM:SS")
  | ^
### set content to files.read("data.rb")
might fail files.write("output.rb", content)
if files.exists("config.rb")
    // ...
end
Error: ParserError: Unexpected token MightFail
  --> /tmp/x.rb:2:1
2 | might fail files.write("output.rb", content)
  | ^
[0m
[0m$ [0mcd /home/runner/work/rbops/rbops/redblue && grep -n "MightFail" src/parser.rs src/analyzer.rs src/vm.rs src/bytecode/*.rs | head -20
(no output)
[0m
[0m$ [0mcd /home/runner/work/rbops/rbops/redblue && grep -rn "MightFail" src/ | head -20
src/lexer.rs:39:    ("might", TokenKind::MightFail), // might fail
src/lexer.rs:40:    ("fail", TokenKind::MightFail),  // might fail
src/lexer.rs:109:    MightFail,
[0m
[0m$ [0mcd /home/runner/work/rbops/rbops/redblue && cat > /tmp/b1.rb <<'EOF'
text.uppercase(text)     // Text as uppercase
text.split(text, sep)    // Split text into a list by a separator
math.random(min, max)   // A number in a range
files.write(path, content)
time.unix("YYYY-MM-DD HH:MM:SS")
console.clear()      // Clear the screen
EOF
./target/debug/rb run /tmp/b1.rb 2>&1 | head -6
Error: AnalyzerError: Unknown variable 'text'
Unknown variable 'text'
Unknown variable 'sep'
Unknown variable 'min'
Unknown variable 'max'
Unknown variable 'path'
[0m
[0m$ [0mcd /home/runner/work/rbops/rbops/redblue && cat > /tmp/b2.rb <<'EOF'
say "Hello"           // Print with newline
print "Hello"         // Print without newline
console.log("Hello")  // The same as say
console.error("no")   // Print an error with newline
console.clear()       // Clear the screen
EOF
./target/debug/rb run /tmp/b2.rb 2>&1 | head -8; printf 'set content to files.read("data.rb")\nif files.exists("config.rb")\n    // ...\nend\n' > /tmp/b3.rb; ./target/debug/rb run /tmp/b3.rb 2>&1 | head -6
HelloHello
no
[2J[1HHello
Error: ParserError: Expected Then but got End
  --> /tmp/b3.rb:4:1
4 | end
  | ^
[0m
[0m→ [0mRead src/analyzer.rs[90m [offset=370, limit=60][0m
[0m→ [0mRead src/bytecode/vm.rs[90m [offset=1630, limit=70][0m
[0m
[0m$ [0mcd /home/runner/work/rbops/rbops/redblue && grep -n "might fail\|MightFail" SPEC.md README.md docs/GRAMMAR.md | head -20
SPEC.md:75:| Functions | to, takes, needs, might fail |
SPEC.md:722:    set data to might fail files.read("config.rb")
SPEC.md:733:    set result to might fail risky_operation()
SPEC.md:747:    set file to might fail files.open("data.rb")
SPEC.md:751:        might fail files.close(file)
SPEC.md:759:to might fail divide(a, b)
SPEC.md:855:might fail files.write("output.rb", content)
SPEC.md:856:might fail files.append("log.rb", "new line")
SPEC.md:922:| might fail | Error-prone operation |
docs/GRAMMAR.md:46:         | 'to' | 'takes' | 'needs' | 'called' | 'might fail'
docs/GRAMMAR.md:417:                 | 'might fail' expression            // error propagation
docs/GRAMMAR.md:514:    set data to might fail files.read("config.txt")
[0m
[0m$ [0mcd /home/runner/work/rbops/rbops/redblue && grep -n "length" SPEC.md | head -30
310:set len to text.length("hello")
322:set count to length of items
830:set size to text.length("hello")  // 5
865:set size to list.length([1, 2, 3])  // 3
[0m
[0m$ [0mcd /home/runner/work/rbops/rbops/redblue && sed -n '716,770p' SPEC.md
## Error Handling

### Try-Catch

```redblue
try
    set data to might fail files.read("config.rb")
    process data
catch error
    say "Error: {error message}"
end
```

### Multiple Catch Blocks

```redblue
try
    set result to might fail risky_operation()
catch error of FileError
    handle_file_error(error)
catch error of NetworkError
    handle_network_error(error)
catch error
    handle_generic_error(error)
end
```

### Finally

```redblue
try
    set file to might fail files.open("data.rb")
    process file
finally
    if file is not nothing
        might fail files.close(file)
    end
end
```

### Raising Errors

```redblue
to might fail divide(a, b)
    if b is equal to 0
        give back error "Cannot divide by zero"
    end
    give back a / b
end
```

---

## Asynchronous Programming
[0m
[0m$ [0mcd /home/runner/work/rbops/rbops/redblue && grep -rn "set data to might fail\|try$\|catch" tests/*.rb | head -20
tests/integration_test.rb:46:    try
tests/integration_test.rb:48:    catch error
tests/integration_test.rb:144:    try
tests/integration_test.rb:146:    catch error
tests/integration_test.rb:154:    try
tests/integration_test.rb:156:    catch error
tests/integration_test.rb:168:    try
tests/integration_test.rb:172:    catch error
tests/integration_test.rb:196:    try
tests/integration_test.rb:198:    catch error
tests/suite.rb:87:    try
tests/suite.rb:89:    catch error
tests/suite.rb:156:    try
tests/suite.rb:161:    catch error
tests/suite.rb:170:    try
tests/suite.rb:172:    catch error
tests/suite.rb:175:    try
tests/suite.rb:177:    catch error
tests/test_arithmetic.rb:73:    try
tests/test_arithmetic.rb:75:    catch error
[0m
[0m$ [0mcd /home/runner/work/rbops/rbops/redblue && grep -rn "Unknown function" tests/ | head -20; echo ---; grep -rn "expect_err\|is_err()" tests/*.rs | grep -i "abs\|sqrt\|uppercase\|split\|join\|trim\|floor\|ceil\|round" | head
tests/closure_capture_test.rs:509:        message, "Unknown function 'no_such_helper'",
tests/bytecode_vm_test.rs:2465:/// VM printed the area and the bytecode VM said `Unknown function`.
tests/bytecode_vm_test.rs:2480:/// bytecode VM that has no such check says `Unknown function 'M_nope'`, which is
tests/bytecode_vm_test.rs:2557:/// call through it said `Unknown function 'Geometry_area'` where the
---
[0m
[0m$ [0mcd /home/runner/work/rbops/rbops/redblue && grep -rn "length\b" src/repl/*.rs | head -20; echo ---; grep -rn "uppercase\|split\|join\|trim" src/repl/completer.rs | head
src/repl/completer.rs:81:                "length".to_string(),
---
88:                "uppercase".to_string(),
90:                "trim".to_string(),
91:                "split".to_string(),
92:                "join".to_string(),
[0m
[0m$ [0mcd /home/runner/work/rbops/rbops/redblue && grep -rn "console\.log(\|console\.error(\|json\.stringify(\|formats\.to_json(\|time\.format(\|json_stringify(\|console_log(" tests/ examples/ modules/ src/ --include=*.rs --include=*.rb | grep -v "^src/stdlib.rs" | head -30
tests/numeric_edge_test.rs:328:        eval("json.stringify(99999999999999999999)"),
tests/numeric_edge_test.rs:331:    assert_eq!(eval("json.stringify(1.5)"), Value::Text("1.5".to_string()));
tests/stdlib_module_docs_test.rs:303:        eval("formats.to_json({a: 1})"),
tests/stdlib_module_docs_test.rs:304:        eval("json.stringify({a: 1})"),
tests/stdlib_module_docs_test.rs:339:        "say formats.to_json({a: 1})\n",
tests/stdlib_module_docs_test.rs:345:        "console.log(\"console\")\n",
tests/record_order_test.rs:93:    let source = format!("set r to {}\njson.stringify(r)", twenty_key_record());
tests/record_order_test.rs:133:        "set r to {}\nsay r\nsay json.stringify(r)",
tests/record_order_test.rs:192:        "set r to {}\nset text to json.stringify(r)\njson.parse(text)",
tests/record_order_test.rs:224:        eval("set r to {}\njson.stringify(r)").to_string(),
tests/record_order_test.rs:243:        eval("set r to {only: 7}\njson.stringify(r)").to_string(),
tests/record_order_test.rs:356:        eval("set r to {zebra: {yak: 1, xerus: 2}, alpha: {yak: 3, xerus: 4}}\njson.stringify(r)")
tests/record_order_test.rs:425:        eval(&format!("{}\njson.stringify(r)", source)).to_string(),
tests/stdlib_modules_test.rs:699:                  json.stringify(parsed)";
tests/stdlib_modules_test.rs:725:         set written to json.stringify(original)\n\
tests/stdlib_modules_test.rs:741:        eval("json.stringify(json.parse(\"{\\\"b\\\": 1, \\\"a\\\": 2, \\\"c\\\": 3}\"))"),
tests/stdlib_modules_test.rs:759:    assert_eq!(eval("json.stringify([])"), Value::Text("[]".to_string()));
tests/stdlib_modules_test.rs:760:    assert_eq!(eval("json.stringify({})"), Value::Text("{}".to_string()));
tests/stdlib_modules_test.rs:812:        eval("json.stringify(json.parse(\"{\\\"a\\\": 1, \\\"a\\\": 2}\"))"),
tests/stdlib_modules_test.rs:855:        eval("json.stringify(\"a\u{1}b\")"),
tests/stdlib_modules_test.rs:860:        eval("json.parse(json.stringify(\"a\u{1}b\u{7f}\"))"),
tests/stdlib_modules_test.rs:872:        eval(&format!("json.stringify({})", redblue_text(label))),
tests/stdlib_modules_test.rs:878:            "set text to {}\njson.parse(json.stringify(text))",
tests/module_system_test.rs:83:        eval("import json\njson.stringify(1)"),
tests/test_records.rb:70:    set rendered to json.stringify({b: 1})
tests/bytecode_vm_test.rs:561:        "set r to json.parse(\"{\\\"k\\\": [1, 2]}\")\nsay r.k[1]\nsay json.stringify(r)\n"
tests/bytecode_vm_test.rs:896:        "say json.stringify({})\n".to_string(),
tests/bytecode_vm_test.rs:904:        "say json.stringify([1, \"two\", yes])\n".to_string(),
tests/bytecode_vm_test.rs:908:        "say time.format(0, \"%Y\")\n".to_string(),
tests/bytecode_vm_test.rs:912:        "say time.format(1, \"%Y\")\n".to_string(),
[0m
[0m$ [0mcd /home/runner/work/rbops/rbops/redblue && printf '// ...\n' > /tmp/c.rb && ./target/debug/rb run /tmp/c.rb; echo "exit=$?"; printf 'say 1\n' > /tmp/c2.rb; ./target/debug/rb run /tmp/c2.rb
exit=0
1
[0m
[0m$ [0mcd /home/runner/work/rbops/rbops/redblue && ls phases/phase-031/ && head -40 phases/phase-031/REPORT.md
FINDINGS.md
REPORT.md
# Phase 031 — Implement `module ... end`, `export`, and the `import X as Y` alias

Two runs. The first run added the feature to the parser, the tree-walking VM
and the module files. The second closed the gap that left behind: the bytecode VM
could not run a single one of the programs the first run introduced. A review of
the second run then found four defects in it, all now fixed; what they were and
how each was caught is below.

## What changed

### First run — the language feature

| File | Lines | What |
|---|---|---|
| src/lexer.rs | +2 −0 | `("as", TokenKind::As)` (`src/lexer.rs:57`) and the `As` variant — `as` was lexed as an identifier, so `import json as J` parsed as three statements |
| src/parser.rs | +191 −14 | `Statement::Module { name, body }` and `Statement::Export { names, all }` (`src/parser.rs:224`, `src/parser.rs:230`); `parse_module()` (`src/parser.rs:1084`) and `parse_export()` (`src/parser.rs:1123`); both added to the statement dispatch; `as` accepted as an alias keyword beside the older `to` (`src/parser.rs:560`); `module_body()` (`src/parser.rs:267`) and `module_declared_names()` (`src/parser.rs:288`) — one rule for reading a module's names whichever of the two spellings the file uses |
| src/vm.rs | +316 −17 | `Vm::declare_module()` (`src/vm.rs:522`) — the module scope, the `export` check, the published members; the `Statement::Module`/`Statement::Export` arms; the rewritten `Statement::Import` arm (`src/vm.rs:1003`) — circular-import refusal, a builtin namespace is importable, the alias is a name for the module, an import does not take over a name the program already holds; `module_aliases` / `importing` / `declared_modules` / `module_depth`; `is_module_name()`, `declare_member()`, `qualified_member()`, `call_method` resolves an alias to the module it names; `load_module` binds a module file's functions under the same `module_function` name; `set_var` writes into the module's own scope above `module_depth` |
| src/analyzer.rs | +22 −4 | `Statement::Module` analyzed in a scope of its own, `Statement::Export` a no-op; both in `collect_later_names`; an import declares the module's own name as well as its alias |
| src/formatter.rs | +19 −0 | `Statement::Module` and `Statement::Export` arms (`src/formatter.rs:380`) — `module M … export … end` round-trips through `rb format` |
| src/linter.rs | +4 −0 | `Statement::Module` arm so unused-variable tracking covers a module body (`src/linter.rs:336`) |
| src/runtime.rs | +1 −1 | `module_bindings` reads `module_body` (`src/runtime.rs:56`), so a module file written with `module … end` binds the same names as one written without |
| modules/MathUtils.rb | +25 −21 | the `module MathUtils … export all end` wrapper its header comment has described since it was written |
| tooling/vscode/syntaxes/redblue.tmLanguage.json | +1 −1 | regenerated by `rb grammar` — the shipped grammar file must list the new keyword (`tests/tooling_grammar_test.rs:102`) |
| tests/module_system_test.rs | +380 | 18 new `#[test]` functions |

### Second run — the bytecode VM runs the same module programs, and the review round

| File | Lines | What |
|---|---|---|
| src/bytecode/codegen.rs | +96 | the alias goes in `IMPORT`'s second operand; `Statement::Module` compiles to `MODULE` over a block of its own; `Compiler::module_exports` emits the declaration's `EXPORT` run |
| src/bytecode/opcode.rs | +47 −4 | `Module` (byte 47) and `Export` (byte 48) added and documented; `has_aux`/`takes_constant_index`/`takes_block_index` updated |
| src/bytecode/format.rs | +28 −12 | `FORMAT_VERSION` 3 → 4 with the reasons in its own doc comment; a `module body` block kind (byte 7) |
| src/bytecode/vm.rs | +447 | `module`, `finish_module`, `module_exports`, `declare_member`, `constant_of`; `module_depth`, `declared_modules`, the frame's module fields; the `import` fixes below |
| src/bytecode/disasm.rs | +24 | the alias, and an `EXPORT`'s `not defined` marker, are named |
| src/parser.rs | +20 | `module_exports` is `pub` and sits with `module_declared_names`, so the compiler and the tree-walking VM read a module through one rule |
| src/vm.rs | +9 −20 | `module_exports` deleted (it lives in the parser now); `DeclaredModule` and `qualified_member` are `pub(crate)` so both VMs keep one definition |
| docs/BYTECODE.md | +66 −12 | version, version table, block-kind table, the two new instruction rows, how a module declaration compiles, and the import-alias rule |
| tests/bytecode_vm_test.rs | +352 | 12 new `#[test]` functions, and ten module declarations added to the generated corpus |
| tests/bytecode_test.rs | +96 −8 | the format-version and opcode-table assertions moved onto the new end of the table, plus a version-3 refusal test |
| tests/test_modules.rb | +128 −7 | 11 new Redblue `test` blocks, run on **both** VMs by the corpus differential test |
[0m
[0m$ [0mcd /home/runner/work/rbops/rbops/redblue && ls -a; ls .github/workflows 2>/dev/null && cat .github/workflows/*.yml 2>/dev/null | head -60
.
..
.git
.github
.gitignore
AGENTS.md
CODE_OF_CONDUCT.md
CONTRIBUTING.md
Cargo.lock
Cargo.toml
HANDOUT.md
LICENSE
PHILOSOPHY.md
README.md
ROADMAP.md
SPEC.md
a.out
docs
err.txt
errors.txt
examples
export.sh
modules
phases
src
target
test.redblue
tests
tooling
ci.yml
name: CI

on:
  push:
    branches: [main]
  pull_request:
    branches: [main]

env:
  CARGO_TERM_COLOR: always

jobs:
  build:
    runs-on: ubuntu-latest
    steps:
      - uses: actions/checkout@v4
      - uses: actions-rust-lang/setup-rust-toolchain@v1
      - run: cargo build --verbose
      - run: cargo test
      - run: cargo clippy -- -D warnings
[0m
[0m$ [0mcd /home/runner/work/rbops/rbops/redblue && grep -n "gate\|fmt --\|clippy" HANDOUT.md AGENTS.md CONTRIBUTING.md | head -20
HANDOUT.md:114:# Lint with clippy
HANDOUT.md:115:cargo clippy
AGENTS.md:42:cargo fmt && cargo clippy
AGENTS.md:71:   - Propagate errors with `?` operator
CONTRIBUTING.md:64:   cargo clippy
CONTRIBUTING.md:167:   cargo fmt --all
CONTRIBUTING.md:172:   cargo clippy --all-targets -- -D warnings
[0m
[0m$ [0mcd /home/runner/work/rbops/rbops/redblue && grep -rn "takes 1 argument\|takes 2 argument\|argument(s)" tests/ src/ | head
src/stdlib.rs:142:                format!("{written} takes {expected} argument(s), given {given}"),
[0m
[0m$ [0mcd /home/runner/work/rbops/rbops/redblue && for s in 'set d to might fail files.read("Cargo.toml")' 'if files.exists("Cargo.toml")
    say 1
end' 'might fail files.write("o.txt", "x")'; do printf '%s\n' "$s" > /tmp/y.rb; printf '### %s\n' "$s"; ./target/debug/rb run /tmp/y.rb 2>&1 | head -4; done
### set d to might fail files.read("Cargo.toml")
Error: ParserError: Unexpected token MightFail
  --> /tmp/y.rb:1:10
1 | set d to might fail files.read("Cargo.toml")
  |          ^
### if files.exists("Cargo.toml")
    say 1
end
Error: ParserError: Expected Then but got Say
  --> /tmp/y.rb:2:5
2 |     say 1
  |     ^
### might fail files.write("o.txt", "x")
Error: ParserError: Unexpected token MightFail
  --> /tmp/y.rb:1:1
1 | might fail files.write("o.txt", "x")
  | ^
[0m
[0m$ [0mcd /home/runner/work/rbops/rbops/redblue && cat > /tmp/z.rb <<'EOF'
say "Hello"           // Print with newline
print "Hello"         // Print without newline
console.log("Hello")  // The same as say
console.error("no")   // Print an error with newline
console.clear()       // Clear the screen
EOF
./target/debug/rb run /tmp/z.rb 2>&1 | head -5; echo "---"; grep -rn "random(" tests/*.rs tests/*.rb examples/*.rb | head
HelloHello
no
[2J[1HHello
---
[0m
[0m$ [0mcd /home/runner/work/rbops/rbops/redblue && grep -rn "random_number\|random_choice\|random_shuffle\|\brandom\b" tests/ examples/ modules/ src/repl/ --include=*.rs --include=*.rb | grep -v "^tests/stdlib_module_docs" | head -20
tests/numeric_edge_test.rs:217:fn edge_random_number_refuses_a_range_whose_width_overflows() {
tests/numeric_edge_test.rs:222:    let message = runtime_message("random_number(-1e308, 1e308)");
tests/numeric_edge_test.rs:229:    match eval("random_number(1, 2)") {
tests/numeric_edge_test.rs:231:        other => panic!("random_number(1, 2) should be a number, got {:?}", other),
tests/tooling_grammar_test.rs:435:    // iteration order is per-instance random, so an unsorted implementation
tests/bytecode_vm_test.rs:124:const NOT_COMPARABLE: &[&str] = &["examples/time.rb", "examples/random.rb"];
src/repl/completer.rs:87:                "random".to_string(),
[0m
[0m$ [0mcd /home/runner/work/rbops/rbops/redblue && sed -n '200,240p' tests/numeric_edge_test.rs; echo ===; cat examples/random.rb 2>/dev/null | head -20
);
                assert!(span.is_known());
            }
            other => panic!(
                "`{}` should fail with a Runtime error, got {:?}",
                source, other
            ),
        }
    }
    // An index that is not a number at all never gets that far.
    assert_runtime_error(
        "set xs to [1, 2, 3]\nsay xs[1e400]",
        "infinity is not a finite number",
    );
}

#[test]
fn edge_random_number_refuses_a_range_whose_width_overflows() {
    // `1e308 - -1e308` is `infinity`, so every draw from this range would be a
    // number that does not exist. The result is refused instead. The draw is
    // seeded from the clock, but the refusal does not depend on it: a draw of
    // exactly zero gives `0 * infinity`, which is NaN, also refused.
    let message = runtime_message("random_number(-1e308, 1e308)");
    assert!(
        message.ends_with("is not a finite number"),
        "a range wider than a double should be refused, got {}",
        message
    );
    // An ordinary range is untouched.
    match eval("random_number(1, 2)") {
        Value::Number(n) => assert!((1.0..2.0).contains(&n), "got {}", n),
        other => panic!("random_number(1, 2) should be a number, got {:?}", other),
    }
}

#[test]
fn edge_a_number_literal_out_of_range_is_rejected() {
    // `1e400` is a perfectly good token: it is the value that does not exist.
    assert_runtime_error("set x to 1e400", "infinity is not a finite number");
    // `-1e400` negates the literal, and the literal is what fails.
    assert_runtime_error("set x to -1e400", "infinity is not a finite number");
===
[0m
[0m$ [0mcd /home/runner/work/rbops/rbops/redblue && ls examples/ && cat examples/random.rb
files.rb
fizzbuzz.rb
formats.rb
hello.rb
test_arithmetic.rb
time.rb
cat: examples/random.rb: No such file or directory
[0m
[0m$ [0mcd /home/runner/work/rbops/rbops/redblue && grep -rn "examples/random" tests/ src/ | head
tests/bytecode_vm_test.rs:124:const NOT_COMPARABLE: &[&str] = &["examples/time.rb", "examples/random.rb"];
[0m
[0m$ [0mcd /home/runner/work/rbops/rbops/redblue && sed -n '1,40p' src/runtime.rs
//! What a Redblue *operation* means, in the one place both VMs read it.
//!
//! Two VMs now exist: the tree-walker in [`crate::vm`], which is what `rb run`
//! uses and what the language is specified against, and the bytecode VM in
//! [`crate::bytecode::vm`], which runs a `.rbc`. They must agree on what
//! `1 + 2` is, what `xs[9]` says when `xs` holds one element, and what
//! `files.read` does — down to the wording of the failure.
//!
//! Rather than write that twice and keep the two copies in step by hand, every
//! operation both VMs need is here: the arithmetic and comparison operators,
//! indexing, property access, the builtin library, and the JSON and CSV
//! readers behind it. A VM decides *how* to reach an operation — by walking an
//! AST or by running an instruction — and this module says what it means.
//!
//! The tree-walker is the reference: what is here is what it already did,
//! moved rather than rewritten, so `rb run` behaves exactly as before.

use crate::error::{Error, Result, Span};
use crate::lexer::Lexer;
use crate::parser::{BinaryOp, Expr, Program, Statement, UnaryOp};
use crate::value::Value;

/// Parses a module file into the program its top level declares.
///
/// The caller keeps the `Program` to remember that the module has already been
/// loaded, so a second `import` of the same name is a no-op rather than a second
/// binding of the same names. [`module_bindings`] reads the declarations out of
/// the same `Program`, so a module is read and parsed once however many names it
/// contributes.
pub fn module_program(path: &str) -> Result<Program> {
    let source = std::fs::read_to_string(path)
        .map_err(|e| Error::Io(format!("Cannot load module '{}': {}", path, e)))?;

    let tokens = Lexer::tokenize(&source)?;
    crate::parser::Parser::new(tokens).parse()
}

/// The names `program` binds: one per top-level `set` or `constant`.
///
/// The caller binds them through whatever refusal its own name resolution uses,
[0m
[0m← [0mEdit src/runtime.rs
Index: /home/runner/work/rbops/rbops/redblue/src/runtime.rs
===================================================================
--- /home/runner/work/rbops/rbops/redblue/src/runtime.rs
+++ /home/runner/work/rbops/rbops/redblue/src/runtime.rs
@@ -260,8 +260,24 @@
 /// look for a user declaration. This lives here rather than in either VM so
 /// that a bytecode `CALL` and a tree-walked call cannot drift apart: there is
 /// one implementation and both answer from it.
 pub fn builtin(span: Span, name: &str, args: &[Value]) -> Result<Option<Value>> {
+    // A call with more arguments than the function takes is refused before it
+    // runs, so `files.read("a", "b")` is an error instead of a read of the
+    // first argument alone. The function is named the way the module spells
+    // it, which is how every message below names it too.
+    if let Some(expected) = crate::stdlib::arity(name) {
+        if args.len() > expected {
+            return Err(Error::Runtime(
+                format!(
+                    "{} takes {expected} argument(s), given {}",
+                    crate::stdlib::dotted(name),
+                    args.len()
+                ),
+                span,
+            ));
+        }
+    }
     match name {
         "say" => {
             if let Some(arg) = args.first() {
                 println!("{}", arg);

[0m
Now let me make the code fixes. Starting with `src/runtime.rs`:
[0m← [0mEdit src/runtime.rs
Index: /home/runner/work/rbops/rbops/redblue/src/runtime.rs
===================================================================
--- /home/runner/work/rbops/rbops/redblue/src/runtime.rs
+++ /home/runner/work/rbops/rbops/redblue/src/runtime.rs
@@ -594,16 +594,30 @@
     Ok(Some(Value::Nothing))
 }
 // Console module
 "console_log" => {
-    if let Some(arg) = args.first() {
-        println!("{}", arg);
+    match args {
+        [arg] => println!("{}", arg),
+        [] => {
+            return Err(Error::Runtime(
+                "console.log requires a value to print".to_string(),
+                span,
+            ))
+        }
+        _ => unreachable!("the arity of console.log is checked above"),
     }
     Ok(Some(Value::Nothing))
 }
 "console_error" => {
-    if let Some(arg) = args.first() {
-        eprintln!("{}", arg);
+    match args {
+        [arg] => eprintln!("{}", arg),
+        [] => {
+            return Err(Error::Runtime(
+                "console.error requires a value to print".to_string(),
+                span,
+            ))
+        }
+        _ => unreachable!("the arity of console.error is checked above"),
     }
     Ok(Some(Value::Nothing))
 }
 "console_clear" => {
@@ -611,12 +625,20 @@
     Ok(Some(Value::Nothing))
 }
 // Random module
 "random_number" => {
+    // One number draws from `0` to it, two draw from one to the other,
+    // and anything else is refused by name: a wrong argument must not
+    // answer a number that looks like a draw.
     let (min, max) = match (args.first(), args.get(1)) {
         (Some(Value::Number(min)), Some(Value::Number(max))) => (*min, *max),
         (Some(Value::Number(max)), None) => (0.0, *max),
-        _ => (0.0, 1.0),
+        _ => {
+            return Err(Error::Runtime(
+                "random_number requires one or two numbers".to_string(),
+                span,
+            ))
+        }
     };
     use std::time::{SystemTime, UNIX_EPOCH};
     let now = SystemTime::now().duration_since(UNIX_EPOCH).unwrap();
     let r = (now.as_nanos() % 1000000) as f64 / 1000000.0;

[0m
[0m← [0mEdit src/runtime.rs
Index: /home/runner/work/rbops/rbops/redblue/src/runtime.rs
===================================================================
--- /home/runner/work/rbops/rbops/redblue/src/runtime.rs
+++ /home/runner/work/rbops/rbops/redblue/src/runtime.rs
@@ -602,9 +602,14 @@
                 "console.log requires a value to print".to_string(),
                 span,
             ))
         }
-        _ => unreachable!("the arity of console.log is checked above"),
+        _ => {
+            return Err(Error::Runtime(
+                "console.log takes one value to print".to_string(),
+                span,
+            ))
+        }
     }
     Ok(Some(Value::Nothing))
 }
 "console_error" => {
@@ -615,9 +620,14 @@
                 "console.error requires a value to print".to_string(),
                 span,
             ))
         }
-        _ => unreachable!("the arity of console.error is checked above"),
+        _ => {
+            return Err(Error::Runtime(
+                "console.error takes one value to print".to_string(),
+                span,
+            ))
+        }
     }
     Ok(Some(Value::Nothing))
 }
 "console_clear" => {

[0m
Now `src/stdlib.rs` — the arity/requirement tables and `named_as`:
[0m← [0mEdit src/stdlib.rs
Index: /home/runner/work/rbops/rbops/redblue/src/stdlib.rs
===================================================================
--- /home/runner/work/rbops/rbops/redblue/src/stdlib.rs
+++ /home/runner/work/rbops/rbops/redblue/src/stdlib.rs
@@ -82,18 +82,44 @@
 }
 
 /// `message` with the builtin's own name replaced by the spelling the program
 /// used, so a call written `formats.parse_json` is told about
-/// `formats.parse_json` rather than about the `json.parse` it reaches.
+/// `formats.parse_json` rather than about the `json.parse` it reaches, and a
+/// call written `math.random` is told about `math.random` rather than about the
+/// `random_number` it reaches. A message that names the builtin in neither
+/// spelling is left alone.
 pub fn named_as(message: &str, builtin: &str, written: &str) -> String {
     let own = dotted(builtin);
     if own == written {
-        message.to_string()
-    } else {
-        message.replacen(&own, written, 1)
+        return message.to_string();
     }
+    if let Some(at) = name_at(message, &own) {
+        return replace_at(message, at, &written);
+    }
+    match name_at(message, builtin) {
+        Some(at) => replace_at(message, at, &written),
+        None => message.to_string(),
+    }
 }
 
+/// The byte offset `name` starts at in `message`, when it is a whole word there:
+/// a name is only the function's name when it is not part of a longer one, so
+/// `length` is not found inside `lengthens`.
+fn name_at(message: &str, name: &str) -> Option<usize> {
+    let word = |c: char| c.is_alphanumeric() || c == '_';
+    message.match_indices(name).find_map(|(at, _)| {
+        let before = message[..at].chars().next_back();
+        let after = message[at + name.len()..].chars().next();
+        (!before.is_some_and(word) && !after.is_some_and(word)).then_some(at)
+    })
+}
+
+/// `message` with the `name.len()` bytes at `at` replaced by `written`.
+fn replace_at(message: &str, at: usize, written: &str) -> String {
+    format!("{}{written}{}", &message[..at], &message[at + written.len()..])
+        .to_string()
+}
+
 /// What a builtin needs, so that a call with the wrong arguments is told what
 /// it should have said.
 ///
 /// `None` means the builtin is not one this phase made reachable: a name
@@ -105,23 +131,49 @@
         "split" => "a text argument and a separator",
         "join" => "a list and a separator",
         "length" => "a list or a text argument",
         "abs" | "floor" | "ceil" | "round" | "sqrt" => "a number argument",
+        "console_log" | "console_error" => "one value to print",
+        "random_number" => "one or two numbers",
+        "files_read" | "files_exists" | "files_lines" | "files_delete" => "a text path",
+        "files_write" | "files_append" | "files_copy" | "files_rename" => "two text arguments",
+        "time_sleep" => "a number",
+        "time_unix" => "a text",
+        "json_parse" | "csv_parse" => "text",
+        "json_stringify" => "a value",
+        "network_get" => "a URL",
+        "network_post" => "a URL and a body",
         _ => return None,
     })
 }
 
-/// How many arguments a builtin takes, so that a call with none, or with one
-/// too many, is refused rather than answered from the arguments that happen to
-/// be there.
+/// How many arguments a builtin takes, so that a call with one too many is
+/// refused rather than answered from the arguments that happen to be there.
 ///
-/// `None` means the arity is not one this phase states; such a builtin is left
-/// to answer from what it is given, as it did before.
+/// `None` means the arity is not one this phase states. It is also the answer
+/// for a builtin whose count is not fixed — `math.random(5)` draws from zero
+/// and `math.random(1, 5)` draws from one, so one number or two is what it
+/// takes — and for a builtin whose last argument is optional, which is
+/// `time.format(ts)` against `time.format(ts, format)`.
+///
+/// A count this phase does state is checked by both callers: the module
+/// spelling refuses a call of the wrong count before the builtin runs, and
+/// [`crate::runtime::builtin`] refuses one that has an argument too many, so a
+/// bare name answers the same way the module spelling does.
 pub fn arity(builtin: &str) -> Option<usize> {
     match builtin {
         "uppercase" | "lowercase" | "trim" | "length" | "abs" | "floor" | "ceil" | "round"
         | "sqrt" => Some(1),
         "split" | "join" => Some(2),
+        "console_log" | "console_error" => Some(1),
+        "console_clear" => Some(0),
+        "files_read" | "files_exists" | "files_lines" | "files_delete" => Some(1),
+        "files_write" | "files_append" | "files_copy" | "files_rename" => Some(2),
+        "time_now" => Some(0),
+        "time_sleep" | "time_unix" => Some(1),
+        "json_parse" | "json_stringify" | "csv_parse" => Some(1),
+        "network_get" => Some(1),
+        "network_post" => Some(2),
         _ => None,
     }
 }
 

[0m
[0m← [0mEdit src/stdlib.rs
Index: /home/runner/work/rbops/rbops/redblue/src/stdlib.rs
===================================================================
--- /home/runner/work/rbops/rbops/redblue/src/stdlib.rs
+++ /home/runner/work/rbops/rbops/redblue/src/stdlib.rs
@@ -92,12 +92,12 @@
     if own == written {
         return message.to_string();
     }
     if let Some(at) = name_at(message, &own) {
-        return replace_at(message, at, &written);
+        return replace_at(message, at, own.len(), &written);
     }
     match name_at(message, builtin) {
-        Some(at) => replace_at(message, at, &written),
+        Some(at) => replace_at(message, at, builtin.len(), &written),
         None => message.to_string(),
     }
 }
 
@@ -112,12 +112,15 @@
         (!before.is_some_and(word) && !after.is_some_and(word)).then_some(at)
     })
 }
 
-/// `message` with the `name.len()` bytes at `at` replaced by `written`.
-fn replace_at(message: &str, at: usize, written: &str) -> String {
-    format!("{}{written}{}", &message[..at], &message[at + written.len()..])
-        .to_string()
+/// `message` with the `from_len` bytes at `at` replaced by `written`.
+fn replace_at(message: &str, at: usize, from_len: usize, written: &str) -> String {
+    let mut out = String::with_capacity(message.len() + written.len());
+    out.push_str(&message[..at]);
+    out.push_str(written);
+    out.push_str(&message[at + from_len..]);
+    out
 }
 
 /// What a builtin needs, so that a call with the wrong arguments is told what
 /// it should have said.

[0m
[0m$ [0mcd /home/runner/work/rbops/rbops/redblue && cargo build 2>&1 | tail -20
[1m[92m   Compiling[0m redblue v0.1.0 (/home/runner/work/rbops/rbops/redblue)
[1m[92m    Finished[0m `dev` profile [unoptimized] target(s) in 1.64s
[0m
[0m$ [0mcd /home/runner/work/rbops/rbops/redblue && for s in 'say math.random("hi","there")' 'say console.log()' 'say files.read("a","b")' 'say console.log("a","b")' 'say random_number("x")' 'say math.random(1,2)' 'say random_number(5)' 'say json.stringify()' 'say time.now(1)' 'say console.clear(1)' 'say formats.to_json()' 'set x to math.random(3,7)' ; do printf '%s\n' "$s" > /tmp/p.rb; printf '### %s\n' "$s"; ./target/debug/rb run /tmp/p.rb 2>&1 | head -3; done
### say math.random("hi","there")
Error: RuntimeError: math.random requires one or two numbers
  --> /tmp/p.rb:1:1
1 | say math.random("hi","there")
### say console.log()
Error: RuntimeError: console.log requires a value to print
  --> /tmp/p.rb:1:1
1 | say console.log()
### say files.read("a","b")
Error: RuntimeError: files.read takes 1 argument(s), given 2
  --> /tmp/p.rb:1:1
1 | say files.read("a","b")
### say console.log("a","b")
Error: RuntimeError: console.log takes 1 argument(s), given 2
  --> /tmp/p.rb:1:1
1 | say console.log("a","b")
### say random_number("x")
Error: RuntimeError: random_number requires one or two numbers
  --> /tmp/p.rb:1:1
1 | say random_number("x")
### say math.random(1,2)
1.160731
### say random_number(5)
1.47912
### say json.stringify()
Error: RuntimeError: json.stringify requires a value
  --> /tmp/p.rb:1:1
1 | say json.stringify()
### say time.now(1)
Error: RuntimeError: time.now takes 0 argument(s), given 1
  --> /tmp/p.rb:1:1
1 | say time.now(1)
### say console.clear(1)
Error: RuntimeError: console.clear takes 0 argument(s), given 1
  --> /tmp/p.rb:1:1
1 | say console.clear(1)
### say formats.to_json()
Error: RuntimeError: formats.to_json takes 1 argument(s), given 0
  --> /tmp/p.rb:1:1
1 | say formats.to_json()
### set x to math.random(3,7)
[0m
[0m$ [0mcd /home/runner/work/rbops/rbops/redblue && cargo test 2>&1 | tail -40
😀
hi {😀}
hi {😀}
4
4
tab:	here
newline-in-text-is-one-value
tab:	here
newline-in-text-is-one-value
hi {name}
hi {name}
עոح巨子
עոح巨子
עובר
עובר
你你你
你你你
你好
你好

thread 'a_corpus_of_programs_runs_identically_on_both_vms' (72983) panicked at tests/bytecode_vm_test.rs:1634:5:
1 of 359 programs disagree between the tree-walking VM and the bytecode VM:
examples/files.rb
  tree:     Outcome { output: ["File contents:", "Hello from Redblue!", "output.txt exists!", "Number of lines:", "1", "Updated contents:", "Hello from Redblue! - appended text", "Copy created successfully!", "Done!"], result: Ok("nothing") }
  bytecode: Outcome { output: [], result: Err("IoError: Failed to read 'output.txt': No such file or directory (os error 2)") }
stack backtrace:
   0: __rustc::rust_begin_unwind
   1: core::panicking::panic_fmt
   2: bytecode_vm_test::a_corpus_of_programs_runs_identically_on_both_vms
   3: bytecode_vm_test::a_corpus_of_programs_runs_identically_on_both_vms::{closure#0}
   4: <bytecode_vm_test::a_corpus_of_programs_runs_identically_on_both_vms::{closure#0} as core::ops::function::FnOnce<()>>::call_once
note: Some details are omitted, run with `RUST_BACKTRACE=full` for a verbose backtrace.


failures:
    a_corpus_of_programs_runs_identically_on_both_vms

test result: FAILED. 46 passed; 1 failed; 0 ignored; 0 measured; 0 filtered out; finished in 29.09s

[1m[91merror[0m: test failed, to rerun pass `--test bytecode_vm_test`
[0m
[0m$ [0mcd /home/runner/work/rbops/rbops/redblue && sed -n '1560,1700p' tests/bytecode_vm_test.rs
"rb vm should not run a text file as bytecode"
    );
    let stderr = String::from_utf8_lossy(&vm.stderr);
    assert!(
        stderr.contains("not a Redblue bytecode file"),
        "the refusal should say the file is not bytecode, said: {stderr}"
    );
    assert_eq!(
        String::from_utf8_lossy(&vm.stdout),
        "",
        "nothing should have been printed from a file that was refused"
    );
}

/// `rb vm` refuses a file that does not exist, and says so rather than reporting
/// a decode failure for a file it never read.
#[test]
fn edge_rb_vm_reports_a_missing_file() {
    let dir = scratch_dir("missing-file");
    let path = dir.join("absent.rbc");
    let vm = rb(&["vm", path.to_str().expect("utf-8 path")]);
    assert!(
        !vm.status.success(),
        "rb vm should fail on a file that is not there"
    );
    let stderr = String::from_utf8_lossy(&vm.stderr);
    assert!(
        stderr.contains("No such file") || stderr.contains("cannot read"),
        "the refusal should be an I/O failure, said: {stderr}"
    );
}

/// `rb vm` refuses a path that is not named `.rbc`, rather than decoding a
/// source file that happens to be there.
#[test]
fn edge_rb_vm_refuses_a_source_file() {
    let dir = scratch_dir("source-not-bytecode");
    let path = dir.join("program.rb");
    fs::write(&path, "say \"hello\"\n").expect("the file should be writable");

    let vm = rb(&["vm", path.to_str().expect("utf-8 path")]);
    assert!(!vm.status.success(), "rb vm should refuse a .rb path");
    let stderr = String::from_utf8_lossy(&vm.stderr);
    assert!(
        stderr.contains("is not a bytecode file"),
        "the refusal should name the mistake, said: {stderr}"
    );
}

// -- the differential test ---------------------------------------------

/// The differential test the phase requires: both VMs agree on every program in
/// the corpus, which is at least 200 whole programs drawn from `examples/`,
/// `modules/`, `tests/` and the generated set.
#[test]
fn a_corpus_of_programs_runs_identically_on_both_vms() {
    let programs = corpus();
    assert!(
        programs.len() >= MINIMUM_CORPUS,
        "the corpus holds {} programs, and the phase requires at least {MINIMUM_CORPUS}",
        programs.len()
    );

    let mut disagreements = Vec::new();
    for (name, source) in &programs {
        let tree = tree_walk(source);
        let byte = bytecode(source);
        if tree != byte {
            disagreements.push(format!(
                "{name}\n  tree:     {tree:?}\n  bytecode: {byte:?}"
            ));
        }
    }

    assert!(
        disagreements.is_empty(),
        "{} of {} programs disagree between the tree-walking VM and the bytecode VM:\n{}",
        disagreements.len(),
        programs.len(),
        disagreements.join("\n")
    );
}

/// Every program in the corpus produces the same outcome whichever VM runs it —
/// the same failure kind and message where it fails. Split from the output
/// comparison so a failure names errors rather than printouts.
#[test]
fn edge_the_two_vms_report_the_same_failure_for_every_corpus_program() {
    let programs = corpus();
    let mut disagreements = Vec::new();
    for (name, source) in &programs {
        let tree = tree_walk(source);
        let byte = bytecode(source);
        // Only failures are compared here; a program that succeeds on one VM and
        // fails on the other is a worse disagreement, and is compared too.
        if tree.result != byte.result {
            disagreements.push(format!(
                "{name}\n  tree:     {:?}\n  bytecode: {:?}",
                tree.result, byte.result
            ));
        }
    }

    assert!(
        disagreements.is_empty(),
        "{} programs report a different outcome:\n{}",
        disagreements.len(),
        disagreements.join("\n")
    );
}

/// Both VMs hold the same resource limits, so a program that runs under one
/// fails under the other rather than running forever under one and stopping
/// under the other.
#[test]
fn edge_both_vms_enforce_the_same_step_budget() {
    // A loop with no exit: both VMs must stop it, and both must say why.
    //
    // The failure names the *iteration* cap rather than the step budget, because
    // one loop turns a million times before a program has executed ten million
    // statements — so the iteration cap is the one that is reached, and both
    // VMs have to reach it at the same turn.
    let source = "set n to 0\nwhile yes is yes\n    set n to n + 1\nend\n";
    let tree = tree_walk(source);
    let byte = bytecode(source);
    assert!(
        tree.result.is_err() && byte.result.is_err(),
        "an endless loop must be stopped by both VMs: tree={tree:?} bytecode={byte:?}"
    );
    assert_eq!(
        tree.result, byte.result,
        "the two VMs should stop an endless loop with the same failure"
    );
    let message = tree
        .result
        .as_ref()
        .expect_err("the loop should have been stopped");
    assert!(
        message.contains("iterations") || message.contains("Step budget"),
        "the failure should name the limit that stopped it, said: {message}"
    );
[0m
[0m$ [0mcd /home/runner/work/rbops/rbops/redblue && grep -n "fn tree_walk\|fn bytecode\|fn scratch_dir\|fn corpus\b" -A 30 tests/bytecode_vm_test.rs | sed -n '1,120p'
22:fn scratch_dir(name: &str) -> PathBuf {
23-    let dir = Path::new(env!("CARGO_MANIFEST_DIR"))
24-        .join("target/tmp/bytecode-vm-test")
25-        .join(name);
26-    let _ = fs::remove_dir_all(&dir);
27-    fs::create_dir_all(&dir).expect("scratch dir should be creatable");
28-    dir
29-}
30-
31-fn rb(args: &[&str]) -> std::process::Output {
32-    Command::new(env!("CARGO_BIN_EXE_rb"))
33-        .args(args)
34-        .current_dir(env!("CARGO_MANIFEST_DIR"))
35-        .output()
36-        .expect("rb should be runnable")
37-}
38-
39-/// What one VM made of a program: the lines it printed, and either the value it
40-/// ended with or the failure it ended with.
41-///
42-/// Two programs agree when both halves agree. The failure is compared by kind
43-/// and message, which is what the language promises; the rendered position is
44-/// not compared, because a `.rbc` carries no source text to render it from.
45-#[derive(Debug, PartialEq, Eq)]
46-struct Outcome {
47-    output: Vec<String>,
48-    result: Result<String, String>,
49-}
50-
51-fn failure_of(error: &Error) -> String {
52-    format!("{}: {}", error.label(), error.message())
--
60:fn tree_walk(source: &str) -> Outcome {
61-    let tokens = match redblue::lexer::Lexer::tokenize(source) {
62-        Ok(tokens) => tokens,
63-        Err(error) => return failed(failure_of(&error)),
64-    };
65-    let ast = match redblue::parser::parse(tokens) {
66-        Ok(ast) => ast,
67-        Err(error) => return failed(failure_of(&error)),
68-    };
69-    if let Err(error) = redblue::analyzer::analyze(&ast) {
70-        return failed(failure_of(&error));
71-    }
72-    let (mut vm, result) = run_isolated(&ast);
73-    Outcome {
74-        output: vm.take_output(),
75-        result: result
76-            .map(|value| value.to_string())
77-            .map_err(|error| failure_of(&error)),
78-    }
79-}
80-
81-/// A frontend failure, as an outcome: nothing ran, so nothing was printed.
82-fn failed(message: String) -> Outcome {
83-    Outcome {
84-        output: Vec::new(),
85-        result: Err(message),
86-    }
87-}
88-
89-/// Runs `source` through the bytecode compiler and then the bytecode VM.
90:fn bytecode(source: &str) -> Outcome {
91-    let chunk = match compile_source(source) {
92-        Ok(chunk) => chunk,
93-        Err(error) => return failed(failure_of(&error)),
94-    };
95-    let mut vm = BytecodeVm::new();
96-    let result = vm.run(&chunk);
97-    Outcome {
98-        output: vm.take_output(),
99-        result: result
100-            .map(|value| value.to_string())
101-            .map_err(|error| failure_of(&error)),
102-    }
103-}
104-
105-/// Runs `source` both ways and fails with the two outcomes when they differ.
106-#[track_caller]
107-fn assert_agrees(source: &str) {
108-    let tree = tree_walk(source);
109-    let byte = bytecode(source);
110-    assert_eq!(
111-        tree, byte,
112-        "the two VMs disagree\n--- source ---\n{source}--- tree ---\n{tree:?}\n--- bytecode ---\n{byte:?}\n"
113-    );
114-}
115-
116-/// Programs read from disk that this test cannot compare, named rather than
117-/// detected.
118-///
119-/// A differential test is only worth anything if it is deterministic, and one of
120-/// these prints the wall clock, so its two runs differ by a second however
--
133:fn corpus() -> BTreeMap<String, String> {
134-    let mut programs = BTreeMap::new();
135-
136-    for dir in ["examples", "modules", "tests"] {
137-        let root = Path::new(env!("CARGO_MANIFEST_DIR")).join(dir);
138-        let Ok(entries) = fs::read_dir(&root) else {
139-            continue;
140-        };
141-        let mut paths: Vec<PathBuf> = entries
142-            .filter_map(|entry| entry.ok())
143-            .map(|entry| entry.path())
144-            .filter(|path| path.extension().is_some_and(|extension| extension == "rb"))
145-            .collect();
146-        paths.sort();
147-        for path in paths {
148-            let Ok(source) = fs::read_to_string(&path) else {
149-                continue;
150-            };
151-            let name = format!(
152-                "{dir}/{}",
153-                path.file_name().expect("a named file").to_string_lossy()
154-            );
155-            if NOT_COMPARABLE.contains(&name.as_str()) {
156-                continue;
157-            }
158-            programs.insert(name, source);
[0m
[0m$ [0mcd /home/runner/work/rbops/rbops/redblue && git stash && cargo test --test bytecode_vm_test a_corpus_of_programs_runs_identically_on_both_vms 2>&1 | tail -15; git stash pop
error: Entry 'phases/phase-032/FINDINGS.md' not uptodate. Cannot merge.
Cannot save the current worktree state
No stash entries found.
[0m
[0m$ [0mcd /home/runner/work/rbops/rbops/redblue && git status --porcelain && ls target/tmp/ 2>/dev/null
M README.md
 M SPEC.md
 A phases/phase-032/FINDINGS.md
 A phases/phase-032/REPORT.md
 M src/bytecode/vm.rs
 M src/runtime.rs
 M src/stdlib.rs
 M src/vm.rs
 A tests/stdlib_module_docs_test.rs
a.rb
b.rb
bytecode-test
bytecode-vm-test
c.rb
call-depth
d.rb
e.rb
ex
ex2
ex3
f.rb
final.txt
final2.txt
formatter
g.rb
h.rb
i.rb
j.rb
k.rb
l.rb
linter
loop-bounds
m.rb
n.rb
o.rb
p.rb
phase014
q.rb
r.rb
rb-comparison-lex
rb-comparison-words
rb-discovery-test
rb-lexer-robustness
rb-mod-in
record-order
s.rb
t.rb
t3.txt
testlog.txt
testlog2.txt
u.rb
v.rb
w.rb
x.rb
[0m
[0m$ [0mcd /home/runner/work/rbops/rbops/redblue && ls -la output.txt renamed.txt output_copy.txt 2>&1 | head; grep -rn "output.txt" tests/*.rs | head -20
ls: cannot access 'output.txt': No such file or directory
ls: cannot access 'renamed.txt': No such file or directory
ls: cannot access 'output_copy.txt': No such file or directory
[0m
[0m$ [0mcd /home/runner/work/rbops/rbops/redblue && grep -rln "output.txt" tests/ examples/ modules/ | head
examples/files.rb
[0m
[0m$ [0mcd /home/runner/work/rbops/rbops/redblue && cargo test --test bytecode_vm_test a_corpus_of_programs_runs_identically_on_both_vms 2>&1 | tail -15
[1m[92m    Finished[0m `test` profile [unoptimized] target(s) in 0.07s
[1m[92m     Running[0m tests/bytecode_vm_test.rs (target/debug/deps/bytecode_vm_test-15f8248aee2d9c5a)

running 1 test
test a_corpus_of_programs_runs_identically_on_both_vms ... ok

test result: ok. 1 passed; 0 failed; 0 ignored; 0 measured; 46 filtered out; finished in 14.98s
[0m
[0m$ [0mcd /home/runner/work/rbops/rbops/redblue && grep -rn "examples" tests/*.rs | grep -v "^tests/stdlib_module_docs_test.rs" | head -30
tests/bytecode_test.rs:27:/// Every source file under `examples/`, sorted so the test itself is
tests/bytecode_test.rs:30:    let dir = project_root().join("examples");
tests/bytecode_test.rs:32:        .expect("examples/ should be readable")
tests/bytecode_test.rs:47:    assert!(!found.is_empty(), "examples/ has no .rb files to compile");
tests/bytecode_test.rs:105:            .unwrap_or_else(|e| panic!("examples/{name} should compile: {e}"));
tests/bytecode_test.rs:110:            "examples/{name} should compile to a main block"
tests/bytecode_test.rs:114:            "examples/{name} compiled to no instructions at all"
tests/bytecode_test.rs:123:            "examples/{name} encoded differently on two runs of the same compiler"
tests/bytecode_test.rs:127:            .unwrap_or_else(|e| panic!("examples/{name}.rbc should decode: {e}"));
tests/bytecode_test.rs:131:            "examples/{name} did not survive a decode/encode round trip"
tests/bytecode_test.rs:1287:/// file under `examples/` compiles to a `.rbc`, and `rb dis` reads each one
tests/bytecode_test.rs:1291:    let dir = scratch_dir("cli-examples");
tests/bytecode_test.rs:1292:    let examples = example_sources();
tests/bytecode_test.rs:1294:        examples.len() >= 6,
tests/bytecode_test.rs:1295:        "examples/ holds {} files; the corpus should not shrink silently",
tests/bytecode_test.rs:1296:        examples.len()
tests/bytecode_test.rs:1299:    for (name, source) in examples {
tests/bytecode_test.rs:1313:            "rb compile examples/{name} failed: {}",
tests/bytecode_test.rs:1316:        assert!(out.exists(), "rb compile wrote no .rbc for examples/{name}");
tests/bytecode_test.rs:1322:                .unwrap_or_else(|e| panic!("examples/{name} should compile: {e}"))
tests/bytecode_test.rs:1324:            "examples/{name} compiled by the binary differs from the library"
tests/bytecode_test.rs:1334:            "rb dis on examples/{name} failed: {}",
tests/bytecode_test.rs:1340:            "rb dis on examples/{name} did not print disassemble()"
tests/bytecode_vm_test.rs:122:/// and by the gate's examples run, so excluding them here loses no coverage —
tests/bytecode_vm_test.rs:124:const NOT_COMPARABLE: &[&str] = &["examples/time.rb", "examples/random.rb"];
tests/bytecode_vm_test.rs:126:/// The corpus the differential test runs: every program under `examples/`,
tests/bytecode_vm_test.rs:136:    for dir in ["examples", "modules", "tests"] {
tests/bytecode_vm_test.rs:1612:/// the corpus, which is at least 200 whole programs drawn from `examples/`,
tests/formatter_test.rs:13:    for dir in ["examples", "tests"] {
tests/formatter_test.rs:27:        "no .rb corpus files found under examples/ or tests/"
[0m
[0m$ [0mcd /home/runner/work/rbops/rbops/redblue && grep -n "pub fn run_isolated" -A 40 src/lib.rs | head -70
(no output)
[0m
[0m$ [0mcd /home/runner/work/rbops/rbops/redblue && grep -rn "fn run_isolated" -A 45 src/*.rs | head -80
src/vm.rs:123:pub fn run_isolated(program: &Program) -> (Vm, Result<Value>) {
src/vm.rs-124-    let limit = resolve_max_call_depth();
src/vm.rs-125-    let program = program.clone();
src/vm.rs-126-    let builder = std::thread::Builder::new()
src/vm.rs-127-        .name("redblue-vm".to_string())
src/vm.rs-128-        .stack_size(limit.saturating_mul(STACK_BYTES_PER_CALL));
src/vm.rs-129-
src/vm.rs-130-    let joined = match builder.spawn(move || {
src/vm.rs-131-        let mut vm = Vm::new();
src/vm.rs-132-        let result = vm.run(&program);
src/vm.rs-133-        (vm, result)
src/vm.rs-134-    }) {
src/vm.rs-135-        Ok(handle) => handle.join(),
src/vm.rs-136-        Err(e) => {
src/vm.rs-137-            return (
src/vm.rs-138-                Vm::new(),
src/vm.rs-139-                Err(Error::Io(format!(
src/vm.rs-140-                    "Cannot start the interpreter thread: {}",
src/vm.rs-141-                    e
src/vm.rs-142-                ))),
src/vm.rs-143-            );
src/vm.rs-144-        }
src/vm.rs-145-    };
src/vm.rs-146-
src/vm.rs-147-    match joined {
src/vm.rs-148-        Ok(result) => result,
src/vm.rs-149-        Err(_) => (
src/vm.rs-150-            Vm::new(),
src/vm.rs-151-            Err(Error::Runtime(
src/vm.rs-152-                "The interpreter thread stopped unexpectedly".to_string(),
src/vm.rs-153-                Span::unknown(),
src/vm.rs-154-            )),
src/vm.rs-155-        ),
src/vm.rs-156-    }
src/vm.rs-157-}
src/vm.rs-158-
src/vm.rs-159-pub struct Vm {
src/vm.rs-160-    globals: HashMap<String, Value>,
src/vm.rs-161-    /// The names bound by a `constant` declaration. The value lives in
src/vm.rs-162-    /// [`Vm::globals`] so a read resolves through one name resolution path; what
src/vm.rs-163-    /// this table adds is the refusal to rebind the name.
src/vm.rs-164-    constants: HashSet<String>,
src/vm.rs-165-    /// The live local scopes, outermost first. A call's parameters are the
src/vm.rs-166-    /// innermost scope, and a function value that closed over scopes pushes
src/vm.rs-167-    /// them above its caller's frames — see [`Vm::call_user_function`].
src/vm.rs-168-    locals: Vec<CapturedScope>,
[0m
[0m$ [0mcd /home/runner/work/rbops/rbops/redblue && grep -rn "files.write\|files.delete" tests/*.rs | head -20
tests/stdlib_modules_test.rs:132:/// `files.write` then `files.read` against a temp directory: the round trip
tests/stdlib_modules_test.rs:135:fn files_write_then_read_round_trips_in_a_temp_dir() {
tests/stdlib_modules_test.rs:139:            "files.write({}, {})",
tests/stdlib_modules_test.rs:144:        "files.write answers nothing"
tests/stdlib_modules_test.rs:149:        "files.write must write exactly its argument"
tests/stdlib_modules_test.rs:154:        "files.read must read back what files.write wrote"
tests/stdlib_modules_test.rs:175:            "files.write({}, {})",
tests/stdlib_modules_test.rs:183:        "files.write of empty text must create the file"
tests/stdlib_modules_test.rs:193:        "files.write({}, {})",
tests/stdlib_modules_test.rs:303:/// `files.exists` and `files.delete` bracket a file's life.
tests/stdlib_modules_test.rs:306:    let dir = TempDir::new("files-delete");
tests/stdlib_modules_test.rs:318:    assert_eq!(eval(&format!("files.delete({})", literal)), Value::Nothing);
tests/stdlib_modules_test.rs:357:        format!("files.delete({})", literal),
tests/stdlib_modules_test.rs:489:        ("files.delete(1)", "requires a text path"),
tests/stdlib_modules_test.rs:490:        ("files.write(\"p\")", "requires two text arguments"),
tests/stdlib_modules_test.rs:491:        ("files.write(1, 2)", "requires two text arguments"),
[0m
[0m$ [0mcd /home/runner/work/rbops/rbops/redblue && sed -n '160,215p' tests/stdlib_modules_test.rs
fn edge_empty_file_reads_as_empty_text() {
    let dir = TempDir::new("files-empty");
    dir.write_file("empty.txt", "");
    assert_eq!(
        eval(&format!("files.read({})", dir.literal("empty.txt"))),
        Value::Text(String::new()),
        "an empty file is empty text"
    );
    assert_eq!(
        eval(&format!("files.lines({})", dir.literal("empty.txt"))),
        Value::List(Vec::new()),
        "an empty file has no lines"
    );
    assert_eq!(
        eval(&format!(
            "files.write({}, {})",
            dir.literal("fresh.txt"),
            redblue_text("")
        )),
        Value::Nothing
    );
    assert!(
        dir.file("fresh.txt").exists(),
        "files.write of empty text must create the file"
    );
}

/// A path with a space in it is an ordinary path, not two arguments.
#[test]
fn files_handles_a_path_with_spaces() {
    let dir = TempDir::new("files-spaces");
    let literal = dir.literal("a file with spaces.txt");
    eval(&format!(
        "files.write({}, {})",
        literal,
        redblue_text("spaced")
    ));
    assert_eq!(
        eval(&format!("files.read({})", literal)),
        Value::Text("spaced".to_string()),
        "a path with spaces must name one file"
    );
    assert_eq!(
        eval(&format!("files.exists({})", literal)),
        Value::YesNo(true)
    );
}

/// `files.append` creates the file when it is missing and adds to the end when
/// it is not.
#[test]
fn files_append_creates_then_appends() {
    let dir = TempDir::new("files-append");
    let literal = dir.literal("log.txt");
    assert_eq!(
        eval(&format!(
[0m
[0m$ [0mcd /home/runner/work/rbops/rbops/redblue && for i in 1 2 3; do cargo test --test bytecode_vm_test -- corpus 2>&1 | tail -4; done
test result: FAILED. 0 passed; 2 failed; 0 ignored; 0 measured; 45 filtered out; finished in 15.39s

[1m[91merror[0m: test failed, to rerun pass `--test bytecode_vm_test`

test result: FAILED. 1 passed; 1 failed; 0 ignored; 0 measured; 45 filtered out; finished in 15.50s

[1m[91merror[0m: test failed, to rerun pass `--test bytecode_vm_test`

test result: FAILED. 0 passed; 2 failed; 0 ignored; 0 measured; 45 filtered out; finished in 15.27s

[1m[91merror[0m: test failed, to rerun pass `--test bytecode_vm_test`
[0m
[0m$ [0mcd /home/runner/work/rbops/rbops/redblue && cargo test --test bytecode_vm_test -- corpus --test-threads=1 2>&1 | tail -5
test a_corpus_of_programs_runs_identically_on_both_vms ... ok
test edge_the_two_vms_report_the_same_failure_for_every_corpus_program ... ok

test result: ok. 2 passed; 0 failed; 0 ignored; 0 measured; 45 filtered out; finished in 29.93s
[0m
Pre-existing flake confirmed (two corpus tests race over `output.txt`). I'll fix that after the main findings. Now the docs:
[0m← [0mEdit README.md
Index: /home/runner/work/rbops/rbops/redblue/README.md
===================================================================
--- /home/runner/work/rbops/rbops/redblue/README.md
+++ /home/runner/work/rbops/rbops/redblue/README.md
@@ -188,10 +188,11 @@
 console.error(text)  // Print an error with newline
 console.clear()      // Clear the screen
 ```
 
-Every text, math and list function above is also a bare builtin of the same
-name, so `uppercase("hi")` and `text.uppercase("hi")` reach one function.
+Every text, math and list function above is called through its module. A bare
+`uppercase("hi")` is not a second spelling of it: it is reported as an unknown
+function, because a module name is the only way these are reached today.
 
 ## Project Structure
 
 ```

[0m
[0m← [0mEdit src/stdlib.rs
Index: /home/runner/work/rbops/rbops/redblue/src/stdlib.rs
===================================================================
--- /home/runner/work/rbops/rbops/redblue/src/stdlib.rs
+++ /home/runner/work/rbops/rbops/redblue/src/stdlib.rs
@@ -419,9 +419,12 @@
 // Type conversion
 globals.insert("type_of".to_string(), Value::Builtin("type_of".to_string()));
 
 // The module spellings of the builtins above, so `text.uppercase("hi")`
-// and `uppercase("hi")` reach one function instead of two.
+// reaches the same builtin `text.uppercase` names. The bare name is a
+// second registration of the same builtin, not a second way to call it:
+// `Vm::call` routes a `Value::Builtin` through the module table only, so a
+// bare `uppercase("hi")` is still an unknown function.
 for (qualified, builtin) in MODULE_FUNCTIONS {
     globals.insert(
         (*qualified).to_string(),
         Value::Builtin((*builtin).to_string()),

[0m
[0m→ [0mRead SPEC.md[90m [offset=819, limit=45][0m
Now the SPEC.md corrections:
[0m
[0m← [0mEdit SPEC.md
Index: /home/runner/work/rbops/rbops/redblue/SPEC.md
===================================================================
--- /home/runner/work/rbops/rbops/redblue/SPEC.md
+++ /home/runner/work/rbops/rbops/redblue/SPEC.md
@@ -832,8 +832,12 @@
 
 The separator is an ordinary second argument. `by` is the step of a range loop
 and nothing else, so `text.split("a,b,c", by ",")` does not parse.
 
+`text.length` counts the bytes of the text, as the bare `length` does, so
+`text.length("🎉")` is 4 and `text.length("世界")` is 6. A count of characters
+is not the number this answers.
+
 ### math
 
 ```redblue
 set sqrt2 to math.sqrt(2)
@@ -843,23 +847,33 @@
 set rounded to math.round(3.7)  // 4
 set rand to math.random(1, 100)
 ```
 
-`math.PI` is not a member: a constant is a name a program declares with
-`constant`, as §Constants describes, so it is written `constant PI to 3.14159`
-and read as `PI`.
+`math.random` takes one number to draw from zero, or two to draw from the first
+to the second; anything else is an error rather than a number. `math.PI` is not
+a member: a constant is a name a program declares with `constant`, as
+§Constants describes, so it is written `constant PI to 3.14159` and read as `PI`.
 
 ### files
 
 ```redblue
 set content to files.read("data.rb")
-might fail files.write("output.rb", content)
-might fail files.append("log.rb", "new line")
-if files.exists("config.rb")
-    // ...
+try
+    files.write("output.rb", content)
+    files.append("log.rb", "new line")
+catch error
+    say error
 end
+if files.exists("config.rb") then
+    say "there is a config"
+end
 ```
 
+`try`/`catch`/`end` is the spelling of a recoverable failure today: `might fail`
+is a reserved word that no statement parses, so it is not written in an example
+here either. A file function takes the arguments it documents and no more —
+`files.read("a", "b")` is an error, not a read of `"a"`.
+
 ### list
 
 ```redblue
 set size to list.length([1, 2, 3])  // 3

[0m
[0m← [0mEdit SPEC.md
Index: /home/runner/work/rbops/rbops/redblue/SPEC.md
===================================================================
--- /home/runner/work/rbops/rbops/redblue/SPEC.md
+++ /home/runner/work/rbops/rbops/redblue/SPEC.md
@@ -817,8 +817,10 @@
 ```
 
 Reading from the terminal is not documented as a call: `ask` is a reserved word
 and no statement parses it, so there is no spelling of it to write down.
+`console.log` and `console.error` take one value to print and `console.clear`
+takes none, so `console.log()` is an error rather than a blank line.
 
 ### text
 
 ```redblue

[0m
Now the test file — fixing the two routing/parsing tests (BLOCKER + MAJOR 3):
[0m→ [0mRead tests/stdlib_module_docs_test.rs[90m [limit=45, offset=93][0m
[0m
[0m← [0mEdit tests/stdlib_module_docs_test.rs
Index: /home/runner/work/rbops/rbops/redblue/tests/stdlib_module_docs_test.rs
===================================================================
--- /home/runner/work/rbops/rbops/redblue/tests/stdlib_module_docs_test.rs
+++ /home/runner/work/rbops/rbops/redblue/tests/stdlib_module_docs_test.rs
@@ -89,16 +89,19 @@
     );
     names
 }
 
-/// Every module name either document promises, in a stable order so a failure
-/// names the same two sets twice.
-/// The `module` and `member` of the first `module.member(` in `line`, when that
-/// module is one the code has.
+/// The `receiver` and `member` of the first `receiver.member(` in `line`.
 ///
-/// A documented example reaches the code as text, so the test reads the call
-/// out of the line the same way the analyzer does: the receiver is the name
-/// immediately before the `.`, and it counts only when it is a module.
+/// A documented example reaches the code as text, so the test reads the call out
+/// of the line the way the analyzer does: the receiver is the name immediately
+/// before the `.`, and the member is what the `(` follows.
+///
+/// The receiver is *not* checked against the modules the code has. A document
+/// that wrote `nosuchmod.read("x")` has made a promise about a module the code
+/// does not have, and the test that reads the promise has to see it: a filter
+/// here would drop the line on the floor and the routing test below would pass
+/// without ever looking at it.
 fn module_call(line: &str) -> Option<(String, String)> {
     for (index, _) in line.match_indices('.') {
         let module: String = line[..index]
             .chars()
@@ -107,9 +110,9 @@
             .collect::<Vec<char>>()
             .into_iter()
             .rev()
             .collect();
-        if module.is_empty() || !redblue::stdlib::is_module(&module) {
+        if module.is_empty() {
             continue;
         }
         let rest = &line[index + 1..];
         if !rest.starts_with(|c: char| c.is_ascii_lowercase() || c == '_') {

[0m
Now the lex/parse test (MAJOR 3) and the routing test (BLOCKER 4):
[0m← [0mEdit tests/stdlib_module_docs_test.rs
Index: /home/runner/work/rbops/rbops/redblue/tests/stdlib_module_docs_test.rs
===================================================================
--- /home/runner/work/rbops/rbops/redblue/tests/stdlib_module_docs_test.rs
+++ /home/runner/work/rbops/rbops/redblue/tests/stdlib_module_docs_test.rs
@@ -491,15 +491,19 @@
         "an alias reaches the formats functions"
     );
 }
 
-/// Every line SPEC.md's §Standard Library and README.md's show in a
-/// ```redblue block must lex and parse, and every `module.function(..)` call in
-/// one must resolve to a module function the code has.
+/// Every ```redblue block SPEC.md's §Standard Library and README.md's show must
+/// lex and parse as a program — the whole block, so a line that only means
+/// something inside one, like the body of an `if`, is read with the rest of it.
 ///
+/// Nothing is skipped. A block is not executed here — it is read, which is why
+/// a `network.get` or a `time.sleep` line can be checked like any other: the
+/// wire and the clock are only reached by running it, and
+/// `every_documented_module_runs_from_a_file` is where the modules are run.
+///
 /// This is the test that would have caught the original finding: a documented
-/// call the parser cannot read is a promise the language does not keep, and one
-/// written with a module the code lacks fails with `Unknown variable`.
+/// call the parser cannot read is a promise the language does not keep.
 #[test]
 fn edge_documented_calls_all_lex_parse_and_resolve() {
     for (document, heading) in [
         ("SPEC.md", "## Standard Library"),
@@ -507,57 +511,53 @@
     ] {
         let text = read_doc(document);
         let section = standard_library_section(&text, heading);
         let mut in_block = false;
-        let mut checked = 0;
+        let mut block = String::new();
+        let mut blocks = 0;
+        let mut lines = 0;
+        let mut check = |source: &str, blocks: &mut usize, lines: &mut usize| {
+            let tokens = redblue::lexer::Lexer::tokenize(source)
+                .unwrap_or_else(|e| panic!("{}: a documented block should lex, got {:?}", document, source, e));
+            redblue::parser::parse(tokens).unwrap_or_else(|e| {
+                panic!("{}: a documented block should parse, got {:?}", document, source, e)
+            });
+            *blocks += 1;
+            *lines += source.lines().count();
+        };
         for line in section.lines() {
             if line.trim_start().starts_with("```") {
+                if in_block && !block.trim().is_empty() {
+                    check(&block, &mut blocks, &mut lines);
+                    block.clear();
+                }
                 in_block = !in_block;
                 continue;
             }
-            if !in_block {
-                continue;
+            if in_block {
+                block.push_str(line);
+                block.push('\n');
             }
-            let trimmed = line.trim();
-            if trimmed.is_empty()
-                || trimmed.starts_with("//")
-                || trimmed.starts_with("might fail")
-                || trimmed.starts_with("if ")
-                || trimmed == "end"
-            {
-                continue;
-            }
-            // Only the lines that call a module. A documented statement that is
-            // not a module call is a different promise; the ones this phase found
-            // unkept are in phases/phase-032/FINDINGS.md.
-            if module_call(trimmed).is_none() {
-                continue;
-            }
-            // A call the parser reads, but which would hit the network or the
-            // clock. Their *shape* is checked here; the modules they reach are
-            // checked by `every_documented_module_runs_from_a_file`.
-            if trimmed.contains("network.") || trimmed.contains("time.") {
-                continue;
-            }
-            let tokens = redblue::lexer::Lexer::tokenize(trimmed)
-                .unwrap_or_else(|e| panic!("{}: `{}` should lex, got {:?}", document, trimmed, e));
-            redblue::parser::parse(tokens).unwrap_or_else(|e| {
-                panic!("{}: `{}` should parse, got {:?}", document, trimmed, e)
-            });
-            checked += 1;
         }
+        if in_block && !block.trim().is_empty() {
+            check(&block, &mut blocks, &mut lines);
+        }
         assert!(
-            checked >= 5,
-            "only {} documented lines in {} were checked",
-            checked,
+            blocks >= 5 && lines >= 30,
+            "only {blocks} documented blocks ({lines} lines) in {} were read",
             document
         );
     }
 }
 
 /// The module functions each document names are the ones `MODULE_FUNCTIONS`
 /// routes, so a documented `module.function` cannot resolve to a name the
 /// routing table does not hold.
+///
+/// Every `word.word(` in either document's §Standard Library counts, whether or
+/// not the code has a module called `word`: a documented call through a module
+/// that does not exist is the failure this test exists to catch, so the receiver
+/// is checked here rather than filtered out before the check.
 #[test]
 fn edge_every_documented_module_function_is_routed() {
     for (document, heading) in [
         ("SPEC.md", "## Standard Library"),
@@ -578,8 +578,17 @@
             let trimmed = line.trim();
             let Some((module, member)) = module_call(trimmed) else {
                 continue;
             };
+            assert!(
+                redblue::stdlib::is_module(&module),
+                "{} documents `{}.{}`, and `{}` is not a module the code has, so the \\
+                 call is an `Unknown variable`",
+                document,
+                module,
+                member,
+                module
+            );
             let qualified = format!("{module}_{member}");
             assert!(
                 redblue::stdlib::is_module_function(&qualified),
                 "{} documents `{}.{}`, which is not a module function",

[0m
[0m$ [0mcd /home/runner/work/rbops/rbops/redblue && cargo test --test stdlib_module_docs_test 2>&1 | tail -40
[1m[92m   Compiling[0m redblue v0.1.0 (/home/runner/work/rbops/rbops/redblue)
[1m[91merror[0m[1m: argument never used[0m
   [1m[94m--> [0mtests/stdlib_module_docs_test.rs:520:109
    [1m[94m|[0m
[1m[94m520[0m [1m[94m|[0m                 .unwrap_or_else(|e| panic!("{}: a documented block should lex, got {:?}", document, source, e));
    [1m[94m|[0m                                            [1m[94m---------------------------------------------[0m                    [1m[91m^[0m [1m[91margument never used[0m
    [1m[94m|[0m                                            [1m[94m|[0m
    [1m[94m|[0m                                            [1m[94mformatting specifier missing[0m

[1m[91merror[0m[1m: argument never used[0m
   [1m[94m--> [0mtests/stdlib_module_docs_test.rs:522:91
    [1m[94m|[0m
[1m[94m522[0m [1m[94m|[0m                 panic!("{}: a documented block should parse, got {:?}", document, source, e)
    [1m[94m|[0m                        [1m[94m-----------------------------------------------[0m                    [1m[91m^[0m [1m[91margument never used[0m
    [1m[94m|[0m                        [1m[94m|[0m
    [1m[94m|[0m                        [1m[94mformatting specifier missing[0m

[1m[91merror[0m[1m: variable does not need to be mutable[0m
   [1m[94m--> [0mtests/stdlib_module_docs_test.rs:518:13
    [1m[94m|[0m
[1m[94m518[0m [1m[94m|[0m         let mut check = |source: &str, blocks: &mut usize, lines: &mut usize| {
    [1m[94m|[0m             [1m[94m----[0m[1m[91m^^^^^[0m
    [1m[94m|[0m             [1m[94m|[0m
    [1m[94m|[0m             [1m[94mhelp: remove this `mut`[0m
    [1m[94m|[0m
    [1m[94m= [0m[1mnote[0m: `-D unused-mut` implied by `-D warnings`
    [1m[94m= [0m[1mhelp[0m: to override `-D warnings` add `#[allow(unused_mut)]`

[1m[91merror[0m: could not compile `redblue` (test "stdlib_module_docs_test") due to 3 previous errors
[1m[33mwarning[0m: build failed, waiting for other jobs to finish...
[0m
[0m← [0mEdit tests/stdlib_module_docs_test.rs
Index: /home/runner/work/rbops/rbops/redblue/tests/stdlib_module_docs_test.rs
===================================================================
--- /home/runner/work/rbops/rbops/redblue/tests/stdlib_module_docs_test.rs
+++ /home/runner/work/rbops/rbops/redblue/tests/stdlib_module_docs_test.rs
@@ -491,8 +491,36 @@
         "an alias reaches the formats functions"
     );
 }
 
+/// The ```redblue blocks of `section`, each one whole.
+///
+/// A block is read as a unit rather than a line at a time: `if … end` is a
+/// statement, so half of it is not a program the parser can be asked about.
+fn redblue_blocks(section: &str) -> Vec<String> {
+    let mut in_block = false;
+    let mut current = String::new();
+    let mut blocks = Vec::new();
+    for line in section.lines() {
+        if line.trim_start().starts_with("```") {
+            if in_block && !current.trim().is_empty() {
+                blocks.push(std::mem::take(&mut current));
+            }
+            current.clear();
+            in_block = !in_block;
+            continue;
+        }
+        if in_block {
+            current.push_str(line);
+            current.push('\n');
+        }
+    }
+    if in_block && !current.trim().is_empty() {
+        blocks.push(current);
+    }
+    blocks
+}
+
 /// Every ```redblue block SPEC.md's §Standard Library and README.md's show must
 /// lex and parse as a program — the whole block, so a line that only means
 /// something inside one, like the body of an `if`, is read with the rest of it.
 ///
@@ -510,42 +538,28 @@
         ("README.md", "## Standard Library"),
     ] {
         let text = read_doc(document);
         let section = standard_library_section(&text, heading);
-        let mut in_block = false;
-        let mut block = String::new();
-        let mut blocks = 0;
+        let blocks = redblue_blocks(&section);
+        assert!(
+            blocks.len() >= 5,
+            "only {} documented blocks in {} were read",
+            blocks.len(),
+            document
+        );
         let mut lines = 0;
-        let mut check = |source: &str, blocks: &mut usize, lines: &mut usize| {
-            let tokens = redblue::lexer::Lexer::tokenize(source)
-                .unwrap_or_else(|e| panic!("{}: a documented block should lex, got {:?}", document, source, e));
+        for source in &blocks {
+            lines += source.lines().count();
+            let tokens = redblue::lexer::Lexer::tokenize(source).unwrap_or_else(|e| {
+                panic!("{document}: a documented block should lex, got {source:?}: {e:?}")
+            });
             redblue::parser::parse(tokens).unwrap_or_else(|e| {
-                panic!("{}: a documented block should parse, got {:?}", document, source, e)
+                panic!("{document}: a documented block should parse, got {source:?}: {e:?}")
             });
-            *blocks += 1;
-            *lines += source.lines().count();
-        };
-        for line in section.lines() {
-            if line.trim_start().starts_with("```") {
-                if in_block && !block.trim().is_empty() {
-                    check(&block, &mut blocks, &mut lines);
-                    block.clear();
-                }
-                in_block = !in_block;
-                continue;
-            }
-            if in_block {
-                block.push_str(line);
-                block.push('\n');
-            }
         }
-        if in_block && !block.trim().is_empty() {
-            check(&block, &mut blocks, &mut lines);
-        }
         assert!(
-            blocks >= 5 && lines >= 30,
-            "only {blocks} documented blocks ({lines} lines) in {} were read",
-            document
+            lines >= 30,
+            "only {lines} documented lines in {document} were read",
         );
     }
 }
 

[0m
[0m$ [0mcd /home/runner/work/rbops/rbops/redblue && cargo test --test stdlib_module_docs_test 2>&1 | tail -40
[1m[92m   Compiling[0m redblue v0.1.0 (/home/runner/work/rbops/rbops/redblue)
[1m[92m    Finished[0m `test` profile [unoptimized] target(s) in 0.41s
[1m[92m     Running[0m tests/stdlib_module_docs_test.rs (target/debug/deps/stdlib_module_docs_test-cc73ca9eba9996ab)

running 15 tests
test documented_module_names_are_exactly_the_modules_the_code_has ... ok
test edge_an_import_alias_reaches_the_same_module_function ... ok
test edge_a_math_function_that_has_no_answer_is_nothing_not_a_number ... ok
test edge_an_unknown_module_name_is_a_clean_error ... ok
test edge_both_vms_resolve_a_module_function_the_same_way ... ok
test edge_documented_calls_all_lex_parse_and_resolve ... ok
test edge_spec_does_not_promise_a_call_the_parser_cannot_read ... ok
test edge_every_documented_module_function_is_routed ... ok
test edge_a_module_function_refuses_wrong_arguments_by_naming_itself ... ok
test every_documented_module_can_be_imported_and_called ... ok
test edge_unicode_and_escapes_survive_a_module_function ... ok
test edge_empty_singleton_and_boundary_arguments_are_answered ... ok
test module_functions_reach_the_builtins_that_already_exist ... ok
test every_documented_module_runs_from_a_file ... ok
test edge_the_examples_still_run ... ok

test result: ok. 15 passed; 0 failed; 0 ignored; 0 measured; 0 filtered out; finished in 1.02s
[0m
[0m→ [0mRead tests/stdlib_module_docs_test.rs[90m [limit=60, offset=228][0m
[0m
[0m← [0mEdit tests/stdlib_module_docs_test.rs
Index: /home/runner/work/rbops/rbops/redblue/tests/stdlib_module_docs_test.rs
===================================================================
--- /home/runner/work/rbops/rbops/redblue/tests/stdlib_module_docs_test.rs
+++ /home/runner/work/rbops/rbops/redblue/tests/stdlib_module_docs_test.rs
@@ -228,10 +228,10 @@
     let (_vm, result) = redblue::run_isolated(&program);
     result.expect_err("source should have failed")
 }
 
-/// The `module.function` spelling of a builtin reaches the same function its
-/// bare name does, and answers the same value.
+/// The `module.function` spelling of a builtin is the way the documents call it,
+/// and it answers the value each document prints.
 #[test]
 fn module_functions_reach_the_builtins_that_already_exist() {
     // Every documented module function, and the value the documents say it
     // answers. The `length` and `formats` entries are compared against the

[0m
[0m← [0mEdit tests/stdlib_module_docs_test.rs
Index: /home/runner/work/rbops/rbops/redblue/tests/stdlib_module_docs_test.rs
===================================================================
--- /home/runner/work/rbops/rbops/redblue/tests/stdlib_module_docs_test.rs
+++ /home/runner/work/rbops/rbops/redblue/tests/stdlib_module_docs_test.rs
@@ -233,10 +233,10 @@
 /// and it answers the value each document prints.
 #[test]
 fn module_functions_reach_the_builtins_that_already_exist() {
     // Every documented module function, and the value the documents say it
-    // answers. The `length` and `formats` entries are compared against the
-    // module that already worked, which is the same builtin under another name.
+    // answers. The `formats` entries are compared against the `json` and `csv`
+    // spellings of the same functions, which is what `formats` documents.
     for (source, expected, why) in [
         (
             "text.uppercase(\"hello\")",
             Value::Text("HELLO".to_string()),

[0m
Now add the new tests for the bare-name claim, `math.random`, and the documented argument counts:
[0m→ [0mRead tests/stdlib_module_docs_test.rs[90m [limit=40, offset=398][0m
[0m
[0m← [0mEdit tests/stdlib_module_docs_test.rs
Index: /home/runner/work/rbops/rbops/redblue/tests/stdlib_module_docs_test.rs
===================================================================
--- /home/runner/work/rbops/rbops/redblue/tests/stdlib_module_docs_test.rs
+++ /home/runner/work/rbops/rbops/redblue/tests/stdlib_module_docs_test.rs
@@ -415,8 +415,22 @@
     ("list.length(5)", "list.length"),
     ("formats.parse_json()", "formats.parse_json"),
     ("formats.parse_json(5)", "formats.parse_json"),
     ("formats.parse_csv(5)", "formats.parse_csv"),
+    ("math.random()", "math.random"),
+    ("math.random(\"hi\", \"there\")", "math.random"),
+    ("math.random(1, 2, 3)", "math.random"),
+    ("console.log()", "console.log"),
+    ("console.log(\"a\", \"b\")", "console.log"),
+    ("console.error()", "console.error"),
+    ("console.clear(1)", "console.clear"),
+    ("files.read(\"a\", \"b\")", "files.read"),
+    ("files.write(\"p\", \"c\", \"extra\")", "files.write"),
+    ("files.exists()", "files.exists"),
+    ("time.now(1)", "time.now"),
+    ("time.sleep(\"soon\")", "time.sleep"),
+    ("json.parse(1, 2)", "json.parse"),
+    ("network.post(\"url\")", "network.post"),
 ] {
     match eval_err(source) {
         Error::Runtime(message, span) => {
             assert!(

[0m
[0m$ [0mcd /home/runner/work/rbops/rbops/redblue && cargo test --test stdlib_module_docs_test edge_a_module_function 2>&1 | tail -25
failures:

---- edge_a_module_function_refuses_wrong_arguments_by_naming_itself stdout ----

thread 'edge_a_module_function_refuses_wrong_arguments_by_naming_itself' (77671) panicked at tests/stdlib_module_docs_test.rs:434:15:
source should have failed: Number(1.071274)
stack backtrace:
   0: __rustc::rust_begin_unwind
   1: core::panicking::panic_fmt
   2: core::result::unwrap_failed
   3: <core::result::Result<redblue::value::Value, redblue::error::Error>>::expect_err
   4: stdlib_module_docs_test::eval_err
   5: stdlib_module_docs_test::edge_a_module_function_refuses_wrong_arguments_by_naming_itself
   6: stdlib_module_docs_test::edge_a_module_function_refuses_wrong_arguments_by_naming_itself::{closure#0}
   7: <stdlib_module_docs_test::edge_a_module_function_refuses_wrong_arguments_by_naming_itself::{closure#0} as core::ops::function::FnOnce<()>>::call_once
note: Some details are omitted, run with `RUST_BACKTRACE=full` for a verbose backtrace.


failures:
    edge_a_module_function_refuses_wrong_arguments_by_naming_itself

test result: FAILED. 0 passed; 1 failed; 0 ignored; 0 measured; 14 filtered out; finished in 0.01s

[1m[91merror[0m: test failed, to rerun pass `--test stdlib_module_docs_test`
[0m
[0m← [0mEdit src/runtime.rs
Index: /home/runner/work/rbops/rbops/redblue/src/runtime.rs
===================================================================
--- /home/runner/work/rbops/rbops/redblue/src/runtime.rs
+++ /home/runner/work/rbops/rbops/redblue/src/runtime.rs
@@ -639,10 +639,12 @@
 // One number draws from `0` to it, two draw from one to the other,
 // and anything else is refused by name: a wrong argument must not
 // answer a number that looks like a draw.
 let (min, max) = match (args.first(), args.get(1)) {
-    (Some(Value::Number(min)), Some(Value::Number(max))) => (*min, *max),
-    (Some(Value::Number(max)), None) => (0.0, *max),
+    (Some(Value::Number(min)), Some(Value::Number(max))) if args.len() == 2 => {
+        (*min, *max)
+    }
+    (Some(Value::Number(max)), None) if args.len() == 1 => (0.0, *max),
     _ => {
         return Err(Error::Runtime(
             "random_number requires one or two numbers".to_string(),
             span,

[0m
[0m$ [0mcd /home/runner/work/rbops/rbops/redblue && cargo test --test stdlib_module_docs_test 2>&1 | tail -30
[1m[92m   Compiling[0m redblue v0.1.0 (/home/runner/work/rbops/rbops/redblue)
[1m[92m    Finished[0m `test` profile [unoptimized] target(s) in 1.79s
[1m[92m     Running[0m tests/stdlib_module_docs_test.rs (target/debug/deps/stdlib_module_docs_test-cc73ca9eba9996ab)

running 15 tests
test documented_module_names_are_exactly_the_modules_the_code_has ... ok
test edge_a_math_function_that_has_no_answer_is_nothing_not_a_number ... ok
test edge_an_import_alias_reaches_the_same_module_function ... ok
test edge_an_unknown_module_name_is_a_clean_error ... ok
test edge_both_vms_resolve_a_module_function_the_same_way ... ok
test edge_documented_calls_all_lex_parse_and_resolve ... ok
test edge_every_documented_module_function_is_routed ... ok
test edge_spec_does_not_promise_a_call_the_parser_cannot_read ... ok
test edge_unicode_and_escapes_survive_a_module_function ... ok
test every_documented_module_can_be_imported_and_called ... ok
test edge_empty_singleton_and_boundary_arguments_are_answered ... ok
test edge_a_module_function_refuses_wrong_arguments_by_naming_itself ... ok
test module_functions_reach_the_builtins_that_already_exist ... ok
test every_documented_module_runs_from_a_file ... ok
test edge_the_examples_still_run ... ok

test result: ok. 15 passed; 0 failed; 0 ignored; 0 measured; 0 filtered out; finished in 1.02s
[0m
[0m→ [0mRead tests/stdlib_module_docs_test.rs[90m [limit=45, offset=455][0m
[0m
[0m← [0mEdit tests/stdlib_module_docs_test.rs
Index: /home/runner/work/rbops/rbops/redblue/tests/stdlib_module_docs_test.rs
===================================================================
--- /home/runner/work/rbops/rbops/redblue/tests/stdlib_module_docs_test.rs
+++ /home/runner/work/rbops/rbops/redblue/tests/stdlib_module_docs_test.rs
@@ -462,8 +462,171 @@
         "a module function's refusal must be catchable"
     );
 }
 
+/// A module is the way the documents call a builtin, and README.md says so in
+/// as many words: a bare `uppercase("hi")` is an unknown function. The document
+/// and the code are pinned together here, so neither can drift from the other —
+/// and if a later phase teaches the bare name, this fails and says which half of
+/// the promise moved.
+#[test]
+fn edge_a_bare_builtin_name_is_not_a_second_spelling_of_a_module_function() {
+    for source in [
+        "uppercase(\"hi\")",
+        "lowercase(\"HI\")",
+        "trim(\" x \")",
+        "split(\"a,b\", \",\")",
+        "join([\"a\"], \",\")",
+        "abs(-1)",
+        "sqrt(4)",
+    ] {
+        match eval_err(source) {
+            Error::Runtime(message, span) => {
+                assert!(
+                    message.contains("Unknown function"),
+                    "`{}` should be an unknown function while the documents spell it \
+                     `module.function`, said `{}`",
+                    source,
+                    message
+                );
+                assert!(span.is_known(), "`{}` failed without a span", source);
+            }
+            other => panic!("`{}` must be a Runtime error, got {:?}", source, other),
+        }
+    }
+
+    // The module spelling of each of those names is the one that answers.
+    for (module_form, expected) in [
+        ("text.uppercase(\"hi\")", Value::Text("HI".to_string())),
+        ("text.lowercase(\"HI\")", Value::Text("hi".to_string())),
+        ("text.trim(\" x \")", Value::Text("x".to_string())),
+        (
+            "text.split(\"a,b\", \",\")",
+            Value::List(vec![
+                Value::Text("a".to_string()),
+                Value::Text("b".to_string()),
+            ]),
+        ),
+        ("text.join([\"a\"], \",\")", Value::Text("a".to_string())),
+        ("math.abs(-1)", Value::Number(1.0)),
+        ("math.sqrt(4)", Value::Number(2.0)),
+    ] {
+        assert_eq!(eval(module_form), expected, "`{}` answers", module_form);
+    }
+}
+
+/// `math.random` answers a draw from the range it is given, and refuses
+/// anything else by name. The refusal is the point: a wrong argument answered
+/// with *a* number is indistinguishable from a real draw, so a program with a
+/// bug in it would go on running and print plausible nonsense.
+#[test]
+fn edge_math_random_answers_a_number_or_refuses_by_name() {
+    match eval("math.random(1, 2)") {
+        Value::Number(n) => assert!(
+            (1.0..=2.0).contains(&n),
+            "math.random(1, 2) must draw from its range, got {}",
+            n
+        ),
+        other => panic!("math.random(1, 2) should be a number, got {:?}", other),
+    }
+    match eval("math.random(5)") {
+        Value::Number(n) => assert!(
+            (0.0..=5.0).contains(&n),
+            "math.random(5) must draw from zero to five, got {}",
+            n
+        ),
+        other => panic!("math.random(5) should be a number, got {:?}", other),
+    }
+
+    for source in [
+        "math.random()",
+        "math.random(\"hi\", \"there\")",
+        "math.random(1, \"two\")",
+        "math.random(nothing)",
+        "math.random(1, 2, 3)",
+    ] {
+        match eval_err(source) {
+            Error::Runtime(message, span) => {
+                assert!(
+                    message.contains("math.random"),
+                    "`{}` should name `math.random` in its error, said `{}`",
+                    source,
+                    message
+                );
+                assert!(span.is_known(), "`{}` failed without a span", source);
+            }
+            other => panic!("`{}` must be a Runtime error, got {:?}", source, other),
+        }
+    }
+
+    // And the bare builtin it reaches names itself the same way when it is
+    // written bare, which is the only spelling it has there.
+    match eval_err("random_number(\"hi\")") {
+        Error::Runtime(message, _) => assert!(
+            message.contains("random_number"),
+            "a bare `random_number` should name itself, said `{}`",
+            message
+        ),
+        other => panic!("`random_number(\"hi\")` must be a Runtime error, got {:?}", other),
+    }
+}
+
+/// The argument count each document shows is the count the function answers,
+/// and one argument too many is refused through the module spelling and the
+/// bare one alike.
+#[test]
+fn edge_a_documented_argument_count_is_the_count_the_function_takes() {
+    for (source, expected) in [
+        ("console.log(\"printed\")", Value::Nothing),
+        ("console.clear()", Value::Nothing),
+        ("files.exists(\"Cargo.toml\")", Value::YesNo(true)),
+        ("files.exists(\"no-such-file.txt\")", Value::YesNo(false)),
+        ("time.format(0, \"%Y\")", Value::Text("1970".to_string())),
+        ("csv.parse(\"a,b\")", Value::List(vec![Value::Text("a,b".to_string())])),
+    ] {
+        assert_eq!(eval(source), expected, "`{}` answers", source);
+    }
+
+    // `time.format`'s second argument is optional, so a one-argument call is an
+    // answer rather than a refusal — which is why it is the one module function
+    // with no stated count.
+    assert_eq!(
+        eval("time.format(0)"),
+        Value::Text("1970-01-01 00:00:00".to_string()),
+        "a timestamp alone is an ordinary call"
+    );
+
+    for (module_form, bare_form, function) in [
+        (
+            "files.read(\"Cargo.toml\", \"extra\")",
+            "files_read(\"Cargo.toml\", \"extra\")",
+            "files.read",
+        ),
+        (
+            "console.log(\"a\", \"b\")",
+            "console_log(\"a\", \"b\")",
+            "console.log",
+        ),
+        ("time.now(1)", "time_now(1)", "time.now"),
+    ] {
+        for source in [module_form, bare_form] {
+            match eval_err(source) {
+                Error::Runtime(message, span) => {
+                    assert!(
+                        message.contains(function) || message.contains(&function.replace('.', "_")),
+                        "`{}` should name `{}` in its error, said `{}`",
+                        source,
+                        function,
+                        message
+                    );
+                    assert!(span.is_known(), "`{}` failed without a span", source);
+                }
+                other => panic!("`{}` must be a Runtime error, got {:?}", source, other),
+            }
+        }
+    }
+}
+
 /// A module the code does not have is refused, by name. It is not a silent
 /// `nothing`, and it is not a hang.
 #[test]
 fn edge_an_unknown_module_name_is_a_clean_error() {

[0m
[0m$ [0mcd /home/runner/work/rbops/rbops/redblue && cargo test --test stdlib_module_docs_test 2>&1 | tail -40
test edge_both_vms_resolve_a_module_function_the_same_way ... ok
test edge_a_bare_builtin_name_is_not_a_second_spelling_of_a_module_function ... ok
test edge_documented_calls_all_lex_parse_and_resolve ... ok
test edge_every_documented_module_function_is_routed ... ok
test edge_spec_does_not_promise_a_call_the_parser_cannot_read ... ok
test edge_math_random_answers_a_number_or_refuses_by_name ... ok
test edge_empty_singleton_and_boundary_arguments_are_answered ... ok
test every_documented_module_can_be_imported_and_called ... ok
test edge_a_module_function_refuses_wrong_arguments_by_naming_itself ... ok
test edge_unicode_and_escapes_survive_a_module_function ... ok
test module_functions_reach_the_builtins_that_already_exist ... ok
test every_documented_module_runs_from_a_file ... ok
test edge_the_examples_still_run ... ok

failures:

---- edge_a_documented_argument_count_is_the_count_the_function_takes stdout ----
printed
[2J[1H
thread 'edge_a_documented_argument_count_is_the_count_the_function_takes' (77986) panicked at tests/stdlib_module_docs_test.rs:586:9:
assertion `left == right` failed: `csv.parse("a,b")` answers
  left: List([List([Text("a"), Text("b")])])
 right: List([Text("a,b")])
stack backtrace:
   0: __rustc::rust_begin_unwind
   1: core::panicking::panic_fmt
   2: core::panicking::assert_failed_inner
   3: core::panicking::assert_failed::<redblue::value::Value, redblue::value::Value>
   4: stdlib_module_docs_test::edge_a_documented_argument_count_is_the_count_the_function_takes
   5: stdlib_module_docs_test::edge_a_documented_argument_count_is_the_count_the_function_takes::{closure#0}
   6: <stdlib_module_docs_test::edge_a_documented_argument_count_is_the_count_the_function_takes::{closure#0} as core::ops::function::FnOnce<()>>::call_once
note: Some details are omitted, run with `RUST_BACKTRACE=full` for a verbose backtrace.


failures:
    edge_a_documented_argument_count_is_the_count_the_function_takes

test result: FAILED. 17 passed; 1 failed; 0 ignored; 0 measured; 0 filtered out; finished in 1.03s

[1m[91merror[0m: test failed, to rerun pass `--test stdlib_module_docs_test`
[0m
[0m← [0mEdit tests/stdlib_module_docs_test.rs
Index: /home/runner/work/rbops/rbops/redblue/tests/stdlib_module_docs_test.rs
===================================================================
--- /home/runner/work/rbops/rbops/redblue/tests/stdlib_module_docs_test.rs
+++ /home/runner/work/rbops/rbops/redblue/tests/stdlib_module_docs_test.rs
@@ -580,9 +580,15 @@
     ("console.clear()", Value::Nothing),
     ("files.exists(\"Cargo.toml\")", Value::YesNo(true)),
     ("files.exists(\"no-such-file.txt\")", Value::YesNo(false)),
     ("time.format(0, \"%Y\")", Value::Text("1970".to_string())),
-    ("csv.parse(\"a,b\")", Value::List(vec![Value::Text("a,b".to_string())])),
+    (
+        "csv.parse(\"a,b\")",
+        Value::List(vec![Value::List(vec![
+            Value::Text("a".to_string()),
+            Value::Text("b".to_string()),
+        ])]),
+    ),
 ] {
     assert_eq!(eval(source), expected, "`{}` answers", source);
 }
 

[0m
[0m$ [0mcd /home/runner/work/rbops/rbops/redblue && cargo test --test stdlib_module_docs_test 2>&1 | tail -12
test edge_spec_does_not_promise_a_call_the_parser_cannot_read ... ok
test edge_math_random_answers_a_number_or_refuses_by_name ... ok
test edge_empty_singleton_and_boundary_arguments_are_answered ... ok
test every_documented_module_can_be_imported_and_called ... ok
test edge_a_module_function_refuses_wrong_arguments_by_naming_itself ... ok
test edge_unicode_and_escapes_survive_a_module_function ... ok
test module_functions_reach_the_builtins_that_already_exist ... ok
test every_documented_module_runs_from_a_file ... ok
test edge_the_examples_still_run ... ok

test result: ok. 18 passed; 0 failed; 0 ignored; 0 measured; 0 filtered out; finished in 1.03s
[0m
[0m$ [0mcd /home/runner/work/rbops/rbops/redblue && cp SPEC.md /tmp/SPEC.bak && python3 - <<'EOF'
import re
p='SPEC.md'
s=open(p).read()
s=s.replace('set content to files.read("data.rb")\ntry', 'set content to files.read("data.rb")\nset nope to nosuchmod.read("x")\ntry')
open(p,'w').write(s)
EOF
cargo test --test stdlib_module_docs_test edge_every_documented_module_function_is_routed 2>&1 | grep -A5 "edge_every\|panicked" | head -20; cp /tmp/SPEC.bak SPEC.md
test edge_every_documented_module_function_is_routed ... FAILED

failures:

---- edge_every_documented_module_function_is_routed stdout ----

thread 'edge_every_documented_module_function_is_routed' (78364) panicked at tests/stdlib_module_docs_test.rs:779:13:
SPEC.md documents `nosuchmod.read`, and `nosuchmod` is not a module the code has, so the \
                 call is an `Unknown variable`
stack backtrace:
   0: __rustc::rust_begin_unwind
   1: core::panicking::panic_fmt
   2: stdlib_module_docs_test::edge_every_documented_module_function_is_routed
   3: stdlib_module_docs_test::edge_every_documented_module_function_is_routed::{closure#0}
   4: <stdlib_module_docs_test::edge_every_documented_module_function_is_routed::{closure#0} as core::ops::function::FnOnce<()>>::call_once
note: Some details are omitted, run with `RUST_BACKTRACE=full` for a verbose backtrace.


failures:
    edge_every_documented_module_function_is_routed
[0m
[0m$ [0mcd /home/runner/work/rbops/rbops/redblue && python3 - <<'EOF'
p='SPEC.md'
s=open(p).read()
s=s.replace('set size to text.length("hello")  // 5', 'set size to text.length("hello")  // 5\nset bad to text.nosuchfunction("hi")')
open(p,'w').write(s)
EOF
cargo test --test stdlib_module_docs_test edge_every_documented_module_function_is_routed 2>&1 | grep "panicked" -A2 | head -6; cp /tmp/SPEC.bak SPEC.md
thread 'edge_every_documented_module_function_is_routed' (78397) panicked at tests/stdlib_module_docs_test.rs:789:13:
SPEC.md documents `text.nosuchfunction`, which is not a module function
stack backtrace:
[0m
[0m$ [0mcd /home/runner/work/rbops/rbops/redblue && python3 - <<'EOF'
p='SPEC.md'
s=open(p).read()
s=s.replace('set content to files.read("data.rb")\ntry', 'set content to files.read("data.rb")\nmight fail files.write("output.rb", content)\ntry')
open(p,'w').write(s)
EOF
cargo test --test stdlib_module_docs_test edge_documented_calls_all_lex_parse 2>&1 | grep "panicked" -A3 | head -8; cp /tmp/SPEC.bak SPEC.md
thread 'edge_documented_calls_all_lex_parse_and_resolve' (78429) panicked at tests/stdlib_module_docs_test.rs:739:17:
SPEC.md: a documented block should parse, got "set content to files.read(\"data.rb\")\nmight fail files.write(\"output.rb\", content)\ntry\n    files.write(\"output.rb\", content)\n    files.append(\"log.rb\", \"new line\")\ncatch error\n    say error\nend\nif files.exists(\"config.rb\") then\n    say \"there is a config\"\nend\n": Parser("Unexpected token MightFail", Span { line: 2, column: 1 })
stack backtrace:
   0: __rustc::rust_begin_unwind
[0m
[0m$ [0mcd /home/runner/work/rbops/rbops/redblue && python3 - <<'EOF'
p='SPEC.md'
s=open(p).read()
s=s.replace('set response to network.get("https://api.example.com")', 'set response to wait network.get("https://api.example.com")')
s=s.replace('set now_formatted to time.format(now.seconds, "%A")', '')
open(p,'w').write(s)
EOF
cargo test --test stdlib_module_docs_test edge_documented_calls_all_lex_parse 2>&1 | grep "panicked" -A3 | head -8; cp /tmp/SPEC.bak SPEC.md; git diff --stat SPEC.md
thread 'edge_documented_calls_all_lex_parse_and_resolve' (78461) panicked at tests/stdlib_module_docs_test.rs:739:17:
SPEC.md: a documented block should parse, got "set response to wait network.get(\"https://api.example.com\")\nset response to network.post(\"https://api.example.com\", data)\n": Parser("Unexpected token Wait", Span { line: 1, column: 17 })
stack backtrace:
   0: __rustc::rust_begin_unwind
 SPEC.md | 73 +++++++++++++++++++++++++++++++++++++++++++++++++++--------------
 1 file changed, 58 insertions(+), 15 deletions(-)
[0m
[0m← [0mEdit tests/stdlib_module_docs_test.rs
Index: /home/runner/work/rbops/rbops/redblue/tests/stdlib_module_docs_test.rs
===================================================================
--- /home/runner/work/rbops/rbops/redblue/tests/stdlib_module_docs_test.rs
+++ /home/runner/work/rbops/rbops/redblue/tests/stdlib_module_docs_test.rs
@@ -939,8 +939,17 @@
     eval(&format!("text.length({})", redblue_text(label))),
     Value::Number(label.len() as f64),
     "length counts the bytes of the text it is given"
 );
+// SPEC.md §text says the same, and pins it: `length` counts bytes, so a
+// character outside the BMP is four of them and two CJK characters are six.
+for (text, bytes) in [("\u{1f389}", 4.0), ("\u{4e2d}\u{6587}", 6.0), ("e\u{301}", 3.0)] {
+    assert_eq!(
+        eval(&format!("text.length({})", redblue_text(text))),
+        Value::Number(bytes),
+        "SPEC.md says length counts bytes: `{text}` is {bytes} of them"
+    );
+}
 assert_eq!(
     eval(&format!(
         "text.join(text.split({}, \" \"), \" \")",
         redblue_text(label)

[0m
[0m$ [0mcd /home/runner/work/rbops/rbops/redblue && cargo test --test stdlib_module_docs_test 2>&1 | tail -8
test edge_a_module_function_refuses_wrong_arguments_by_naming_itself ... ok
test edge_unicode_and_escapes_survive_a_module_function ... ok
test module_functions_reach_the_builtins_that_already_exist ... ok
test every_documented_module_runs_from_a_file ... ok
test edge_the_examples_still_run ... ok

test result: ok. 18 passed; 0 failed; 0 ignored; 0 measured; 0 filtered out; finished in 1.03s
[0m
Now the pre-existing race between the two corpus tests in `bytecode_vm_test.rs`:
[0m$ [0mcd /home/runner/work/rbops/rbops/redblue && sed -n '1,25p' tests/bytecode_vm_test.rs
//! Bytecode execution (bootstrap stage S1b): `rb vm file.rbc`.
//!
//! The tree-walking VM is the specification of what a Redblue program *does*.
//! These tests pin that the bytecode VM does the same thing — the same output,
//! the same error kinds and the same error messages — and that it holds the
//! same resource limits while doing it.
//!
//! The comparison runs both VMs as libraries rather than as subprocesses
//! wherever it can, so a mismatch names the program rather than an exit code.
//! `rb vm` itself is covered by the tests that shell out, because the CLI is
//! part of what this phase delivers.

use std::collections::BTreeMap;
use std::fs;
use std::path::{Path, PathBuf};
use std::process::Command;

use redblue::bytecode::vm::BytecodeVm;
use redblue::bytecode::{compile_source, Instruction, Opcode};
use redblue::{run_isolated, Error};

fn scratch_dir(name: &str) -> PathBuf {
    let dir = Path::new(env!("CARGO_MANIFEST_DIR"))
        .join("target/tmp/bytecode-vm-test")
        .join(name);
[0m
[0m← [0mEdit tests/bytecode_vm_test.rs
Index: /home/runner/work/rbops/rbops/redblue/tests/bytecode_vm_test.rs
===================================================================
--- /home/runner/work/rbops/rbops/redblue/tests/bytecode_vm_test.rs
+++ /home/runner/work/rbops/rbops/redblue/tests/bytecode_vm_test.rs
@@ -13,13 +13,30 @@
 use std::collections::BTreeMap;
 use std::fs;
 use std::path::{Path, PathBuf};
 use std::process::Command;
+use std::sync::{Mutex, MutexGuard};
 
 use redblue::bytecode::vm::BytecodeVm;
 use redblue::bytecode::{compile_source, Instruction, Opcode};
 use redblue::{run_isolated, Error};
 
+/// The two tests that walk the whole corpus hold this while they do.
+///
+/// A corpus program runs in the working directory of the test process, and
+/// `examples/files.rb` writes, renames and deletes `output.txt` there — so two
+/// corpus walks running side by side interleave over one file, and the second
+/// one to reach it fails to read a file the first one deleted. One lock, taken
+/// for the length of each walk, keeps them apart: no program is skipped, no
+/// assertion is loosened, and the comparison each test makes is unchanged.
+static CORPUS_WALK: Mutex<()> = Mutex::new(());
+
+fn corpus_walk() -> MutexGuard<'static, ()> {
+    CORPUS_WALK
+        .lock()
+        .unwrap_or_else(|poisoned| poisoned.into_inner())
+}
+
 fn scratch_dir(name: &str) -> PathBuf {
     let dir = Path::new(env!("CARGO_MANIFEST_DIR"))
         .join("target/tmp/bytecode-vm-test")
         .join(name);

[0m
[0m← [0mEdit tests/bytecode_vm_test.rs
Index: /home/runner/work/rbops/rbops/redblue/tests/bytecode_vm_test.rs
===================================================================
--- /home/runner/work/rbops/rbops/redblue/tests/bytecode_vm_test.rs
+++ /home/runner/work/rbops/rbops/redblue/tests/bytecode_vm_test.rs
@@ -1629,8 +1629,9 @@
 /// the corpus, which is at least 200 whole programs drawn from `examples/`,
 /// `modules/`, `tests/` and the generated set.
 #[test]
 fn a_corpus_of_programs_runs_identically_on_both_vms() {
+    let _walking = corpus_walk();
     let programs = corpus();
     assert!(
         programs.len() >= MINIMUM_CORPUS,
         "the corpus holds {} programs, and the phase requires at least {MINIMUM_CORPUS}",

[0m
[0m← [0mEdit tests/bytecode_vm_test.rs
Index: /home/runner/work/rbops/rbops/redblue/tests/bytecode_vm_test.rs
===================================================================
--- /home/runner/work/rbops/rbops/redblue/tests/bytecode_vm_test.rs
+++ /home/runner/work/rbops/rbops/redblue/tests/bytecode_vm_test.rs
@@ -1662,8 +1662,9 @@
 /// the same failure kind and message where it fails. Split from the output
 /// comparison so a failure names errors rather than printouts.
 #[test]
 fn edge_the_two_vms_report_the_same_failure_for_every_corpus_program() {
+    let _walking = corpus_walk();
     let programs = corpus();
     let mut disagreements = Vec::new();
     for (name, source) in &programs {
         let tree = tree_walk(source);

[0m
[0m$ [0mcd /home/runner/work/rbops/rbops/redblue && for i in 1 2 3; do cargo test --test bytecode_vm_test -- corpus 2>&1 | tail -3; done
test result: ok. 2 passed; 0 failed; 0 ignored; 0 measured; 45 filtered out; finished in 31.06s


test result: ok. 2 passed; 0 failed; 0 ignored; 0 measured; 45 filtered out; finished in 31.08s


test result: ok. 2 passed; 0 failed; 0 ignored; 0 measured; 45 filtered out; finished in 31.31s
[0m
[0m$ [0mcd /home/runner/work/rbops/rbops/redblue && cargo test 2>&1 | grep -E "^(test result|error|warning: unused|failures:)|FAILED|panicked" | head -50
test result: ok. 6 passed; 0 failed; 0 ignored; 0 measured; 0 filtered out; finished in 0.00s
test result: ok. 0 passed; 0 failed; 0 ignored; 0 measured; 0 filtered out; finished in 0.00s
test result: ok. 50 passed; 0 failed; 0 ignored; 0 measured; 0 filtered out; finished in 0.27s
test a_corpus_of_programs_runs_identically_on_both_vms ... FAILED
failures:
error
error
error
error
error
error
thread 'a_corpus_of_programs_runs_identically_on_both_vms' (81428) panicked at tests/bytecode_vm_test.rs:1652:5:
failures:
test result: FAILED. 46 passed; 1 failed; 0 ignored; 0 measured; 0 filtered out; finished in 31.63s
[0m
[0m$ [0mcd /home/runner/work/rbops/rbops/redblue && cargo test --test bytecode_vm_test a_corpus_of_programs_runs_identically_on_both_vms 2>&1 | grep -B5 -A20 "disagree" | head -50
(no output)
[0m
[0m$ [0mcd /home/runner/work/rbops/rbops/redblue && cargo test --test bytecode_vm_test a_corpus_of_programs_runs_identically_on_both_vms 2>&1 | tail -20
[1m[92m    Finished[0m `test` profile [unoptimized] target(s) in 0.07s
[1m[92m     Running[0m tests/bytecode_vm_test.rs (target/debug/deps/bytecode_vm_test-15f8248aee2d9c5a)

running 1 test
test a_corpus_of_programs_runs_identically_on_both_vms ... ok

test result: ok. 1 passed; 0 failed; 0 ignored; 0 measured; 46 filtered out; finished in 15.75s
[0m
[0m$ [0mcd /home/runner/work/rbops/rbops/redblue && grep -rn "current_dir" tests/*.rs | head -20
tests/bytecode_vm_test.rs:51:        .current_dir(env!("CARGO_MANIFEST_DIR"))
tests/bytecode_vm_test.rs:2566:        .current_dir(dir)
tests/stdlib_module_docs_test.rs:359:        .current_dir(repo_root())
tests/stdlib_module_docs_test.rs:1055:            .current_dir(&scratch)
[0m
[0m$ [0mcd /home/runner/work/rbops/rbops/redblue && sed -n '2550,2580p' tests/bytecode_vm_test.rs
);
    let bytecoded = rb_in(&dir, &["vm", "main.rbc"]);
    assert_eq!(
        String::from_utf8_lossy(&bytecoded.stdout)
            .lines()
            .collect::<Vec<_>>(),
        vec!["caught"],
        "the bytecode VM must refuse the cycle too, not pass it silently: {bytecoded:?}"
    );
}

/// Runs `rb` with `dir` as its working directory — which for a module loader is
/// where a module file has to be.
fn rb_in(dir: &Path, args: &[&str]) -> std::process::Output {
    Command::new(env!("CARGO_BIN_EXE_rb"))
        .args(args)
        .current_dir(dir)
        .output()
        .expect("rb should be runnable")
}

/// A `module ... end` declaration publishes what it exports, and a call through
/// the module reaches it.
///
/// A module declaration compiled its body as ordinary top-level statements and
/// the declaration itself to nothing, so this VM had no record of the module: a
/// call through it said `Unknown function 'Geometry_area'` where the
/// tree-walking one called the function. The same program also had to stop
/// disagreeing for the *scope* — a `set` inside the module is the module's name
/// and not a name of the program that declared it.
#[test]
[0m
[0m$ [0mcd /home/runner/work/rbops/rbops/redblue && head -60 tests/discovery_test.rs; grep -rn "\"run\"" tests/*.rs | head -20
use std::fs;
use std::path::{Path, PathBuf};

use redblue::testing::{find_test_files, run_all_tests, TestHarness};

/// Scratch directory inside the project's own `target/tmp`, never the system
/// temp dir, so nothing outside the checkout is touched. Removed and recreated
/// on every call so each test starts from a known, empty state.
fn scratch_dir(name: &str) -> PathBuf {
    let dir = Path::new(env!("CARGO_MANIFEST_DIR"))
        .join("target/tmp/rb-discovery-test")
        .join(name);
    let _ = fs::remove_dir_all(&dir);
    fs::create_dir_all(&dir).expect("scratch dir should be creatable");
    dir
}

fn write_file(dir: &Path, name: &str, contents: &[u8]) -> PathBuf {
    let path = dir.join(name);
    fs::write(&path, contents).expect("scratch file should be writable");
    path
}

/// The Redblue harness is a Redblue *parser*. Feeding it Rust source is never
/// correct, so discovery must drop every `.rs` path.
#[test]
fn edge_discovery_never_returns_rust_files() {
    let dir = scratch_dir("rust-filter");
    write_file(&dir, "red_suite.rb", b"// test \"noop\"\n// end\n");
    write_file(&dir, "redblue_test.rs", b"#[test]\nfn x() {}\n");
    write_file(&dir, "expect_test.rs", b"#[test]\nfn y() {}\n");
    write_file(&dir, "notes.txt", b"not a test at all\n");
    write_file(&dir, "Makefile", b"all:\n");

    let found = find_test_files(dir.to_str().expect("utf-8 scratch path"))
        .expect("discovery should succeed");

    assert!(
        found.iter().all(|path| path.ends_with(".rb")),
        "discovery handed Rust source to the Redblue harness: {:?}",
        found
    );
    assert_eq!(
        found.len(),
        1,
        "expected only the single .rb file, got {:?}",
        found
    );
}

/// Singleton / boundary: exactly one collectable file, named correctly.
#[test]
fn edge_discovery_collects_a_single_rb_file() {
    let dir = scratch_dir("singleton");
    write_file(&dir, "only.rb", b"// test \"only\"\n// end\n");
    write_file(&dir, "only_test.rs", b"#[test]\nfn only() {}\n");

    let found = find_test_files(dir.to_str().expect("utf-8 scratch path"))
        .expect("discovery should succeed");

tests/bytecode_vm_test.rs:1553:    let run = rb(&["run", source_path.to_str().expect("utf-8 path")]);
tests/bytecode_vm_test.rs:2537:    let walked = rb_in(&dir, &["run", "main.rb"]);
tests/call_depth_test.rs:53:    command.arg("run").arg(&path);
tests/comparison_lex_test.rs:407:        .arg("run")
tests/comparison_lex_test.rs:460:        .arg("run")
tests/comparison_words_test.rs:104:        .arg("run")
tests/formatter_test.rs:48:        .arg("run")
tests/formatter_test.rs:864:        (root.join("examples/hello.rb"), "run"),
tests/formatter_test.rs:865:        (root.join("examples/fizzbuzz.rb"), "run"),
tests/formatter_test.rs:866:        (root.join("examples/formats.rb"), "run"),
tests/formatter_test.rs:867:        (root.join("examples/test_arithmetic.rb"), "run"),
tests/formatter_test.rs:953:    let before = run_rb("run", source);
tests/formatter_test.rs:954:    let after = run_rb("run", &formatted);
tests/loop_bounds_test.rs:61:    command.arg("run").arg(&path);
tests/mod_in_test.rs:108:        .arg("run")
tests/record_order_test.rs:145:            .arg("run")
tests/stdlib_module_docs_test.rs:358:        .args(["run", path.to_str().expect("a UTF-8 path")])
tests/stdlib_module_docs_test.rs:1054:            .args(["run", copy.to_str().expect("a UTF-8 path")])
[0m
[0m$ [0mcd /home/runner/work/rbops/rbops/redblue && sed -n '850,900p' tests/formatter_test.rs
"a long literal must format idempotently"
    );
}

// ---------------------------------------------------------------------------
// Behaviour, not just the tree
// ---------------------------------------------------------------------------

/// The corpus files whose output is a function of the program alone.
/// `examples/files.rb` writes files and `examples/time.rb` reads the clock, so
/// neither can be compared run to run.
fn deterministic_corpus() -> Vec<(PathBuf, &'static str)> {
    let root = Path::new(env!("CARGO_MANIFEST_DIR"));
    let mut files: Vec<(PathBuf, &'static str)> = vec![
        (root.join("examples/hello.rb"), "run"),
        (root.join("examples/fizzbuzz.rb"), "run"),
        (root.join("examples/formats.rb"), "run"),
        (root.join("examples/test_arithmetic.rb"), "run"),
    ];
    for entry in fs::read_dir(root.join("tests")).expect("tests/ should be readable") {
        let path = entry.expect("directory entry should be readable").path();
        if path.extension().and_then(|e| e.to_str()) == Some("rb") {
            files.push((path, "test"));
        }
    }
    files.sort();
    files
}

/// Drops the one line of output that is about the machine rather than the
/// program: `rb test` reports how long it took.
fn without_duration(output: &str) -> String {
    output
        .lines()
        .filter(|line| !line.starts_with("Duration:"))
        .collect::<Vec<_>>()
        .join("\n")
}

#[test]
fn formatted_programs_behave_exactly_as_the_originals() {
    for (path, mode) in deterministic_corpus() {
        let source = read(&path);
        let label = path.display().to_string();

        let formatted = formatter::format(&source)
            .unwrap_or_else(|e| panic!("{}: format failed: {}", label, e));

        let before = run_rb(mode, &source);
        let after = run_rb(mode, &formatted);
[0m
[0m$ [0mcd /home/runner/work/rbops/rbops/redblue && grep -rn "files\.\|output.txt" tests/*.rb | head -20; echo ===; grep -rn "run_rb\b" -A 15 tests/formatter_test.rs | sed -n '1,40p'
===
80:fn run_rb(mode: &str, source: &str) -> Run {
81-    static COUNTER: std::sync::atomic::AtomicUsize = std::sync::atomic::AtomicUsize::new(0);
82-    let dir = scratch_dir();
83-    let serial = COUNTER.fetch_add(1, std::sync::atomic::Ordering::SeqCst);
84-    let path = dir.join(format!("rb-{}-{}.rb", std::process::id(), serial));
85-    fs::write(&path, source).expect("program should be writable");
86-
87-    let out = std::process::Command::new(env!("CARGO_BIN_EXE_rb"))
88-        .arg(mode)
89-        .arg(&path)
90-        .output()
91-        .expect("the rb binary should run");
92-    let marker = path.display().to_string();
93-    let _ = fs::remove_file(&path);
94-
95-    Run {
--
898:        let before = run_rb(mode, &source);
899:        let after = run_rb(mode, &formatted);
900-
901-        assert_eq!(
902-            after.code, before.code,
903-            "{}: exit status changed after formatting",
904-            label
905-        );
906-        assert_eq!(
907-            without_duration(&after.stdout),
908-            without_duration(&before.stdout),
909-            "{}: what the program prints changed after formatting",
910-            label
911-        );
912-        assert_eq!(
913-            after.stderr, before.stderr,
914-            "{}: what the program reports changed after formatting",
--
928:    let clean = run_rb("format", formatted);
929-    assert_eq!(
930-        clean.code, 0,
931-        "a formatted file must print, got: {}",
932-        clean.stdout
[0m
[0m$ [0mcd /home/runner/work/rbops/rbops/redblue && grep -n "corpus()" tests/bytecode_vm_test.rs
150:fn corpus() -> BTreeMap<String, String> {
179:    for (name, source) in generated_corpus() {
188:fn generated_corpus() -> Vec<(String, String)> {
1634:    let programs = corpus();
1667:    let programs = corpus();
1805:    for (name, source) in corpus() {
[0m
[0m$ [0mcd /home/runner/work/rbops/rbops/redblue && sed -n '1790,1830p' tests/bytecode_vm_test.rs
assert_agrees(&source);
    assert_eq!(
        bytecode(&source).output,
        vec!["1".to_string()],
        "the innermost list holds one element"
    );
}

/// Every program in the corpus compiles to a `.rbc` that decodes back to the
/// same chunk, and running the decoded chunk gives the same answer as running
/// the one that was compiled — so the execution path is tested on bytes a file
/// actually carried, not only on the compiler's in-memory value.
#[test]
fn edge_a_decoded_chunk_runs_identically_to_the_compiled_one() {
    let mut ran = 0;
    for (name, source) in corpus() {
        // A program the frontend refuses never reaches a VM, so there is
        // nothing to round-trip: the compile failure *is* its outcome, and the
        // differential test compares that.
        let Ok(chunk) = compile_source(&source) else {
            continue;
        };
        let decoded = redblue::Chunk::decode(&chunk.encode())
            .unwrap_or_else(|error| panic!("{name} should decode: {error}"));

        let mut direct = BytecodeVm::new();
        let mut via_file = BytecodeVm::new();
        assert_eq!(
            Outcome {
                output: via_file.take_output(),
                result: via_file
                    .run(&decoded)
                    .map(|value| value.to_string())
                    .map_err(|error| failure_of(&error)),
            },
            Outcome {
                output: direct.take_output(),
                result: direct
                    .run(&chunk)
                    .map(|value| value.to_string())
                    .map_err(|error| failure_of(&error)),
[0m
[0m← [0mEdit tests/bytecode_vm_test.rs
Index: /home/runner/work/rbops/rbops/redblue/tests/bytecode_vm_test.rs
===================================================================
--- /home/runner/work/rbops/rbops/redblue/tests/bytecode_vm_test.rs
+++ /home/runner/work/rbops/rbops/redblue/tests/bytecode_vm_test.rs
@@ -1800,8 +1800,9 @@
 /// the one that was compiled — so the execution path is tested on bytes a file
 /// actually carried, not only on the compiler's in-memory value.
 #[test]
 fn edge_a_decoded_chunk_runs_identically_to_the_compiled_one() {
+    let _walking = corpus_walk();
     let mut ran = 0;
     for (name, source) in corpus() {
         // A program the frontend refuses never reaches a VM, so there is
         // nothing to round-trip: the compile failure *is* its outcome, and the

[0m
[0m$ [0mcd /home/runner/work/rbops/rbops/redblue && for i in 1 2; do cargo test --test bytecode_vm_test 2>&1 | tail -3; done
test result: ok. 47 passed; 0 failed; 0 ignored; 0 measured; 0 filtered out; finished in 50.70s


test result: ok. 47 passed; 0 failed; 0 ignored; 0 measured; 0 filtered out; finished in 51.58s
[0m
[0m$ [0mcd /home/runner/work/rbops/rbops/redblue && cargo test 2>&1 | grep -E "^(test result|error)|FAILED|panicked at" | head -60
test result: ok. 6 passed; 0 failed; 0 ignored; 0 measured; 0 filtered out; finished in 0.00s
test result: ok. 0 passed; 0 failed; 0 ignored; 0 measured; 0 filtered out; finished in 0.00s
test result: ok. 50 passed; 0 failed; 0 ignored; 0 measured; 0 filtered out; finished in 0.26s
test result: ok. 47 passed; 0 failed; 0 ignored; 0 measured; 0 filtered out; finished in 50.82s
test result: ok. 11 passed; 0 failed; 0 ignored; 0 measured; 0 filtered out; finished in 0.22s
test result: ok. 26 passed; 0 failed; 0 ignored; 0 measured; 0 filtered out; finished in 0.11s
test result: ok. 19 passed; 0 failed; 0 ignored; 0 measured; 0 filtered out; finished in 0.05s
test result: ok. 13 passed; 0 failed; 0 ignored; 0 measured; 0 filtered out; finished in 0.02s
test result: ok. 20 passed; 0 failed; 0 ignored; 0 measured; 0 filtered out; finished in 0.01s
test result: ok. 13 passed; 0 failed; 0 ignored; 0 measured; 0 filtered out; finished in 0.32s
test result: ok. 21 passed; 0 failed; 0 ignored; 0 measured; 0 filtered out; finished in 0.01s
test result: ok. 31 passed; 0 failed; 0 ignored; 0 measured; 0 filtered out; finished in 2.42s
test result: ok. 43 passed; 0 failed; 0 ignored; 0 measured; 0 filtered out; finished in 0.82s
test result: ok. 8 passed; 0 failed; 0 ignored; 0 measured; 0 filtered out; finished in 0.00s
test result: ok. 16 passed; 0 failed; 0 ignored; 0 measured; 0 filtered out; finished in 0.00s
test result: ok. 49 passed; 0 failed; 0 ignored; 0 measured; 0 filtered out; finished in 0.03s
test result: ok. 22 passed; 0 failed; 0 ignored; 0 measured; 0 filtered out; finished in 1.01s
test result: ok. 18 passed; 0 failed; 0 ignored; 0 measured; 0 filtered out; finished in 0.01s
test result: ok. 18 passed; 0 failed; 0 ignored; 0 measured; 0 filtered out; finished in 0.01s
test result: ok. 20 passed; 0 failed; 0 ignored; 0 measured; 0 filtered out; finished in 0.00s
test result: ok. 26 passed; 0 failed; 0 ignored; 0 measured; 0 filtered out; finished in 0.06s
test result: ok. 23 passed; 0 failed; 0 ignored; 0 measured; 0 filtered out; finished in 0.09s
test result: ok. 25 passed; 0 failed; 0 ignored; 0 measured; 0 filtered out; finished in 0.12s
test result: ok. 8 passed; 0 failed; 0 ignored; 0 measured; 0 filtered out; finished in 0.35s
test result: ok. 5 passed; 0 failed; 0 ignored; 0 measured; 0 filtered out; finished in 0.00s
test result: ok. 15 passed; 0 failed; 0 ignored; 0 measured; 0 filtered out; finished in 0.00s
test result: ok. 18 passed; 0 failed; 0 ignored; 0 measured; 0 filtered out; finished in 1.03s
test result: ok. 39 passed; 0 failed; 0 ignored; 0 measured; 0 filtered out; finished in 5.10s
test result: ok. 18 passed; 0 failed; 0 ignored; 0 measured; 0 filtered out; finished in 0.00s
test result: ok. 15 passed; 0 failed; 0 ignored; 0 measured; 0 filtered out; finished in 0.01s
test result: ok. 1 passed; 0 failed; 0 ignored; 0 measured; 0 filtered out; finished in 0.16s
[0m
[0m$ [0mcd /home/runner/work/rbops/rbops/redblue && cargo fmt --all -- --check 2>&1 | head -40
Diff in /home/runner/work/rbops/rbops/redblue/tests/stdlib_module_docs_test.rs:566:
             "a bare `random_number` should name itself, said `{}`",
             message
         ),
-        other => panic!("`random_number(\"hi\")` must be a Runtime error, got {:?}", other),
+        other => panic!(
+            "`random_number(\"hi\")` must be a Runtime error, got {:?}",
+            other
+        ),
     }
 }
 
Diff in /home/runner/work/rbops/rbops/redblue/tests/stdlib_module_docs_test.rs:942:
     );
     // SPEC.md §text says the same, and pins it: `length` counts bytes, so a
     // character outside the BMP is four of them and two CJK characters are six.
-    for (text, bytes) in [("\u{1f389}", 4.0), ("\u{4e2d}\u{6587}", 6.0), ("e\u{301}", 3.0)] {
+    for (text, bytes) in [
+        ("\u{1f389}", 4.0),
+        ("\u{4e2d}\u{6587}", 6.0),
+        ("e\u{301}", 3.0),
+    ] {
         assert_eq!(
             eval(&format!("text.length({})", redblue_text(text))),
             Value::Number(bytes),
[0m
[0m$ [0mcd /home/runner/work/rbops/rbops/redblue && cargo fmt --all && cargo fmt --all -- --check && echo "FMT CLEAN"
FMT CLEAN
[0m
[0m$ [0mcd /home/runner/work/rbops/rbops/redblue && cargo clippy --all-targets -- -D warnings 2>&1 | tail -30
[1m[92m    Checking[0m redblue v0.1.0 (/home/runner/work/rbops/rbops/redblue)
[1m[91merror[0m[1m: this expression creates a reference which is immediately dereferenced by the compiler[0m
  [1m[94m--> [0msrc/stdlib.rs:96:51
   [1m[94m|[0m
[1m[94m96[0m [1m[94m|[0m         return replace_at(message, at, own.len(), &written);
   [1m[94m|[0m                                                   [1m[91m^^^^^^^^[0m [1m[91mhelp: change this to: `written`[0m
   [1m[94m|[0m
   [1m[94m= [0m[1mhelp[0m: for further information visit https://rust-lang.github.io/rust-clippy/rust-1.99.0/index.html#needless_borrow
   [1m[94m= [0m[1mnote[0m: `-D clippy::needless-borrow` implied by `-D warnings`
   [1m[94m= [0m[1mhelp[0m: to override `-D warnings` add `#[allow(clippy::needless_borrow)]`

[1m[91merror[0m[1m: this expression creates a reference which is immediately dereferenced by the compiler[0m
  [1m[94m--> [0msrc/stdlib.rs:99:60
   [1m[94m|[0m
[1m[94m99[0m [1m[94m|[0m         Some(at) => replace_at(message, at, builtin.len(), &written),
   [1m[94m|[0m                                                            [1m[91m^^^^^^^^[0m [1m[91mhelp: change this to: `written`[0m
   [1m[94m|[0m
   [1m[94m= [0m[1mhelp[0m: for further information visit https://rust-lang.github.io/rust-clippy/rust-1.99.0/index.html#needless_borrow

[1m[91merror[0m: could not compile `redblue` (lib) due to 2 previous errors
[1m[33mwarning[0m: build failed, waiting for other jobs to finish...
[1m[91merror[0m: could not compile `redblue` (lib test) due to 2 previous errors
[0m
[0m$ [0mcd /home/runner/work/rbops/rbops/redblue && python3 - <<'EOF'
p='src/stdlib.rs'
s=open(p).read()
s=s.replace("replace_at(message, at, own.len(), &written)","replace_at(message, at, own.len(), written)")
s=s.replace("replace_at(message, at, builtin.len(), &written)","replace_at(message, at, builtin.len(), written)")
open(p,'w').write(s)
EOF
cargo clippy --all-targets -- -D warnings 2>&1 | tail -20
[1m[92m    Checking[0m redblue v0.1.0 (/home/runner/work/rbops/rbops/redblue)
[1m[92m    Finished[0m `dev` profile [unoptimized] target(s) in 2.06s
[0m
[0m→ [0mRead src/stdlib.rs[90m [limit=120, offset=78][0m
[0m
[0m$ [0mcd /home/runner/work/rbops/rbops/redblue && grep -n "\"time_format\" =>" -A 20 src/runtime.rs
464:        "time_format" => {
465-            use std::time::UNIX_EPOCH;
466-            let (timestamp, format) = match (args.first(), args.get(1)) {
467-                (Some(Value::Number(ts)), Some(Value::Text(fmt))) => (*ts, fmt.clone()),
468-                (Some(Value::Number(ts)), None) => (*ts, "%Y-%m-%d %H:%M:%S".to_string()),
469-                _ => {
470-                    return Err(Error::Runtime(
471-                        "time.format requires a number and optional text".to_string(),
472-                        span,
473-                    ))
474-                }
475-            };
476-            let datetime = UNIX_EPOCH + std::time::Duration::from_secs(timestamp as u64);
477-            let tm = chrono::DateTime::from_timestamp(
478-                datetime.duration_since(UNIX_EPOCH).unwrap().as_secs() as i64,
479-                0,
480-            )
481-            .ok_or_else(|| Error::Runtime("Invalid timestamp".to_string(), span))?;
482-            Ok(Some(Value::Text(tm.format(&format).to_string())))
483-        }
484-        "time_unix" => {
[0m
[0m← [0mEdit src/runtime.rs
Index: /home/runner/work/rbops/rbops/redblue/src/runtime.rs
===================================================================
--- /home/runner/work/rbops/rbops/redblue/src/runtime.rs
+++ /home/runner/work/rbops/rbops/redblue/src/runtime.rs
@@ -462,8 +462,19 @@
     Ok(Some(Value::Nothing))
 }
 "time_format" => {
     use std::time::UNIX_EPOCH;
+    // The format is optional, so `arity` states no count for this one;
+    // a third argument is still more than the function documents.
+    if args.len() > 2 {
+        return Err(Error::Runtime(
+            format!(
+                "time.format takes 1 or 2 argument(s), given {}",
+                args.len()
+            ),
+            span,
+        ));
+    }
     let (timestamp, format) = match (args.first(), args.get(1)) {
         (Some(Value::Number(ts)), Some(Value::Text(fmt))) => (*ts, fmt.clone()),
         (Some(Value::Number(ts)), None) => (*ts, "%Y-%m-%d %H:%M:%S".to_string()),
         _ => {

[0m
[0m← [0mEdit tests/stdlib_module_docs_test.rs
Index: /home/runner/work/rbops/rbops/redblue/tests/stdlib_module_docs_test.rs
===================================================================
--- /home/runner/work/rbops/rbops/redblue/tests/stdlib_module_docs_test.rs
+++ /home/runner/work/rbops/rbops/redblue/tests/stdlib_module_docs_test.rs
@@ -427,8 +427,9 @@
     ("files.write(\"p\", \"c\", \"extra\")", "files.write"),
     ("files.exists()", "files.exists"),
     ("time.now(1)", "time.now"),
     ("time.sleep(\"soon\")", "time.sleep"),
+    ("time.format(0, \"%Y\", \"extra\")", "time.format"),
     ("json.parse(1, 2)", "json.parse"),
     ("network.post(\"url\")", "network.post"),
 ] {
     match eval_err(source) {

[0m
[0m$ [0mcd /home/runner/work/rbops/rbops/redblue && cargo test --test stdlib_module_docs_test 2>&1 | tail -6
test module_functions_reach_the_builtins_that_already_exist ... ok
test every_documented_module_runs_from_a_file ... ok
test edge_the_examples_still_run ... ok

test result: ok. 18 passed; 0 failed; 0 ignored; 0 measured; 0 filtered out; finished in 1.03s
[0m
[0m← [0mEdit phases/phase-032/FINDINGS.md
Index: /home/runner/work/rbops/rbops/redblue/phases/phase-032/FINDINGS.md
===================================================================
--- /home/runner/work/rbops/rbops/redblue/phases/phase-032/FINDINGS.md
+++ /home/runner/work/rbops/rbops/redblue/phases/phase-032/FINDINGS.md
@@ -38,20 +38,30 @@
 both document `text.split` / `text.join`. The rest are listed below.
 
 ## 3. Bare builtin names still say `Unknown function` — NOT fixed, deliberately
 
-**Status:** open. `say uppercase("hi")` and `say split("a,b", ",")` still fail
-with `Unknown function`, while `text.uppercase("hi")` works.
+**Status:** open, and README.md now says so instead of promising otherwise.
+`say uppercase("hi")` and `say split("a,b", ",")` still fail with
+`Unknown function`, while `text.uppercase("hi")` works.
 
-`src/vm.rs:1163` now routes a `Value::Builtin` **only** when
+`src/vm.rs:1163` routes a `Value::Builtin` **only** when
 `stdlib::call_module_function` recognises the name, so a bare builtin behaves
 exactly as it did before this phase. Fixing it means dispatching every
 registered `Value::Builtin` through `stdlib::builtin_function`, which would
 turn `map`, `filter`, `reduce`, `push`, `pow` and 15 others from
 `Unknown function` into *either* a working function or a wrong-argument error —
 a much larger change to the language surface than reconciling module names
 belongs to. It needs its own phase with its own tests.
 
+The review round caught README.md:192 claiming the opposite — that
+`uppercase("hi")` and `text.uppercase("hi")` reach one function — which the
+shipped code has never done. That sentence is now the truth of §3, and
+`tests/stdlib_module_docs_test.rs`
+`edge_a_bare_builtin_name_is_not_a_second_spelling_of_a_module_function` pins
+both halves of it: a bare `uppercase("hi")` is an `Unknown function`, and
+`text.uppercase("hi")` answers `"HI"`. So a future phase that does teach the
+bare name fails a test instead of quietly making a stale document true.
+
 ## 4. SPEC.md documented calls the parser cannot read — corrected here, three more remain
 
 **Corrected in this phase** (each named in `REPORT.md`):
 

[0m
Now let me update the phase documentation (FINDINGS/REPORT) to match the fixes:
[0m✗ [0mEdit phases/phase-032/FINDINGS.md failed
[91m[1mError: [0mCould not find oldString in the file. It must match exactly, including whitespace, indentation, and line endings.
[0m→ [0mRead phases/phase-032/FINDINGS.md[90m [offset=60, limit=60][0m
[0m
[0m← [0mEdit phases/phase-032/FINDINGS.md
Index: /home/runner/work/rbops/rbops/redblue/phases/phase-032/FINDINGS.md
===================================================================
--- /home/runner/work/rbops/rbops/redblue/phases/phase-032/FINDINGS.md
+++ /home/runner/work/rbops/rbops/redblue/phases/phase-032/FINDINGS.md
@@ -77,8 +77,13 @@
   `Unknown variable 'PI'` (there is no stdlib constant binding in the analyzer;
   see FINDINGS 5).
 - SPEC.md:864 `formats.parse_json('{"name": "Alice"}')` — single quotes are not
   a text literal in the lexer; `LexerError: Unexpected character '\''`.
+- SPEC.md:855-856, found by the review round:
+  `might fail files.write(..)` / `might fail files.append(..)` — `might fail`
+  is a reserved word no statement parses (see the new finding below). Written
+  with `try`/`catch` instead, and the `if` beside them gained the `then` the
+  grammar requires.
 
 **Still open, same class, not corrected here:**
 
 - SPEC.md:310-311 in §Function Call shows `text.length("hello")` and

[0m
[0m← [0mEdit phases/phase-032/FINDINGS.md
Index: /home/runner/work/rbops/rbops/redblue/phases/phase-032/FINDINGS.md
===================================================================
--- /home/runner/work/rbops/rbops/redblue/phases/phase-032/FINDINGS.md
+++ /home/runner/work/rbops/rbops/redblue/phases/phase-032/FINDINGS.md
@@ -96,8 +96,59 @@
   token (`src/lexer.rs`) that no statement parses, so it is a
   `ParserError: Unexpected token Ask`. `console.log` / `console.error` /
   `console.clear` all work.
 
+## 8. `might fail` is a reserved word that no statement parses — NOT fixed
+
+Found by the review round. `src/lexer.rs:39-40` maps `might` and `fail` to
+`TokenKind::MightFail`, and no arm of `src/parser.rs` matches it:
+
+```
+$ printf 'might fail files.write("o.txt", "x")\n' > /tmp/a.rb && rb run /tmp/a.rb
+Error: ParserError: Unexpected token MightFail
+$ printf 'set d to might fail files.read("Cargo.toml")\n' > /tmp/b.rb && rb run /tmp/b.rb
+Error: ParserError: Unexpected token MightFail
+```
+
+SPEC.md §files is corrected by this phase, because it is inside §Standard
+Library and this phase's test reads that section. The same promise is made five
+more times outside it — SPEC.md:722, 733, 747, 751, 759 (§Error Handling) and
+`docs/GRAMMAR.md:417,514` — and no test reads those sections, so they are left
+for the next spec-drift phase. Either the parser grows the statement or the
+documents stop promising it; today `try`/`catch` is the only spelling of a
+recoverable failure.
+
+## 9. `math.random` and `console.log` answered arguments they did not take
+
+Found by the review round and fixed here.
+
+- `runtime::builtin("random_number")` fell through to `(0.0, 1.0)` for arguments
+  that were not numbers, so `math.random("hi", "there")` answered a
+  *nondeterministic* number: a wrong argument was indistinguishable from a real
+  draw. It now refuses with a named `Runtime` error and a span, and refuses a
+  third argument too (`src/runtime.rs`).
+- `console.log()` printed nothing and `console.clear(1)` cleared the screen,
+  and `files.read("a", "b")` read `"a"`, where SPEC.md and README.md document
+  one argument each. `stdlib::arity` states a count for every module function
+  whose count is fixed, `runtime::builtin` refuses a call with an argument too
+  many, and `console.log`/`console.error` refuse no value to print.
+- `time.format`'s count is one *or* two — the format is optional — so it is the
+  one module function `arity` states nothing for; the extra argument is refused
+  in the arm that reads it.
+
+## 10. Three `bytecode_vm_test.rs` tests raced over `output.txt`
+
+Found while running the gates, not by the review, and fixed without touching
+what they assert. `a_corpus_of_programs_runs_identically_on_both_vms`,
+`edge_the_two_vms_report_the_same_failure_for_every_corpus_program` and
+`edge_a_decoded_chunk_runs_identically_to_the_compiled_one` all walk the whole
+corpus, they run in the same process, and `examples/files.rb` writes, renames
+and deletes `output.txt` in the working directory. Three walks side by side
+interleave over one file, so the walk that reached it second failed to read a
+file the first had deleted — `cargo test` failed about one run in three. A
+`CORPUS_WALK` mutex (`tests/bytecode_vm_test.rs`) is held for the length of each
+walk: no program is skipped, no assertion is loosened, and no test is ignored.
+
 ## 5. There is no stdlib constant binding — NOT fixed
 
 `src/stdlib.rs` inserts `PI` and `E` into the globals map, but the analyzer
 never learns they are bound, so every read is `Unknown variable 'PI'`

[0m
[0m← [0mEdit phases/phase-032/FINDINGS.md
Index: /home/runner/work/rbops/rbops/redblue/phases/phase-032/FINDINGS.md
===================================================================
--- /home/runner/work/rbops/rbops/redblue/phases/phase-032/FINDINGS.md
+++ /home/runner/work/rbops/rbops/redblue/phases/phase-032/FINDINGS.md
@@ -163,10 +163,20 @@
 `src/stdlib.rs` and implemented nowhere, and they take a function argument the
 language cannot yet pass as a value. SPEC.md §Standard Library now documents
 `list.length` only, and says why. The functions are phase-034's job.
 
-## 7. `text` and `list` are not reserved words, which is load-bearing
+## 7. `text.length` counts bytes, and SPEC.md now says so
 
+`src/stdlib.rs` answers `s.len()` and `runtime::builtin("length")` does the
+same, so `text.length("🎉")` is 4. `tests/test_text.rb` has asserted that since
+before this phase (`edge_text_length_counts_bytes_not_characters`), so bytes
+are the decision rather than characters. The review round found SPEC.md silent
+on the point; §text now says it, with the emoji and the CJK example, and
+`edge_unicode_and_escapes_survive_a_module_function` pins the three cases
+rather than recomputing the length in Rust.
+
+## 8. `text` and `list` are not reserved words, which is load-bearing
+
 `list` is a type name in the grammar (`take a list`), and `text` is a type name
 (`set text to ""`). Neither is in the keyword table (`src/lexer.rs`), so
 `list.length([1, 2])` parses as a member call and `set list to []` still works.
 This phase relies on that and did not change it. Recorded so a future phase that

[0m
[0m$ [0mcd /home/runner/work/rbops/rbops/redblue && grep -n "^## " phases/phase-032/FINDINGS.md
7:## 1. `MODULES` had no entry for `text`, `math`, `list` or `formats` — FIXED here
29:## 2. `split` and `join` were registered but never implemented — FIXED here
40:## 3. Bare builtin names still say `Unknown function` — NOT fixed, deliberately
64:## 4. SPEC.md documented calls the parser cannot read — corrected here, three more remain
100:## 8. `might fail` is a reserved word that no statement parses — NOT fixed
120:## 9. `math.random` and `console.log` answered arguments they did not take
138:## 10. Three `bytecode_vm_test.rs` tests raced over `output.txt`
151:## 5. There is no stdlib constant binding — NOT fixed
160:## 6. `list.map` / `list.filter` / `list.reduce` do not exist
167:## 7. `text.length` counts bytes, and SPEC.md now says so
177:## 8. `text` and `list` are not reserved words, which is load-bearing
[0m
[0m$ [0mcd /home/runner/work/rbops/rbops/redblue && python3 - <<'EOF'
p='phases/phase-032/FINDINGS.md'
s=open(p).read()
# renumber the tail sections in file order
s=s.replace("## 8. `might fail` is a reserved word that no statement parses — NOT fixed",
            "## 5. `might fail` is a reserved word that no statement parses — NOT fixed")
s=s.replace("## 9. `math.random` and `console.log` answered arguments they did not take",
            "## 6. `math.random` and `console.log` answered arguments they did not take")
s=s.replace("## 10. Three `bytecode_vm_test.rs` tests raced over `output.txt`",
            "## 7. Three `bytecode_vm_test.rs` tests raced over `output.txt`")
s=s.replace("## 5. There is no stdlib constant binding — NOT fixed",
            "## 8. There is no stdlib constant binding — NOT fixed")
s=s.replace("## 6. `list.map` / `list.filter` / `list.reduce` do not exist",
            "## 9. `list.map` / `list.filter` / `list.reduce` do not exist")
s=s.replace("## 7. `text.length` counts bytes, and SPEC.md now says so",
            "## 10. `text.length` counts bytes, and SPEC.md now says so")
s=s.replace("## 8. `text` and `list` are not reserved words, which is load-bearing",
            "## 11. `text` and `list` are not reserved words, which is load-bearing")
s=s.replace("(see the new finding below)","(see finding 5)")
s=s.replace("(see FINDINGS 5)","(see finding 8)")
s=s.replace("## 4. SPEC.md documented calls the parser cannot read — corrected here, three more remain",
            "## 4. SPEC.md documented calls the parser cannot read — corrected here, three more remain")
open(p,'w').write(s)
EOF
grep -n "^## \|see finding" phases/phase-032/FINDINGS.md
7:## 1. `MODULES` had no entry for `text`, `math`, `list` or `formats` — FIXED here
29:## 2. `split` and `join` were registered but never implemented — FIXED here
40:## 3. Bare builtin names still say `Unknown function` — NOT fixed, deliberately
64:## 4. SPEC.md documented calls the parser cannot read — corrected here, three more remain
83:  is a reserved word no statement parses (see finding 5). Written
100:## 5. `might fail` is a reserved word that no statement parses — NOT fixed
120:## 6. `math.random` and `console.log` answered arguments they did not take
138:## 7. Three `bytecode_vm_test.rs` tests raced over `output.txt`
151:## 8. There is no stdlib constant binding — NOT fixed
160:## 9. `list.map` / `list.filter` / `list.reduce` do not exist
167:## 10. `text.length` counts bytes, and SPEC.md now says so
177:## 11. `text` and `list` are not reserved words, which is load-bearing
[0m
[0m$ [0mcd /home/runner/work/rbops/rbops/redblue && sed -n '29,40p;64,100p' phases/phase-032/FINDINGS.md
## 2. `split` and `join` were registered but never implemented — FIXED here

**Status:** fixed in `src/stdlib.rs` `builtin_function`. `split`, `join`,
`contains`, `starts_with`, `ends_with`, `replace`, `push`, `pop`, `shift`,
`map`, `filter`, `reduce`, `pow`, `sin`, `cos`, `tan`, `log`, `exp`,
`is_number`, `is_text`, `is_list`, `is_record`, `to_text`, `to_number`,
`to_list` are all registered in `builtins()` and answered by **nothing**.

Only `split` and `join` were implemented here, because SPEC.md and README.md
both document `text.split` / `text.join`. The rest are listed below.

## 3. Bare builtin names still say `Unknown function` — NOT fixed, deliberately
## 4. SPEC.md documented calls the parser cannot read — corrected here, three more remain

**Corrected in this phase** (each named in `REPORT.md`):

- SPEC.md:849 `list.map([1, 2, 3], to (x) give back x * 2)` — the function
  literal of phase-034; `to (x) give back x * 2` is a `ParserError`.
- SPEC.md:822 `text.split("a,b,c", by ",")` — `by` is the range-loop step marker
  and is not a named argument; `AnalyzerError: Unknown variable 'by'`.
- SPEC.md:776 `set response to wait network.get(...)` — `wait` is a reserved
  token the parser does not accept in an expression; `ParserError: Unexpected
  token Wait`.
- SPEC.md:829 `set pi to math.PI` — a module has no members but functions, so
  `math.PI` is `AnalyzerError: Unknown variable 'math'` and bare `PI` is
  `Unknown variable 'PI'` (there is no stdlib constant binding in the analyzer;
  see FINDINGS 5).
- SPEC.md:864 `formats.parse_json('{"name": "Alice"}')` — single quotes are not
  a text literal in the lexer; `LexerError: Unexpected character '\''`.
- SPEC.md:855-856, found by the review round:
  `might fail files.write(..)` / `might fail files.append(..)` — `might fail`
  is a reserved word no statement parses (see finding 5). Written
  with `try`/`catch` instead, and the `if` beside them gained the `then` the
  grammar requires.

**Still open, same class, not corrected here:**

- SPEC.md:310-311 in §Function Call shows `text.length("hello")` and
  `math.sqrt(2)` — both work now.
- SPEC.md:634 `give back math.PI * this.radius * this.radius` in the Properties
  example. Same problem as §Standard Library's `math.PI`, corrected there but
  **not** here, because this phase's test only reads §Standard Library. This is
  a leftover the auditor should route to the next spec-drift phase.
- SPEC.md:809-813 §console documents `ask "Your name?"`; `ask` is a reserved
  token (`src/lexer.rs`) that no statement parses, so it is a
  `ParserError: Unexpected token Ask`. `console.log` / `console.error` /
  `console.clear` all work.

## 5. `might fail` is a reserved word that no statement parses — NOT fixed
[0m
Now the REPORT:
[0m$ [0mcd /home/runner/work/rbops/rbops/redblue && sed -n '44,60p;105,125p;140,168p' phases/phase-032/REPORT.md
## What changed

| File | Lines | What |
|---|---|---|
| src/stdlib.rs | +152 −14 | `MODULES` (`src/stdlib.rs:11`) gains `formats`, `list`, `math`, `text` — ten names, all documented. `MODULE_FUNCTIONS` (`src/stdlib.rs:22`): the `module_member` → builtin table, every module a document names and the function of each. `is_module_function` / `resolve_module_function` / `dotted` / `named_as` / `requirement` / `arity` — resolution, the error naming, and the argument shape of a module function. `call_module_function` (`src/stdlib.rs:121`): the **single** place a module name is resolved, so the two VMs cannot drift. `builtins()` registers each qualified name. `builtin_function`: `split` and `join` implemented (registered before, answered by nothing), and `abs`/`floor`/`ceil`/`round`/`sqrt` now answer `None` for a non-number rather than `nothing` — "wrong argument" is not "no answer". |
| src/vm.rs | +11 −0 | `Vm::call` routes a `Value::Builtin` through `stdlib::call_module_function`, and reports the unknown function it falls back to |
| src/bytecode/vm.rs | +12 −0 | `BytecodeVm::call_named` does the same, one line longer because the bytecode VM pushes and advances |
| SPEC.md | +42 −21 | §Standard Library corrected where it promised a call the parser cannot read; `json`/`csv` documented as what they are, the aliases of `formats` |
| README.md | +46 −1 | §Standard Library now lists every module, so the two documents agree |
| tests/stdlib_module_docs_test.rs | +851 | 15 new `#[test]` functions (12 named `edge_*`) |

### SPEC.md corrections, each one named

The phase required correcting the `list.map([1, 2, 3], to (x) give back x * 2)`
example of SPEC.md:849, which depends on phase-034's function literal. Probing
the rest of §Standard Library found four more promises of the same kind, all
now corrected:
- **resource_limit** — N/A + why. No module function this phase added allocates without bound or recurses: `split` is one pass over its input and `join` is one pass over its list, so the step and iteration counters in `src/vm.rs` govern them exactly as they govern any other expression. `network.get` is bounded by the published `NETWORK_TIMEOUT_SECS` (`tests/stdlib_modules_test.rs`), and the one call a file cannot make offline is caught rather than reached.

## Gates

| Gate | Result |
|---|---|
| `cargo fmt --all -- --check` | pass |
| `cargo clippy --all-targets -- -D warnings` | pass, zero warnings |
| `cargo test` | **641 passed, 0 failed** (31 test binaries, incl. the doc test) |
| `cargo test --all-targets` | **640 passed, 0 failed** (30 test binaries; the 641st is the doc test) |
| `./rbops/verify.sh phase-032` | **NOT RUN — `rbops/verify.sh` does not exist in this checkout.** There is no `rbops/` directory here at all (`ls rbops` → no such file), and AGENTS.md rule 1 forbids creating or editing one. The four commands above are the gates I could run; the fifth is unrunnable from this checkout and I am not claiming a result for it. |
| every file in `examples/` exits 0 | verified by `edge_the_examples_still_run` and by hand |
| every file in `modules/` exits 0 | verified by hand: `MathUtils.rb` → 0, `SuiteKit.rb` → 0 |

Zero new `#[ignore]`, zero `.skip`, zero `allow(clippy::…)`, zero weakened or
deleted existing tests, zero newly-failing pre-existing tests.

One pre-existing test caught a defect **in my own new test** and was not
touched to hide it: `a_corpus_of_programs_runs_identically_on_both_vms` failed
on `examples/files.rb` because my first version of `edge_the_examples_still_run`
ran examples in the checkout root and raced it over `output.txt`. The new test
  where they answered `nothing`. Reachable only through a module spelling, which
  is new, so no existing program changes. `stdlib::builtin_function("sqrt", …)`
  is `pub`, so `tests/numeric_edge_test.rs:390` is unaffected and still passes.

## Known gaps / follow-ups

All in `phases/phase-032/FINDINGS.md`, file:line anchored:

- **Bare builtin names still say `Unknown function`.** `say uppercase("hi")` fails
  while `text.uppercase("hi")` works. `Vm::call` routes a `Value::Builtin` only
  when the name is a module function, so nothing outside this phase's scope
  changed. Dispatching every registered builtin would turn 20 dead names into
  functions-or-errors — its own phase. FINDINGS §3.
- **`split` and `join` were the only two registered-but-absent builtins
  implemented here**, because the documents name them. `contains`, `starts_with`,
  `ends_with`, `replace`, `push`, `pop`, `shift`, `map`, `filter`, `reduce`,
  `pow`, `sin`, `cos`, `tan`, `log`, `exp`, `is_*`, `to_*` are still registered
  and answered by nothing. FINDINGS §2.
- **`list.map`/`filter`/`reduce` do not exist.** SPEC.md §Standard Library now
  documents `list.length` and says the other three wait for the function
  literal. FINDINGS §6.
- **`PI` and `E` are unreachable.** They are in the globals map but the analyzer
  never learns they are bound, so `say PI` is `Unknown variable 'PI'`, while
  `AGENTS.md` and the REPL completer both promise them. FINDINGS §5.
- **`SPEC.md:634` still shows `math.PI`** in the Properties example, outside
  §Standard Library and outside this phase's test's reach. FINDINGS §4.
- **`text` and `list` are not reserved words**, which is what lets
  `list.length(..)` parse as a member call while `set list to []` still works.
  This phase relies on it and did not change it. FINDINGS §7.
[0m
[0m$ [0mcd /home/runner/work/rbops/rbops/redblue && cargo test 2>&1 | tail -12
test unless_with_a_true_condition_skips_its_body ... ok
test unless_uses_the_same_condition_grammar_as_if_and_picks_opposite_branches ... ok

test result: ok. 15 passed; 0 failed; 0 ignored; 0 measured; 0 filtered out; finished in 0.00s

[1m[92m   Doc-tests[0m redblue

running 1 test
test src/bytecode/mod.rs - bytecode (line 12) ... ok

test result: ok. 1 passed; 0 failed; 0 ignored; 0 measured; 0 filtered out; finished in 0.16s
[0m
[0m$ [0mcd /home/runner/work/rbops/rbops/redblue && cargo test 2>&1 | grep -E "^test result" | awk -F'[ ;]' '{p+=$4; f+=$6} END {print "passed:", p, "failed:", f}'
passed: 644 failed: 0
[0m
[0m$ [0mcd /home/runner/work/rbops/rbops/redblue && cargo test --all-targets 2>&1 | grep -E "^test result" | awk -F'[ ;]' '{p+=$4; f+=$6} END {print "passed:", p, "failed:", f}'; cargo test --all-targets 2>&1 | grep -cE "FAILED|panicked"
passed: 643 failed: 0
0
[0m
[0m$ [0mcd /home/runner/work/rbops/rbops/redblue && grep -n "Standard Library (Implemented)" -A 12 AGENTS.md
144:### Standard Library (Implemented)
145-
146-#### Files Module
147-```redblue
148-files.read("path")     // Read entire file as text
149-files.write("path", "content")  // Write content to file
150-files.append("path", "content") // Append to file
151-files.exists("path")    // Check if file exists
152-files.lines("path")    // Read file as list of lines
153-files.delete("path")   // Delete a file
154-files.copy("from", "to")   // Copy file
155-files.rename("from", "to") // Rename/move file
156-```
[0m
[0m← [0mEdit AGENTS.md
Index: /home/runner/work/rbops/rbops/redblue/AGENTS.md
===================================================================
--- /home/runner/work/rbops/rbops/redblue/AGENTS.md
+++ /home/runner/work/rbops/rbops/redblue/AGENTS.md
@@ -142,8 +142,13 @@
 Detects: unused variables, style issues
 
 ### Standard Library (Implemented)
 
+Every function below is called through its module — `math.abs(x)`,
+`text.uppercase("t")`, `text.split(t, ",")`. The bare name is not a second
+spelling of it: `say abs(-1)` and `say uppercase("t")` are an
+`Unknown function` error.
+
 #### Files Module
 ```redblue
 files.read("path")     // Read entire file as text
 files.write("path", "content")  // Write content to file

[0m
[0m$ [0mcd /home/runner/work/rbops/rbops/redblue && grep -n "#### Math Functions" -A 10 AGENTS.md; grep -n "#### Text Functions" -A 8 AGENTS.md
193:#### Math Functions
194-```redblue
195-PI, E                    // Constants
196-abs(x), floor(x), ceil(x)
197-round(x), sqrt(x), pow(x, y)
198-sin(x), cos(x), tan(x)
199-log(x), exp(x)
200-```
201-
202-#### Text Functions
203-```redblue
202:#### Text Functions
203-```redblue
204-uppercase("text"), lowercase("text"), trim("text")
205-split("text", by), join(list, by)
206-contains("text", sub), starts_with("text", prefix)
207-replace("text", from, to)
208-```
209-
210-## Resources
[0m
[0m→ [0mRead phases/phase-032/FINDINGS.md[90m [limit=14, offset=29][0m
[0m
[0m← [0mEdit phases/phase-032/FINDINGS.md
Index: /home/runner/work/rbops/rbops/redblue/phases/phase-032/FINDINGS.md
===================================================================
--- /home/runner/work/rbops/rbops/redblue/phases/phase-032/FINDINGS.md
+++ /home/runner/work/rbops/rbops/redblue/phases/phase-032/FINDINGS.md
@@ -36,8 +36,15 @@
 
 Only `split` and `join` were implemented here, because SPEC.md and README.md
 both document `text.split` / `text.join`. The rest are listed below.
 
+`AGENTS.md` §Math Functions and §Text Functions still list the unimplemented
+ones — `pow`, `sin`, `cos`, `tan`, `log`, `exp`, `contains`, `starts_with`,
+`replace` — as if they were callable, and spell all of them bare. It now says
+at the top of its Standard Library section that a module is how each one is
+called, which is true of the ones that exist; the rest are the same gap as the
+list above, and no document outside AGENTS.md claims them.
+
 ## 3. Bare builtin names still say `Unknown function` — NOT fixed, deliberately
 
 **Status:** open, and README.md now says so instead of promising otherwise.
 `say uppercase("hi")` and `say split("a,b", ",")` still fail with

[0m
Now updating the REPORT with the review round and the re-run gates:
[0m← [0mEdit phases/phase-032/REPORT.md
Index: /home/runner/work/rbops/rbops/redblue/phases/phase-032/REPORT.md
===================================================================
--- /home/runner/work/rbops/rbops/redblue/phases/phase-032/REPORT.md
+++ /home/runner/work/rbops/rbops/redblue/phases/phase-032/REPORT.md
@@ -109,10 +109,10 @@
 | Gate | Result |
 |---|---|
 | `cargo fmt --all -- --check` | pass |
 | `cargo clippy --all-targets -- -D warnings` | pass, zero warnings |
-| `cargo test` | **641 passed, 0 failed** (31 test binaries, incl. the doc test) |
-| `cargo test --all-targets` | **640 passed, 0 failed** (30 test binaries; the 641st is the doc test) |
+| `cargo test` | **644 passed, 0 failed** (31 test binaries, incl. the doc test) |
+| `cargo test --all-targets` | **643 passed, 0 failed** (30 test binaries; the 644th is the doc test) |
 | `./rbops/verify.sh phase-032` | **NOT RUN — `rbops/verify.sh` does not exist in this checkout.** There is no `rbops/` directory here at all (`ls rbops` → no such file), and AGENTS.md rule 1 forbids creating or editing one. The four commands above are the gates I could run; the fifth is unrunnable from this checkout and I am not claiming a result for it. |
 | every file in `examples/` exits 0 | verified by `edge_the_examples_still_run` and by hand |
 | every file in `modules/` exits 0 | verified by hand: `MathUtils.rb` → 0, `SuiteKit.rb` → 0 |
 

[0m
[0m← [0mEdit phases/phase-032/REPORT.md
Index: /home/runner/work/rbops/rbops/redblue/phases/phase-032/REPORT.md
===================================================================
--- /home/runner/work/rbops/rbops/redblue/phases/phase-032/REPORT.md
+++ /home/runner/work/rbops/rbops/redblue/phases/phase-032/REPORT.md
@@ -140,8 +140,49 @@
   where they answered `nothing`. Reachable only through a module spelling, which
   is new, so no existing program changes. `stdlib::builtin_function("sqrt", …)`
   is `pub`, so `tests/numeric_edge_test.rs:390` is unaffected and still passes.
 
+## Review round — what the reviewer found, and what it changed
+
+Six findings; four were BLOCKER or MAJOR and are fixed in the code, the
+documents and the tests. The two MINOR findings are fixed too. Nothing was
+weakened to make them go away: no `#[ignore]`, no `skip`, no
+`allow(clippy::…)`, and no test deleted — the tests that could not fail were
+made able to fail.
+
+| # | Finding | Fix |
+|---|---|---|
+| 4 | **BLOCKER** `module_call` returned `None` for any receiver that is not a module, so the routing test skipped a documented `nosuchmod.foo(..)` instead of failing it | `tests/stdlib_module_docs_test.rs`: the receiver is no longer filtered by `is_module`, and `edge_every_documented_module_function_is_routed` asserts on **every** `word.word(` — the module first, then the member. Re-injecting `nosuchmod.read("x")` or `text.nosuchfunction("hi")` into §Standard Library now fails it (both verified) |
+| 3 | **MAJOR** the lex/parse test skipped every `network.`/`time.` line, every non-module line and every line starting with `if `/`end`/`might fail`/`//`, so "every line must lex and parse" checked a subset | the test reads each ```redblue block **whole** and skips nothing: the parser gets `if … then … end` as a program, `network.get` and `time.sleep` are read like any other line (they are read, not run), and a block that will not parse fails. That made two SPEC promises visible and they are corrected — `might fail` is a reserved word no statement parses, and `if` needs `then` (FINDINGS §5) |
+| 1 | **MAJOR** README.md:192 promised that `uppercase("hi")` and `text.uppercase("hi")` reach one function; a bare builtin has never been dispatched | the sentence now says the truth — a module is the only spelling, and a bare name is an `Unknown function`. `src/stdlib.rs`'s comment said the same false thing and is corrected. `edge_a_bare_builtin_name_is_not_a_second_spelling_of_a_module_function` pins both halves, so the day the bare name works, a test fails instead of a document going stale |
+| 2 | **MAJOR** `math.random("hi", "there")` answered a nondeterministic number, because `runtime::builtin("random_number")` fell through to `(0.0, 1.0)` | `random_number` takes one number or two and refuses anything else by name, with a span; a third argument is refused too. `edge_math_random_answers_a_number_or_refuses_by_name` covers the draw, both one- and two-argument draws, five refusals and the bare name's refusal |
+| 5 | **MINOR** `console.log()` printed nothing, and `files.read("a", "b")` read `"a"`, against signatures that document one argument | `stdlib::arity` states a count for every module function whose count is fixed, `runtime::builtin` refuses a call with an argument too many (so the bare name answers the same way), and `console.log`/`console.error` refuse no value to print. `time.format`'s count is one *or* two, so it is the one the table states nothing for. 22 sources in `edge_a_module_function_refuses_wrong_arguments_by_naming_itself` and `edge_a_documented_argument_count_is_the_count_the_function_takes` |
+| 6 | **MINOR** `text.length` counts bytes and neither SPEC nor README said so | SPEC.md §text says it, with the emoji and CJK cases, and the unicode test pins `🎉` → 4, `世界` → 6, `e`+combining mark → 3 instead of recomputing the length in Rust. `tests/test_text.rb` has asserted bytes since before this phase, so bytes are the decision the documents now record |
+
+### The gate that was already broken, and the fix
+
+Running the gates surfaced a pre-existing flake rather than a new one: three
+tests in `tests/bytecode_vm_test.rs` walk the whole corpus, they run in the
+same process, and `examples/files.rb` writes, renames and deletes `output.txt`
+in the working directory — so two walks side by side interleave over one file
+and the second one to reach it fails to read a file the first had deleted.
+`cargo test` failed about one run in three before this fix, on HEAD as well as
+on the phase. A `CORPUS_WALK` mutex is held for the length of each walk: no
+program is skipped, no assertion is loosened, no test is ignored. Re-run five
+times, stable.
+
+### Gate results, re-run after all of the above
+
+| Gate | Result |
+|---|---|
+| `cargo fmt --all -- --check` | pass |
+| `cargo clippy --all-targets -- -D warnings` | pass, zero warnings |
+| `cargo test` | **644 passed, 0 failed** (31 test binaries, incl. the doc test) |
+| `cargo test --all-targets` | **643 passed, 0 failed** (30 test binaries; the 644th is the doc test) |
+
+Three tests more than the first run's 641: the bare-name one, the
+`math.random` one and the argument-count one. Nothing was removed.
+
 ## Known gaps / follow-ups
 
 All in `phases/phase-032/FINDINGS.md`, file:line anchored:
 

[0m
[0m$ [0mcd /home/runner/work/rbops/rbops/redblue && sed -n '200,240p' phases/phase-032/REPORT.md
documents `list.length` and says the other three wait for the function
  literal. FINDINGS §6.
- **`PI` and `E` are unreachable.** They are in the globals map but the analyzer
  never learns they are bound, so `say PI` is `Unknown variable 'PI'`, while
  `AGENTS.md` and the REPL completer both promise them. FINDINGS §5.
- **`SPEC.md:634` still shows `math.PI`** in the Properties example, outside
  §Standard Library and outside this phase's test's reach. FINDINGS §4.
- **`text` and `list` are not reserved words**, which is what lets
  `list.length(..)` parse as a member call while `set list to []` still works.
  This phase relies on it and did not change it. FINDINGS §7.
[0m
[0m$ [0mcd /home/runner/work/rbops/rbops/redblue && python3 - <<'EOF'
p='phases/phase-032/REPORT.md'
s=open(p).read()
s=s.replace("""  documents `list.length` and says the other three wait for the function
  literal. FINDINGS §6.""","""  documents `list.length` and says the other three wait for the function
  literal. FINDINGS §9.""")
s=s.replace("""  `AGENTS.md` and the REPL completer both promise them. FINDINGS §5.""","""  `AGENTS.md` and the REPL completer both promise them. FINDINGS §8.""")
s=s.replace("""  This phase relies on it and did not change it. FINDINGS §7.""","""  This phase relies on it and did not change it. FINDINGS §11.
- **`might fail` is documented five times outside §Standard Library** and no
  statement parses it. §files is corrected here because this phase's test reads
  that section; §Error Handling and `docs/GRAMMAR.md` are the next spec-drift
  phase's. FINDINGS §5.""")
open(p,'w').write(s)
EOF
grep -n "FINDINGS §" phases/phase-032/REPORT.md
155:| 3 | **MAJOR** the lex/parse test skipped every `network.`/`time.` line, every non-module line and every line starting with `if `/`end`/`might fail`/`//`, so "every line must lex and parse" checked a subset | the test reads each ```redblue block **whole** and skips nothing: the parser gets `if … then … end` as a program, `network.get` and `time.sleep` are read like any other line (they are read, not run), and a block that will not parse fails. That made two SPEC promises visible and they are corrected — `might fail` is a reserved word no statement parses, and `if` needs `then` (FINDINGS §5) |
193:  functions-or-errors — its own phase. FINDINGS §3.
198:  and answered by nothing. FINDINGS §2.
201:  literal. FINDINGS §9.
204:  `AGENTS.md` and the REPL completer both promise them. FINDINGS §8.
206:  §Standard Library and outside this phase's test's reach. FINDINGS §4.
209:  This phase relies on it and did not change it. FINDINGS §11.
213:  phase's. FINDINGS §5.
[0m
[0m$ [0mcd /home/runner/work/rbops/rbops/redblue && sed -n '44,56p;71,95p' phases/phase-032/REPORT.md
## What changed

| File | Lines | What |
|---|---|---|
| src/stdlib.rs | +152 −14 | `MODULES` (`src/stdlib.rs:11`) gains `formats`, `list`, `math`, `text` — ten names, all documented. `MODULE_FUNCTIONS` (`src/stdlib.rs:22`): the `module_member` → builtin table, every module a document names and the function of each. `is_module_function` / `resolve_module_function` / `dotted` / `named_as` / `requirement` / `arity` — resolution, the error naming, and the argument shape of a module function. `call_module_function` (`src/stdlib.rs:121`): the **single** place a module name is resolved, so the two VMs cannot drift. `builtins()` registers each qualified name. `builtin_function`: `split` and `join` implemented (registered before, answered by nothing), and `abs`/`floor`/`ceil`/`round`/`sqrt` now answer `None` for a non-number rather than `nothing` — "wrong argument" is not "no answer". |
| src/vm.rs | +11 −0 | `Vm::call` routes a `Value::Builtin` through `stdlib::call_module_function`, and reports the unknown function it falls back to |
| src/bytecode/vm.rs | +12 −0 | `BytecodeVm::call_named` does the same, one line longer because the bytecode VM pushes and advances |
| SPEC.md | +42 −21 | §Standard Library corrected where it promised a call the parser cannot read; `json`/`csv` documented as what they are, the aliases of `formats` |
| README.md | +46 −1 | §Standard Library now lists every module, so the two documents agree |
| tests/stdlib_module_docs_test.rs | +851 | 15 new `#[test]` functions (12 named `edge_*`) |

### SPEC.md corrections, each one named

## Tests added

`tests/stdlib_module_docs_test.rs`, 15 new `#[test]` functions:

| Test | Edge class covered |
|---|---|
| `documented_module_names_are_exactly_the_modules_the_code_has` | the finding itself: the documented module names **and** the implemented ones, both directions, so a name in `MODULES` that neither document mentions fails too |
| `edge_documented_calls_all_lex_parse_and_resolve` | malformed input: every line in both documents' ```redblue blocks is lexed and parsed, so a documented call the parser cannot read fails |
| `edge_every_documented_module_function_is_routed` | the second half of the finding: every `module.function` a document shows is in `MODULE_FUNCTIONS` |
| `every_documented_module_can_be_imported_and_called` | `MODULES` and `is_module` agree |
| `module_functions_reach_the_builtins_that_already_exist` | the happy path, with the value each document prints — `text.uppercase("hello")` is `"HELLO"`, `math.round(3.7)` is `4`, `formats.*` is `json.*`/`csv.*` |
| `every_documented_module_runs_from_a_file` | `rb run` of a file calling all ten modules exits 0 and prints the documented values |
| `edge_a_module_function_refuses_wrong_arguments_by_naming_itself` | **no arguments, too many, wrong type** — 15 sources, each a caught `Runtime` error naming the function and carrying a span; plus a `try … catch error` proving it is catchable from Redblue |
| `edge_an_unknown_module_name_is_a_clean_error` | **asserts a failure**: `nosuchmodule.read("x")` and two siblings are a clean error, never a silent `nothing` |
| `edge_an_import_alias_reaches_the_same_module_function` | the second way a module name is written: `import text as T` |
| `edge_both_vms_resolve_a_module_function_the_same_way` | the tree-walker and the bytecode VM agree on five calls **and on the refusal**, so a `.rbc` cannot mean something else |
| `edge_empty_singleton_and_boundary_arguments_are_answered` | empty / zero / nothing: `""`, `[]`, `math.sqrt(0)`, `math.abs(0)`, `math.round(±0.5)`, `split("", …)`, `join([], …)`, `split("abc", "")` |
| `edge_unicode_and_escapes_survive_a_module_function` | emoji, CJK, RTL, a combining mark, `\n` `\t` `\"` through `text.length`, `text.split`, `text.join`, `text.trim`, `text.uppercase` |
| `edge_a_math_function_that_has_no_answer_is_nothing_not_a_number` | numeric boundary: `math.sqrt(-1)` is `nothing` and never a `NaN` in `Value::Number`; `math.abs(-0.5)` is not rounded away |
| `edge_spec_does_not_promise_a_call_the_parser_cannot_read` | the function literal cannot come back into §Standard Library |
| `edge_the_examples_still_run` | resource/state: every file in `examples/` still exits 0, each run in a directory of its own so two tests cannot race over the same output file |

### Edge-case matrix

- **empty / zero / nothing** — covered. `edge_empty_singleton_and_boundary_arguments_are_answered`: `text.length("")`, `text.uppercase("")`, `text.trim("")`, `split("", ",")`, `join([], ",")`, `list.length([])`, `math.sqrt(0)`, `math.abs(0)`.
[0m
[0m$ [0mcd /home/runner/work/rbops/rbops/redblue && python3 - <<'PY'
p='phases/phase-032/REPORT.md'
s=open(p).read()

s=s.replace("""| SPEC.md | +42 −21 | §Standard Library corrected where it promised a call the parser cannot read; `json`/`csv` documented as what they are, the aliases of `formats` |
| README.md | +46 −1 | §Standard Library now lists every module, so the two documents agree |
| tests/stdlib_module_docs_test.rs | +851 | 15 new `#[test]` functions (12 named `edge_*`) |""",
"""| src/runtime.rs | +48 −14 | the review round: `builtin` refuses a call with an argument too many, `random_number` refuses arguments that are not numbers rather than answering `(0.0, 1.0)`, and `console.log`/`console.error` refuse no value to print |
| SPEC.md | +63 −21 | §Standard Library corrected where it promised a call the parser cannot read; `json`/`csv` documented as what they are, the aliases of `formats`; `text.length`'s bytes, `math.random`'s arguments and `console.log`'s one value said in as many words |
| README.md | +46 −1 | §Standard Library now lists every module, so the two documents agree |
| AGENTS.md | +5 −0 | the review round: §Standard Library says a module is how each function is called, since a bare `uppercase("t")` is an `Unknown function` |
| tests/stdlib_module_docs_test.rs | +1049 | 18 new `#[test]` functions (15 named `edge_*`) |
| tests/bytecode_vm_test.rs | +21 −0 | the review round found three corpus walks racing over `examples/files.rb`'s `output.txt`; a `CORPUS_WALK` lock keeps them apart without skipping a program |""")

s=s.replace("""`tests/stdlib_module_docs_test.rs`, 15 new `#[test]` functions:""",
"""`tests/stdlib_module_docs_test.rs`, 18 new `#[test]` functions — 15 from the
first run and three from the review round, named in the review table above:""")

s=s.replace("""| `edge_documented_calls_all_lex_parse_and_resolve` | malformed input: every line in both documents' ```redblue blocks is lexed and parsed, so a documented call the parser cannot read fails |
| `edge_every_documented_module_function_is_routed` | the second half of the finding: every `module.function` a document shows is in `MODULE_FUNCTIONS` |""",
"""| `edge_documented_calls_all_lex_parse_and_resolve` | malformed input: every ```redblue block in both documents is lexed and parsed **as a whole program**, with nothing skipped, so a documented call the parser cannot read fails |
| `edge_every_documented_module_function_is_routed` | the second half of the finding: every `word.word(` a document shows is a module the code has and a member `MODULE_FUNCTIONS` routes — including a `word` the code has no module for |""")

s=s.replace("""| `edge_a_module_function_refuses_wrong_arguments_by_naming_itself` | **no arguments, too many, wrong type** — 15 sources, each a caught `Runtime` error naming the function and carrying a span; plus a `try … catch error` proving it is catchable from Redblue |""",
"""| `edge_a_module_function_refuses_wrong_arguments_by_naming_itself` | **no arguments, too many, wrong type** — 22 sources, each a caught `Runtime` error naming the function and carrying a span; plus a `try … catch error` proving it is catchable from Redblue |""")

s=s.replace("""| `edge_the_examples_still_run` | resource/state: every file in `examples/` still exits 0, each run in a directory of its own so two tests cannot race over the same output file |""",
"""| `edge_the_examples_still_run` | resource/state: every file in `examples/` still exits 0, each run in a directory of its own so two tests cannot race over the same output file |
| `edge_a_bare_builtin_name_is_not_a_second_spelling_of_a_module_function` | the review round: seven bare names are an `Unknown function` and their module spellings answer, which is what README.md now says |
| `edge_math_random_answers_a_number_or_refuses_by_name` | the review round: a draw is inside its range; five wrong calls and the bare name's are refusals, never a plausible wrong number |
| `edge_a_documented_argument_count_is_the_count_the_function_takes` | the review round: six calls at their documented count answer, `time.format(0)` still answers because its format is optional, and one argument too many is refused through the module spelling and the bare one |""")
open(p,'w').write(s)
PY
grep -n "edge_math_random_answers\|edge_a_documented_argument\|edge_a_bare_builtin\|bytecode_vm_test.rs | +21" phases/phase-032/REPORT.md | head
56:| tests/bytecode_vm_test.rs | +21 −0 | the review round found three corpus walks racing over `examples/files.rb`'s `output.txt`; a `CORPUS_WALK` lock keeps them apart without skipping a program |
96:| `edge_a_bare_builtin_name_is_not_a_second_spelling_of_a_module_function` | the review round: seven bare names are an `Unknown function` and their module spellings answer, which is what README.md now says |
97:| `edge_math_random_answers_a_number_or_refuses_by_name` | the review round: a draw is inside its range; five wrong calls and the bare name's are refusals, never a plausible wrong number |
98:| `edge_a_documented_argument_count_is_the_count_the_function_takes` | the review round: six calls at their documented count answer, `time.format(0)` still answers because its format is optional, and one argument too many is refused through the module spelling and the bare one |
163:| 1 | **MAJOR** README.md:192 promised that `uppercase("hi")` and `text.uppercase("hi")` reach one function; a bare builtin has never been dispatched | the sentence now says the truth — a module is the only spelling, and a bare name is an `Unknown function`. `src/stdlib.rs`'s comment said the same false thing and is corrected. `edge_a_bare_builtin_name_is_not_a_second_spelling_of_a_module_function` pins both halves, so the day the bare name works, a test fails instead of a document going stale |
164:| 2 | **MAJOR** `math.random("hi", "there")` answered a nondeterministic number, because `runtime::builtin("random_number")` fell through to `(0.0, 1.0)` | `random_number` takes one number or two and refuses anything else by name, with a span; a third argument is refused too. `edge_math_random_answers_a_number_or_refuses_by_name` covers the draw, both one- and two-argument draws, five refusals and the bare name's refusal |
165:| 5 | **MINOR** `console.log()` printed nothing, and `files.read("a", "b")` read `"a"`, against signatures that document one argument | `stdlib::arity` states a count for every module function whose count is fixed, `runtime::builtin` refuses a call with an argument too many (so the bare name answers the same way), and `console.log`/`console.error` refuse no value to print. `time.format`'s count is one *or* two, so it is the one the table states nothing for. 22 sources in `edge_a_module_function_refuses_wrong_arguments_by_naming_itself` and `edge_a_documented_argument_count_is_the_count_the_function_takes` |
[0m
[0m$ [0mcd /home/runner/work/rbops/rbops/redblue && sed -n '58,72p' phases/phase-032/REPORT.md
### SPEC.md corrections, each one named

The phase required correcting the `list.map([1, 2, 3], to (x) give back x * 2)`
example of SPEC.md:849, which depends on phase-034's function literal. Probing
the rest of §Standard Library found four more promises of the same kind, all
now corrected:

| SPEC.md line as found | What it promised | What it actually gave | Corrected to |
|---|---|---|---|
| 849 | `list.map([1, 2, 3], to (x) give back x * 2)` | `ParserError` — `to (x)` is not in the grammar | `list.length([1, 2, 3])`, with a line saying `map`/`filter`/`reduce` wait for the function literal |
| 822 | `text.split("a,b,c", by ",")` | `AnalyzerError: Unknown variable 'by'` — `by` is the range-loop step marker | `text.split("a,b,c", ",")`, with a line saying `by` is a loop step and nothing else |
| 776 | `set response to wait network.get(...)` | `ParserError: Unexpected token Wait` | `set response to network.get(...)` |
| 829 | `set pi to math.PI` | `Unknown variable 'math'` — a module has functions, not members; bare `PI` is `Unknown variable 'PI'` | `math.PI` removed; a line saying a constant is written `constant PI to 3.14159` |
| 864 | `formats.parse_json('{"name": "Alice"}')` | `LexerError: Unexpected character '\''` — single quotes are not a text literal | double quotes with `\"` escapes |
| 809-814 | `ask "Your name?"` under §console | `ParserError: Unexpected token Ask` — reserved word no statement parses | `console.log` / `console.error` / `console.clear`, with a line saying terminal input has no spelling today |
[0m
[0m← [0mEdit phases/phase-032/REPORT.md
Index: /home/runner/work/rbops/rbops/redblue/phases/phase-032/REPORT.md
===================================================================
--- /home/runner/work/rbops/rbops/redblue/phases/phase-032/REPORT.md
+++ /home/runner/work/rbops/rbops/redblue/phases/phase-032/REPORT.md
@@ -70,8 +70,17 @@
 | 829 | `set pi to math.PI` | `Unknown variable 'math'` — a module has functions, not members; bare `PI` is `Unknown variable 'PI'` | `math.PI` removed; a line saying a constant is written `constant PI to 3.14159` |
 | 864 | `formats.parse_json('{"name": "Alice"}')` | `LexerError: Unexpected character '\''` — single quotes are not a text literal | double quotes with `\"` escapes |
 | 809-814 | `ask "Your name?"` under §console | `ParserError: Unexpected token Ask` — reserved word no statement parses | `console.log` / `console.error` / `console.clear`, with a line saying terminal input has no spelling today |
 
+The review round found three more, all of the same class, and all of them in
+the section the lex/parse test reads:
+
+| SPEC.md line as found | What it promised | What it actually gave | Corrected to |
+|---|---|---|---|
+| 855-856 | `might fail files.write(..)` / `might fail files.append(..)` | `ParserError: Unexpected token MightFail` — `might fail` is a reserved word no statement parses | a `try` … `catch error` … `end` block, with a line saying `try`/`catch` is the spelling of a recoverable failure today |
+| 857-859 | `if files.exists("config.rb")` … `end` with no `then` | `ParserError: Expected Then but got End` | `if files.exists("config.rb") then`, which is the form §Expressions documents |
+| §text, §math, §console, §files (silent) | nothing said about `text.length`'s unit, `math.random`'s arguments, `console.log()` and `files.read("a", "b")` | bytes, one number or two, a silent blank line, and a read of the first argument | each says what it takes: bytes (`text.length("🎉")` is 4), one or two numbers, one value to print, and no argument more than the signature |
+
 ## Tests added
 
 `tests/stdlib_module_docs_test.rs`, 18 new `#[test]` functions — 15 from the
 first run and three from the review round, named in the review table above:

[0m
[0m$ [0mcd /home/runner/work/rbops/rbops/redblue && grep -n "15 sources\|math.random\|console" phases/phase-032/REPORT.md | sed -n '1,30p'
51:| src/runtime.rs | +48 −14 | the review round: `builtin` refuses a call with an argument too many, `random_number` refuses arguments that are not numbers rather than answering `(0.0, 1.0)`, and `console.log`/`console.error` refuse no value to print |
52:| SPEC.md | +63 −21 | §Standard Library corrected where it promised a call the parser cannot read; `json`/`csv` documented as what they are, the aliases of `formats`; `text.length`'s bytes, `math.random`'s arguments and `console.log`'s one value said in as many words |
72:| 809-814 | `ask "Your name?"` under §console | `ParserError: Unexpected token Ask` — reserved word no statement parses | `console.log` / `console.error` / `console.clear`, with a line saying terminal input has no spelling today |
81:| §text, §math, §console, §files (silent) | nothing said about `text.length`'s unit, `math.random`'s arguments, `console.log()` and `files.read("a", "b")` | bytes, one number or two, a silent blank line, and a read of the first argument | each says what it takes: bytes (`text.length("🎉")` is 4), one or two numbers, one value to print, and no argument more than the signature |
106:| `edge_math_random_answers_a_number_or_refuses_by_name` | the review round: a draw is inside its range; five wrong calls and the bare name's are refusals, never a plausible wrong number |
173:| 2 | **MAJOR** `math.random("hi", "there")` answered a nondeterministic number, because `runtime::builtin("random_number")` fell through to `(0.0, 1.0)` | `random_number` takes one number or two and refuses anything else by name, with a span; a third argument is refused too. `edge_math_random_answers_a_number_or_refuses_by_name` covers the draw, both one- and two-argument draws, five refusals and the bare name's refusal |
174:| 5 | **MINOR** `console.log()` printed nothing, and `files.read("a", "b")` read `"a"`, against signatures that document one argument | `stdlib::arity` states a count for every module function whose count is fixed, `runtime::builtin` refuses a call with an argument too many (so the bare name answers the same way), and `console.log`/`console.error` refuse no value to print. `time.format`'s count is one *or* two, so it is the one the table states nothing for. 22 sources in `edge_a_module_function_refuses_wrong_arguments_by_naming_itself` and `edge_a_documented_argument_count_is_the_count_the_function_takes` |
199:`math.random` one and the argument-count one. Nothing was removed.
[0m
[0m$ [0mcd /home/runner/work/rbops/rbops/redblue && grep -n "type_mismatch\|numeric_boundary\|malformed_input" -A 2 phases/phase-032/REPORT.md | sed -n '1,20p'
115:- **type_mismatch** — covered, twice. `edge_a_module_function_refuses_wrong_arguments_by_naming_itself`: `text.uppercase(1)`, `text.split(1, 2)`, `text.join("not a list", ",")`, `math.sqrt("nine")`, `list.length(5)`, `formats.parse_json(5)`, `formats.parse_csv(5)`, and `nothing` where text is expected.
116:- **numeric_boundary** — covered. `math.round(±0.5)`, `math.sqrt(0)`, `math.sqrt(-1)` → `nothing` (never `NaN`), `math.abs(-0.5)`. `2^53±1`, `±Infinity` and `1/0` are language-wide and covered by `tests/numeric_edge_test.rs`; no module function changes a numeric literal's representation.
117-- **unicode** — covered. `edge_unicode_and_escapes_survive_a_module_function`: 🎉, 中文, an RTL mark, a combining mark, `\n` `\t` `\"`, plus the split/join identity on them.
118-- **nesting_recursion** — N/A + why. No module function recurses or builds a structure of its own: `split`/`join`/`length`/`uppercase`/… are one-level over a flat value. `formats.parse_json` nests arbitrarily but its nesting is covered by `tests/stdlib_modules_test.rs` (`json_round_trips_nesting_unicode_and_empty_containers`). Recursion depth is `tests/call_depth_test.rs`.
--
120:- **malformed_input** — covered. `edge_documented_calls_all_lex_parse_and_resolve` (an unterminated text, a stray token or an empty line in either document fails); `edge_documented_calls…` also covers `formats.parse_json(5)`; the JSON/CSV payload edges are `tests/stdlib_modules_test.rs` (`edge_json_malformed_input_is_an_error`, `edge_csv_unterminated_quote_is_an_error`).
121-- **resource_limit** — N/A + why. No module function this phase added allocates without bound or recurses: `split` is one pass over its input and `join` is one pass over its list, so the step and iteration counters in `src/vm.rs` govern them exactly as they govern any other expression. `network.get` is bounded by the published `NETWORK_TIMEOUT_SECS` (`tests/stdlib_modules_test.rs`), and the one call a file cannot make offline is caught rather than reached.
122-
[0m
[0m$ [0mcd /home/runner/work/rbops/rbops/redblue && python3 - <<'PY'
p='phases/phase-032/REPORT.md'
s=open(p).read()
s=s.replace("""- **type_mismatch** — covered, twice. `edge_a_module_function_refuses_wrong_arguments_by_naming_itself`: `text.uppercase(1)`, `text.split(1, 2)`, `text.join("not a list", ",")`, `math.sqrt("nine")`, `list.length(5)`, `formats.parse_json(5)`, `formats.parse_csv(5)`, and `nothing` where text is expected.""",
"""- **type_mismatch** — covered, three times over. `edge_a_module_function_refuses_wrong_arguments_by_naming_itself`: `text.uppercase(1)`, `text.split(1, 2)`, `text.join("not a list", ",")`, `math.sqrt("nine")`, `list.length(5)`, `formats.parse_json(5)`, `formats.parse_csv(5)`, `math.random("hi", "there")`, `time.sleep("soon")`, and `nothing` where text is expected. `edge_math_random_answers_a_number_or_refuses_by_name` is the one place where a wrong argument used to answer a plausible number instead.""")
s=s.replace("""- **unicode** — covered. `edge_unicode_and_escapes_survive_a_module_function`: 🎉, 中文, an RTL mark, a combining mark, `\\n` `\\t` `\\"`, plus the split/join identity on them.""",
"""- **unicode** — covered. `edge_unicode_and_escapes_survive_a_module_function`: 🎉, 中文, an RTL mark, a combining mark, `\\n` `\\t` `\\"`, plus the split/join identity on them, and the byte counts the review round asked SPEC.md to state — `🎉` is 4, `世界` is 6, `e`+U+0301 is 3.""")
s=s.replace("""- **malformed_input** — covered. `edge_documented_calls_all_lex_parse_and_resolve` (an unterminated text, a stray token or an empty line in either document fails); `edge_documented_calls…` also covers `formats.parse_json(5)`; the JSON/CSV payload edges are `tests/stdlib_modules_test.rs` (`edge_json_malformed_input_is_an_error`, `edge_csv_unterminated_quote_is_an_error`).""",
"""- **malformed_input** — covered. `edge_documented_calls_all_lex_parse_and_resolve` reads every ```redblue block in both documents as a whole program and skips nothing, so an unterminated text, a stray token, a reserved word used as a statement or a missing `then` in either document fails; `edge_documented_module_function…` also covers `formats.parse_json(5)`; the JSON/CSV payload edges are `tests/stdlib_modules_test.rs` (`edge_json_malformed_input_is_an_error`, `edge_csv_unterminated_quote_is_an_error`).""")
open(p,'w').write(s)
PY
grep -n "type_mismatch\|unicode — covered\|malformed_input" phases/phase-032/REPORT.md | head
115:- **type_mismatch** — covered, three times over. `edge_a_module_function_refuses_wrong_arguments_by_naming_itself`: `text.uppercase(1)`, `text.split(1, 2)`, `text.join("not a list", ",")`, `math.sqrt("nine")`, `list.length(5)`, `formats.parse_json(5)`, `formats.parse_csv(5)`, `math.random("hi", "there")`, `time.sleep("soon")`, and `nothing` where text is expected. `edge_math_random_answers_a_number_or_refuses_by_name` is the one place where a wrong argument used to answer a plausible number instead.
120:- **malformed_input** — covered. `edge_documented_calls_all_lex_parse_and_resolve` reads every ```redblue block in both documents as a whole program and skips nothing, so an unterminated text, a stray token, a reserved word used as a statement or a missing `then` in either document fails; `edge_documented_module_function…` also covers `formats.parse_json(5)`; the JSON/CSV payload edges are `tests/stdlib_modules_test.rs` (`edge_json_malformed_input_is_an_error`, `edge_csv_unterminated_quote_is_an_error`).
[0m
[0m$ [0mcd /home/runner/work/rbops/rbops/redblue && git diff --stat HEAD -- src tests README.md SPEC.md AGENTS.md
AGENTS.md                        |    5 +
 README.md                        |   47 +-
 SPEC.md                          |   73 ++-
 src/bytecode/vm.rs               |   13 +
 src/runtime.rs                   |   75 ++-
 src/stdlib.rs                    |  293 ++++++++++-
 src/vm.rs                        |   14 +
 tests/bytecode_vm_test.rs        |   20 +
 tests/stdlib_module_docs_test.rs | 1077 ++++++++++++++++++++++++++++++++++++++
 9 files changed, 1586 insertions(+), 31 deletions(-)
[0m
[0m$ [0mcd /home/runner/work/rbops/rbops/redblue && python3 - <<'PY'
p='phases/phase-032/REPORT.md'
s=open(p).read()
s=s.replace("| src/runtime.rs | +48 −14 |","| src/runtime.rs | +60 −15 |")
s=s.replace("| SPEC.md | +63 −21 |","| SPEC.md | +58 −15 |")
s=s.replace("| README.md | +46 −1 |","| README.md | +47 −2 |")
s=s.replace("| tests/stdlib_module_docs_test.rs | +1049 |","| tests/stdlib_module_docs_test.rs | +1077 |")
s=s.replace("| tests/bytecode_vm_test.rs | +21 −0 |","| tests/bytecode_vm_test.rs | +20 −0 |")
s=s.replace("| src/stdlib.rs | +152 −14 |","| src/stdlib.rs | +236 −14 |")
open(p,'w').write(s)
PY
grep -n "^| src/\|^| SPEC.md\|^| README.md\|^| tests/\|^| AGENTS" phases/phase-032/REPORT.md
48:| src/stdlib.rs | +236 −14 | `MODULES` (`src/stdlib.rs:11`) gains `formats`, `list`, `math`, `text` — ten names, all documented. `MODULE_FUNCTIONS` (`src/stdlib.rs:22`): the `module_member` → builtin table, every module a document names and the function of each. `is_module_function` / `resolve_module_function` / `dotted` / `named_as` / `requirement` / `arity` — resolution, the error naming, and the argument shape of a module function. `call_module_function` (`src/stdlib.rs:121`): the **single** place a module name is resolved, so the two VMs cannot drift. `builtins()` registers each qualified name. `builtin_function`: `split` and `join` implemented (registered before, answered by nothing), and `abs`/`floor`/`ceil`/`round`/`sqrt` now answer `None` for a non-number rather than `nothing` — "wrong argument" is not "no answer". |
49:| src/vm.rs | +11 −0 | `Vm::call` routes a `Value::Builtin` through `stdlib::call_module_function`, and reports the unknown function it falls back to |
50:| src/bytecode/vm.rs | +12 −0 | `BytecodeVm::call_named` does the same, one line longer because the bytecode VM pushes and advances |
51:| src/runtime.rs | +60 −15 | the review round: `builtin` refuses a call with an argument too many, `random_number` refuses arguments that are not numbers rather than answering `(0.0, 1.0)`, and `console.log`/`console.error` refuse no value to print |
52:| SPEC.md | +58 −15 | §Standard Library corrected where it promised a call the parser cannot read; `json`/`csv` documented as what they are, the aliases of `formats`; `text.length`'s bytes, `math.random`'s arguments and `console.log`'s one value said in as many words |
53:| README.md | +47 −2 | §Standard Library now lists every module, so the two documents agree |
54:| AGENTS.md | +5 −0 | the review round: §Standard Library says a module is how each function is called, since a bare `uppercase("t")` is an `Unknown function` |
55:| tests/stdlib_module_docs_test.rs | +1077 | 18 new `#[test]` functions (15 named `edge_*`) |
56:| tests/bytecode_vm_test.rs | +20 −0 | the review round found three corpus walks racing over `examples/files.rb`'s `output.txt`; a `CORPUS_WALK` lock keeps them apart without skipping a program |
65:| SPEC.md line as found | What it promised | What it actually gave | Corrected to |
77:| SPEC.md line as found | What it promised | What it actually gave | Corrected to |
[0m
[0m$ [0mcd /home/runner/work/rbops/rbops/redblue && git diff --numstat HEAD -- src tests README.md SPEC.md AGENTS.md
5	0	AGENTS.md
45	2	README.md
58	15	SPEC.md
13	0	src/bytecode/vm.rs
68	7	src/runtime.rs
286	7	src/stdlib.rs
14	0	src/vm.rs
20	0	tests/bytecode_vm_test.rs
1077	0	tests/stdlib_module_docs_test.rs
[0m
[0m$ [0mcd /home/runner/work/rbops/rbops/redblue && python3 - <<'PY'
p='phases/phase-032/REPORT.md'
s=open(p).read()
s=s.replace("| src/runtime.rs | +60 −15 |","| src/runtime.rs | +68 −7 |")
s=s.replace("| README.md | +47 −2 |","| README.md | +45 −2 |")
s=s.replace("| src/stdlib.rs | +236 −14 |","| src/stdlib.rs | +286 −7 |")
open(p,'w').write(s)
PY
grep -n "src/stdlib.rs | \|src/runtime.rs | \|README.md | " phases/phase-032/REPORT.md | head -4
48:| src/stdlib.rs | +286 −7 | `MODULES` (`src/stdlib.rs:11`) gains `formats`, `list`, `math`, `text` — ten names, all documented. `MODULE_FUNCTIONS` (`src/stdlib.rs:22`): the `module_member` → builtin table, every module a document names and the function of each. `is_module_function` / `resolve_module_function` / `dotted` / `named_as` / `requirement` / `arity` — resolution, the error naming, and the argument shape of a module function. `call_module_function` (`src/stdlib.rs:121`): the **single** place a module name is resolved, so the two VMs cannot drift. `builtins()` registers each qualified name. `builtin_function`: `split` and `join` implemented (registered before, answered by nothing), and `abs`/`floor`/`ceil`/`round`/`sqrt` now answer `None` for a non-number rather than `nothing` — "wrong argument" is not "no answer". |
51:| src/runtime.rs | +68 −7 | the review round: `builtin` refuses a call with an argument too many, `random_number` refuses arguments that are not numbers rather than answering `(0.0, 1.0)`, and `console.log`/`console.error` refuse no value to print |
53:| README.md | +45 −2 | §Standard Library now lists every module, so the two documents agree |
[0m
[0m$ [0mcd /home/runner/work/rbops/rbops/redblue && python3 - <<'PY'
p='phases/phase-032/REPORT.md'
s=open(p).read()
old="`is_module_function` / `resolve_module_function` / `dotted` / `named_as` / `requirement` / `arity` — resolution, the error naming, and the argument shape of a module function."
new="`is_module_function` / `resolve_module_function` / `dotted` / `named_as` / `requirement` / `arity` — resolution, the error naming, and the argument shape of a module function; the review round widened `requirement`/`arity` to every module function whose count is fixed, and `named_as` now finds the builtin by a whole-word match in either spelling, so `math.random` is told about `math.random` and not about the `random_number` it reaches."
assert old in s
s=s.replace(old,new)
open(p,'w').write(s)
PY
echo ok
ok
[0m
Now the final gate run — all four:
[0m$ [0mcd /home/runner/work/rbops/rbops/redblue && cargo fmt --all -- --check && echo "GATE 1 fmt: PASS"
Diff in /home/runner/work/rbops/rbops/redblue/src/runtime.rs:467:
             // a third argument is still more than the function documents.
             if args.len() > 2 {
                 return Err(Error::Runtime(
-                    format!(
-                        "time.format takes 1 or 2 argument(s), given {}",
-                        args.len()
-                    ),
+                    format!("time.format takes 1 or 2 argument(s), given {}", args.len()),
                     span,
                 ));
             }
[0m
[0m$ [0mcd /home/runner/work/rbops/rbops/redblue && cargo fmt --all && cargo fmt --all -- --check && echo "GATE 1 fmt: PASS" && cargo clippy --all-targets -- -D warnings 2>&1 | tail -3 && echo "GATE 2 clippy: PASS"
GATE 1 fmt: PASS
[1m[92m    Checking[0m redblue v0.1.0 (/home/runner/work/rbops/rbops/redblue)
[1m[92m    Finished[0m `dev` profile [unoptimized] target(s) in 1.97s
GATE 2 clippy: PASS
[0m
[0m$ [0mcd /home/runner/work/rbops/rbops/redblue && cargo test 2>&1 | tee /tmp/gate3.log | grep -E "^test result" | awk -F'[ ;]' '{p+=$4; f+=$6; i+=$8} END {print "GATE 3 cargo test -> passed:", p, "failed:", f, "ignored:", i}'; grep -c "FAILED" /tmp/gate3.log
GATE 3 cargo test -> passed: 644 failed: 0 ignored: 0
0
[0m
[0m$ [0mcd /home/runner/work/rbops/rbops/redblue && cargo test --all-targets 2>&1 | tee /tmp/gate4.log | grep -E "^test result" | awk -F'[ ;]' '{p+=$4; f+=$6; i+=$8} END {print "GATE 4 cargo test --all-targets -> passed:", p, "failed:", f, "ignored:", i}'; grep -c "FAILED" /tmp/gate4.log
GATE 4 cargo test --all-targets -> passed: 643 failed: 0 ignored: 0
0
[0m
[0m$ [0mcd /home/runner/work/rbops/rbops/redblue && git diff HEAD -- src tests | grep -nE "^\+.*(#\[ignore|allow\(clippy|// skip|\.skip\()" | head; echo "--- none above means clean ---"; grep -rn "#\[ignore\]\|allow(clippy" src tests | head
580:+    let rest = document.lines().skip(start + 1);
--- none above means clean ---
[0m
[0m$ [0mcd /home/runner/work/rbops/rbops/redblue && mkdir -p /tmp/exrun && for f in examples/*.rb modules/*.rb; do cp "$f" /tmp/exrun/; (cd /tmp/exrun && /home/runner/work/rbops/rbops/redblue/target/debug/rb run "$(basename $f)" >/dev/null 2>/tmp/exrun/err.txt; echo "$f exit=$?"; head -2 /tmp/exrun/err.txt); done; rm -rf /tmp/exrun
examples/files.rb exit=0
examples/fizzbuzz.rb exit=0
examples/formats.rb exit=0
examples/hello.rb exit=0
examples/test_arithmetic.rb exit=0
examples/time.rb exit=0
modules/MathUtils.rb exit=0
modules/SuiteKit.rb exit=0
[0m
[0m$ [0mcd /home/runner/work/rbops/rbops/redblue && sed -n '93,140p' tests/stdlib_module_docs_test.rs
/// The `receiver` and `member` of the first `receiver.member(` in `line`.
///
/// A documented example reaches the code as text, so the test reads the call out
/// of the line the way the analyzer does: the receiver is the name immediately
/// before the `.`, and the member is what the `(` follows.
///
/// The receiver is *not* checked against the modules the code has. A document
/// that wrote `nosuchmod.read("x")` has made a promise about a module the code
/// does not have, and the test that reads the promise has to see it: a filter
/// here would drop the line on the floor and the routing test below would pass
/// without ever looking at it.
fn module_call(line: &str) -> Option<(String, String)> {
    for (index, _) in line.match_indices('.') {
        let module: String = line[..index]
            .chars()
            .rev()
            .take_while(|c| c.is_ascii_alphanumeric() || *c == '_')
            .collect::<Vec<char>>()
            .into_iter()
            .rev()
            .collect();
        if module.is_empty() {
            continue;
        }
        let rest = &line[index + 1..];
        if !rest.starts_with(|c: char| c.is_ascii_lowercase() || c == '_') {
            continue;
        }
        let member: String = rest
            .chars()
            .take_while(|c| c.is_ascii_alphanumeric() || *c == '_')
            .collect();
        if !rest[member.len()..].starts_with('(') {
            continue;
        }
        return Some((module, member));
    }
    None
}

/// Every module name either document promises, in a stable order so a failure
/// names the same two sets twice.
fn documented_module_names() -> Vec<String> {
    let mut names = spec_module_names();
    for name in readme_module_names() {
        if !names.contains(&name) {
            names.push(name);
        }
[0m
[0m$ [0mcd /home/runner/work/rbops/rbops/redblue && git diff HEAD -- src/runtime.rs
diff --git a/src/runtime.rs b/src/runtime.rs
index b95279e..09e1d6c 100644
--- a/src/runtime.rs
+++ b/src/runtime.rs
@@ -261,6 +261,22 @@ pub fn unary_op(span: Span, op: &UnaryOp, value: Value) -> Result<Value> {
 /// that a bytecode `CALL` and a tree-walked call cannot drift apart: there is
 /// one implementation and both answer from it.
 pub fn builtin(span: Span, name: &str, args: &[Value]) -> Result<Option<Value>> {
+    // A call with more arguments than the function takes is refused before it
+    // runs, so `files.read("a", "b")` is an error instead of a read of the
+    // first argument alone. The function is named the way the module spells
+    // it, which is how every message below names it too.
+    if let Some(expected) = crate::stdlib::arity(name) {
+        if args.len() > expected {
+            return Err(Error::Runtime(
+                format!(
+                    "{} takes {expected} argument(s), given {}",
+                    crate::stdlib::dotted(name),
+                    args.len()
+                ),
+                span,
+            ));
+        }
+    }
     match name {
         "say" => {
             if let Some(arg) = args.first() {
@@ -447,6 +463,14 @@ pub fn builtin(span: Span, name: &str, args: &[Value]) -> Result<Option<Value>>
         }
         "time_format" => {
             use std::time::UNIX_EPOCH;
+            // The format is optional, so `arity` states no count for this one;
+            // a third argument is still more than the function documents.
+            if args.len() > 2 {
+                return Err(Error::Runtime(
+                    format!("time.format takes 1 or 2 argument(s), given {}", args.len()),
+                    span,
+                ));
+            }
             let (timestamp, format) = match (args.first(), args.get(1)) {
                 (Some(Value::Number(ts)), Some(Value::Text(fmt))) => (*ts, fmt.clone()),
                 (Some(Value::Number(ts)), None) => (*ts, "%Y-%m-%d %H:%M:%S".to_string()),
@@ -579,14 +603,38 @@ pub fn builtin(span: Span, name: &str, args: &[Value]) -> Result<Option<Value>>
         }
         // Console module
         "console_log" => {
-            if let Some(arg) = args.first() {
-                println!("{}", arg);
+            match args {
+                [arg] => println!("{}", arg),
+                [] => {
+                    return Err(Error::Runtime(
+                        "console.log requires a value to print".to_string(),
+                        span,
+                    ))
+                }
+                _ => {
+                    return Err(Error::Runtime(
+                        "console.log takes one value to print".to_string(),
+                        span,
+                    ))
+                }
             }
             Ok(Some(Value::Nothing))
         }
         "console_error" => {
-            if let Some(arg) = args.first() {
-                eprintln!("{}", arg);
+            match args {
+                [arg] => eprintln!("{}", arg),
+                [] => {
+                    return Err(Error::Runtime(
+                        "console.error requires a value to print".to_string(),
+                        span,
+                    ))
+                }
+                _ => {
+                    return Err(Error::Runtime(
+                        "console.error takes one value to print".to_string(),
+                        span,
+                    ))
+                }
             }
             Ok(Some(Value::Nothing))
         }
@@ -596,10 +644,20 @@ pub fn builtin(span: Span, name: &str, args: &[Value]) -> Result<Option<Value>>
         }
         // Random module
         "random_number" => {
+            // One number draws from `0` to it, two draw from one to the other,
+            // and anything else is refused by name: a wrong argument must not
+            // answer a number that looks like a draw.
             let (min, max) = match (args.first(), args.get(1)) {
-                (Some(Value::Number(min)), Some(Value::Number(max))) => (*min, *max),
-                (Some(Value::Number(max)), None) => (0.0, *max),
-                _ => (0.0, 1.0),
+                (Some(Value::Number(min)), Some(Value::Number(max))) if args.len() == 2 => {
+                    (*min, *max)
+                }
+                (Some(Value::Number(max)), None) if args.len() == 1 => (0.0, *max),
+                _ => {
+                    return Err(Error::Runtime(
+                        "random_number requires one or two numbers".to_string(),
+                        span,
+                    ))
+                }
             };
             use std::time::{SystemTime, UNIX_EPOCH};
             let now = SystemTime::now().duration_since(UNIX_EPOCH).unwrap();
[0m
[0m← [0mEdit src/stdlib.rs
Index: /home/runner/work/rbops/rbops/redblue/src/stdlib.rs
===================================================================
--- /home/runner/work/rbops/rbops/redblue/src/stdlib.rs
+++ /home/runner/work/rbops/rbops/redblue/src/stdlib.rs
@@ -66,8 +66,21 @@
         .iter()
         .any(|(qualified, _)| *qualified == name)
 }
 
+/// Whether `name` is the builtin one of the [`MODULE_FUNCTIONS`] reaches —
+/// `uppercase`, `files_read` — as opposed to a name registered for a function
+/// that does not exist yet.
+///
+/// The argument count applies only to the first kind: a call that has too many
+/// arguments is refused by the function it names, and a name that is not a
+/// function has nothing to count.
+pub fn is_module_builtin(name: &str) -> bool {
+    MODULE_FUNCTIONS
+        .iter()
+        .any(|(_, builtin)| *builtin == name)
+}
+
 /// The builtin the `module_function` `name` reaches, and the name the program
 /// wrote it as — `("uppercase", "text.uppercase")` for `text_uppercase`.
 pub fn resolve_module_function(name: &str) -> Option<(&'static str, String)> {
     MODULE_FUNCTIONS

[0m
[0m← [0mEdit src/runtime.rs
Index: /home/runner/work/rbops/rbops/redblue/src/runtime.rs
===================================================================
--- /home/runner/work/rbops/rbops/redblue/src/runtime.rs
+++ /home/runner/work/rbops/rbops/redblue/src/runtime.rs
@@ -263,19 +263,23 @@
 pub fn builtin(span: Span, name: &str, args: &[Value]) -> Result<Option<Value>> {
     // A call with more arguments than the function takes is refused before it
     // runs, so `files.read("a", "b")` is an error instead of a read of the
     // first argument alone. The function is named the way the module spells
-    // it, which is how every message below names it too.
-    if let Some(expected) = crate::stdlib::arity(name) {
-        if args.len() > expected {
-            return Err(Error::Runtime(
-                format!(
-                    "{} takes {expected} argument(s), given {}",
-                    crate::stdlib::dotted(name),
-                    args.len()
-                ),
-                span,
-            ));
+    // it, which is how every message below names it too. A name that is not one
+    // of these functions has no count to check, and is still the unknown
+    // function it is.
+    if crate::stdlib::is_module_builtin(name) {
+        if let Some(expected) = crate::stdlib::arity(name) {
+            if args.len() > expected {
+                return Err(Error::Runtime(
+                    format!(
+                        "{} takes {expected} argument(s), given {}",
+                        crate::stdlib::dotted(name),
+                        args.len()
+                    ),
+                    span,
+                ));
+            }
         }
     }
     match name {
         "say" => {

[0m
[0m$ [0mcd /home/runner/work/rbops/rbops/redblue && cargo fmt --all && cargo clippy --all-targets -- -D warnings 2>&1 | tail -3 && for s in 'say files_read("Cargo.toml", "x")' 'say push(1, 2, 3)' 'say console_log("a", "b")' 'say files.read("Cargo.toml", "x")'; do printf '%s\n' "$s" > /tmp/p.rb; printf '### %s\n' "$s"; ./target/debug/rb run /tmp/p.rb 2>&1 | head -2; done
[1m[92m    Checking[0m redblue v0.1.0 (/home/runner/work/rbops/rbops/redblue)
[1m[92m    Finished[0m `dev` profile [unoptimized] target(s) in 2.05s
### say files_read("Cargo.toml", "x")
Error: RuntimeError: files.read takes 1 argument(s), given 2
  --> /tmp/p.rb:1:1
### say push(1, 2, 3)
Error: RuntimeError: Unknown function 'push'
  --> /tmp/p.rb:1:1
### say console_log("a", "b")
Error: RuntimeError: console.log takes 1 argument(s), given 2
  --> /tmp/p.rb:1:1
### say files.read("Cargo.toml", "x")
Error: RuntimeError: files.read takes 1 argument(s), given 2
  --> /tmp/p.rb:1:1
[0m
[0m$ [0mcd /home/runner/work/rbops/rbops/redblue && cargo fmt --all -- --check && echo "GATE 1 PASS" && cargo test 2>&1 | tee /tmp/g3.log | grep -E "^test result" | awk -F'[ ;]' '{p+=$4; f+=$6} END {print "GATE 3 ->", p, "passed,", f, "failed"}'
GATE 1 PASS
GATE 3 -> 644 passed, 0 failed
[0m
[0m$ [0mcd /home/runner/work/rbops/rbops/redblue && cargo test --all-targets 2>&1 | grep -E "^test result" | awk -F'[ ;]' '{p+=$4; f+=$6} END {print "GATE 4 ->", p, "passed,", f, "failed"}'; cargo test 2>&1 | grep -c FAILED
GATE 4 -> 643 passed, 0 failed
0
[0m
[0m$ [0mcd /home/runner/work/rbops/rbops/redblue && for i in 1 2; do cargo test 2>&1 | grep -E "^test result" | awk -F'[ ;]' '{p+=$4; f+=$6} END {print "run: ", p, "passed,", f, "failed"}'; done
run:  644 passed, 0 failed
run:  644 passed, 0 failed
[0m
[0m$ [0mcd /home/runner/work/rbops/rbops/redblue && git status --porcelain && git diff --stat HEAD
M AGENTS.md
 M README.md
 M SPEC.md
 A phases/phase-032/FINDINGS.md
 A phases/phase-032/REPORT.md
 M src/bytecode/vm.rs
 M src/runtime.rs
 M src/stdlib.rs
 M src/vm.rs
 M tests/bytecode_vm_test.rs
 A tests/stdlib_module_docs_test.rs
 AGENTS.md                        |    5 +
 README.md                        |   47 +-
 SPEC.md                          |   73 ++-
 phases/phase-032/FINDINGS.md     |  190 +++++++
 phases/phase-032/REPORT.md       |  229 ++++++++
 src/bytecode/vm.rs               |   13 +
 src/runtime.rs                   |   76 ++-
 src/stdlib.rs                    |  304 ++++++++++-
 src/vm.rs                        |   14 +
 tests/bytecode_vm_test.rs        |   20 +
 tests/stdlib_module_docs_test.rs | 1077 ++++++++++++++++++++++++++++++++++++++
 11 files changed, 2017 insertions(+), 31 deletions(-)
[0m
All six findings are fixed and the four gates are green. Summary:

**BLOCKER 4** — `module_call` in `tests/stdlib_module_docs_test.rs:104` no longer filters by `is_module`, and `edge_every_documented_module_function_is_routed` asserts the receiver *and* the member on every `word.word(` line. Re-injecting `nosuchmod.read("x")` or `text.nosuchfunction("hi")` into §Standard Library now fails it (both verified).

**MAJOR 3** — `edge_documented_calls_all_lex_parse_and_resolve` now parses each ```redblue block **whole** and skips nothing (no `network.`/`time.` skip, no non-module skip, no `//`/`might fail`/`if `/`end` skip). That exposed two more SPEC promises, now corrected: `might fail` is a reserved word no statement parses (written with `try`/`catch`; recorded as FINDINGS §5 because §Error Handling still promises it five more times), and `if` needs `then`.

**MAJOR 1** — README.md:192 no longer claims a bare builtin reaches the same function; `src/stdlib.rs`'s comment and AGENTS.md's stdlib section say the truth. `edge_a_bare_builtin_name_is_not_a_second_spelling_of_a_module_function` pins both halves.

**MAJOR 2** — `random_number` takes one number or two and refuses anything else by name with a span (`math.random("hi","there")` no longer answers a nondeterministic number); a third argument is refused too.

**MINOR 5** — `stdlib::arity` states a count for every fixed-count module function, `runtime::builtin` refuses a call with an argument too many (bare and module spelling alike), and `console.log`/`console.error` refuse no value to print. `time.format`'s optional format is the one function the table states nothing for.

**MINOR 6** — SPEC.md §text now says `text.length` counts bytes (`🎉` → 4) and the unicode test pins 4/6/3 instead of recomputing in Rust.

Also fixed a **pre-existing flake the gates exposed**: three `tests/bytecode_vm_test.rs` corpus walks raced over `examples/files.rb`'s `output.txt` (`cargo test` failed ~1 run in 3 on HEAD too). A `CORPUS_WALK` mutex serialises the walks — no program skipped, no assertion loosened.

Gates: `cargo fmt --all -- --check` pass · `cargo clippy --all-targets -- -D warnings` zero warnings · `cargo test` **644 passed, 0 failed** · `cargo test --all-targets` **643 passed, 0 failed**. No `#[ignore]`, `// skip`, `allow(clippy::…)`, deleted or weakened test; FINDINGS.md and REPORT.md updated with the review round.
