[0m
> build · space-bunny-free
[0m
[0m$ [0mgit log --oneline -15 && git status
d5b42ed resume phase-020: adopt preserved work
980f470 rbops: phase-019 (2026-10-06T02:32:38Z)
e97983a Merge remote-tracking branch 'origin/rbops-wip/phase-019'
0ff5fe7 rbops: phase-024 (2026-10-06T00:59:08Z)
7fdea15 rbops: phase-019 checkpoint 1791227938
df20765 rbops: phase-019 (2026-10-05T12:47:49Z)
d664d3c Merge remote-tracking branch 'origin/rbops-wip/phase-019'
a9840cc Fix a bare `catch` being silently deleted by the VM and the formatter
074c95e rbops: phase-019 checkpoint 1791198338
2f77bba rbops: phase-018 (2026-10-05T10:18:47Z)
2179034 Merge remote-tracking branch 'origin/rbops-wip/phase-018'
3592e1b rbops: phase-016 (2026-10-05T09:33:19Z)
255816e Merge remote-tracking branch 'origin/rbops-wip/phase-016'
563a351 rbops: phase-018 checkpoint 1791169209
8dc0466 rbops: phase-017 (2026-10-05T02:38:36Z)
On branch main
Your branch is ahead of 'origin/main' by 1 commit.
  (use "git push" to publish your local commits)

Changes not staged for commit:
  (use "git add <file>..." to update what will be committed)
  (use "git restore <file>..." to discard changes in working directory)
	new file:   corpus/arithmetic-0001.expected
	new file:   corpus/arithmetic-0001.rb
	new file:   corpus/arithmetic-0002.expected
	new file:   corpus/arithmetic-0002.rb
	new file:   corpus/arithmetic-0003.expected
	new file:   corpus/arithmetic-0003.rb
	new file:   corpus/arithmetic-0004.expected
	new file:   corpus/arithmetic-0004.rb
	new file:   corpus/arithmetic-0005.expected
	new file:   corpus/arithmetic-0005.rb
	new file:   corpus/arithmetic-0006.expected
	new file:   corpus/arithmetic-0006.rb
	new file:   corpus/arithmetic-0007.expected
	new file:   corpus/arithmetic-0007.rb
	new file:   corpus/arithmetic-0008.expected
	new file:   corpus/arithmetic-0008.rb
	new file:   corpus/arithmetic-0009.expected
	new file:   corpus/arithmetic-0009.rb
	new file:   corpus/arithmetic-0010.expected
	new file:   corpus/arithmetic-0010.rb
	new file:   corpus/arithmetic-0011.expected
	new file:   corpus/arithmetic-0011.rb
	new file:   corpus/arithmetic-0012.expected
	new file:   corpus/arithmetic-0012.rb
	new file:   corpus/arithmetic-0013.expected
	new file:   corpus/arithmetic-0013.rb
	new file:   corpus/arithmetic-0014.expected
	new file:   corpus/arithmetic-0014.rb
	new file:   corpus/arithmetic-0015.expected
	new file:   corpus/arithmetic-0015.rb
	new file:   corpus/arithmetic-0016.expected
	new file:   corpus/arithmetic-0016.rb
	new file:   corpus/arithmetic-0017.expected
	new file:   corpus/arithmetic-0017.rb
	new file:   corpus/arithmetic-0018.expected
	new file:   corpus/arithmetic-0018.rb
	new file:   corpus/control-flow-0001.expected
	new file:   corpus/control-flow-0001.rb
	new file:   corpus/control-flow-0002.expected
	new file:   corpus/control-flow-0002.rb
	new file:   corpus/control-flow-0003.expected
	new file:   corpus/control-flow-0003.rb
	new file:   corpus/control-flow-0004.expected
	new file:   corpus/control-flow-0004.rb
	new file:   corpus/control-flow-0005.expected
	new file:   corpus/control-flow-0005.rb
	new file:   corpus/control-flow-0006.expected
	new file:   corpus/control-flow-0006.rb
	new file:   corpus/control-flow-0007.expected
	new file:   corpus/control-flow-0007.rb
	new file:   corpus/control-flow-0008.expected
	new file:   corpus/control-flow-0008.rb
	new file:   corpus/control-flow-0009.expected
	new file:   corpus/control-flow-0009.rb
	new file:   corpus/control-flow-0010.expected
	new file:   corpus/control-flow-0010.rb
	new file:   corpus/control-flow-0011.expected
	new file:   corpus/control-flow-0011.rb
	new file:   corpus/control-flow-0012.expected
	new file:   corpus/control-flow-0012.rb
	new file:   corpus/control-flow-0013.expected
	new file:   corpus/control-flow-0013.rb
	new file:   corpus/control-flow-0014.expected
	new file:   corpus/control-flow-0014.rb
	new file:   corpus/control-flow-0015.expected
	new file:   corpus/control-flow-0015.rb
	new file:   corpus/control-flow-0016.expected
	new file:   corpus/control-flow-0016.rb
	new file:   corpus/faults-0001.expected
	new file:   corpus/faults-0001.rb
	new file:   corpus/faults-0002.expected
	new file:   corpus/faults-0002.rb
	new file:   corpus/faults-0003.expected
	new file:   corpus/faults-0003.rb
	new file:   corpus/faults-0004.expected
	new file:   corpus/faults-0004.rb
	new file:   corpus/faults-0005.expected
	new file:   corpus/faults-0005.rb
	new file:   corpus/faults-0006.expected
	new file:   corpus/faults-0006.rb
	new file:   corpus/faults-0007.expected
	new file:   corpus/faults-0007.rb
	new file:   corpus/faults-0008.expected
	new file:   corpus/faults-0008.rb
	new file:   corpus/faults-0009.expected
	new file:   corpus/faults-0009.rb
	new file:   corpus/faults-0010.expected
	new file:   corpus/faults-0010.rb
	new file:   corpus/faults-0011.expected
	new file:   corpus/faults-0011.rb
	new file:   corpus/faults-0012.expected
	new file:   corpus/faults-0012.rb
	new file:   corpus/faults-0013.expected
	new file:   corpus/faults-0013.rb
	new file:   corpus/faults-0014.expected
	new file:   corpus/faults-0014.rb
	new file:   corpus/faults-0015.expected
	new file:   corpus/faults-0015.rb
	new file:   corpus/faults-0016.expected
	new file:   corpus/faults-0016.rb
	new file:   corpus/faults-0017.expected
	new file:   corpus/faults-0017.rb
	new file:   corpus/faults-0018.expected
	new file:   corpus/faults-0018.rb
	new file:   corpus/functions-0001.expected
	new file:   corpus/functions-0001.rb
	new file:   corpus/functions-0002.expected
	new file:   corpus/functions-0002.rb
	new file:   corpus/functions-0003.expected
	new file:   corpus/functions-0003.rb
	new file:   corpus/functions-0004.expected
	new file:   corpus/functions-0004.rb
	new file:   corpus/functions-0005.expected
	new file:   corpus/functions-0005.rb
	new file:   corpus/functions-0006.expected
	new file:   corpus/functions-0006.rb
	new file:   corpus/functions-0007.expected
	new file:   corpus/functions-0007.rb
	new file:   corpus/functions-0008.expected
	new file:   corpus/functions-0008.rb
	new file:   corpus/functions-0009.expected
	new file:   corpus/functions-0009.rb
	new file:   corpus/functions-0010.expected
	new file:   corpus/functions-0010.rb
	new file:   corpus/functions-0011.expected
	new file:   corpus/functions-0011.rb
	new file:   corpus/functions-0012.expected
	new file:   corpus/functions-0012.rb
	new file:   corpus/functions-0013.expected
	new file:   corpus/functions-0013.rb
	new file:   corpus/functions-0014.expected
	new file:   corpus/functions-0014.rb
	new file:   corpus/functions-0015.expected
	new file:   corpus/functions-0015.rb
	new file:   corpus/functions-0016.expected
	new file:   corpus/functions-0016.rb
	new file:   corpus/labels-0001.expected
	new file:   corpus/labels-0001.rb
	new file:   corpus/labels-0002.expected
	new file:   corpus/labels-0002.rb
	new file:   corpus/labels-0003.expected
	new file:   corpus/labels-0003.rb
	new file:   corpus/labels-0004.expected
	new file:   corpus/labels-0004.rb
	new file:   corpus/labels-0005.expected
	new file:   corpus/labels-0005.rb
	new file:   corpus/labels-0006.expected
	new file:   corpus/labels-0006.rb
	new file:   corpus/labels-0007.expected
	new file:   corpus/labels-0007.rb
	new file:   corpus/labels-0008.expected
	new file:   corpus/labels-0008.rb
	new file:   corpus/labels-0009.expected
	new file:   corpus/labels-0009.rb
	new file:   corpus/labels-0010.expected
	new file:   corpus/labels-0010.rb
	new file:   corpus/lists-0001.expected
	new file:   corpus/lists-0001.rb
	new file:   corpus/lists-0002.expected
	new file:   corpus/lists-0002.rb
	new file:   corpus/lists-0003.expected
	new file:   corpus/lists-0003.rb
	new file:   corpus/lists-0004.expected
	new file:   corpus/lists-0004.rb
	new file:   corpus/lists-0005.expected
	new file:   corpus/lists-0005.rb
	new file:   corpus/lists-0006.expected
	new file:   corpus/lists-0006.rb
	new file:   corpus/lists-0007.expected
	new file:   corpus/lists-0007.rb
	new file:   corpus/lists-0008.expected
	new file:   corpus/lists-0008.rb
	new file:   corpus/lists-0009.expected
	new file:   corpus/lists-0009.rb
	new file:   corpus/lists-0010.expected
	new file:   corpus/lists-0010.rb
	new file:   corpus/lists-0011.expected
	new file:   corpus/lists-0011.rb
	new file:   corpus/lists-0012.expected
	new file:   corpus/lists-0012.rb
	new file:   corpus/lists-0013.expected
	new file:   corpus/lists-0013.rb
	new file:   corpus/lists-0014.expected
	new file:   corpus/lists-0014.rb
	new file:   corpus/lists-0015.expected
	new file:   corpus/lists-0015.rb
	new file:   corpus/lists-0016.expected
	new file:   corpus/lists-0016.rb
	new file:   corpus/lists-0017.expected
	new file:   corpus/lists-0017.rb
	new file:   corpus/lists-0018.expected
	new file:   corpus/lists-0018.rb
	new file:   corpus/loop-forms-0001.expected
	new file:   corpus/loop-forms-0001.rb
	new file:   corpus/loop-forms-0002.expected
	new file:   corpus/loop-forms-0002.rb
	new file:   corpus/loop-forms-0003.expected
	new file:   corpus/loop-forms-0003.rb
	new file:   corpus/loop-forms-0004.expected
	new file:   corpus/loop-forms-0004.rb
	new file:   corpus/loop-forms-0005.expected
	new file:   corpus/loop-forms-0005.rb
	new file:   corpus/loop-forms-0006.expected
	new file:   corpus/loop-forms-0006.rb
	new file:   corpus/loop-forms-0007.expected
	new file:   corpus/loop-forms-0007.rb
	new file:   corpus/loop-forms-0008.expected
	new file:   corpus/loop-forms-0008.rb
	new file:   corpus/loop-forms-0009.expected
	new file:   corpus/loop-forms-0009.rb
	new file:   corpus/loop-forms-0010.expected
	new file:   corpus/loop-forms-0010.rb
	new file:   corpus/loop-forms-0011.expected
	new file:   corpus/loop-forms-0011.rb
	new file:   corpus/loop-forms-0012.expected
	new file:   corpus/loop-forms-0012.rb
	new file:   corpus/loop-forms-0013.expected
	new file:   corpus/loop-forms-0013.rb
	new file:   corpus/loop-forms-0014.expected
	new file:   corpus/loop-forms-0014.rb
	new file:   corpus/loop-forms-0015.expected
	new file:   corpus/loop-forms-0015.rb
	new file:   corpus/loop-forms-0016.expected
	new file:   corpus/loop-forms-0016.rb
	new file:   corpus/loop-forms-0017.expected
	new file:   corpus/loop-forms-0017.rb
	new file:   corpus/malformed-0001.expected
	new file:   corpus/malformed-0001.rb
	new file:   corpus/malformed-0002.expected
	new file:   corpus/malformed-0002.rb
	new file:   corpus/malformed-0003.expected
	new file:   corpus/malformed-0003.rb
	new file:   corpus/malformed-0004.expected
	new file:   corpus/malformed-0004.rb
	new file:   corpus/malformed-0005.expected
	new file:   corpus/malformed-0005.rb
	new file:   corpus/malformed-0006.expected
	new file:   corpus/malformed-0006.rb
	new file:   corpus/malformed-0007.expected
	new file:   corpus/malformed-0007.rb
	new file:   corpus/malformed-0008.expected
	new file:   corpus/malformed-0008.rb
	new file:   corpus/malformed-0009.expected
	new file:   corpus/malformed-0009.rb
	new file:   corpus/malformed-0010.expected
	new file:   corpus/malformed-0010.rb
	new file:   corpus/malformed-0011.expected
	new file:   corpus/malformed-0011.rb
	new file:   corpus/malformed-0012.expected
	new file:   corpus/malformed-0012.rb
	new file:   corpus/malformed-0013.expected
	new file:   corpus/malformed-0013.rb
	new file:   corpus/malformed-0014.expected
	new file:   corpus/malformed-0014.rb
	new file:   corpus/malformed-0015.expected
	new file:   corpus/malformed-0015.rb
	new file:   corpus/malformed-0016.expected
	new file:   corpus/malformed-0016.rb
	new file:   corpus/malformed-0017.expected
	new file:   corpus/malformed-0017.rb
	new file:   corpus/malformed-0018.expected
	new file:   corpus/malformed-0018.rb
	new file:   corpus/malformed-0019.expected
	new file:   corpus/malformed-0019.rb
	new file:   corpus/malformed-0020.expected
	new file:   corpus/malformed-0020.rb
	new file:   corpus/malformed-0021.expected
	new file:   corpus/malformed-0021.rb
	new file:   corpus/malformed-0022.expected
	new file:   corpus/malformed-0022.rb
	new file:   corpus/malformed-0023.expected
	new file:   corpus/malformed-0023.rb
	new file:   corpus/malformed-0024.expected
	new file:   corpus/malformed-0024.rb
	new file:   corpus/malformed-0025.expected
	new file:   corpus/malformed-0025.rb
	new file:   corpus/malformed-0026.expected
	new file:   corpus/malformed-0026.rb
	new file:   corpus/malformed-0027.expected
	new file:   corpus/malformed-0027.rb
	new file:   corpus/malformed-0028.expected
	new file:   corpus/malformed-0028.rb
	new file:   corpus/malformed-0029.expected
	new file:   corpus/malformed-0029.rb
	new file:   corpus/malformed-0030.expected
	new file:   corpus/malformed-0030.rb
	new file:   corpus/malformed-0031.expected
	new file:   corpus/malformed-0031.rb
	new file:   corpus/nesting-0001.expected
	new file:   corpus/nesting-0001.rb
	new file:   corpus/nesting-0002.expected
	new file:   corpus/nesting-0002.rb
	new file:   corpus/nesting-0003.expected
	new file:   corpus/nesting-0003.rb
	new file:   corpus/nesting-0004.expected
	new file:   corpus/nesting-0004.rb
	new file:   corpus/nesting-0005.expected
	new file:   corpus/nesting-0005.rb
	new file:   corpus/nesting-0006.expected
	new file:   corpus/nesting-0006.rb
	new file:   corpus/nesting-0007.expected
	new file:   corpus/nesting-0007.rb
	new file:   corpus/nesting-0008.expected
	new file:   corpus/nesting-0008.rb
	new file:   corpus/nesting-0009.expected
	new file:   corpus/nesting-0009.rb
	new file:   corpus/nesting-0010.expected
	new file:   corpus/nesting-0010.rb
	new file:   corpus/nesting-0011.expected
	new file:   corpus/nesting-0011.rb
	new file:   corpus/nesting-0012.expected
	new file:   corpus/nesting-0012.rb
	new file:   corpus/nesting-0013.expected
	new file:   corpus/nesting-0013.rb
	new file:   corpus/nesting-0014.expected
	new file:   corpus/nesting-0014.rb
	new file:   corpus/nesting-0015.expected
	new file:   corpus/nesting-0015.rb
	new file:   corpus/nesting-0016.expected
	new file:   corpus/nesting-0016.rb
	new file:   corpus/numeric-boundary-0001.expected
	new file:   corpus/numeric-boundary-0001.rb
	new file:   corpus/numeric-boundary-0002.expected
	new file:   corpus/numeric-boundary-0002.rb
	new file:   corpus/numeric-boundary-0003.expected
	new file:   corpus/numeric-boundary-0003.rb
	new file:   corpus/numeric-boundary-0004.expected
	new file:   corpus/numeric-boundary-0004.rb
	new file:   corpus/numeric-boundary-0005.expected
	new file:   corpus/numeric-boundary-0005.rb
	new file:   corpus/numeric-boundary-0006.expected
	new file:   corpus/numeric-boundary-0006.rb
	new file:   corpus/numeric-boundary-0007.expected
	new file:   corpus/numeric-boundary-0007.rb
	new file:   corpus/numeric-boundary-0008.expected
	new file:   corpus/numeric-boundary-0008.rb
	new file:   corpus/numeric-boundary-0009.expected
	new file:   corpus/numeric-boundary-0009.rb
	new file:   corpus/numeric-boundary-0010.expected
	new file:   corpus/numeric-boundary-0010.rb
	new file:   corpus/numeric-boundary-0011.expected
	new file:   corpus/numeric-boundary-0011.rb
	new file:   corpus/numeric-boundary-0012.expected
	new file:   corpus/numeric-boundary-0012.rb
	new file:   corpus/numeric-boundary-0013.expected
	new file:   corpus/numeric-boundary-0013.rb
	new file:   corpus/numeric-boundary-0014.expected
	new file:   corpus/numeric-boundary-0014.rb
	new file:   corpus/numeric-boundary-0015.expected
	new file:   corpus/numeric-boundary-0015.rb
	new file:   corpus/numeric-boundary-0016.expected
	new file:   corpus/numeric-boundary-0016.rb
	new file:   corpus/numeric-boundary-0017.expected
	new file:   corpus/numeric-boundary-0017.rb
	new file:   corpus/numeric-boundary-0018.expected
	new file:   corpus/numeric-boundary-0018.rb
	new file:   corpus/numeric-boundary-0019.expected
	new file:   corpus/numeric-boundary-0019.rb
	new file:   corpus/numeric-boundary-0020.expected
	new file:   corpus/numeric-boundary-0020.rb
	new file:   corpus/objects-0001.expected
	new file:   corpus/objects-0001.rb
	new file:   corpus/objects-0002.expected
	new file:   corpus/objects-0002.rb
	new file:   corpus/objects-0003.expected
	new file:   corpus/objects-0003.rb
	new file:   corpus/objects-0004.expected
	new file:   corpus/objects-0004.rb
	new file:   corpus/objects-0005.expected
	new file:   corpus/objects-0005.rb
	new file:   corpus/objects-0006.expected
	new file:   corpus/objects-0006.rb
	new file:   corpus/objects-0007.expected
	new file:   corpus/objects-0007.rb
	new file:   corpus/objects-0008.expected
	new file:   corpus/objects-0008.rb
	new file:   corpus/objects-0009.expected
	new file:   corpus/objects-0009.rb
	new file:   corpus/objects-0010.expected
	new file:   corpus/objects-0010.rb
	new file:   corpus/objects-0011.expected
	new file:   corpus/objects-0011.rb
	new file:   corpus/objects-0012.expected
	new file:   corpus/objects-0012.rb
	new file:   corpus/objects-0013.expected
	new file:   corpus/objects-0013.rb
	new file:   corpus/objects-0014.expected
	new file:   corpus/objects-0014.rb
	new file:   corpus/objects-0015.expected
	new file:   corpus/objects-0015.rb
	new file:   corpus/objects-0016.expected
	new file:   corpus/objects-0016.rb
	new file:   corpus/records-0001.expected
	new file:   corpus/records-0001.rb
	new file:   corpus/records-0002.expected
	new file:   corpus/records-0002.rb
	new file:   corpus/records-0003.expected
	new file:   corpus/records-0003.rb
	new file:   corpus/records-0004.expected
	new file:   corpus/records-0004.rb
	new file:   corpus/records-0005.expected
	new file:   corpus/records-0005.rb
	new file:   corpus/records-0006.expected
	new file:   corpus/records-0006.rb
	new file:   corpus/records-0007.expected
	new file:   corpus/records-0007.rb
	new file:   corpus/records-0008.expected
	new file:   corpus/records-0008.rb
	new file:   corpus/records-0009.expected
	new file:   corpus/records-0009.rb
	new file:   corpus/records-0010.expected
	new file:   corpus/records-0010.rb
	new file:   corpus/records-0011.expected
	new file:   corpus/records-0011.rb
	new file:   corpus/records-0012.expected
	new file:   corpus/records-0012.rb
	new file:   corpus/records-0013.expected
	new file:   corpus/records-0013.rb
	new file:   corpus/records-0014.expected
	new file:   corpus/records-0014.rb
	new file:   corpus/records-0015.expected
	new file:   corpus/records-0015.rb
	new file:   corpus/records-0016.expected
	new file:   corpus/records-0016.rb
	new file:   corpus/runtime-errors-0001.expected
	new file:   corpus/runtime-errors-0001.rb
	new file:   corpus/runtime-errors-0002.expected
	new file:   corpus/runtime-errors-0002.rb
	new file:   corpus/runtime-errors-0003.expected
	new file:   corpus/runtime-errors-0003.rb
	new file:   corpus/runtime-errors-0004.expected
	new file:   corpus/runtime-errors-0004.rb
	new file:   corpus/runtime-errors-0005.expected
	new file:   corpus/runtime-errors-0005.rb
	new file:   corpus/runtime-errors-0006.expected
	new file:   corpus/runtime-errors-0006.rb
	new file:   corpus/runtime-errors-0007.expected
	new file:   corpus/runtime-errors-0007.rb
	new file:   corpus/runtime-errors-0008.expected
	new file:   corpus/runtime-errors-0008.rb
	new file:   corpus/runtime-errors-0009.expected
	new file:   corpus/runtime-errors-0009.rb
	new file:   corpus/runtime-errors-0010.expected
	new file:   corpus/runtime-errors-0010.rb
	new file:   corpus/runtime-errors-0011.expected
	new file:   corpus/runtime-errors-0011.rb
	new file:   corpus/runtime-errors-0012.expected
	new file:   corpus/runtime-errors-0012.rb
	new file:   corpus/runtime-errors-0013.expected
	new file:   corpus/runtime-errors-0013.rb
	new file:   corpus/runtime-errors-0014.expected
	new file:   corpus/runtime-errors-0014.rb
	new file:   corpus/runtime-errors-0015.expected
	new file:   corpus/runtime-errors-0015.rb
	new file:   corpus/runtime-errors-0016.expected
	new file:   corpus/runtime-errors-0016.rb
	new file:   corpus/runtime-errors-0017.expected
	new file:   corpus/runtime-errors-0017.rb
	new file:   corpus/runtime-errors-0018.expected
	new file:   corpus/runtime-errors-0018.rb
	new file:   corpus/runtime-errors-0019.expected
	new file:   corpus/runtime-errors-0019.rb
	new file:   corpus/runtime-errors-0020.expected
	new file:   corpus/runtime-errors-0020.rb
	new file:   corpus/runtime-errors-0021.expected
	new file:   corpus/runtime-errors-0021.rb
	new file:   corpus/runtime-errors-0022.expected
	new file:   corpus/runtime-errors-0022.rb
	new file:   corpus/stdlib-0001.expected
	new file:   corpus/stdlib-0001.rb
	new file:   corpus/stdlib-0002.expected
	new file:   corpus/stdlib-0002.rb
	new file:   corpus/stdlib-0003.expected
	new file:   corpus/stdlib-0003.rb
	new file:   corpus/stdlib-0004.expected
	new file:   corpus/stdlib-0004.rb
	new file:   corpus/stdlib-0005.expected
	new file:   corpus/stdlib-0005.rb
	new file:   corpus/stdlib-0006.expected
	new file:   corpus/stdlib-0006.rb
	new file:   corpus/stdlib-0007.expected
	new file:   corpus/stdlib-0007.rb
	new file:   corpus/stdlib-0008.expected
	new file:   corpus/stdlib-0008.rb
	new file:   corpus/stdlib-0009.expected
	new file:   corpus/stdlib-0009.rb
	new file:   corpus/stdlib-0010.expected
	new file:   corpus/stdlib-0010.rb
	new file:   corpus/stdlib-0011.expected
	new file:   corpus/stdlib-0011.rb
	new file:   corpus/stdlib-0012.expected
	new file:   corpus/stdlib-0012.rb
	new file:   corpus/stdlib-0013.expected
	new file:   corpus/stdlib-0013.rb
	new file:   corpus/stdlib-0014.expected
	new file:   corpus/stdlib-0014.rb
	new file:   corpus/stdlib-0015.expected
	new file:   corpus/stdlib-0015.rb
	new file:   corpus/stdlib-0016.expected
	new file:   corpus/stdlib-0016.rb
	new file:   corpus/stdlib-0017.expected
	new file:   corpus/stdlib-0017.rb
	new file:   corpus/stdlib-0018.expected
	new file:   corpus/stdlib-0018.rb
	new file:   corpus/stdlib-0019.expected
	new file:   corpus/stdlib-0019.rb
	new file:   corpus/stdlib-0020.expected
	new file:   corpus/stdlib-0020.rb
	new file:   corpus/stdlib-0021.expected
	new file:   corpus/stdlib-0021.rb
	new file:   corpus/text-ops-0001.expected
	new file:   corpus/text-ops-0001.rb
	new file:   corpus/text-ops-0002.expected
	new file:   corpus/text-ops-0002.rb
	new file:   corpus/text-ops-0003.expected
	new file:   corpus/text-ops-0003.rb
	new file:   corpus/text-ops-0004.expected
	new file:   corpus/text-ops-0004.rb
	new file:   corpus/text-ops-0005.expected
	new file:   corpus/text-ops-0005.rb
	new file:   corpus/text-ops-0006.expected
	new file:   corpus/text-ops-0006.rb
	new file:   corpus/text-ops-0007.expected
	new file:   corpus/text-ops-0007.rb
	new file:   corpus/text-ops-0008.expected
	new file:   corpus/text-ops-0008.rb
	new file:   corpus/text-ops-0009.expected
	new file:   corpus/text-ops-0009.rb
	new file:   corpus/text-ops-0010.expected
	new file:   corpus/text-ops-0010.rb
	new file:   corpus/text-ops-0011.expected
	new file:   corpus/text-ops-0011.rb
	new file:   corpus/text-ops-0012.expected
	new file:   corpus/text-ops-0012.rb
	new file:   corpus/text-ops-0013.expected
	new file:   corpus/text-ops-0013.rb
	new file:   corpus/text-ops-0014.expected
	new file:   corpus/text-ops-0014.rb
	new file:   corpus/text-ops-0015.expected
	new file:   corpus/text-ops-0015.rb
	new file:   corpus/text-ops-0016.expected
	new file:   corpus/text-ops-0016.rb
	new file:   corpus/text-ops-0017.expected
	new file:   corpus/text-ops-0017.rb
	new file:   corpus/unicode-0001.expected
	new file:   corpus/unicode-0001.rb
	new file:   corpus/unicode-0002.expected
	new file:   corpus/unicode-0002.rb
	new file:   corpus/unicode-0003.expected
	new file:   corpus/unicode-0003.rb
	new file:   corpus/unicode-0004.expected
	new file:   corpus/unicode-0004.rb
	new file:   corpus/unicode-0005.expected
	new file:   corpus/unicode-0005.rb
	new file:   corpus/unicode-0006.expected
	new file:   corpus/unicode-0006.rb
	new file:   corpus/unicode-0007.expected
	new file:   corpus/unicode-0007.rb
	new file:   corpus/unicode-0008.expected
	new file:   corpus/unicode-0008.rb
	new file:   corpus/unicode-0009.expected
	new file:   corpus/unicode-0009.rb
	new file:   corpus/unicode-0010.expected
	new file:   corpus/unicode-0010.rb
	new file:   corpus/unicode-0011.expected
	new file:   corpus/unicode-0011.rb
	new file:   corpus/unicode-0012.expected
	new file:   corpus/unicode-0012.rb
	new file:   corpus/unicode-0013.expected
	new file:   corpus/unicode-0013.rb
	new file:   corpus/unicode-0014.expected
	new file:   corpus/unicode-0014.rb
	new file:   corpus/unicode-0015.expected
	new file:   corpus/unicode-0015.rb
	new file:   corpus/unicode-0016.expected
	new file:   corpus/unicode-0016.rb
	new file:   corpus/unicode-0017.expected
	new file:   corpus/unicode-0017.rb
	new file:   corpus/value-tails-0001.expected
	new file:   corpus/value-tails-0001.rb
	new file:   corpus/value-tails-0002.expected
	new file:   corpus/value-tails-0002.rb
	new file:   corpus/value-tails-0003.expected
	new file:   corpus/value-tails-0003.rb
	new file:   corpus/value-tails-0004.expected
	new file:   corpus/value-tails-0004.rb
	new file:   corpus/value-tails-0005.expected
	new file:   corpus/value-tails-0005.rb
	new file:   corpus/value-tails-0006.expected
	new file:   corpus/value-tails-0006.rb
	new file:   corpus/value-tails-0007.expected
	new file:   corpus/value-tails-0007.rb
	new file:   corpus/value-tails-0008.expected
	new file:   corpus/value-tails-0008.rb
	new file:   corpus/value-tails-0009.expected
	new file:   corpus/value-tails-0009.rb
	new file:   corpus/value-tails-0010.expected
	new file:   corpus/value-tails-0010.rb
	new file:   corpus/value-tails-0011.expected
	new file:   corpus/value-tails-0011.rb
	new file:   corpus/value-tails-0012.expected
	new file:   corpus/value-tails-0012.rb
	new file:   corpus/value-tails-0013.expected
	new file:   corpus/value-tails-0013.rb
	new file:   corpus/value-tails-0014.expected
	new file:   corpus/value-tails-0014.rb
	new file:   corpus/value-tails-0015.expected
	new file:   corpus/value-tails-0015.rb
	new file:   corpus/value-tails-0016.expected
	new file:   corpus/value-tails-0016.rb
	new file:   corpus/value-tails-0017.expected
	new file:   corpus/value-tails-0017.rb
	new file:   corpus/value-tails-0018.expected
	new file:   corpus/value-tails-0018.rb
	new file:   corpus/value-tails-0019.expected
	new file:   corpus/value-tails-0019.rb
	new file:   corpus/value-tails-0020.expected
	new file:   corpus/value-tails-0020.rb
	new file:   corpus/value-tails-0021.expected
	new file:   corpus/value-tails-0021.rb
	new file:   corpus/value-tails-0022.expected
	new file:   corpus/value-tails-0022.rb
	new file:   corpus/value-tails-0023.expected
	new file:   corpus/value-tails-0023.rb
	new file:   corpus/value-tails-0024.expected
	new file:   corpus/value-tails-0024.rb
	new file:   corpus/value-tails-0025.expected
	new file:   corpus/value-tails-0025.rb
	new file:   corpus/value-tails-0026.expected
	new file:   corpus/value-tails-0026.rb
	new file:   phases/phase-020/FINDINGS.md
	new file:   phases/phase-020/REPORT.md
	modified:   src/bytecode/codegen.rs
	modified:   src/bytecode/vm.rs
	new file:   tests/common/corpus.rs
	new file:   tests/common/generator.rs
	new file:   tests/common/mod.rs
	new file:   tests/common/rng.rs
	new file:   tests/common/shrink.rs
	new file:   tests/common/vm.rs
	modified:   tests/differential_test.rs

no changes added to commit (use "git add" and/or "git commit -a")
[0m
[0m$ [0mls -la && ls phases/ 2>/dev/null
total 240
drwxr-xr-x 13 runner runner  4096 Oct  6 15:05 .
drwxr-xr-x  8 runner runner  4096 Oct  6 14:15 ..
drwxr-xr-x  7 runner runner  4096 Oct  6 15:08 .git
drwxr-xr-x  3 runner runner  4096 Oct  6 14:15 .github
-rw-r--r--  1 runner runner   304 Oct  6 14:15 .gitignore
-rw-r--r--  1 runner runner  5411 Oct  6 14:15 AGENTS.md
-rw-r--r--  1 runner runner  3140 Oct  6 14:15 CODE_OF_CONDUCT.md
-rw-r--r--  1 runner runner  4818 Oct  6 14:15 CONTRIBUTING.md
-rw-r--r--  1 runner runner 39455 Oct  6 14:15 Cargo.lock
-rw-r--r--  1 runner runner   632 Oct  6 14:15 Cargo.toml
-rw-r--r--  1 runner runner  6670 Oct  6 14:15 HANDOUT.md
-rw-r--r--  1 runner runner  1079 Oct  6 14:15 LICENSE
-rw-r--r--  1 runner runner  6272 Oct  6 14:15 PHILOSOPHY.md
-rw-r--r--  1 runner runner  4032 Oct  6 14:15 README.md
-rw-r--r--  1 runner runner 28928 Oct  6 14:15 ROADMAP.md
-rw-r--r--  1 runner runner 18806 Oct  6 14:15 SPEC.md
-rw-r--r--  1 runner runner   416 Oct  6 14:15 a.out
drwxr-xr-x  2 runner runner 36864 Oct  6 14:57 corpus
drwxr-xr-x  2 runner runner  4096 Oct  6 14:15 docs
-rw-r--r--  1 runner runner     0 Oct  6 14:15 err.txt
-rw-r--r--  1 runner runner     0 Oct  6 14:15 errors.txt
drwxr-xr-x  2 runner runner  4096 Oct  6 14:15 examples
-rw-r--r--  1 runner runner  3400 Oct  6 14:15 export.sh
drwxr-xr-x  2 runner runner  4096 Oct  6 14:15 modules
drwxr-xr-x 21 runner runner  4096 Oct  6 15:01 phases
drwxr-xr-x  5 runner runner  4096 Oct  6 14:15 src
drwxr-xr-x  4 runner runner  4096 Oct  6 14:16 target
-rw-r--r--  1 runner runner   622 Oct  6 14:15 test.redblue
drwxr-xr-x  3 runner runner  4096 Oct  6 14:45 tests
drwxr-xr-x  4 runner runner  4096 Oct  6 14:15 tooling
phase-002
phase-003
phase-004
phase-006
phase-007
phase-008
phase-009
phase-010
phase-011
phase-012
phase-013
phase-014
phase-015
phase-016
phase-017
phase-018
phase-019
phase-020
phase-024
[0m
I'll start by understanding the current state of the phase-020 work.
[0m$ [0mls phases/phase-020/ && cat phases/phase-020/FINDINGS.md
FINDINGS.md
REPORT.md
# FINDINGS — phase-020

Findings this phase did **not** fix. Each one is anchored to a file:line that was
read, not inferred. The auditor should turn these into phases; a phase that fixes
one of them should say which numbered finding it is closing.

---

## §1 — The bytecode VM threw away what a program was worth (FIXED here, but it is a `must_touch` departure)

Three defects in `src/bytecode/`, all of them invisible while the top-level frame
discarded its own value:

| Where | Defect |
|---|---|
| `src/bytecode/vm.rs:904` | The outermost frame's leftover value was dropped unless the frame was a *call*, so `run` answered `nothing` for every program ending in an expression, while `src/vm.rs:397` keeps the value of the last statement. |
| `src/bytecode/vm.rs:1516` | `SET_PROPERTY` popped the value but not the receiver. `docs/BYTECODE.md:180` says it "pops a value and an object". |
| `src/bytecode/codegen.rs:147` | `statements` treated the last statement of *every* block as value-bearing, so `if n is 1 then / 7 / end` left `7` for the enclosing frame. |

**Recorded as a finding because of the placement, not the content.** This phase
declares `must_touch: ["tests/"]` and I changed `src/`. No change confined to
`tests/` can make `tree_walk == bytecode` hold on a program ending in an
expression while the two VMs disagree about what that program is worth. The
alternative was to compare printed lines only — a differential harness that
routes around a divergence and calls the routing a property. For S3 that is not
cosmetic: two VMs that disagree about a program's value make a byte-identical
fixed point vacuous, because "identical" would have two meanings.

None of the three changes a `.rbc` byte: `Opcode::ALL` is untouched and the
byte-value assertions in `tests/bytecode_test.rs` still pass.

## §2 — There is no comparison operator that lexes

`docs/GRAMMAR.md:95-98` documents `is less than`, `is greater than`,
`is less than or equal to`, `is greater than or equal to` and the `docs/GRAMMAR.md:375-381`
section adds `is equal to`, `==`, `!=`, `in`. None of them is implemented:

- `say 1 < 2`, `say 2 > 1`, `say 1 <= 1`, `say 2 >= 3`, `say 1 == 1` all fail in
  the **lexer**: `Unexpected character '<'` / `'<'` / `'>'` / `'<'` / `'='`.
- `while n is less than 3 do` fails in the **analyzer**: `Unknown variable
  'less'` — `is less than` lexes as the identifier `less` and then the
  identifier `than`.
- `say 1 in [1, 2]` fails in the **parser**: `Unexpected token In`.

Only `is`, `is not`, `and`, `or`, `not` survive. The consequences are large:

- **`while` is unusable.** It has no condition that can express a bound, so the
  only programs it could head are unbounded. The corpus therefore cannot contain
  a single bounded `while`, and `generator::statement` cannot emit one either —
  `edge_the_generator_emits_every_statement_form_it_lists` asserts that no `while`
  is generated, precisely so a future fix has to remove that assertion.
- `AGENTS.md`'s own example, `if count is greater than 10 then say "Hello"`,
  does not parse. So does `SPEC.md`'s and `docs/GRAMMAR.md:472`'s
  (`if age is greater than 18`).
- `docs/GRAMMAR.md:481`'s `for each i from 1 to 10` is refused by the parser:
  `Expected In but got From`. `for each` takes a list and nothing else.

## §3 — Six comparator word-forms the grammar documents but the parser has not got

Distinct from §2 in that these are single tokens rather than multi-word phrases:
the grammar lists `is equal to`, `==`, `!=` and `in` alongside the four
relational word-forms. The corpus pins the *current* behaviour, which is a clean
rejection, in `corpus/malformed-0020.rb` … `corpus/malformed-0022.rb` and
`corpus/labels-0002.rb`, `corpus/labels-0007.rb`, `corpus/labels-0008.rb`.

## §4 — Trailing tokens on a line are silently accepted

`say 1 2 3` prints `1` and is worth `3`. `set x to 1 2 3` is worth `3` and binds
nothing visible. `src/parser.rs` takes the expression and drops whatever follows
on the line rather than refusing it. A program with a typo on the end of a line
is a program that does something other than what it says.

Pinned at `corpus/malformed-0027.rb` and `corpus/labels-0004.rb`.

## §5 — `give back` inside a conditional does not return

`to f(n) / if n is 1 then / give back 1 / end / give back 2 / end / say f(1)`
prints `1` and carries on. So a genuinely recursive function cannot be written
at all: the only shape available is iteration spelled as recursion, which the
`functions` family uses instead. This is why the corpus's nesting/recursion row
is not covered by a real recursion case.

## §6 — A closure declared inside a function is not reachable outside it

`to outer(n) / to inner(m) / give back n + m / end / end / set i to inner(n) /
say i(1) / end / say outer(4)` gives `RuntimeError: Unknown function 'i'`. A
function value bound inside a body does not survive as a value the way
`set g to inc` does at the top level (`corpus/functions-0004.rb`,
`corpus/functions-0005.rb` pin the version that works).

## §7 — 23 of the 25 registered builtins cannot be called from Redblue source

`src/stdlib.rs` registers `uppercase` at line 36 and `length` at line 61, but
`say upper("abc")` and `say uppercase("abc")` both give
`RuntimeError: Unknown function`. Only `length` and `type_of` are reachable.
The corpus's `stdlib` family therefore covers two functions and the finding rows
for the rest of the standard library cannot be written down.

## §8 — `catch` binds the word `error`, not the caught value

`try / say 1 / 0 / catch e / say e / end` prints `error`. `try / say xs[9] /
catch err / say err / end` also prints `error`. The caught value is not bound
anywhere the program can read, so a `catch` can say *that* something failed and
nothing about *what*. `src/bytecode/vm.rs`'s `TRY` handler does push "the failed
value" (see `docs/BYTECODE.md:265-270`) but binds the text `error` in its place.

## §9 — `rbops/verify.sh` is not present in this checkout

There is no `rbops/` directory at all. The fourth gate could not be run. What was
run in its place is the backwards-compatibility check `AGENTS.md` §2 names, over
`examples/*.rb` and `modules/*.rb` — all eight pass, which matters here because
three files in `src/bytecode/` changed. See `REPORT.md`'s Gates table.

## §10 — A parser reports EOF at line N+1 for an N-line file

`corpus/control-flow-0003.rb`, `corpus/control-flow-0010.rb` and
`corpus/malformed-0002.rb` are all reported at one line past their own end with
`Expected End but got Eof`. This is a defensible convention rather than a defect,
so `edge_every_recorded_failure_points_at_a_line_of_its_own_program` grants the
exemption to that one case and nothing else, and asserts that at most 5 of the
corpus's failures use it (in fact 3 of 73 do).

## §11 — `length` counts bytes, not characters

`length("日本語")` is 9 and `length("👩‍💻")` is 11. Recorded, not changed: a
cor program's natural reading is that a string's length is its characters. See
`corpus/unicode-0002.rb` and `corpus/unicode-0005.rb`.

## §12 — `\u` escapes are not supported and a backslash before them is dropped

`say "a\u0000b"` prints `au0000b`; `say "e\u0301"` prints `eu0301`. `\\`, `\"`,
`\n` and `\t` all work. So a combining mark cannot be written in source at all,
and a typo in an escape is silently swallowed rather than refused.
[0m
[0m$ [0mcat phases/phase-020/REPORT.md
# Phase 020 — Differential + property test harness

## What changed

| File | Lines | What |
|---|---|---|
| `corpus/*.rb` + `corpus/*.expected` | +630 files | the corpus: **315 programs** across 17 families, each paired with the outcome the tree-walking VM produced — printed lines, the value the program was worth, and the failure's label and message |
| `tests/common/generator.rs` | +883 | the two generators: 17 curated corpus families, and `generate` — a *typed* grammar over a seed, which only ever faults on a fault it injected on purpose |
| `tests/differential_test.rs` | +716 −242 | 26 tests: 15 over the corpus, 8 over generated programs, 3 over the harness's own failure paths |
| `tests/common/corpus.rs` | +336 | the corpus on disk: the loader, the escaped `.expected` format, its writer, and `compare` |
| `tests/common/shrink.rs` | +405 | delta debugging: a line pass then a character pass, with `without_line`/`without_char`/`shrinks_to` exposed so the minimality assertion tests the shrinker's own decisions |
| `tests/common/vm.rs` | +212 | `Outcome`, `tree_walk_verbose`, `tree_walk`, `bytecode` — one program, two VMs, one comparison |
| `tests/common/rng.rs` | +145 | SplitMix64 written out: a fixed-integer generator, so a seed rebuilds the same bytes on any machine and any rustc |
| `tests/common/mod.rs` | +23 | the module list, and why the harness is test-only |
| `src/bytecode/vm.rs` | +17 −5 | the outermost frame's value *is* the program's value; `SET_PROPERTY` consumes its receiver, as `docs/BYTECODE.md:180` says it does |
| `src/bytecode/codegen.rs` | +42 −9 | only a block whose value is read (`main`, `Function`, `Method`) leaves one behind |

Line counts are `git diff --numstat` against `d5b42ed`, except the new files.

## Reproduction of the finding

The finding — *"No differential or property testing infrastructure exists; this
is what makes S3 provable"* — **reproduced**. The resume commit `d5b42ed` added a
runner (`tests/differential_test.rs`, 333 lines) and **no corpus at all**, so six
of its seven tests failed:

```
$ cargo test --test differential_test
thread 'corpus_holds_at_least_two_hundred_programs' panicked at tests/differential_test.rs:115:23:
corpus directory …/tests/corpus should be readable: No such file or directory (os error 2)
test result: FAILED. 1 passed; 6 failed; 0 ignored; 0 measured; 0 filtered out
```

and one of its fixtures recorded a message the interpreter does not produce:

```
---- edge_a_corpus_program_whose_expected_file_names_a_failure_reports_a_mismatch ----
assertion `left == right` failed
  left: "RuntimeError: Index 9 is out of bounds: length is 2, valid indexes are 0 to 1"
 right: "RuntimeError: Index 9 is out of bounds"
```

**The previous attempt's REPORT.md was not believed and was wrong.** It claimed
`corpus/`, `tests/common/`, a 31-test suite and three `src/` changes. The tree
contained only the 333-line runner, no `corpus/`, no `tests/common/`, and no
`src/` changes at all. Nothing from that report was taken on trust; the work was
redone and every claim below was re-measured.

### What the harness itself turned up, and why it cost three changes in `src/`

The runner compares *what a program is worth*, not only what it printed. Writing
that comparison is what made the divergence visible:

```
$ set t to 5 / say t / t
  tree-walking VM: Ok("5")
  bytecode VM:    Ok("nothing")
```

`src/bytecode/vm.rs` threw the last frame's value away unless the frame was a
*call*, so the top-level frame — which is not a call — always answered `nothing`,
while `src/vm.rs:397` keeps the value of the last statement. Two leaks became
visible the moment that stopped being discarded: `SET_PROPERTY` popped the value
but not the receiver, and `statements` treated the last statement of *every* block
as value-bearing, so `if n is 1 then / 7 / end` left `7` for the frame above.

**This is a deliberate departure from the phase's declared `must_touch: ["tests/"]`.**
No change confined to `tests/` can make `tree_walk == bytecode` hold on a program
ending in an expression while the two VMs disagree about what that program is
worth. The alternative was to compare printed lines only — a differential harness
that routes around a divergence and calls the routing a property. For S3 this is
not cosmetic: two VMs that disagree about a program's value make a byte-identical
fixed point vacuous, because "identical" would have two meanings. Recorded in
`FINDINGS.md` §1.

Red before green, on the test that found it:

```
$ cargo test --test differential_test edge_a_program_ending_in_an_expression_is_worth_it_on_both_vms
assertion `left == right` failed: tree=Outcome { output: ["5"], result: Ok("5") }
bytecode=Outcome { output: ["5"], result: Ok("nothing") }: the two VMs disagree about
what a program is worth, which makes every other comparison on it vacuous
```

## Tests added

48 `#[test]` functions in all — 26 in `tests/differential_test.rs` and 22 inside
`tests/common/` — of which **35 are named `edge_*`**. Quota was ≥ 3 with ≥ 1
`edge_*`; none was deleted, renamed to be skipped, or given an `allow`.

| Test | Edge class covered |
|---|---|
| `corpus_holds_at_least_two_hundred_programs` | corpus size, counted over `.rb` files and unconditionally |
| `every_corpus_program_has_an_expected_output_file` | loader — every program has a parseable expectation |
| `every_corpus_program_prints_what_its_expected_file_records` | output, **value** and message all compared, over 315 programs |
| `every_corpus_program_agrees_between_the_two_vms` | differential — 315 programs, both halves of the outcome; a divergence is **shrunk and printed** |
| `the_corpus_holds_programs_that_must_fail` | **asserts a failure is produced** — ≥ 40 recorded failures spanning all four labels |
| `the_corpus_holds_programs_that_are_worth_something` | differential — ≥ 25 valued programs, ≥ 10 distinct values, each run on **both** VMs |
| `regenerating_the_corpus_writes_exactly_what_the_generator_produces` | corpus integrity — writes only behind `RB_WRITE_CORPUS=1`, and **refuses to record a program the two VMs disagree about** |
| `the_checked_in_corpus_is_the_one_the_generator_produces` | corpus integrity — refuses to run when writing is enabled, rather than comparing the corpus against itself |
| `the_two_vms_agree_on_every_generated_program` | differential — 320 generated programs; on a divergence it shrinks and prints the minimal program |
| `edge_a_generated_program_only_faults_on_a_fault_that_was_injected` | type_mismatch — the typed-grammar invariant, asserted; **it found one generator defect** (table below) |
| `edge_the_generated_corpus_compares_a_program_s_value_not_only_its_output` | differential — both VMs asked about every program, ≥ half the completions are worth something, ≥ 5 distinct values |
| `edge_the_generated_corpus_reaches_every_fault_it_declares` | coverage — the declared fault list and what is injected are the same set |
| `edge_the_generator_does_not_produce_nothing_but_failures` | type_mismatch — the grammar must not degenerate into error paths |
| `a_generated_program_runs_the_same_way_every_time` | determinism — same seed twice, same outcome, and both VMs agree |
| `a_generated_program_either_completes_or_reports_a_failure` | **asserts a failure is produced** — a failure names one of the five public labels with a non-empty message; both channels occur |
| `the_generator_is_reproducible_from_its_seed` | determinism — same seed equal, different seed different |
| `edge_every_seed_produces_a_distinct_program` | determinism — 320 seeds, 320 distinct programs |
| `edge_a_printed_line_that_looks_like_a_directive_round_trips` | unicode/escapes — a printed `#value`/`#label`/`#message`/`#output`/`#end` line survives the round trip as **output** |
| `edge_an_expected_file_carrying_escapes_round_trips` | unicode/escapes — `\`, a newline inside one printed line, and a leading `#` |
| `edge_a_malformed_expected_file_is_rejected` | malformed_input — **asserts a failure is produced** — 9 malformed `.expected` files, each rejected by `catch_unwind` |
| `edge_a_corpus_program_with_no_expectation_is_a_hard_failure` | **asserts a failure is produced** — an orphan is a hard failure **naming the file**, and no expectation is invented |
| `edge_a_changed_return_value_is_a_runner_failure` | differential + **asserts a failure is produced** — an `.expected` naming the wrong value *and* one naming the wrong message each fail |
| `edge_a_program_that_prints_before_it_faults_is_recorded_not_asserted_away` | resource_limit — a `say` before an uncaught fault is recorded *and* compared; the rule that survives is that a **frontend** failure printed nothing, asserted for three programs |
| `edge_every_recorded_failure_points_at_a_line_of_its_own_program` | malformed_input — 73 recorded failures: 70 name a real line and column, 3 are the end-of-file convention and are asserted not to become the norm |
| `edge_a_mismatch_names_the_program_it_is_about` | the panic must name the file, so a failure is actionable |

The other 22 live in `tests/common/`, each next to the code it checks rather than
in a file that would only be able to reach it through the public API:
`edge_the_generator_is_the_sequence_it_documents` (the
PRNG's constants pinned), `edge_a_seed_is_replayed_and_a_different_seed_is_not`,
`edge_the_bounded_helpers_stay_inside_their_bounds`, `edge_the_singleton_and_zero_cases_are_not_ambiguous`,
`edge_a_program_ending_in_an_expression_is_worth_it_on_both_vms`,
`edge_a_statement_leaves_nothing_behind_on_either_vm` (five programs; the
`SET_PROPERTY` and stray-block-value leaks),
`edge_the_two_halves_agree_on_a_failure_and_on_what_was_printed_first`,
`edge_a_frontend_failure_printed_nothing_on_either_vm`,
`edge_the_shrinker_stops_only_when_nothing_can_be_removed` (minimality asserted
against the shrinker's **own** candidates), `edge_the_shrinker_accepts_a_candidate_only_when_it_is_shorter`,
`edge_a_character_comes_off_a_multibyte_program_at_its_own_boundary` (byte
indexing would panic on `𠮷`), `edge_a_reduction_keeps_the_trailing_newline_a_source_has`,
`edge_the_shrinker_reduces_when_no_line_can_go`, `edge_the_shrinker_never_invents_a_counterexample`,
`edge_a_line_comes_off_and_a_line_that_is_not_there_does_not`,
`edge_drop_lines_builds_the_source_the_line_pass_looks_at`,
`edge_a_reduction_is_reported_with_the_program_it_reduced`,
`edge_the_corpus_generator_is_a_function_of_nothing` (regeneration is a function
of nothing; **no two of the 315 programs are identical**),
`edge_the_generator_emits_every_statement_form_it_lists`,
`edge_every_declared_fault_is_actually_injected_by_some_seed`,
`edge_every_kind_is_reachable_and_its_arms_produce_it`.

## What the corpus holds

315 programs, no two identical. 239 run to completion; **76 must fail** — 4
`AnalyzerError`, 10 `LexerError`, 26 `ParserError`, 36 `RuntimeError`. 25 record a
`#value` other than `nothing`, across **18** distinct values: eight numbers, two
texts, `yes`, `no`, two lists and two records.

| Family | n | What it pins |
|---|---|---|
| `arithmetic` | 18 | nested `+ - * %`, unary negation, `is`/`is not`, `and`/`or`/`not` |
| `numeric-boundary` | 20 | `1/0`, `0/0`, `9%0`, `1/-0.0` caught; `0.1+0.2`, `1/3`, `-0.0`, `2147483647+1`, `2147483647`, `-2147483648`, `i64` edges, `2^53`, `2^53+1`, signed `/` and `%` |
| `text-ops` | 17 | concatenation, `length`, `is`, empty text, `\"`, `\\`, `\n`, `\t` |
| `unicode` | 17 | CJK, emoji, ZWJ, RTL, astral (`𠮷`), BOM-prefixed source, `length` and equality on each |
| `lists` | 18 | empty, singleton, index `0`, index `len-1`, negative index, trailing comma, nested list, aliasing, `for each` over each |
| `records` | 16 | one field, nested, missing key → `nothing`, repeated key keeps the last, order-independent equality, aliasing |
| `control-flow` | 16 | `if`/`else if`/`else` 1–3 deep, empty `then`, `and`/`or`/`not` in a condition, a 4-deep `if` |
| `functions` | 16 | 0/1/2-arity, a function bound to a variable and called twice, a function passed as an argument, two `give back`s, iteration-as-recursion |
| `objects` | 16 | empty object, `has` with and without a `default`, a method writing through `this`, inheritance one and two deep, `extends` shadowing, a missing field |
| `loop-forms` | 17 | `repeat 0`/`1`/`n` times, `for each` over `[]`/list/list-of-list, nested loops, a condition inside a loop |
| `nesting` | 16 | lists and records 4–7 deep, a walk down every level, `if` nested 4 deep, triple-nested loops |
| `stdlib` | 21 | `length` and `type_of` on every type, including the empty and singleton cases |
| `runtime-errors` | 22 | each catchable error inside `try … catch` — the catch must fire and the work before it must survive; plus nested `try` and `finally` |
| `faults` | 18 | the same errors uncaught: the failure **and everything printed before it** |
| `malformed` | 31 | unterminated string, stray `end`, `set` with no name / no `to` / no value, missing operand, unclosed paren, unclosed list, unclosed record, `say` with nothing, `for each` with no variable / no iterable, `repeat` with no count, stray `}`, `if` with no condition, `@`, `=`, unclosed `to`, the six non-lexing comparators, `for each … from`, a missing `then`, an unclosed index |
| `value-tails` | 26 | programs whose **last statement is a bare expression**: a bound number, a bound text, arithmetic, concatenation, `yes`, `no`, `nothing`, a whole list, a whole record, a builtin call, a property read, an index, a call, a missing key, a field write, a loop tail, BOM-prefixed programs |
| `labels` | 10 | one program per public failure shape, so the coverage assertion has something to name |

`stdlib` covers only `length` and `type_of` because 23 of the 25 registered
builtins cannot be called from Redblue source → `FINDINGS.md` §7. There is **no
`while` anywhere in the corpus** because no comparison operator lexes →
`FINDINGS.md` §2.

### One generator defect the typed-grammar invariant caught

`edge_a_generated_program_only_faults_on_a_fault_that_was_injected` is only worth
having if it finds things. It found one in its first run:

```
seed 95: no fault was injected, so a typed grammar must not have produced a failure
say nothing
set xs to [7.5]
("a b" + "a"b")

  outcome: Outcome { output: [], result: Err("LexerError: Unterminated string") }
```

`text_literal` spliced a raw word into quotes, so the word `a"b` produced the
source `"a"b"` — a `LexerError` from a program the grammar meant to be well-typed.
Fixed by escaping inside `text_literal` itself rather than by removing the word
from the list, because the word is what found the bug. This is the shape of the
defect in general: the generator's grammar said `Kind::Text` and the grammar was
wrong about escaping.

### Every new assertion is mutation-checked

Each fix was verified by putting the defect back and watching a test fail. Nothing
here was taken on trust:

| Defect restored | Test(s) that failed |
|---|---|
| top-level frame's value discarded again (`src/bytecode/vm.rs:904`) | `edge_a_program_ending_in_an_expression_is_worth_it_on_both_vms`, `every_corpus_program_agrees_between_the_two_vms`, `regenerating_the_corpus_writes_exactly_what_the_generator_produces`, `the_corpus_holds_programs_that_are_worth_something`, `the_two_vms_agree_on_every_generated_program`, `edge_the_generated_corpus_compares_a_program_s_value_not_only_its_output`, `a_generated_program_runs_the_same_way_every_time` (**7**) |
| `SET_PROPERTY` leaks its receiver again (`src/bytecode/vm.rs:1516`) | `edge_a_statement_leaves_nothing_behind_on_either_vm`, `every_corpus_program_agrees_between_the_two_vms`, `regenerating_the_corpus_writes_exactly_what_the_generator_produces` (**3**) |
| an `if` branch value-bearing again (`src/bytecode/codegen.rs:147`) | `edge_a_statement_leaves_nothing_behind_on_either_vm` (**1**) |
| the loader skips a program with no `.expected` | `edge_a_corpus_program_with_no_expectation_is_a_hard_failure` |
| `compare` stops checking the value | `edge_a_changed_return_value_is_a_runner_failure` |
| `#` not escaped in the `.expected` format | `edge_a_printed_line_that_looks_like_a_directive_round_trips` |
| `escape` loses the newline case | `edge_an_expected_file_carrying_escapes_round_trips`, `regenerating_the_corpus_writes_exactly_what_the_generator_produces` (**2**) |
| `without_char` indexes bytes, not characters | `edge_a_character_comes_off_a_multibyte_program_at_its_own_boundary` |
| `shrinks_to` accepts an equal-length candidate | `edge_the_shrinker_accepts_a_candidate_only_when_it_is_shorter` |

Two mutations were also checked to *compile*: `-D warnings` is in effect in this
tree, so a mutation that left an unused variable would have failed to build and
its "test result: ok" would have been a stale binary. One did exactly that, and
was re-run with a mutation that keeps the variable live.

### Two harness defects the harness's own tests caught

Both were mine, both were found by the file that was supposed to be trustworthy:

1. **Two copies of the frontend pipeline.** `tree_walk` reported "printed
   nothing" for every faulting program, because the copy that computed the
   outcome returned an empty output on any failure. That made the runner disagree
   with the bytecode VM about *every* program that printed before it faulted, and
   it made `edge_a_program_that_prints_before_it_faults_is_recorded_not_asserted_away`
   fail on its own premise. Fixed by one `tree_walk_verbose` returning
   `(Vec<String>, Option<Error>)`; `tree_walk` and `tree_walk_failure` are both
   thin wrappers on it.
2. **`shrink` could loop forever.** It accepted any candidate the predicate held,
   and `without_line` on a one-line source returns `"\n"` — which `without_line`
   on `"\n"` returns again. A predicate satisfied by an empty reduction never
   returned. Fixed by the strictly-shorter rule, pinned by
   `edge_the_shrinker_accepts_a_candidate_only_when_it_is_shorter` so the mutation
   *fails* rather than hangs.

A third defect was mine and is not a defect in the harness: the first version of
the position helper kept only the analyzer's and the VM's errors, so it reported
as a corpus defect a program the corpus had recorded correctly. It is now
`vm::tree_walk_failure`, on the one pipeline.

## Edge-case matrix

| Row | Covered? |
|---|---|
| empty | covered — `lists` holds `[]` and `for each` over it, `text-ops` holds `length("")` and `say ""`, `stdlib` holds `length([])`/`type_of([])`/`type_of({})`, `control-flow` holds an empty `then`, `loop-forms` holds `repeat 0 times`, `records` holds `{}` and `length({})` |
| singleton | covered — one-element list (`length([1])`, `xs[0]`), one-field record, `repeat 1 times`, `length("a")`, `for each` over `[1, 2]`, `to zero()` |
| boundary | covered — index `0`, `len-1`, `[-1]`, `[-3]`, `xs[2-2]` in `lists`; `2147483647`, `2147483647+1`, `-2147483648`, `9223372036854775807`, `-9223372036854775808`, `9007199254740992`, `9007199254740993`, `0.1+0.7` in `numeric-boundary`; loop counters at `repeat 0` and `repeat 10` |
| out_of_bounds | covered — `faults` holds index `len`, index `1` of a 1-list and `xs[9]` of a 2-list; `runtime-errors` holds the same three inside `catch`. Each records the exact message, e.g. `Index 0 is out of bounds: length is 0, the list is empty, so it has no valid index` |
| type_mismatch | covered — `faults` holds number+text, list+text, yes+number, nothing+number, text−number, text×number, index-on-number, index-on-record, index-on-`nothing`, `length({})`, `length(yes)`, `length(nothing)`, an unknown function, property-on-`nothing` |
| numeric_boundary | covered — `numeric-boundary`: `1/0`, `0/0`, `9%0`, `n/0`, `1/-0.0`, `0.1+0.2`, `1/3`, `-0.0`, `-7/2`, `7/-2`, `-7%3`, `7%-3`, `9%9`, and the `i64`/2^53 edges |
| unicode | covered — `unicode`: CJK, emoji, ZWJ (`👩‍💻`), RTL (`مرحبا`), astral (`𠮷`), accented, arrow/∞, BOM-prefixed source, `length` and equality on each; plus `text-ops` for `\\`, `\"`, `\n`, `\t`. **Not covered:** combining marks written in source, because `\u` escapes are dropped (`FINDINGS.md` §12) |
| nesting_recursion | covered — `nesting` (lists and records 4–7 deep, a walk down every level, `if` nested 4 deep, triple-nested loops), `functions` (a function bound to a variable, a function passed as an argument, two `give back`s), `objects` (inheritance two deep). **Terminating recursion is not covered and cannot be** — `give back` inside a conditional does not return (`FINDINGS.md` §5); the family holds iteration-as-recursion instead. A closure declared inside a function is also unreachable (`FINDINGS.md` §6) |
| duplicate_missing_keys | covered — `records` holds a repeated key (`{a: 1, a: 2}` keeps the last), a missing key (`nothing`), a missing key two levels down (`r.a.missing`), a missing key three levels down (`r.b.c.missing`), and aliasing (`set s to r` then writing through `s`); `objects` holds a missing field |
| malformed_input | covered — `malformed` (31 programs) and `labels` (10), plus `edge_a_malformed_expected_file_is_rejected` (9 rejected `.expected` files) and the shrinker's minimality tests, which reduce to malformed programs |
| resource_limit | covered — `runtime-errors` and `faults` hold every catchable runtime error and prove it is catchable rather than fatal; `malformed` holds 31 frontend failures and `edge_a_program_that_prints_before_it_faults_is_recorded_not_asserted_away` proves a frontend failure printed nothing; the property tests run 320 generated programs through both VMs and assert no panic anywhere; `edge_every_recorded_failure_points_at_a_line_of_its_own_program` checks every failure's position against a real line and column of its own program; `the_corpus_holds_programs_that_are_worth_something` records and compares the value of every successful program rather than assuming it |
| value_bearing_tail | covered — the `value-tails` family (26 programs, 25 worth something on **both** VMs: eight numbers, two texts, `yes`, `no`, two lists and two records), plus `edge_the_generated_corpus_compares_a_program_s_value_not_only_its_output`, which requires at least half of the completed generated programs to be worth something |
| generator_well_typed | covered — `edge_a_generated_program_only_faults_on_a_fault_that_was_injected`: every generated program carrying no injected fault runs to completion, which makes `FAULTS` the *only* source of failure. It found one broken arm in its first run |

## Gates

Run in the order `AGENTS.md` §3.4 gives.

| Gate | Result |
|---|---|
| `cargo fmt --all -- --check` | pass — no diff |
| `cargo clippy --all-targets -- -D warnings` | pass — 0 warnings |
| `cargo test --all-targets --no-fail-fast` | **542 passed, 0 failed, 0 ignored** (24 test binaries); `cargo test --doc`: 1 passed |
| `./rbops/verify.sh phase-020` | **not run — `rbops/verify.sh` does not exist in this checkout** (`FINDINGS.md` §9) |

542 rather than the 495 of the resume commit: 48 tests replaced the 7 the
interrupted attempt had, none was deleted, renamed to be skipped, or given an
`allow`. All 495 pre-existing tests still pass.

On the fourth gate, honestly: there is no `rbops/` directory in this checkout at
all, and the task instructions say the pipeline that dispatched this phase lives
outside the checkout and is not to be inspected. The three gates that do exist
were run and are green. In their place, the backwards-compatibility check
`AGENTS.md` §2 names:

```
$ for f in examples/*.rb modules/*.rb; do ./target/debug/rb run "$f"; done
ok examples/files.rb   ok examples/fizzbuzz.rb   ok examples/formats.rb
ok examples/hello.rb   ok examples/test_arithmetic.rb   ok examples/time.rb
ok modules/MathUtils.rb   ok modules/SuiteKit.rb
```

All eight run clean. Three files in `src/bytecode/` changed, so this was
re-checked rather than assumed — it is a check that `src/` did not change
behaviour the examples depend on, and it passed.

Determinism was checked by regenerating and comparing checksums:

```
$ before=$(cat corpus/* | sha256sum)
$ RB_WRITE_CORPUS=1 cargo test --test differential_test regenerating
$ after=$(cat corpus/* | sha256sum)
DETERMINISTIC: regeneration is byte-identical
```

## Invariants touched

- **None of the language.** No syntax or grammar changed. The `Value` and `Error`
  variants, the `.rb` extension, `to … end` / `if … end` / `for … end`, `set x to`,
  `say`, and the trailing-comma syntax are all untouched, and all 495
  pre-existing tests still pass.
- **One thing about what a program *is worth* changed on the bytecode VM**, which
  is documented as an invariant and is called out here rather than buried:
  - a program ending in a bare expression now ends with that expression's value on
    the bytecode VM, as it already did on the tree-walking one (`FINDINGS.md` §1);
  - a statement consumes everything it produced, so `set r.a to 2` no longer leaks
    a record onto the operand stack and `if … then 7 … end` no longer leaves `7`
    for the enclosing block. Both were invisible before, because the top-level
    frame discarded whatever it finished with; they are the same bug wearing a
    second hat.
  Neither changes a `.rbc`'s byte format (`Opcode::ALL` is untouched and the
  byte-value assertions in `tests/bytecode_test.rs` still pass), so the bootstrap
  ladder's S1 artifact is unaffected, and neither changes the `.expected` format.
- **One placement decision.** The corpus lives at `corpus/`, not `tests/corpus/`.
  `redblue::testing::find_test_files("tests")` (`src/testing/mod.rs:64`) walks
  `tests/` recursively and `redblue_suite_test.rs:110` requires every `.rb` file
  it finds to declare Redblue `test` blocks with an assertion in them. A corpus
  program declares none, and *"a corpus program is not a test"* is the right thing
  for that test to say — so the corpus goes where the suite's collector does not
  walk, which is also where the phase's definition of done asks for it.

## Known gaps / follow-ups

- **There is no comparison operator that lexes, so there is no `while` and no
  bounded loop written as a condition.** `<`, `>`, `<=`, `>=`, `==`, `!=`,
  `is less than`, `is greater than` and `in` are all documented in
  `docs/GRAMMAR.md:95-98` and none works. `AGENTS.md`'s own first example does
  not parse → `FINDINGS.md` §2.
- **The corpus cannot cover the documented standard library.** 23 of the 25
  registered builtins are unreachable from Redblue source → `FINDINGS.md` §7.
- **The corpus cannot hold a terminating recursion** (`give back` inside a
  conditional does not return) or a closure declared inside a function →
  `FINDINGS.md` §5, §6.
- **A `catch` cannot read the value it caught** — it binds the text `"error"` →
  `FINDINGS.md` §8.
- **Trailing tokens on a line are silently accepted** (`say 1 2 3` prints `1` and
  is worth `3`) → `FINDINGS.md` §4.
- **`\u` escapes are dropped rather than refused**, so a combining mark cannot be
  written in source and a mistyped escape is swallowed → `FINDINGS.md` §12.
- **`length` counts bytes, not characters** → `FINDINGS.md` §11.
- **The generator's grammar is typed**, so it cannot generate a type-mismatched
  program by accident; `FAULTS` injects those on purpose. That is a deliberate
  limit — a generator that produced mostly type errors would assert only that
  errors happen, which `edge_the_generator_does_not_produce_nothing_but_failures`
  fails on.
- **The corpus regenerates only when `RB_WRITE_CORPUS=1` is set.** A CI job that
  set it would rewrite the golden files instead of failing on a regression.
  `the_checked_in_corpus_is_the_one_the_generator_produces` refuses to run at all
  in that case rather than comparing the corpus against itself.
- **A property-harness phase cannot see a defect both VMs share.** Eleven of the
  twelve items in `FINDINGS.md` are limitations of the language that the two VMs
  agree on, which is exactly the class a *differential* harness is blind to. Only
  §1 was visible to this phase, and only because the harness compared something
  other than printed output.
- **`rbops/verify.sh` was not run because it is not present** → `FINDINGS.md` §9.
[0m
[0m$ [0mls -a; cat HANDOUT.md | head -100
.
..
.git
.github
.gitignore
AGENTS.md
CODE_OF_CONDUCT.md
CONTRIBUTING.md
Cargo.lock
Cargo.toml
HANDOUT.md
LICENSE
PHILOSOPHY.md
README.md
ROADMAP.md
SPEC.md
a.out
corpus
docs
err.txt
errors.txt
examples
export.sh
modules
phases
src
target
test.redblue
tests
tooling
# REDBLUE PROGRAMMING LANGUAGE
## Portable Handout - Complete Project Transfer

**Version**: 0.1.0  
**Created**: March 2026  
**Status**: Phase 1-6 Complete

---

## QUICK START

### On This Computer (Already Has Files)
```bash
cd redblue
cargo build --release
cargo run
```

### On Another Computer

#### Option 1: Clone from GitHub
```bash
git clone https://github.com/YOUR_USERNAME/redblue.git
cd redblue
cargo build --release
cargo run
```

#### Option 2: Use This Handout
1. Copy the entire `redblue/` folder to the other computer
2. Install Rust: https://rustup.rs
3. Run: `cargo build --release`
4. Run: `cargo run`

---

## WHAT IS REDBLUE?

Redblue is a programming language designed to be as readable as plain English.

**Example Code:**
```redblue
say "Hello, World!"

set name to "World"
if name is "World"
    say "Hello, {name}!"
end

to add(a, b)
    give back a + b
end
```

---

## PROJECT STRUCTURE

```
redblue/
├── src/                    # Rust source code
│   ├── lib.rs             # Main library
│   ├── main.rs            # CLI entry
│   ├── lexer.rs           # Tokenizer
│   ├── parser.rs          # AST builder
│   ├── analyzer.rs        # Semantic analysis
│   ├── vm.rs              # Virtual machine
│   ├── value.rs           # Runtime values
│   ├── error.rs           # Error types
│   ├── repl/              # REPL implementation
│   ├── stdlib/            # Standard library
│   └── testing/           # Testing framework
├── tests/                  # Test files
├── examples/               # Example programs (.rb)
├── docs/                  # Documentation
├── tooling/                # IDE extensions
├── Cargo.toml             # Rust project config
├── AGENTS.md             # Developer guide (THIS FILE)
├── SPEC.md               # Language specification
├── PHILOSOPHY.md         # Design principles
├── ROADMAP.md            # Project roadmap
└── README.md             # Project readme
```

---

## BUILD COMMANDS

```bash
# Build the project
cargo build

# Build in release mode (faster)
cargo build --release

# Run the REPL
cargo run

# Run a Redblue file
cargo run -- examples/hello.rb
[0m
[0m$ [0mgit show --stat HEAD | head -40
commit d5b42ed973a7da3389334584545be94c85e7ca4d
Author: rbops-bot <rbops-bot@users.noreply.github.com>
Date:   Tue Oct 6 14:16:17 2026 +0000

    resume phase-020: adopt preserved work

 tests/differential_test.rs | 333 +++++++++++++++++++++++++++++++++++++++++++++
 1 file changed, 333 insertions(+)
[0m
[0m$ [0mls tests/ tests/common/ && wc -l tests/*.rs tests/common/*.rs src/bytecode/*.rs
tests/:
bytecode_test.rs
bytecode_vm_test.rs
call_depth_test.rs
closure_capture_test.rs
common
constant_test.rs
differential_test.rs
discovery_test.rs
expect_test.rs
formatter_test.rs
index_bounds_test.rs
integration_test.rb
lexer_robustness_test.rs
linter_test.rs
loop_bounds_test.rs
numeric_edge_test.rs
object_model_test.rs
parser_hardening_test.rs
record_order_test.rs
redblue_suite_test.rs
redblue_test.rs
span_test.rs
stdlib_modules_test.rs
suite.rb
test_arithmetic.rb
test_closures.rb
test_control_flow.rb
test_functions.rb
test_lists.rb
test_modules.rb
test_numeric_edges.rb
test_object_model.rb
test_objects.rb
test_records.rb
test_text.rb
tooling_grammar_test.rs

tests/common/:
corpus.rs
generator.rs
mod.rs
rng.rs
shrink.rs
vm.rs
  1763 tests/bytecode_test.rs
  2375 tests/bytecode_vm_test.rs
   306 tests/call_depth_test.rs
   703 tests/closure_capture_test.rs
   410 tests/constant_test.rs
   807 tests/differential_test.rs
   397 tests/discovery_test.rs
   379 tests/expect_test.rs
  1063 tests/formatter_test.rs
   295 tests/index_bounds_test.rs
   346 tests/lexer_robustness_test.rs
   774 tests/linter_test.rs
   543 tests/loop_bounds_test.rs
   523 tests/numeric_edge_test.rs
   441 tests/object_model_test.rs
   407 tests/parser_hardening_test.rs
   532 tests/record_order_test.rs
   243 tests/redblue_suite_test.rs
    56 tests/redblue_test.rs
   297 tests/span_test.rs
   989 tests/stdlib_modules_test.rs
   647 tests/tooling_grammar_test.rs
   336 tests/common/corpus.rs
   883 tests/common/generator.rs
    23 tests/common/mod.rs
   145 tests/common/rng.rs
   405 tests/common/shrink.rs
   212 tests/common/vm.rs
   657 src/bytecode/codegen.rs
   223 src/bytecode/disasm.rs
   597 src/bytecode/format.rs
    35 src/bytecode/mod.rs
   375 src/bytecode/opcode.rs
  2085 src/bytecode/vm.rs
 20272 total
[0m
[0m→ [0mRead tests/common/vm.rs
[0m
[0m$ [0mgrep -n "run_isolated" -A 40 src/lib.rs | head -80
35:    run_isolated, Vm, MAX_CALL_DEPTH, MAX_CALL_DEPTH_ENV, MAX_ITERATIONS, MAX_ITERATIONS_ENV,
36-    MAX_STEPS, MAX_STEPS_ENV, NETWORK_CONNECT_TIMEOUT_SECS, NETWORK_TIMEOUT_SECS,
37-};
38-
39-pub fn run_file(path: &str) -> Result<(), Error> {
40-    let source = fs::read_to_string(path).map_err(|e| Error::Io(e.to_string()))?;
41-
42-    run_source(&source)
43-}
44-
45-/// Runs `path` and, when it fails, renders the source line and caret for the
46-/// failure next to the message.
47-fn run_file_with_diagnostic(path: &str) -> std::result::Result<(), String> {
48-    let source = match fs::read_to_string(path) {
49-        Ok(source) => source,
50-        Err(e) => return Err(Error::Io(e.to_string()).to_string()),
51-    };
52-
53-    run_source(&source).map_err(|e| e.render(&source, Some(path)))
54-}
55-
56-fn report(rendered: &str) -> ! {
57-    eprintln!("Error: {}", rendered);
58-    process::exit(1);
59-}
60-
61-pub fn run_source(source: &str) -> Result<(), Error> {
62-    let tokens = Lexer::tokenize(source)?;
63-    let ast = parser::parse(tokens)?;
64-    analyzer::analyze(&ast)?;
65-
66:    let (_vm, result) = vm::run_isolated(&ast);
67-    result.map(|_| ())
68-}
69-
70-/// The whole pipeline on `source` — lexer, parser, analyzer, then the VM — and
71-/// the value of its last statement.
72-///
73-/// [`run_source`] is the same pipeline and reports only whether it succeeded.
74-/// This returns what the program evaluated to, so a caller can assert on a run
75-/// that went through the analyzer rather than around it: a test that skips the
76-/// analyzer cannot fail on what the analyzer refuses.
77-pub fn run_source_value(source: &str) -> Result<Value, Error> {
78-    let tokens = Lexer::tokenize(source)?;
79-    let ast = parser::parse(tokens)?;
80-    analyzer::analyze(&ast)?;
81-
82:    let (_vm, result) = vm::run_isolated(&ast);
83-    result
84-}
85-
86-pub fn run_repl() {
87-    let mut repl = repl::Repl::new();
88-    repl.run();
89-}
90-
91-pub fn run_test(path: Option<&str>) -> Result<(), Error> {
92-    let mut harness = testing::TestHarness::new();
93-
94-    match path {
95-        Some(p) => {
96-            harness.run_file(p)?;
97-            // Report the failures and exit non-zero. Without this a failing
98-            // `expect` printed only a dot/F and still exited 0.
99-            testing::PrettyReporter::new().report(&harness.results());
100-        }
101-        None => {
102-            let results = testing::run_all_tests()?;
103-            println!("Tests run: {}", results.total);
104-            println!("Passed: {}", results.passed);
105-            println!("Failed: {}", results.failed);
106-            if results.failed > 0 {
107-                process::exit(1);
108-            }
109-        }
110-    }
111-
112-    Ok(())
113-}
114-
[0m
[0m$ [0mgrep -rn "run_isolated\|take_output" src/lib.rs src/vm.rs | head -30
src/lib.rs:35:    run_isolated, Vm, MAX_CALL_DEPTH, MAX_CALL_DEPTH_ENV, MAX_ITERATIONS, MAX_ITERATIONS_ENV,
src/lib.rs:66:    let (_vm, result) = vm::run_isolated(&ast);
src/lib.rs:82:    let (_vm, result) = vm::run_isolated(&ast);
src/vm.rs:122:pub fn run_isolated(program: &Program) -> (Vm, Result<Value>) {
src/vm.rs:362:    pub fn take_output(&mut self) -> Vec<String> {
[0m
[0m$ [0mgrep -rn "tree_walk_verbose\|tree_walk_failure" tests/ | grep -v "^tests/common/vm.rs"
tests/differential_test.rs:682:        let error = vm::tree_walk_failure(&source).unwrap_or_else(|| {
[0m
[0m→ [0mRead src/bytecode/vm.rs[90m [offset=860, limit=120][0m
[0m
[0m$ [0mgrep -n "pending_object" src/bytecode/vm.rs
464:    pending_object: Option<ObjectPending>,
496:            pending_object: None,
939:            .pending_object
1179:                let Some(pending) = self.pending_object.as_mut() else {
1748:        if let Some(pending) = self.pending_object.as_mut() {
1776:        self.pending_object = Some(ObjectPending {
[0m
[0m→ [0mRead src/bytecode/vm.rs[90m [offset=979, limit=80][0m
[0m→ [0mRead src/bytecode/vm.rs[90m [limit=70, offset=1160][0m
[0m→ [0mRead src/bytecode/vm.rs[90m [limit=80, offset=1730][0m
[0m
[0m$ [0mcat > /tmp/opencode/nested_obj.rb <<'EOF'
object Outer
    has a with 1

    object Inner
        has b with 2
    end

    to describe
        give back "outer"
    end
end

say Outer.a
EOF
cargo run --quiet --bin rb -- run /tmp/opencode/nested_obj.rb; echo "--- exit $?"
Error: AnalyzerError: Unknown variable 'with'
Unknown variable 'with'
  --> /tmp/opencode/nested_obj.rb:2:11
2 |     has a with 1
  |           ^
--- exit 1
[0m
[0m$ [0mgrep -n "has\b" docs/GRAMMAR.md | head -20; echo ---; grep -rn "has " corpus/objects-000*.rb | head -10
51:         | 'has' | 'can' | 'this' | 'that' | 'new' | 'extends' | 'every'
107:has_op       = 'has'
280:property_decl    = 'has' identifier [ ':' type_expression ] [ 'default' expression ]
498:    has name
499:    has age
---
corpus/objects-0002.rb:2:has x default 0
corpus/objects-0002.rb:3:has y default 0
corpus/objects-0003.rb:2:has x default 0
corpus/objects-0004.rb:2:has v default 1
corpus/objects-0005.rb:2:has v default 1
corpus/objects-0006.rb:2:has v default 1
corpus/objects-0007.rb:2:has v default 1
corpus/objects-0007.rb:5:has v default 2
corpus/objects-0009.rb:2:has v default 0
[0m
[0m$ [0mgrep -rn "bytecode\|--bytecode" src/main.rs | head -20
(no output)
[0m
[0m$ [0mcat > /tmp/opencode/nested_obj.rb <<'EOF'
object Outer
    has a default 1

    object Inner
        has b default 2
    end

    to describe
        give back "outer"
    end
end

say Outer.a
EOF
cargo run --quiet --bin rb -- run /tmp/opencode/nested_obj.rb; echo "--- exit $?"
1
--- exit 0
[0m
[0m$ [0mgrep -rn "BytecodeVm\|compile_source" tests/*.rs | head -20
tests/bytecode_test.rs:12:    compile_source, disassemble, Block, BlockKind, Chunk, Constant, Instruction, Opcode,
tests/bytecode_test.rs:82:    let chunk = compile_source(
tests/bytecode_test.rs:104:        let chunk = compile_source(&source)
tests/bytecode_test.rs:118:        let second = compile_source(&source)
tests/bytecode_test.rs:138:    let chunk = compile_source("say \"hi\"\n").expect("trivial program should compile");
tests/bytecode_test.rs:159:    let mut bytes = compile_source("say 1\n")
tests/bytecode_test.rs:175:    let mut bytes = compile_source("say 1\n")
tests/bytecode_test.rs:190:    let bytes = compile_source(
tests/bytecode_test.rs:214:    let bytes = compile_source("say 1\n")
tests/bytecode_test.rs:246:    let chunk = compile_source("say \"hi\"\n").expect("program should compile");
tests/bytecode_test.rs:265:    let bytes = compile_source("say 1\n")
tests/bytecode_test.rs:301:    let bytes = compile_source("say 1\n")
tests/bytecode_test.rs:322:    let chunk = compile_source(
tests/bytecode_test.rs:369:    let chunk = compile_source("say files.read(\"a\")\n").expect("program should compile");
tests/bytecode_test.rs:386:    let chunk = compile_source("set p to { name: 1 }\nset p.name to 2\n").expect("should compile");
tests/bytecode_test.rs:403:    let chunk = compile_source(
tests/bytecode_test.rs:474:        let chunk = compile_source(source)
tests/bytecode_test.rs:518:        let chunk = compile_source(source).unwrap_or_else(|e| panic!("{what} should compile: {e}"));
tests/bytecode_test.rs:560:    let chunk = compile_source("").expect("an empty program should compile");
tests/bytecode_test.rs:584:    let chunk = compile_source("say \"only\"\n").expect("program should compile");
[0m
[0m$ [0mcat > tests/zz_scratch_test.rs <<'EOF'
use redblue::bytecode::compile_source;
use redblue::bytecode::vm::BytecodeVm;

#[test]
fn scratch_nested_object() {
    let source = "object Outer\nhas a default 1\n\nobject Inner\nhas b default 2\nend\n\nto describe\ngive back \"outer\"\nend\nend\n\nsay Outer.a\n";
    let chunk = match compile_source(source) {
        Ok(c) => c,
        Err(e) => panic!("compile failed: {e}"),
    };
    let mut vm = BytecodeVm::new();
    let r = vm.run(&chunk);
    println!("result = {r:?}");
    println!("output = {:?}", vm.take_output());
}
EOF
cargo test --test zz_scratch_test -- --nocapture 2>&1 | tail -25
thread 'scratch_nested_object' (127390) panicked at src/bytecode/vm.rs:941:14:
an object declaration being assembled
stack backtrace:
   0: __rustc::rust_begin_unwind
   1: core::panicking::panic_fmt
   2: core::option::expect_failed
   3: <core::option::Option<redblue::bytecode::vm::ObjectPending>>::expect
   4: <redblue::bytecode::vm::BytecodeVm>::finish_object
   5: <redblue::bytecode::vm::BytecodeVm>::unwind_frame
   6: <redblue::bytecode::vm::BytecodeVm>::drive
   7: <redblue::bytecode::vm::BytecodeVm>::run
   8: zz_scratch_test::scratch_nested_object
   9: zz_scratch_test::scratch_nested_object::{closure#0}
  10: <zz_scratch_test::scratch_nested_object::{closure#0} as core::ops::function::FnOnce<()>>::call_once
note: Some details are omitted, run with `RUST_BACKTRACE=full` for a verbose backtrace.
test scratch_nested_object ... FAILED

failures:

failures:
    scratch_nested_object

test result: FAILED. 0 passed; 1 failed; 0 ignored; 0 measured; 0 filtered out; finished in 0.00s

[1m[91merror[0m: test failed, to rerun pass `--test zz_scratch_test`
[0m
[0m$ [0mrm tests/zz_scratch_test.rs; grep -n "object" src/vm.rs | head -40
173:    /// Every `object` declaration, by type name. The table is the inheritance
177:    objects: HashMap<String, ObjectType>,
192:/// One `object` declaration, after its parent has been merged into it.
195:    /// The object this one extends, kept so that a child can be resolved
273:            objects: HashMap::new(),
568:                object,
573:                if let Some(Value::Record(mut fields)) = self.get_var(object) {
575:                    self.set_var(object, Value::Record(fields))?;
705:                format!("'has {name}' is only valid inside an object declaration"),
712:            } => self.declare_object(name, extends.as_ref(), body),
821:            Expr::Property { object, property } => {
822:                let obj = self.evaluate(object)?;
825:            Expr::Index { object, index } => {
826:                let obj = self.evaluate(object)?;
891:    /// A receiver that names a declared `object` is a method call on that
894:    /// call. A receiver that names no object is a module function, spelled
907:                        "Cannot call method '{}' on {}, which is not an object",
915:        let object = match self.objects.get(&name) {
916:            Some(object) => object.clone(),
920:        let function = match object.methods.get(method) {
939:    /// Registers an `object Name [extends Parent]` declaration and binds `Name`
949:    /// `object A extends A` and a two-object cycle are reported instead of
951:    fn declare_object(
957:        if self.objects.contains_key(name) {
1005:            let Some(object) = self.objects.get(&current).cloned() else {
1012:            parent = object.parent.clone();
1013:            chain.push(object);
1016:        for object in &chain {
1017:            for (field, value) in &object.fields {
1020:            for (method, function) in &object.methods {
1027:        self.objects.insert(
1041:        // nested `object` in the body may extend this one.
[0m
[0m→ [0mRead src/vm.rs[90m [offset=690, limit=70][0m
[0m→ [0mRead src/vm.rs[90m [offset=1025, limit=70][0m
[0m→ [0mRead src/vm.rs[90m [limit=85, offset=939][0m
[0m
[0m$ [0mgrep -n "DefObject\|object_body\|Object" src/bytecode/codegen.rs
375:            Statement::Object {
382:                        kind: BlockKind::Object,
399:                emit(code, Opcode::DefObject, block, parent, line);
[0m
[0m→ [0mRead src/bytecode/codegen.rs[90m [limit=120, offset=100][0m
[0m→ [0mRead src/bytecode/codegen.rs[90m [limit=50, offset=370][0m
[0m
[0m$ [0mgrep -n "ObjectPending" -A 12 src/bytecode/vm.rs | head -40
226:struct ObjectPending {
227-    name: String,
228-    parent: Option<String>,
229-    fields: Fields,
230-    methods: Fields,
231-}
232-
233-/// One `object` declaration, after its parent has been merged into it.
234-#[derive(Clone)]
235-struct ObjectType {
236-    /// The object this one extends, kept so that a child can be resolved
237-    /// against its own parent after a later declaration changes nothing.
238-    parent: Option<String>,
--
464:    pending_object: Option<ObjectPending>,
465-    /// What the last frame to finish produced.
466-    outcome: Value,
467-    call_depth: usize,
468-    max_call_depth: usize,
469-    steps: usize,
470-    max_steps: usize,
471-    max_iterations: usize,
472-}
473-
474-impl Default for BytecodeVm {
475-    fn default() -> Self {
476-        Self::new()
--
1776:        self.pending_object = Some(ObjectPending {
1777-            name,
1778-            parent,
1779-            fields: Fields::new(),
1780-            methods: Fields::new(),
1781-        });
1782-        self.frames.push(new_frame);
1783-        self.advance(frame);
1784-        Ok(())
1785-    }
1786-
1787-    /// The name the object instruction declares: the one the `STORE` right after
[0m
[0m$ [0mgrep -n "Method\|Function" src/parser.rs | head -30
28:    // Function call
43:    MethodCall {
175:    Function {
182:    Method {
789:        Ok(Some(Statement::Function { name, params, body }))
805:            statement: Statement::Method { name, params, body },
1473:                        expr = Expr::MethodCall {
[0m
[0m$ [0mgrep -n "fn carries_its_last_expression" -A 25 src/bytecode/codegen.rs; grep -n "BlockKind" -A 30 src/bytecode/mod.rs | head -60
90:fn carries_its_last_expression(kind: BlockKind) -> bool {
91-    matches!(
92-        kind,
93-        BlockKind::Main | BlockKind::Function | BlockKind::Method
94-    )
95-}
96-
97-impl Compiler {
98-    /// Interns `text` and returns its index.
99-    fn text(&mut self, text: &str) -> u32 {
100-        if let Some(index) = self.names.get(text) {
101-            return *index;
102-        }
103-        let index = self.constants.len() as u32;
104-        self.constants.push(Constant::Text(text.to_string()));
105-        self.names.insert(text.to_string(), index);
106-        index
107-    }
108-
109-    /// Compiles a declaration into a block of its own.
110-    fn block(&mut self, decl: Decl<'_>, depth: usize) -> Result<Block> {
111-        if depth > MAX_BLOCK_DEPTH {
112-            return Err(Error::Parser(
113-                format!("program nests blocks more than {MAX_BLOCK_DEPTH} levels deep"),
114-                decl.span,
115-            ));
31:    compile_source, Block, BlockKind, Chunk, Constant, Instruction, FORMAT_VERSION,
32-    INSTRUCTION_SIZE, MAGIC, MAX_BLOCK_DEPTH, NO_BLOCK, NO_CONST,
33-};
34-pub use opcode::Opcode;
35-pub use opcode::END_TRY_MARKER;
[0m
[0m→ [0mRead src/parser.rs[90m [limit=45, offset=770][0m
[0m
[0m$ [0mgrep -rn "DefObject\|object" tests/bytecode_test.rs | head -40
296:/// `DEF_OBJECT` writes it for an object that extends nothing. A file claiming a
602:         object Thing\n    has size\n    to can grow(by)\n        say by\n    end\nend\n\
629:    let objects = blocks_of_kind(&chunk.main, BlockKind::Object);
630:    assert_eq!(objects.len(), 1);
631:    assert_eq!(objects[0].name, "Thing");
638:        names(objects[0]),
643:        "an object body initialises its fields and declares its methods"
651:/// `object Child extends Parent` has to put `Parent` in the file. A flag
653:/// walked by name (`src/vm.rs`, `declare_object`), and a file that carries only
656:fn an_extending_object_names_its_parent_in_the_constant_pool() {
658:        "object Base\n    has kind default \"base\"\nend\n\
659:         object Child extends Base\n    has size default 1\nend\n",
667:        .filter(|i| i.opcode == Opcode::DefObject)
669:    assert_eq!(defs.len(), 2, "each object declaration is one DEF_OBJECT");
673:        "an object that extends nothing writes the reserved index, not a 0"
678:        "an extending object names its parent through the constant pool, got {:?}",
709:        "an object that extends nothing should read `none`, not a reserved index:\n{text}"
713:        "the disassembly should say which object is extended:\n{text}"
723:    let chunk = compile_source("object Thing\n    has size default 5 + 2\n    has label\nend\n")
726:    let objects = blocks_of_kind(&chunk.main, BlockKind::Object);
727:    assert_eq!(objects.len(), 1, "the object body is one block");
728:    let body = objects[0];
1585:                    opcode: Opcode::DefObject,
1592:                    opcode: Opcode::DefObject,
1625:        "an object with a parent in range should say so:\n{text}"
[0m
[0m→ [0mRead tests/bytecode_test.rs[90m [limit=80, offset=595][0m
[0m→ [0mRead tests/bytecode_test.rs[90m [limit=80, offset=715][0m
[0m
[0m$ [0mgrep -n "parse_method\|parse_function\|in_object\|object_depth" src/parser.rs | head -30
469:            TokenKind::To => self.parse_function()?,
785:    fn parse_function(&mut self) -> Result<Option<Statement>> {
794:    fn parse_method(&mut self) -> Result<Option<Stmt>> {
976:                Some(TokenKind::To) => self.parse_method()?,
[0m
[0m$ [0mgrep -n "Statement::Object" -A 12 src/analyzer.rs | head -40; echo ===; grep -n "Statement::Has\|Statement::Method" src/analyzer.rs | head
271:            Statement::Object {
272-                name,
273-                extends,
274-                body,
275-            } => {
276-                self.declare(name);
277-                if let Some(parent) = extends {
278-                    if !self.lookup(parent) {
279-                        self.add_error(&format!("Unknown parent object '{}'", parent), span);
280-                    }
281-                }
282-                self.push_scope();
283-                self.declare("this");
--
484:            | Statement::Object { body, .. }
485-            | Statement::Test { body, .. } => collect_later_names(body, out),
486-            Statement::Try {
487-                body,
488-                catch_body,
489-                finally_body,
490-                ..
491-            } => {
492-                collect_later_names(body, out);
493-                collect_later_names(catch_body, out);
494-                collect_later_names(finally_body, out);
495-            }
496-            Statement::Say(_)
===
253:            Statement::Method {
266:            Statement::Has { default, .. } => {
483:            | Statement::Method { body, .. }
504:            | Statement::Has { .. }
[0m
[0m→ [0mRead src/analyzer.rs[90m [limit=45, offset=265][0m
[0m→ [0mRead src/parser.rs[90m [limit=30, offset=965][0m
[0m
[0m$ [0mcat > tests/zz_scratch_test.rs <<'EOF'
use redblue::bytecode::compile_source;
use redblue::bytecode::vm::BytecodeVm;

fn bc(source: &str) -> String {
    let chunk = match compile_source(source) {
        Ok(c) => c,
        Err(e) => return format!("COMPILE ERR: {e}"),
    };
    let mut vm = BytecodeVm::new();
    let r = std::panic::catch_unwind(std::panic::AssertUnwindSafe(|| {
        let r = vm.run(&chunk);
        let out = vm.take_output();
        format!("result={r:?} output={out:?}")
    }));
    match r {
        Ok(s) => s,
        Err(_) => "PANIC".to_string(),
    }
}

fn tw(source: &str) -> String {
    match redblue::run_source_value(source) {
        Ok(_) => {
            let t = redblue::lexer::Lexer::tokenize(source);
            match t {
                Ok(t) => {
                    let ast = match redblue::parser::parse(t) { Ok(a) => a, Err(e) => return format!("PARSE ERR {e}") };
                    let (mut vm, r) = redblue::run_isolated(&ast);
                    format!("result={r:?} output={:?}", vm.take_output())
                }
                Err(e) => format!("LEX ERR {e}"),
            }
        }
        Err(e) => format!("ERR {e}"),
    }
}

#[test]
fn scratch_obj() {
    let cases: Vec<(&str, &str)> = vec![
        ("nested plain", "object Outer\nhas a default 1\n\nobject Inner\nhas b default 2\nend\nend\n\nsay Outer.a\nsay Inner.b\n"),
        ("nested extends outer", "object Outer\nhas a default 1\n\nobject Inner extends Outer\nhas b default 2\nend\nend\n\nsay Inner.b\nsay Inner.a\n"),
        ("set inside object body", "object Outer\nhas a default 1\nset tmp to 5\nend\nsay tmp\n"),
        ("say inside object body", "object Outer\nhas a default 1\nsay \"inside\"\nend\nsay \"after\"\n"),
        ("rest before has", "object Outer\nsay \"before\"\nhas a default 1\nend\nsay Outer.a\n"),
    ];
    for (name, src) in cases {
        println!("--- {name}\n  tree: {}\n  bc:   {}", tw(src), bc(src));
    }
}
EOF
cargo test --test zz_scratch_test -- --nocapture 2>&1 | tail -30
Unknown variable 'Inner'
  --> 9:1
5
5
5
--- set inside object body
  tree: result=Ok(Nothing) output=["5"]
  bc:   result=Ok(Nothing) output=["5"]
inside
after
inside
after
inside
after
--- say inside object body
  tree: result=Ok(Nothing) output=["inside", "after"]
  bc:   result=Ok(Nothing) output=["inside", "after"]
before
1
before
1
before
1
--- rest before has
  tree: result=Ok(Nothing) output=["before", "1"]
  bc:   result=Ok(Nothing) output=["before", "1"]
test scratch_obj ... ok

test result: ok. 1 passed; 0 failed; 0 ignored; 0 measured; 0 filtered out; finished in 0.00s
[0m
[0m$ [0mcargo test --test zz_scratch_test -- --nocapture 2>&1 | head -30
[1m[92m    Finished[0m `test` profile [unoptimized] target(s) in 0.07s
[1m[92m     Running[0m tests/zz_scratch_test.rs (target/debug/deps/zz_scratch_test-e492d592cef7b9c2)

running 1 test
--- nested plain
  tree: ERR AnalyzerError: Unknown variable 'Inner'
  --> 10:1
  bc:   COMPILE ERR: AnalyzerError: Unknown variable 'Inner'
  --> 10:1
--- nested extends outer
  tree: ERR AnalyzerError: Unknown variable 'Inner'
Unknown variable 'Inner'
  --> 9:1
  bc:   COMPILE ERR: AnalyzerError: Unknown variable 'Inner'
Unknown variable 'Inner'
  --> 9:1
5
5
5
--- set inside object body
  tree: result=Ok(Nothing) output=["5"]
  bc:   result=Ok(Nothing) output=["5"]
inside
after
inside
after
inside
after
--- say inside object body
  tree: result=Ok(Nothing) output=["inside", "after"]
[0m
[0m$ [0mrm tests/zz_scratch_test.rs; grep -n "fn frame_for" -A 25 src/bytecode/vm.rs
574:    fn frame_for(&self, chunk: &Arc<Chunk>, path: Vec<u32>) -> Frame {
575-        let sites = block_at(chunk, &path).map(loop_sites).unwrap_or_default();
576-        Frame {
577-            chunk: chunk.clone(),
578-            path,
579-            ip: 0,
580-            stack_base: self.stack.len(),
581-            loop_base: self.loops.len(),
582-            handler_base: self.handlers.len(),
583-            locals_base: self.locals.len(),
584-            object_body: false,
585-            is_call: false,
586-            globals_only: false,
587-            sites,
588-        }
589-    }
590-
591-    /// `arg` as a chunk-and-path into the block the frame is running.
592-    fn child_path(&self, frame: usize, arg: u32) -> Result<(Arc<Chunk>, Vec<u32>)> {
593-        if arg == NO_BLOCK {
594-            return Err(Error::Runtime(
595-                "bytecode names a block where there is none".to_string(),
596-                self.span(),
597-            ));
598-        }
599-        let mut path = self.frames[frame].path.clone();
[0m
[0m$ [0mgrep -n "object" tests/bytecode_vm_test.rs | head -40
476:        "shape/object-with-fields-and-methods",
477:        "object Point\n    has x default 0\n    has y default 0\n    to can describe()\n        give back \"point\"\n    end\nend\nset Point.x to 3\nsay Point.x\nsay Point.describe()\n".to_string(),
480:        "shape/object-extending-an-object",
481:        "object Base\n    has name default \"base\"\n    to can greet()\n        give back \"from base\"\n    end\nend\nobject Child extends Base\n    has extra default 1\nend\nsay Child.name\nsay Child.extra\nsay Child.greet()\n".to_string(),
484:        "shape/object-this-is-the-binding",
485:        "object Box\n    has item default \"nothing\"\n    to can get()\n        give back this.item\n    end\nend\nset Box.item to \"inside\"\nsay Box.get()\n".to_string(),
488:        "shape/an-object-a-method-does-not-have",
489:        "object A\n    has n default 1\nend\nsay A.missing_method()\n".to_string(),
492:        "shape/a-method-on-something-that-is-not-an-object",
843:        "formats/json-object-field",
847:        "formats/json-of-an-empty-object",
992:        "malformed/an-object-with-an-unclosed-body",
993:        "object P\n    has x default 1\n".to_string(),
1074:        "object/a-field-defaulted-to-nothing",
1075:        "object Rec\n    has value default nothing\nend\nsay Rec.value is nothing\n".to_string(),
1078:        "object/a-method-called-in-a-loop",
1079:        "object Counter\n    has n default 0\n    to can bump()\n        set Counter.n to Counter.n + 1\n    end\nend\nCounter.bump()\nCounter.bump()\nsay Counter.n\n".to_string(),
1082:        "object/a-method-called-on-a-variable-holding-the-object",
1083:        "object Shape\n    to can describe()\n        give back \"shape\"\n    end\nend\nset s to Shape\nsay s.describe()\n".to_string(),
1086:        "object/a-method-calling-another-method",
1087:        "object Calc\n    to can one()\n        give back 1\n    end\n    to can two()\n        give back 2\n    end\nend\nsay Calc.two() + Calc.one()\n".to_string(),
1090:        "object/a-method-on-something-that-is-not-an-object",
1094:        "object/a-method-reading-a-field",
1095:        "object Box\n    has item default 0\n    to can get()\n        give back this.item\n    end\nend\nset Box.item to 7\nsay Box.get()\n".to_string(),
1098:        "object/a-method-receiving-an-object-field",
1099:        "object Inner\n    has n default 2\nend\nobject Outer\n    to can read()\n        give back Inner.n\n    end\nend\nsay Outer.read()\n".to_string(),
1102:        "object/a-method-returning-a-record",
1103:        "object Bag\n    to can make()\n        give back { a: 1 }\n    end\nend\nsay Bag.make().a\n".to_string(),
1106:        "object/a-method-that-recurses",
1107:        "object Tree\n    to can depth(n)\n        if n is 0 then\n            give back 0\n        end\n        give back 1 + Tree.depth(n - 1)\n    end\nend\nsay Tree.depth(20)\n".to_string(),
1110:        "object/a-method-the-object-does-not-have",
1111:        "object A\n    has n default 1\nend\nsay A.missing_method()\n".to_string(),
1114:        "object/a-method-with-an-argument",
1115:        "object Calc\n    to can twice(n)\n        give back n * 2\n    end\nend\nsay Calc.twice(21)\n".to_string(),
1118:        "object/an-object-with-no-methods",
1119:        "object P\n    has x default 1\nend\nsay P.x\n".to_string(),
1122:        "object/inheriting-a-method-from-a-grandparent",
1123:        "object A\n    to can who()\n        give back \"a\"\n    end\nend\nobject B extends A\nend\nobject C extends B\nend\nsay C.who()\n".to_string(),
1126:        "object/one-level-of-inheritance",
1127:        "object Base\n    has name default \"base\"\n    to can greet()\n        give back \"from base\"\n    end\nend\nobject Child extends Base\n    has extra default 1\nend\nsay Child.name\nsay Child.extra\nsay Child.greet()\n".to_string(),
[0m
[0m$ [0mgrep -n "globals_only\|object_body\|\"this\"" src/bytecode/vm.rs src/bytecode/codegen.rs
src/bytecode/vm.rs:260:    object_body: bool,
src/bytecode/vm.rs:267:    globals_only: bool,
src/bytecode/vm.rs:584:            object_body: false,
src/bytecode/vm.rs:586:            globals_only: false,
src/bytecode/vm.rs:894:        if frame.object_body {
src/bytecode/vm.rs:1382:        if self.frames[frame].globals_only {
src/bytecode/vm.rs:1690:            scope.insert("this".to_string(), receiver);
src/bytecode/vm.rs:1774:        new_frame.object_body = true;
src/bytecode/vm.rs:2003:            module_frame.globals_only = true;
[0m
[0m$ [0mgrep -n "statements(" src/bytecode/codegen.rs
120:        self.statements(
163:    fn statements(
251:                self.statements(then_branch, code, blocks, depth, false)?;
258:                    self.statements(else_branch, code, blocks, depth, false)?;
272:                self.statements(body, code, blocks, depth, false)?;
295:                self.statements(body, code, blocks, depth, false)?;
304:                self.statements(body, code, blocks, depth, false)?;
311:                self.statements(body, code, blocks, depth, false)?;
445:                self.statements(body, code, blocks, depth, false)?;
[0m
[0m→ [0mRead src/bytecode/codegen.rs[90m [limit=100, offset=1][0m
[0m
[0m$ [0mgrep -n "fn set_var" -A 30 src/bytecode/vm.rs
758:    fn set_var(&mut self, name: &str, value: Value) {
759-        for scope in self.locals.iter_mut().rev() {
760-            if scope.contains_key(name) {
761-                scope.insert(name.to_string(), value);
762-                return;
763-            }
764-        }
765-        self.globals.insert(name.to_string(), value);
766-    }
767-
768-    /// Binds `name` as a constant, refusing a second declaration of a name that
769-    /// already holds one.
770-    ///
771-    /// The refusal is the tree-walking VM's, down to the wording, because a
772-    /// `constant` that declared twice silently kept its first value in one VM
773-    /// and its second in the other would not be the same language.
774-    fn declare_const(&mut self, name: &str, value: Value) -> Result<()> {
775-        if !self.constants.insert(name.to_string()) {
776-            return Err(Error::Runtime(
777-                format!("Constant '{name}' is already declared"),
778-                self.span(),
779-            ));
780-        }
781-        self.globals.insert(name.to_string(), value);
782-        Ok(())
783-    }
784-
785-    /// The refusal every write onto a constant shares: `Cannot assign to
786-    /// constant 'NAME'`.
787-    fn refuse_constant_rebind(&self, name: &str) -> Result<()> {
788-        if self.constants.contains(name) {
[0m
[0m$ [0mgrep -n "Statement::Has" -B3 -A 20 src/bytecode/codegen.rs | head -50
356-                )?;
357-                emit(code, Opcode::DefMethod, block, params.len() as u32, line);
358-            }
359:            Statement::Has { name, default } => {
360-                // The initial value is compiled in front of the declaration
361-                // that consumes it, so a `default` may be any expression
362-                // rather than only a literal the pool could hold. A field with
363-                // no `default` is initialised to `nothing`, which is what the
364-                // tree-walking VM gives it.
365-                match default {
366-                    Some(expr) => self.expr(expr, code, line)?,
367-                    None => {
368-                        let nothing = self.constant(Constant::Nothing);
369-                        emit(code, Opcode::PushConst, nothing, 0, line);
370-                    }
371-                }
372-                let name = self.text(name);
373-                emit(code, Opcode::DefField, name, 0, line);
374-            }
375-            Statement::Object {
376-                name,
377-                extends,
378-                body,
379-            } => {
[0m
[0m→ [0mRead tests/common/generator.rs[90m [limit=80, offset=290][0m
[0m→ [0mRead tests/common/corpus.rs[90m [limit=60, offset=40][0m
[0m
[0m$ [0mgrep -n "The five failures\|FAULTS" tests/common/generator.rs | head -20
581:/// The five failures a generated program is allowed to fault with.
585:pub const FAULTS: [&str; 6] = [
604:    /// One of [`FAULTS`], or `None` when nothing was injected.
615:        Some(FAULTS[rng.below(FAULTS.len())].to_string())
826:        let mut declared = FAULTS.to_vec();
830:            "the generator and its declared fault list disagree: some FAULTS entry \
[0m
[0m→ [0mRead tests/common/generator.rs[90m [limit=60, offset=570][0m
[0m
[0m# [0mTodos
[•] BLOCKER: nested `object` panics in bytecode VM (src/bytecode/codegen.rs + src/bytecode/vm.rs)
[ ] MAJOR: tree_walk re-runs the whole pipeline to recover the value (tests/common/vm.rs)
[ ] MAJOR: loop_forms emits malformed `set xs = []` (tests/common/generator.rs)
[ ] MINOR: corpus() drops unreadable dir entries (tests/common/corpus.rs)
[ ] MINOR: "five failures" doc says five, FAULTS holds six (tests/common/generator.rs)
[ ] STYLE: duplicated is_last doc sentence (src/bytecode/codegen.rs:152-157)
[ ] Regenerate corpus + update REPORT/FINDINGS, then run the four gates
[0m
Now let me make the fixes. Starting with the BLOCKER in the bytecode VM and codegen.
[0m← [0mEdit src/bytecode/codegen.rs
Index: /home/runner/work/rbops/rbops/redblue/src/bytecode/codegen.rs
===================================================================
--- /home/runner/work/rbops/rbops/redblue/src/bytecode/codegen.rs
+++ /home/runner/work/rbops/rbops/redblue/src/bytecode/codegen.rs
@@ -63,12 +63,37 @@
     /// The parameter names, in order. Empty for everything but a function or a
     /// method: the body reads its arguments by name, so the names have to be in
     /// the file and not only their count.
     params: &'a [String],
-    body: &'a [Stmt],
+    body: Declared<'a>,
     span: Span,
 }
 
+/// The statements a block is compiled from.
+///
+/// Every kind but one is a slice of the body it was given. An `object` body is
+/// two lists, because the body has two halves: the `has` and `to can` that
+/// declare the type, and everything else — an ordinary statement that runs in
+/// the *enclosing* scope, in order, and after the type is registered and bound.
+/// The tree-walking VM's rule (`declare_object` in `src/vm.rs`) and this one
+/// have to agree, because the two VMs run the same program and a divergence
+/// here is a divergence in what the program *is*:
+///
+/// - one block for the whole body would run the second half *before* the type
+///   existed, so an `object Inner extends Outer` nested in `Outer`'s own body
+///   would find no `Outer` to extend;
+/// - and a nested `object` would execute inside the block that assembles the
+///   enclosing declaration, overwriting it — the enclosing body would then have
+///   nothing left to register.
+#[derive(Clone, Copy)]
+enum Declared<'a> {
+    /// The whole body, as written.
+    Every(&'a [Stmt]),
+    /// Only the statements that declare a type: an object body's `has` and
+    /// `to can`, and nothing else.
+    These(&'a [&'a Stmt]),
+}
+
 struct Compiler {
     constants: Vec<Constant>,
     /// Text constants already in the pool, so a name used a hundred times is
     /// one entry and the pool is the same whichever way round the source used

[0m
[0m← [0mEdit src/bytecode/codegen.rs
Index: /home/runner/work/rbops/rbops/redblue/src/bytecode/codegen.rs
===================================================================
--- /home/runner/work/rbops/rbops/redblue/src/bytecode/codegen.rs
+++ /home/runner/work/rbops/rbops/redblue/src/bytecode/codegen.rs
@@ -37,9 +37,9 @@
         kind: BlockKind::Main,
         name: "main",
         arity: 0,
         params: &[],
-        body: &program.statements,
+        body: Declared::Every(&program.statements),
         span: Span::unknown(),
     },
     0,
 )?;

[0m
[0m← [0mEdit src/bytecode/codegen.rs
Index: /home/runner/work/rbops/rbops/redblue/src/bytecode/codegen.rs
===================================================================
--- /home/runner/work/rbops/rbops/redblue/src/bytecode/codegen.rs
+++ /home/runner/work/rbops/rbops/redblue/src/bytecode/codegen.rs
@@ -141,15 +141,17 @@
 }
 
 let mut code = Vec::new();
 let mut blocks = Vec::new();
-self.statements(
-    decl.body,
-    &mut code,
-    &mut blocks,
-    depth,
-    carries_its_last_expression(decl.kind),
-)?;
+let value_bearing = carries_its_last_expression(decl.kind);
+match decl.body {
+    Declared::Every(body) => {
+        self.statements(body, &mut code, &mut blocks, depth, value_bearing)?
+    }
+    Declared::These(body) => {
+        self.statements(body, &mut code, &mut blocks, depth, value_bearing)?
+    }
+}
 
 Ok(Block {
     name: decl.name.to_string(),
     kind: decl.kind,

[0m
Now the `block` method and the `statements` pass:
[0m← [0mEdit src/bytecode/codegen.rs
Index: /home/runner/work/rbops/rbops/redblue/src/bytecode/codegen.rs
===================================================================
--- /home/runner/work/rbops/rbops/redblue/src/bytecode/codegen.rs
+++ /home/runner/work/rbops/rbops/redblue/src/bytecode/codegen.rs
@@ -178,26 +178,32 @@
 ///
 /// `is_last` says whether `body` is the whole of the block it goes in. It is
 /// only read by a bare expression statement, and it is what makes a block's
 /// value the one its last statement produced — which is what a call returns.
-/// `is_last` says whether `body` is the whole of the block it goes in. It is
-/// only read by a bare expression statement, and it is what makes a block's
-/// value the one its last statement produced — which is what a call returns.
 ///
 /// `value_bearing` says whether *this* block is one whose value is read; see
 /// [`carries_its_last_expression`]. It is passed rather than derived because
 /// the inner statements — an `if` branch, a loop body, a `catch` body — are
 /// not blocks of their own in every case, and they are never value-bearing.
-fn statements(
+///
+/// `body` is generic over the two shapes a block's statements arrive in: a
+/// slice of them, or the declaring half of an object body taken out of it as
+/// a list of references. Both are the same pass over the same statements.
+fn statements<'a, I>(
     &mut self,
-    body: &[Stmt],
+    body: I,
     code: &mut Vec<Instruction>,
     blocks: &mut Vec<Block>,
     depth: usize,
     value_bearing: bool,
-) -> Result<()> {
+) -> Result<()>
+where
+    I: IntoIterator<Item = &'a Stmt>,
+    I::IntoIter: ExactSizeIterator,
+{
+    let body = body.into_iter();
     let last = body.len().saturating_sub(1);
-    for (index, stmt) in body.iter().enumerate() {
+    for (index, stmt) in body.enumerate() {
         self.statement(stmt, code, blocks, depth, value_bearing && index == last)?;
     }
     Ok(())
 }

[0m
[0m→ [0mRead src/bytecode/codegen.rs[90m [limit=130, offset=300][0m
Now the `Object` statement arm and the other `Decl` construction sites:
[0m
[0m$ [0mcd /home/runner/work/rbops/rbops/redblue && python3 - <<'PY'
import re
p='src/bytecode/codegen.rs'
s=open(p).read()
n=s.count("                        body,\n")
s=s.replace("                        body,\n","                        body: Declared::Every(body),\n")
m=s.count("                        body: catch_body,\n")+s.count("                        body: finally_body,\n")+s.count("                        body: test_body,\n")
s=s.replace("                        body: catch_body,\n","                        body: Declared::Every(catch_body),\n")
s=s.replace("                        body: finally_body,\n","                        body: Declared::Every(finally_body),\n")
open(p,'w').write(s)
print("body:",n,"named:",m)
PY
grep -n "body: Declared::Every\|body," src/bytecode/codegen.rs
body: 4 named: 2
41:            body: Declared::Every(&program.statements),
89:    /// The whole body, as written.
148:                self.statements(body, &mut code, &mut blocks, depth, value_bearing)?
151:                self.statements(body, &mut code, &mut blocks, depth, value_bearing)?
185:    /// the inner statements — an `if` branch, a loop body, a `catch` body — are
298:                body,
305:                self.statements(body, code, blocks, depth, false)?;
313:                body,
328:                self.statements(body, code, blocks, depth, false)?;
337:                self.statements(body, code, blocks, depth, false)?;
344:                self.statements(body, code, blocks, depth, false)?;
367:                        body: Declared::Every(body),
384:                        body: Declared::Every(body),
411:                body,
419:                        body: Declared::Every(body),
437:                body,
439:                catch_body,
440:                finally_body,
452:                            body: Declared::Every(catch_body),
470:                            body: Declared::Every(finally_body),
478:                self.statements(body, code, blocks, depth, false)?;
501:                        body: Declared::Every(body),
[0m
[0m→ [0mRead src/bytecode/codegen.rs[90m [limit=50, offset=405][0m
[0m
[0m← [0mEdit src/bytecode/codegen.rs
Index: /home/runner/work/rbops/rbops/redblue/src/bytecode/codegen.rs
===================================================================
--- /home/runner/work/rbops/rbops/redblue/src/bytecode/codegen.rs
+++ /home/runner/work/rbops/rbops/redblue/src/bytecode/codegen.rs
@@ -409,15 +409,32 @@
     name,
     extends,
     body,
 } => {
+    // The body is two halves. The `has` and `to can` compile into
+    // the block that assembles the type; everything else compiles
+    // here, into the *enclosing* block, after the `STORE` that binds
+    // it. See [`Declared`]: the second half has to run once the type
+    // is registered, or an `object` nested in the body would have no
+    // parent to extend and would overwrite the declaration being
+    // assembled.
+    let mut declarations: Vec<&Stmt> = Vec::new();
+    let mut rest: Vec<&Stmt> = Vec::new();
+    for statement in *body {
+        match &statement.statement {
+            Statement::Has { .. } | Statement::Method { .. } => {
+                declarations.push(statement)
+            }
+            _ => rest.push(statement),
+        }
+    }
     let block = self.nested(
         Decl {
             kind: BlockKind::Object,
             name,
             arity: 0,
             params: &[],
-            body: Declared::Every(body),
+            body: Declared::These(&declarations),
             span: stmt.span,
         },
         depth,
         blocks,
@@ -431,8 +448,17 @@
     };
     emit(code, Opcode::DefObject, block, parent, line);
     let name = self.text(name);
     emit(code, Opcode::Store, name, 0, line);
+    // The rest of the body is worth `nothing`: a declaration is a
+    // statement, so a trailing expression in here is discarded even
+    // where the enclosing block is the value-bearing kind and this
+    // statement was its last one. That is what the tree-walking VM
+    // does — `declare_object` answers `nothing` whatever ran in the
+    // body.
+    for statement in rest {
+        self.statement(statement, code, blocks, depth, false)?;
+    }
 }
 Statement::Try {
     body,
     catch_var,

[0m
[0m$ [0mcargo build 2>&1 | tail -20
[1m[94m|[0m                                               [92m+[0m

[1m[91merror[E0308][0m[1m: mismatched types[0m
   [1m[94m--> [0msrc/bytecode/codegen.rs:427:40
    [1m[94m|[0m
[1m[94m427[0m [1m[94m|[0m                         _ => rest.push(statement),
    [1m[94m|[0m                                   [1m[94m----[0m [1m[91m^^^^^^^^^[0m [1m[91mexpected `&Stmt`, found `Stmt`[0m
    [1m[94m|[0m                                   [1m[94m|[0m
    [1m[94m|[0m                                   [1m[94marguments to this method are incorrect[0m
    [1m[94m|[0m
[1m[92mnote[0m: method defined here
   [1m[94m--> [0m/rustc/b940084d7eb6a299eb4bfeb8e34901bc051e7ac4/library/alloc/src/vec/mod.rs:995:11
[1m[96mhelp[0m: consider borrowing here
    [1m[94m|[0m
[1m[94m427[0m [1m[94m| [0m                        _ => rest.push([92m&[0mstatement),
    [1m[94m|[0m                                        [92m+[0m

[1mSome errors have detailed explanations: E0271, E0308.[0m
[1mFor more information about an error, try `rustc --explain E0271`.[0m
[1m[91merror[0m: could not compile `redblue` (lib) due to 3 previous errors
[0m
[0m$ [0mcargo build 2>&1 | head -45
[1m[92m   Compiling[0m redblue v0.1.0 (/home/runner/work/rbops/rbops/redblue)
[1m[91merror[E0271][0m[1m: type mismatch resolving `<&[&Stmt] as IntoIterator>::Item == &Stmt`[0m
   [1m[94m--> [0msrc/bytecode/codegen.rs:151:33
    [1m[94m|[0m
[1m[94m151[0m [1m[94m|[0m                 self.statements(body, &mut code, &mut blocks, depth, value_bearing)?
    [1m[94m|[0m                      [1m[94m----------[0m [1m[91m^^^^[0m [1m[91mexpected `&Stmt`, found `&&Stmt`[0m
    [1m[94m|[0m                      [1m[94m|[0m
    [1m[94m|[0m                      [1m[94mrequired by a bound introduced by this call[0m
    [1m[94m|[0m
    [1m[94m= [0m[1mnote[0m: expected reference `&Stmt`
               found reference `&[1m[35m&[0mStmt`
[1m[92mnote[0m: required by a bound in `Compiler::statements`
   [1m[94m--> [0msrc/bytecode/codegen.rs:200:25
    [1m[94m|[0m
[1m[94m191[0m [1m[94m|[0m     fn statements<'a, I>(
    [1m[94m|[0m        [1m[94m----------[0m [1m[94mrequired by a bound in this associated function[0m
[1m[94m...[0m
[1m[94m200[0m [1m[94m|[0m         I: IntoIterator<Item = &'a Stmt>,
    [1m[94m|[0m                         [1m[92m^^^^^^^^^^^^^^^[0m [1m[92mrequired by this bound in `Compiler::statements`[0m

[1m[91merror[E0308][0m[1m: mismatched types[0m
   [1m[94m--> [0msrc/bytecode/codegen.rs:425:47
    [1m[94m|[0m
[1m[94m425[0m [1m[94m|[0m [1m[94m...[0m                   declarations.push(statement)
    [1m[94m|[0m                                    [1m[94m----[0m [1m[91m^^^^^^^^^[0m [1m[91mexpected `&Stmt`, found `Stmt`[0m
    [1m[94m|[0m                                    [1m[94m|[0m
    [1m[94m|[0m                                    [1m[94marguments to this method are incorrect[0m
    [1m[94m|[0m
[1m[92mnote[0m: method defined here
   [1m[94m--> [0m/rustc/b940084d7eb6a299eb4bfeb8e34901bc051e7ac4/library/alloc/src/vec/mod.rs:995:11
[1m[96mhelp[0m: consider borrowing here
    [1m[94m|[0m
[1m[94m425[0m [1m[94m| [0m                            declarations.push([92m&[0mstatement)
    [1m[94m|[0m                                               [92m+[0m

[1m[91merror[E0308][0m[1m: mismatched types[0m
   [1m[94m--> [0msrc/bytecode/codegen.rs:427:40
    [1m[94m|[0m
[1m[94m427[0m [1m[94m|[0m                         _ => rest.push(statement),
    [1m[94m|[0m                                   [1m[94m----[0m [1m[91m^^^^^^^^^[0m [1m[91mexpected `&Stmt`, found `Stmt`[0m
    [1m[94m|[0m                                   [1m[94m|[0m
    [1m[94m|[0m                                   [1m[94marguments to this method are incorrect[0m
    [1m[94m|[0m
[1m[92mnote[0m: method defined here
   [1m[94m--> [0m/rustc/b940084d7eb6a299eb4bfeb8e34901bc051e7ac4/library/alloc/src/vec/mod.rs:995:11
[0m
[0m$ [0mcd /home/runner/work/rbops/rbops/redblue && python3 - <<'PY'
p='src/bytecode/codegen.rs'
s=open(p).read()
s=s.replace("                self.statements(body, &mut code, &mut blocks, depth, value_bearing)?\n            }\n        }\n\n        Ok(Block {",
            "                self.statements(body.iter().copied(), &mut code, &mut blocks, depth, value_bearing)?\n            }\n        }\n\n        Ok(Block {")
s=s.replace("                for statement in *body {\n                    match &statement.statement {\n                        Statement::Has { .. } | Statement::Method { .. } => {\n                            declarations.push(statement)\n                        }\n                        _ => rest.push(statement),\n                    }\n                }",
            "                for statement in body {\n                    match &statement.statement {\n                        Statement::Has { .. } | Statement::Method { .. } => {\n                            declarations.push(statement)\n                        }\n                        _ => rest.push(statement),\n                    }\n                }")
open(p,'w').write(s)
PY
cargo build 2>&1 | tail -20
[1m[92m   Compiling[0m redblue v0.1.0 (/home/runner/work/rbops/rbops/redblue)
[1m[92m    Finished[0m `dev` profile [unoptimized] target(s) in 1.48s
[0m
[0m→ [0mRead src/bytecode/vm.rs[90m [limit=30, offset=220][0m
Now the VM side — remove the panic path:
[0m
[0m← [0mEdit src/bytecode/vm.rs
Index: /home/runner/work/rbops/rbops/redblue/src/bytecode/vm.rs
===================================================================
--- /home/runner/work/rbops/rbops/redblue/src/bytecode/vm.rs
+++ /home/runner/work/rbops/rbops/redblue/src/bytecode/vm.rs
@@ -220,10 +220,18 @@
     /// does not inherit a sequence the failed code left half drawn.
     loop_base: usize,
 }
 
-/// One `object` declaration being assembled. Its body declares the fields and
-/// the methods, and the type is registered when the body finishes.
+/// One `object` declaration being assembled. Its declaring body — the `has`
+/// and `to can` half — fills it in, and the type is registered when that body
+/// finishes.
+///
+/// There is one of these per object body in flight and never two: an object's
+/// remaining body statements are compiled into the *enclosing* block and run
+/// after this one is registered (`Compiler::statements`, `src/bytecode/codegen.rs`),
+/// which is what the tree-walking VM does. So a nested `object` cannot arrive
+/// while one is open — the declaration it would overwrite has already been
+/// registered by the time its own `DEF_OBJECT` runs.
 struct ObjectPending {
     name: String,
     parent: Option<String>,
     fields: Fields,

[0m
[0m→ [0mRead src/bytecode/vm.rs[90m [limit=30, offset=458][0m
[0m
[0m← [0mEdit src/bytecode/vm.rs
Index: /home/runner/work/rbops/rbops/redblue/src/bytecode/vm.rs
===================================================================
--- /home/runner/work/rbops/rbops/redblue/src/bytecode/vm.rs
+++ /home/runner/work/rbops/rbops/redblue/src/bytecode/vm.rs
@@ -467,9 +467,9 @@
 loops: Vec<Loop>,
 /// The `try` handlers currently installed, innermost last.
 handlers: Vec<Handler>,
 /// The `object` declaration the top frame is assembling, if it is an object
-/// body.
+/// body's declaring half. Never nested — see [`ObjectPending`].
 pending_object: Option<ObjectPending>,
 /// What the last frame to finish produced.
 outcome: Value,
 call_depth: usize,

[0m
[0m← [0mEdit src/bytecode/vm.rs
Index: /home/runner/work/rbops/rbops/redblue/src/bytecode/vm.rs
===================================================================
--- /home/runner/work/rbops/rbops/redblue/src/bytecode/vm.rs
+++ /home/runner/work/rbops/rbops/redblue/src/bytecode/vm.rs
@@ -941,13 +941,21 @@
 ///
 /// The chain is walked once, here, with every name it visits collected, so
 /// `object A extends A` and a two-object cycle are reported instead of being
 /// walked again. A parent that is not declared is the same failure.
+///
+/// The declaration this registers is the one `DEF_OBJECT` left behind. A
+/// body that finished with none is a file the compiler did not write — the
+/// declaring half of an object body is the only code that runs between the
+/// two — and it is reported like any other such file rather than asserted,
+/// because a differential harness that panics cannot compare anything.
 fn finish_object(&mut self) -> Result<Fields> {
-    let pending = self
-        .pending_object
-        .take()
-        .expect("an object declaration being assembled");
+    let Some(pending) = self.pending_object.take() else {
+        return Err(Error::Runtime(
+            "an object body finished with no declaration to register".to_string(),
+            self.span(),
+        ));
+    };
     let pending_parent = pending.parent.clone();
     let mut fields = pending.fields;
     let mut methods = pending.methods;
 

[0m
Now replace the `expect` panic in `finish_object`:
[0m→ [0mRead src/bytecode/vm.rs[90m [limit=30, offset=890][0m
[0m
[0m← [0mEdit src/bytecode/vm.rs
Index: /home/runner/work/rbops/rbops/redblue/src/bytecode/vm.rs
===================================================================
--- /home/runner/work/rbops/rbops/redblue/src/bytecode/vm.rs
+++ /home/runner/work/rbops/rbops/redblue/src/bytecode/vm.rs
@@ -1771,8 +1771,14 @@
 }
 
 /// `DEF_OBJECT`: starts an object body, whose instructions declare the fields
 /// and methods and then register the type.
+///
+/// The body this enters is the *declaring* half — the `has` and `to can` the
+/// compiler put in it. Whatever else the source wrote in the body is compiled
+/// into the enclosing block and runs after the `STORE` below, which is the
+/// tree-walking VM's order and the reason a nested `object` cannot land here
+/// while this one is still open.
 fn def_object(&mut self, instruction: Instruction, frame: usize) -> Result<()> {
     let name = self.object_name(frame, instruction)?;
     if self.objects.contains_key(&name) {
         return Err(Error::Runtime(

[0m
[0m$ [0mcargo build 2>&1 | tail -5 && cargo test --test bytecode_test --test bytecode_vm_test 2>&1 | tail -20
[1m[92m   Compiling[0m redblue v0.1.0 (/home/runner/work/rbops/rbops/redblue)
[1m[92m    Finished[0m `dev` profile [unoptimized] target(s) in 1.52s
test edge_both_vms_answer_the_same_at_a_nesting_depth_neither_overflows ... ok
test edge_a_caught_depth_failure_leaves_the_bytecode_vm_usable ... ok
test edge_both_vms_stop_unbounded_recursion_at_the_same_depth ... ok
test edge_bytecode_that_asks_for_a_value_it_never_pushed_is_refused ... ok
test edge_deeply_nested_data_does_not_overflow_the_bytecode_vm ... ok
test edge_importing_the_same_module_twice_loads_it_once ... ok
test edge_rb_vm_refuses_a_file_that_is_not_bytecode ... ok
test edge_rb_vm_refuses_a_source_file ... ok
test edge_rb_vm_reports_a_missing_file ... ok
test edge_the_iteration_cap_names_the_kind_of_loop_that_hit_it ... ok
test edge_the_step_budget_is_a_configurable_limit_not_a_hard_coded_one ... ok
test edge_both_vms_enforce_the_same_step_budget ... ok
test rb_vm_runs_a_compiled_program ... ok
test tree_walk_and_bytecode_print_the_same_thing ... ok
test a_corpus_of_programs_runs_identically_on_both_vms ... ok
test edge_the_two_vms_report_the_same_failure_for_every_corpus_program ... ok
test edge_a_decoded_chunk_runs_identically_to_the_compiled_one ... ok

test result: ok. 33 passed; 0 failed; 0 ignored; 0 measured; 0 filtered out; finished in 27.77s
[0m
Now let me verify the nested-object cases agree on both VMs:
[0m$ [0mcat > tests/zz_scratch_test.rs <<'EOF'
use redblue::bytecode::compile_source;
use redblue::bytecode::vm::BytecodeVm;

fn bc(source: &str) -> String {
    let chunk = match compile_source(source) {
        Ok(c) => c,
        Err(e) => return format!("COMPILE ERR: {}", e.message()),
    };
    let mut vm = BytecodeVm::new();
    let r = std::panic::catch_unwind(std::panic::AssertUnwindSafe(|| {
        let r = vm.run(&chunk);
        let out = vm.take_output();
        format!("result={r:?} output={out:?}")
    }));
    match r { Ok(s) => s, Err(_) => "PANIC".to_string() }
}

fn tw(source: &str) -> String {
    let tokens = match redblue::lexer::Lexer::tokenize(source) { Ok(t) => t, Err(e) => return format!("LEX ERR {}", e.message()) };
    let ast = match redblue::parser::parse(tokens) { Ok(a) => a, Err(e) => return format!("PARSE ERR {}", e.message()) };
    if let Err(e) = redblue::analyzer::analyze(&ast) { return format!("ANALYZE ERR {}", e.message()); }
    let (mut vm, r) = redblue::run_isolated(&ast);
    format!("result={r:?} output={:?}", vm.take_output())
}

#[test]
fn scratch_obj() {
    let cases: Vec<(&str, &str)> = vec![
        ("nested plain", "object Outer\nhas a default 1\n\nobject Inner\nhas b default 2\nend\nend\n\nsay Outer.a\n"),
        ("nested extends outer", "object Base\nhas kind default \"base\"\n\nobject Child extends Base\nhas extra default 1\nend\nend\n\nset Base.kind to \"changed\"\nsay Base.kind\n"),
        ("nested extends missing", "object Outer\nhas a default 1\n\nobject Inner extends Nope\nhas b default 2\nend\nend\n\nsay Outer.a\n"),
        ("nested twice", "object Outer\nobject Inner\nhas b default 1\nend\nobject Inner\nhas b default 2\nend\nend\nsay Outer.a\n"),
        ("say inside object body", "object A\nhas v default 1\nsay \"inside\"\nend\nsay A.v\n"),
        ("set inside object body", "object A\nhas v default 1\nset tmp to 5\nend\nsay tmp\nsay A.v\n"),
        ("rest before has", "object A\nsay \"before\"\nhas v default 1\nend\nsay A.v\n"),
        ("tail expr discarded", "to outer()\nobject A\nhas v default 1\n1 + 1\nend\ngive back 7\nend\nsay outer()\n"),
        ("tail is last stmt of fn", "to outer()\nobject A\nhas v default 1\nend\ngive back 7\nend\nsay outer()\n"),
        ("plain object", "object A\nhas v default 1\nto can get()\ngive back this.v\nend\nend\nset A.v to 9\nsay A.get()\n"),
        ("three deep nest", "object A\nhas a default 1\nobject B\nhas b default 2\nobject C\nhas c default 3\nend\nend\nend\nsay A.a\n"),
        ("object in try", "try\nobject A\nhas v default 1\nsay \"in try\"\nend\nend\nsay A.v\n"),
        ("object in test body", "test \"t\"\nobject A\nhas v default 1\nend\nsay A.v\nend\n"),
        ("has outside object", "has v default 1\nsay v\n"),
        ("import in body", "object A\nhas v default 1\nimport MathUtils\nend\nsay A.v\nsay MathUtils.square(4)\n"),
    ];
    for (name, src) in cases {
        let (t, b) = (tw(src), bc(src));
        println!("--- {name} {}\n  tree: {t}\n  bc:   {b}", if t == b { "[AGREE]" } else { "[*** DIFFER ***]" });
    }
}
EOF
cargo test --test zz_scratch_test -- --nocapture 2>&1 | sed -n '4,80p'
running 1 test
1
1
--- nested plain [AGREE]
  tree: result=Ok(Nothing) output=["1"]
  bc:   result=Ok(Nothing) output=["1"]
changed
changed
--- nested extends outer [AGREE]
  tree: result=Ok(Nothing) output=["changed"]
  bc:   result=Ok(Nothing) output=["changed"]
--- nested extends missing [*** DIFFER ***]
  tree: ANALYZE ERR Unknown parent object 'Nope'
  bc:   COMPILE ERR: Unknown parent object 'Nope'
--- nested twice [AGREE]
  tree: result=Err(Runtime("Object 'Inner' is already declared", Span { line: 5, column: 1 })) output=[]
  bc:   result=Err(Runtime("Object 'Inner' is already declared", Span { line: 5, column: 1 })) output=[]
inside
1
inside
1
--- say inside object body [AGREE]
  tree: result=Ok(Nothing) output=["inside", "1"]
  bc:   result=Ok(Nothing) output=["inside", "1"]
5
1
5
1
--- set inside object body [AGREE]
  tree: result=Ok(Nothing) output=["5", "1"]
  bc:   result=Ok(Nothing) output=["5", "1"]
before
1
before
1
--- rest before has [AGREE]
  tree: result=Ok(Nothing) output=["before", "1"]
  bc:   result=Ok(Nothing) output=["before", "1"]
7
7
--- tail expr discarded [AGREE]
  tree: result=Ok(Nothing) output=["7"]
  bc:   result=Ok(Nothing) output=["7"]
7
7
--- tail is last stmt of fn [AGREE]
  tree: result=Ok(Nothing) output=["7"]
  bc:   result=Ok(Nothing) output=["7"]
9
9
--- plain object [AGREE]
  tree: result=Ok(Nothing) output=["9"]
  bc:   result=Ok(Nothing) output=["9"]
1
1
--- three deep nest [AGREE]
  tree: result=Ok(Nothing) output=["1"]
  bc:   result=Ok(Nothing) output=["1"]
in try
1
in try
1
--- object in try [AGREE]
  tree: result=Ok(Nothing) output=["in try", "1"]
  bc:   result=Ok(Nothing) output=["in try", "1"]
1
1
--- object in test body [AGREE]
  tree: result=Ok(Nothing) output=["1"]
  bc:   result=Ok(Nothing) output=["1"]
--- has outside object [*** DIFFER ***]
  tree: PARSE ERR Unexpected token Has
  bc:   COMPILE ERR: Unexpected token Has
--- import in body [*** DIFFER ***]
  tree: ANALYZE ERR Unknown variable 'MathUtils'
  bc:   COMPILE ERR: Unknown variable 'MathUtils'
[0m
[0m$ [0mgrep -rn "MAX_BLOCK_DEPTH" src/ | head; grep -rn "nests blocks more than" tests/ | head
src/parser.rs:260:pub const MAX_BLOCK_DEPTH: usize = 64;
src/parser.rs:357:        if self.block_depth > MAX_BLOCK_DEPTH {
src/parser.rs:359:                format!("Blocks nest more than {MAX_BLOCK_DEPTH} levels deep"),
src/bytecode/format.rs:76:pub const MAX_BLOCK_DEPTH: usize = 64;
src/bytecode/format.rs:253:    /// than [`MAX_BLOCK_DEPTH`] — which the public fields let a caller build,
src/bytecode/format.rs:534:        if depth > MAX_BLOCK_DEPTH {
src/bytecode/format.rs:536:                format!("bytecode nests blocks more than {MAX_BLOCK_DEPTH} levels deep"),
src/bytecode/codegen.rs:18:use crate::bytecode::format::{Block, BlockKind, Chunk, Constant, Instruction, MAX_BLOCK_DEPTH};
src/bytecode/codegen.rs:136:        if depth > MAX_BLOCK_DEPTH {
src/bytecode/codegen.rs:138:                format!("program nests blocks more than {MAX_BLOCK_DEPTH} levels deep"),
[0m
[0m$ [0mcargo test --all-targets --no-fail-fast 2>&1 | grep -E "^test result|FAILED|panicked" | head -40
test result: ok. 6 passed; 0 failed; 0 ignored; 0 measured; 0 filtered out; finished in 0.00s
test result: ok. 0 passed; 0 failed; 0 ignored; 0 measured; 0 filtered out; finished in 0.00s
test result: ok. 47 passed; 0 failed; 0 ignored; 0 measured; 0 filtered out; finished in 0.27s
test result: ok. 33 passed; 0 failed; 0 ignored; 0 measured; 0 filtered out; finished in 28.01s
test result: ok. 11 passed; 0 failed; 0 ignored; 0 measured; 0 filtered out; finished in 0.21s
test result: ok. 26 passed; 0 failed; 0 ignored; 0 measured; 0 filtered out; finished in 0.12s
test result: ok. 20 passed; 0 failed; 0 ignored; 0 measured; 0 filtered out; finished in 0.01s
test result: ok. 48 passed; 0 failed; 0 ignored; 0 measured; 0 filtered out; finished in 0.75s
test result: ok. 13 passed; 0 failed; 0 ignored; 0 measured; 0 filtered out; finished in 0.28s
test result: ok. 21 passed; 0 failed; 0 ignored; 0 measured; 0 filtered out; finished in 0.01s
test result: ok. 43 passed; 0 failed; 0 ignored; 0 measured; 0 filtered out; finished in 0.72s
test result: ok. 8 passed; 0 failed; 0 ignored; 0 measured; 0 filtered out; finished in 0.00s
test result: ok. 16 passed; 0 failed; 0 ignored; 0 measured; 0 filtered out; finished in 0.00s
test result: ok. 49 passed; 0 failed; 0 ignored; 0 measured; 0 filtered out; finished in 0.03s
test result: ok. 22 passed; 0 failed; 0 ignored; 0 measured; 0 filtered out; finished in 1.01s
test result: ok. 20 passed; 0 failed; 0 ignored; 0 measured; 0 filtered out; finished in 0.00s
test result: ok. 26 passed; 0 failed; 0 ignored; 0 measured; 0 filtered out; finished in 0.05s
test result: ok. 23 passed; 0 failed; 0 ignored; 0 measured; 0 filtered out; finished in 0.08s
test result: ok. 25 passed; 0 failed; 0 ignored; 0 measured; 0 filtered out; finished in 0.12s
test result: ok. 8 passed; 0 failed; 0 ignored; 0 measured; 0 filtered out; finished in 0.31s
test result: ok. 5 passed; 0 failed; 0 ignored; 0 measured; 0 filtered out; finished in 0.00s
test result: ok. 15 passed; 0 failed; 0 ignored; 0 measured; 0 filtered out; finished in 0.00s
test result: ok. 39 passed; 0 failed; 0 ignored; 0 measured; 0 filtered out; finished in 5.10s
test result: ok. 18 passed; 0 failed; 0 ignored; 0 measured; 0 filtered out; finished in 0.00s
test result: ok. 1 passed; 0 failed; 0 ignored; 0 measured; 0 filtered out; finished in 0.01s
[0m
[0m$ [0mgrep -n "\"files\"\|fn files\|\"append\"\|\"write\"\|\"read\"\|\"exists\"\|\"delete\"\|\"lines\"" src/stdlib.rs | head -20
7:pub const MODULES: &[&str] = &["console", "csv", "files", "json", "network", "time"];
[0m
[0m$ [0mgrep -rn "append" src/stdlib*.rs src/stdlib/*.rs 2>/dev/null | head -20; ls src/
src/stdlib.rs:99:        "files_append".to_string(),
src/stdlib.rs:100:        Value::Builtin("files_append".to_string()),
analyzer.rs
bytecode
error.rs
formatter.rs
lexer.rs
lib.rs
linter.rs
lsp.rs
main.rs
parser.rs
repl
runtime.rs
stdlib.rs
testing
value.rs
vm.rs
[0m
[0m$ [0msed -n '60,140p' src/stdlib.rs
// List functions
    globals.insert("length".to_string(), Value::Builtin("length".to_string()));
    globals.insert("push".to_string(), Value::Builtin("push".to_string()));
    globals.insert("pop".to_string(), Value::Builtin("pop".to_string()));
    globals.insert("shift".to_string(), Value::Builtin("shift".to_string()));
    globals.insert("map".to_string(), Value::Builtin("map".to_string()));
    globals.insert("filter".to_string(), Value::Builtin("filter".to_string()));
    globals.insert("reduce".to_string(), Value::Builtin("reduce".to_string()));

    // Type checking
    globals.insert(
        "is_number".to_string(),
        Value::Builtin("is_number".to_string()),
    );
    globals.insert("is_text".to_string(), Value::Builtin("is_text".to_string()));
    globals.insert("is_list".to_string(), Value::Builtin("is_list".to_string()));
    globals.insert(
        "is_record".to_string(),
        Value::Builtin("is_record".to_string()),
    );

    // Conversion
    globals.insert("to_text".to_string(), Value::Builtin("to_text".to_string()));
    globals.insert(
        "to_number".to_string(),
        Value::Builtin("to_number".to_string()),
    );
    globals.insert("to_list".to_string(), Value::Builtin("to_list".to_string()));

    // Files module
    globals.insert(
        "files_read".to_string(),
        Value::Builtin("files_read".to_string()),
    );
    globals.insert(
        "files_write".to_string(),
        Value::Builtin("files_write".to_string()),
    );
    globals.insert(
        "files_append".to_string(),
        Value::Builtin("files_append".to_string()),
    );
    globals.insert(
        "files_exists".to_string(),
        Value::Builtin("files_exists".to_string()),
    );
    globals.insert(
        "files_lines".to_string(),
        Value::Builtin("files_lines".to_string()),
    );
    globals.insert(
        "files_delete".to_string(),
        Value::Builtin("files_delete".to_string()),
    );
    globals.insert(
        "files_copy".to_string(),
        Value::Builtin("files_copy".to_string()),
    );
    globals.insert(
        "files_rename".to_string(),
        Value::Builtin("files_rename".to_string()),
    );

    // Time module
    globals.insert(
        "time_now".to_string(),
        Value::Builtin("time_now".to_string()),
    );
    globals.insert(
        "time_sleep".to_string(),
        Value::Builtin("time_sleep".to_string()),
    );
    globals.insert(
        "time_format".to_string(),
        Value::Builtin("time_format".to_string()),
    );
    globals.insert(
        "time_unix".to_string(),
        Value::Builtin("time_unix".to_string()),
    );
[0m
[0m$ [0mgrep -rn "files_append\|files_write" src/vm.rs | head -10
(no output)
[0m
[0m$ [0mgrep -rn "files\." corpus/stdlib-0001.rb corpus/*.rb 2>/dev/null | head -5; echo ===; grep -rn "files" tests/stdlib_modules_test.rs | head -10
===
1://! The `files`, `json`, `csv` and `network` modules must be testable and total.
3://! Every filesystem test runs against a temp directory of its own under
17:/// run cannot make the next run of the same test see stale files.
130:// ---------------------------------------------------------------- files
132:/// `files.write` then `files.read` against a temp directory: the round trip
135:fn files_write_then_read_round_trips_in_a_temp_dir() {
136:    let dir = TempDir::new("files-round-trip");
139:            "files.write({}, {})",
144:        "files.write answers nothing"
149:        "files.write must write exactly its argument"
[0m
[0m→ [0mRead tests/stdlib_modules_test.rs[90m [limit=60, offset=1][0m
[0m→ [0mRead tests/stdlib_modules_test.rs[90m [limit=45, offset=130][0m
[0m
[0m$ [0mgrep -n "fn eval" -A 15 tests/stdlib_modules_test.rs | head -25
71:fn eval(source: &str) -> Value {
72-    let (_vm, result) = redblue::run_isolated(&parse(source));
73-    result.unwrap_or_else(|error| panic!("source should have run, failed with {:?}", error))
74-}
75-
76-/// Runs `source` and returns the error it produced.
77-#[track_caller]
78:fn eval_err(source: &str) -> Error {
79-    let (_vm, result) = redblue::run_isolated(&parse(source));
80-    result.expect_err("source should have failed")
81-}
82-
83-/// Asserts `source` fails with a `Runtime` error whose message contains `part`.
84-#[track_caller]
85-fn assert_runtime_error(source: &str, part: &str) {
86-    match eval_err(source) {
87-        Error::Runtime(message, span) => {
88-            assert!(
89-                message.contains(part),
90-                "expected a message containing `{}`, got `{}`",
91-                part,
92-                message
93-            );
[0m
[0m$ [0mgrep -rn "fn redblue_text" -A 12 tests/stdlib_modules_test.rs
102:fn redblue_text(value: &str) -> String {
103-    let mut out = String::from("\"");
104-    for c in value.chars() {
105-        match c {
106-            '\\' => out.push_str("\\\\"),
107-            '"' => out.push_str("\\\""),
108-            other => out.push(other),
109-        }
110-    }
111-    out.push('"');
112-    out
113-}
114-
[0m
[0m← [0mEdit tests/common/vm.rs
Index: /home/runner/work/rbops/rbops/redblue/tests/common/vm.rs
===================================================================
--- /home/runner/work/rbops/rbops/redblue/tests/common/vm.rs
+++ /home/runner/work/rbops/rbops/redblue/tests/common/vm.rs
@@ -17,8 +17,9 @@
 //!   call two VMs that disagree about what a program *is* the same program.
 
 use redblue::bytecode::compile_source;
 use redblue::bytecode::vm::BytecodeVm;
+use redblue::value::Value;
 use redblue::{run_isolated, Error};
 
 /// What one VM made of a program.
 ///

[0m
Now the harness fix (MAJOR #2):
[0m$ [0mgrep -n "pub use\|pub mod" src/lib.rs | head -20; grep -n "^pub mod\|^pub use" src/value.rs | head
1:pub mod analyzer;
2:pub mod bytecode;
4:pub mod formatter;
5:pub mod lexer;
6:pub mod linter;
7:pub mod lsp;
8:pub mod parser;
9:pub mod repl;
11:pub mod stdlib;
12:pub mod testing;
23:pub use error::{Error, Span};
24:pub use lsp::{
31:pub use bytecode::{compile_source, Chunk, Opcode};
32:pub use value::{FunctionBody, FunctionValue, Value};
33:pub use vm::{
[0m
[0m← [0mEdit tests/common/vm.rs
Index: /home/runner/work/rbops/rbops/redblue/tests/common/vm.rs
===================================================================
--- /home/runner/work/rbops/rbops/redblue/tests/common/vm.rs
+++ /home/runner/work/rbops/rbops/redblue/tests/common/vm.rs
@@ -17,10 +17,9 @@
 //!   call two VMs that disagree about what a program *is* the same program.
 
 use redblue::bytecode::compile_source;
 use redblue::bytecode::vm::BytecodeVm;
-use redblue::value::Value;
-use redblue::{run_isolated, Error};
+use redblue::{run_isolated, Error, Value};
 
 /// What one VM made of a program.
 ///
 /// `PartialEq` is derived because "agree" has to mean *all three* fields agree.

[0m
[0m← [0mEdit tests/common/vm.rs
Index: /home/runner/work/rbops/rbops/redblue/tests/common/vm.rs
===================================================================
--- /home/runner/work/rbops/rbops/redblue/tests/common/vm.rs
+++ /home/runner/work/rbops/rbops/redblue/tests/common/vm.rs
@@ -50,70 +50,70 @@
         result: Err(message),
     }
 }
 
-/// Runs the whole tree-walking pipeline and hands back both halves.
+/// Runs the whole tree-walking pipeline **once** and hands back everything it
+/// produced.
 ///
-/// Returns the lines `say` produced and the failure, if there was one. Two
-/// callers want this and neither wants it spelled out twice: [`tree_walk`]
-/// needs the output *and* the result, and [`tree_walk_failure`] needs the
-/// `Error` with its position.
+/// Returns the lines `say` produced and the run's own result, so nothing about
+/// a program has to be recovered by running it again: [`tree_walk`] needs the
+/// output *and* the value, and [`tree_walk_failure`] needs the `Error` with its
+/// position.
 ///
+/// **One run, and only one.** The first version of this function returned only
+/// the *failure*, so `tree_walk` re-lexed, re-parsed and re-executed the whole
+/// program to read back a value the first run already had. That ran every
+/// program twice — twice the `say` lines had they been observable, twice the
+/// file writes, twice the clock readings, and twice the wall-clock cost — and
+/// the second run was a *different* run of an impure program, so the value
+/// compared was not necessarily the value of the run that produced the output.
+///
 /// The output is returned even on a failure, and that is the point rather than
 /// an incidental: a program that prints and then faults **has printed**, so a
 /// runner that reports "printed nothing" for a failing program loses the one
 /// fact a failure does not erase. A *frontend* failure returns no output,
 /// because the VM never ran.
 ///
-/// Keeping the pipeline in one function is not tidiness. The first version had
-/// two copies, and the copy that computed the outcome dropped the output
-/// whenever anything failed — so the runner reported that a faulting program
-/// printed nothing, which is false, and disagreed with the bytecode VM about
-/// every program that printed before it faulted.
-pub fn tree_walk_verbose(source: &str) -> (Vec<String>, Option<Error>) {
+/// Keeping the pipeline in one function is not tidiness either. An earlier
+/// version had two copies, and the copy that computed the outcome dropped the
+/// output whenever anything failed — so the runner reported that a faulting
+/// program printed nothing, which is false, and disagreed with the bytecode VM
+/// about every program that printed before it faulted.
+pub fn tree_walk_verbose(source: &str) -> (Vec<String>, Result<Value, Error>) {
     let tokens = match redblue::lexer::Lexer::tokenize(source) {
         Ok(tokens) => tokens,
-        Err(error) => return (Vec::new(), Some(error)),
+        Err(error) => return (Vec::new(), Err(error)),
     };
     let ast = match redblue::parser::parse(tokens) {
         Ok(ast) => ast,
-        Err(error) => return (Vec::new(), Some(error)),
+        Err(error) => return (Vec::new(), Err(error)),
     };
     if let Err(error) = redblue::analyzer::analyze(&ast) {
-        return (Vec::new(), Some(error));
+        return (Vec::new(), Err(error));
     }
     let (mut vm, result) = run_isolated(&ast);
-    (vm.take_output(), result.err())
+    (vm.take_output(), result)
 }
 
 /// The failure `source` produced on the tree-walking VM, with its position.
 ///
 /// `None` when it ran to completion.
 pub fn tree_walk_failure(source: &str) -> Option<Error> {
-    tree_walk_verbose(source).1
+    tree_walk_verbose(source).1.err()
 }
 
 /// Runs `source` on the tree-walking VM.
 ///
 /// A program that does not lex, parse or analyze has *failed*, and that failure
 /// is the outcome rather than a panic: the corpus deliberately contains
 /// malformed programs, and how each is reported is part of what is compared.
 pub fn tree_walk(source: &str) -> Outcome {
-    let (output, error) = tree_walk_verbose(source);
+    let (output, result) = tree_walk_verbose(source);
     Outcome {
         output,
-        result: match error {
-            Some(error) => Err(failure_of(&error)),
-            None => {
-                // The pipeline completed, so the last statement's value is the
-                // program's value. Reading it back needs the pipeline a second
-                // time, which is cheap and is worth not caching: a cached value
-                // is a value that can be stale.
-                let tokens = redblue::lexer::Lexer::tokenize(source).expect("the lexer succeeded");
-                let ast = redblue::parser::parse(tokens).expect("the parser succeeded");
-                let (_vm, result) = run_isolated(&ast);
-                Ok(result.expect("the pipeline succeeded").to_string())
-            }
+        result: match result {
+            Ok(value) => Ok(value.to_string()),
+            Err(error) => Err(failure_of(&error)),
         },
     }
 }
 

[0m
[0m$ [0mcargo test --test differential_test 2>&1 | tail -20
test edge_every_seed_produces_a_distinct_program ... ok
test edge_every_recorded_failure_points_at_a_line_of_its_own_program ... ok
test edge_the_generated_corpus_reaches_every_fault_it_declares ... ok
test a_generated_program_either_completes_or_reports_a_failure ... ok
test edge_the_generator_does_not_produce_nothing_but_failures ... ok
test every_corpus_program_has_an_expected_output_file ... ok
test edge_a_generated_program_only_faults_on_a_fault_that_was_injected ... ok
test every_corpus_program_prints_what_its_expected_file_records ... ok
test the_checked_in_corpus_is_the_one_the_generator_produces ... ok
test edge_the_generated_corpus_compares_a_program_s_value_not_only_its_output ... ok
test the_corpus_holds_programs_that_must_fail ... ok
test the_generator_is_reproducible_from_its_seed ... ok
test the_corpus_holds_programs_that_are_worth_something ... ok
test every_corpus_program_agrees_between_the_two_vms ... ok
test the_shrinker_reduces_a_counterexample_to_a_minimal_program ... ok
test regenerating_the_corpus_writes_exactly_what_the_generator_produces ... ok
test the_two_vms_agree_on_every_generated_program ... ok

test result: ok. 48 passed; 0 failed; 0 ignored; 0 measured; 0 filtered out; finished in 0.50s
[0m
[0m$ [0mgrep -rn "files.append" tests/*.rs | head -5
tests/stdlib_modules_test.rs:208:/// `files.append` creates the file when it is missing and adds to the end when
tests/stdlib_modules_test.rs:211:fn files_append_creates_then_appends() {
tests/stdlib_modules_test.rs:212:    let dir = TempDir::new("files-append");
tests/stdlib_modules_test.rs:216:            "files.append({}, {})",
tests/stdlib_modules_test.rs:223:        "files.append({}, {})",
[0m
[0m← [0mEdit tests/common/vm.rs
Index: /home/runner/work/rbops/rbops/redblue/tests/common/vm.rs
===================================================================
--- /home/runner/work/rbops/rbops/redblue/tests/common/vm.rs
+++ /home/runner/work/rbops/rbops/redblue/tests/common/vm.rs
@@ -140,10 +140,37 @@
 }
 
 #[cfg(test)]
 mod tests {
+    use std::path::PathBuf;
+
     use super::*;
 
+    /// A path under `target/tmp/phase020` this test may write into, so a test
+    /// that observes a side effect writes nothing outside the checkout.
+    fn temp_file(name: &str) -> PathBuf {
+        let dir = PathBuf::from(env!("CARGO_MANIFEST_DIR")).join("target/tmp/phase020");
+        std::fs::create_dir_all(&dir)
+            .unwrap_or_else(|e| panic!("{} should be creatable: {e}", dir.display()));
+        let path = dir.join(name);
+        let _ = std::fs::remove_file(&path);
+        path
+    }
+
+    /// `value` as a Redblue text literal.
+    fn text_literal(value: &str) -> String {
+        let mut out = String::from("\"");
+        for c in value.chars() {
+            match c {
+                '\\' => out.push_str("\\\\"),
+                '"' => out.push_str("\\\""),
+                other => out.push(other),
+            }
+        }
+        out.push('"');
+        out
+    }
+
     #[test]
     fn edge_a_program_ending_in_an_expression_is_worth_it_on_both_vms() {
         // The divergence this harness was built to find. A differential runner
         // that compared only printed lines would never have asked the question.

[0m
Now add the harness tests that pin both fixes:
[0m→ [0mRead tests/common/vm.rs[90m [limit=60, offset=200][0m
[0m
[0m← [0mEdit tests/common/vm.rs
Index: /home/runner/work/rbops/rbops/redblue/tests/common/vm.rs
===================================================================
--- /home/runner/work/rbops/rbops/redblue/tests/common/vm.rs
+++ /home/runner/work/rbops/rbops/redblue/tests/common/vm.rs
@@ -235,5 +235,106 @@
             "nothing ran, so nothing was printed: {tree:?}"
         );
         assert_eq!(failure_label(&tree), Some("ParserError"));
     }
+
+    /// Reading a program's value must not cost a second run of it.
+    ///
+    /// The value used to be recovered by re-lexing, re-parsing and re-executing
+    /// the program, because the first run handed back only its failure. A pure
+    /// program cannot tell the difference — which is why the bug survived a
+    /// corpus of 315 of them — but a program with a side effect is run twice,
+    /// and the second run is a different run.
+    #[test]
+    fn edge_one_run_of_a_program_is_all_the_harness_asks_for() {
+        let path = temp_file("one-run.txt");
+        let literal = text_literal(&path.to_string_lossy());
+        let source = format!(
+            "files.write({literal}, \"a\")\nfiles.append({literal}, \"b\")\n"
+        );
+        let outcome = tree_walk(&source);
+        assert_eq!(
+            outcome.result,
+            Ok("nothing".to_string()),
+            "the program ran to completion: {outcome:?}"
+        );
+        assert_eq!(
+            std::fs::read_to_string(&path).unwrap_or_else(|e| {
+                panic!("{} should have been written: {e}", path.display())
+            }),
+            "ab",
+            "the program appended once, so the harness ran it once; two runs \
+             would have written `abab`"
+        );
+        let _ = std::fs::remove_file(&path);
+    }
+
+    /// The failure a run reported is the failure *that* run reported.
+    ///
+    /// The other half of the same defect: `tree_walk_failure` used to come from
+    /// a separate call, so a program whose second run faulted differently from
+    /// its first would have had its position read off the wrong run.
+    #[test]
+    fn edge_a_failure_is_read_off_the_run_that_produced_it() {
+        let source = "say 1\nsay xs[9]\n";
+        let (output, result) = tree_walk_verbose(source);
+        assert_eq!(output, vec!["1".to_string()]);
+        let error = result.expect_err("the program should have faulted");
+        assert_eq!(error.label(), "RuntimeError");
+        assert_eq!(error.span().line, 2, "the second line is what faulted");
+    }
+
+    /// A nested `object` is a program, not an internal inconsistency.
+    ///
+    /// `object Inner` written inside `Outer`'s own body is accepted by the
+    /// analyzer and runs on the tree-walking VM: the type is registered first,
+    /// and the rest of the body — the nested declaration among it — runs in the
+    /// enclosing scope afterwards, which is the only reason `extends Outer` has
+    /// a parent to find. The bytecode VM kept a single pending declaration, so
+    /// the inner body took it and the outer body panicked reaching for it.
+    #[test]
+    fn edge_a_nested_object_runs_on_both_vms_and_neither_panics() {
+        for source in [
+            // A nested declaration of its own: the outer type is complete
+            // before the inner one starts.
+            "object Outer\nhas a default 1\n\nobject Inner\nhas b default 2\nend\nend\n\nsay Outer.a\n",
+            // A nested declaration that extends the one it is written inside,
+            // which only resolves if the outer type is registered first.
+            "object Outer\nhas a default 1\n\nobject Inner extends Outer\nhas b default 2\nend\nend\n\nsay Outer.a\n",
+            // Three deep, and the two middle types are unnameable afterwards —
+            // the analyzer does not carry them out of the body — so what is
+            // being pinned is that running the program panics nothing.
+            "object A\nhas a default 1\nobject B\nhas b default 2\nobject C\nhas c default 3\nend\nend\nend\nsay A.a\n",
+            // The rest of a body runs in the enclosing scope, so a variable it
+            // binds outlives the declaration that carried it.
+            "object A\nhas v default 1\nset carried to 41\nend\nsay carried + 1\n",
+            // ...and it runs after the type is bound, not before.
+            "object A\nhas v default 1\nsay A.v\nend\n",
+            // A bare `to` in an object body is a method of the type, not a
+            // function of the enclosing scope.
+            "object A\nhas v default 1\nto can get()\ngive back this.v * 2\nend\nend\nsay A.get()\n",
+        ] {
+            let tree = tree_walk(source);
+            let byte = bytecode(source);
+            assert_eq!(
+                tree, byte,
+                "{source:?}: the two VMs disagree about an object body"
+            );
+        }
+    }
+
+    /// A declaration's remaining body statements are worth nothing.
+    ///
+    /// The tail is compiled into the enclosing block now, where a trailing
+    /// expression *is* the block's value when the block is a function's — and
+    /// an `object` statement is a statement, so `declare_object` answers
+    /// `nothing` on the tree-walking VM whatever ran in the body.
+    #[test]
+    fn edge_an_object_declaration_is_worth_nothing_even_when_its_body_ends_in_a_value() {
+        let source = "to outer()\nobject A\nhas v default 1\n1 + 1\nend\ngive back 7\nend\nsay outer()\n";
+        let tree = tree_walk(source);
+        let byte = bytecode(source);
+        assert_eq!(tree, byte, "{tree:?} vs {byte:?}");
+        assert_eq!(tree.result, Ok("7".to_string()));
+        assert_eq!(tree.output, vec!["7".to_string()]);
+    }
 }

[0m
[0m$ [0mcargo test --test differential_test 2>&1 | grep -E "^error|warning: unused|FAILED|test result|panicked|-->" | head -30
[1m[94m--> [0mtests/common/vm.rs:283:33
[0m
[0m$ [0mcargo test --test differential_test 2>&1 | tail -30
[1m[92m   Compiling[0m redblue v0.1.0 (/home/runner/work/rbops/rbops/redblue)
[1m[91merror[E0609][0m[1m: no field `line` on type `Option<&Span>`[0m
   [1m[94m--> [0mtests/common/vm.rs:283:33
    [1m[94m|[0m
[1m[94m283[0m [1m[94m|[0m         assert_eq!(error.span().line, 2, "the second line is what faulted");
    [1m[94m|[0m                                 [1m[91m^^^^[0m [1m[91munknown field[0m
    [1m[94m|[0m
[1m[96mhelp[0m: one of the expressions' fields has a field of the same name
    [1m[94m|[0m
[1m[94m283[0m [1m[94m| [0m        assert_eq!(error.span().[92munwrap().[0mline, 2, "the second line is what faulted");
    [1m[94m|[0m                                 [92m+++++++++[0m

[1mFor more information about this error, try `rustc --explain E0609`.[0m
[1m[91merror[0m: could not compile `redblue` (test "differential_test") due to 1 previous error
[0m
[0m$ [0mgrep -n "tree_walk_failure\|\.span()" tests/differential_test.rs | head -10
682:        let error = vm::tree_walk_failure(&source).unwrap_or_else(|| {
697:            .span()
[0m
[0m→ [0mRead tests/differential_test.rs[90m [limit=30, offset=678][0m
[0m
[0m← [0mEdit tests/common/vm.rs
Index: /home/runner/work/rbops/rbops/redblue/tests/common/vm.rs
===================================================================
--- /home/runner/work/rbops/rbops/redblue/tests/common/vm.rs
+++ /home/runner/work/rbops/rbops/redblue/tests/common/vm.rs
@@ -279,9 +279,13 @@
     let (output, result) = tree_walk_verbose(source);
     assert_eq!(output, vec!["1".to_string()]);
     let error = result.expect_err("the program should have faulted");
     assert_eq!(error.label(), "RuntimeError");
-    assert_eq!(error.span().line, 2, "the second line is what faulted");
+    let span = error
+        .span()
+        .cloned()
+        .expect("a runtime failure carries the line it happened on");
+    assert_eq!(span.line, 2, "the second line is what faulted");
 }
 
 /// A nested `object` is a program, not an internal inconsistency.
 ///

[0m
[0m$ [0mcargo test --test differential_test 2>&1 | tail -20
left: Ok("nothing")
 right: Ok("7")
stack backtrace:
   0: __rustc::rust_begin_unwind
   1: core::panicking::panic_fmt
   2: core::panicking::assert_failed_inner
   3: core::panicking::assert_failed::<core::result::Result<alloc::string::String, alloc::string::String>, core::result::Result<alloc::string::String, alloc::string::String>>
   4: differential_test::common::vm::tests::edge_an_object_declaration_is_worth_nothing_even_when_its_body_ends_in_a_value
   5: differential_test::common::vm::tests::edge_an_object_declaration_is_worth_nothing_even_when_its_body_ends_in_a_value::{closure#0}
   6: <differential_test::common::vm::tests::edge_an_object_declaration_is_worth_nothing_even_when_its_body_ends_in_a_value::{closure#0} as core::ops::function::FnOnce<()>>::call_once
note: Some details are omitted, run with `RUST_BACKTRACE=full` for a verbose backtrace.


failures:
    common::vm::tests::edge_a_failure_is_read_off_the_run_that_produced_it
    common::vm::tests::edge_an_object_declaration_is_worth_nothing_even_when_its_body_ends_in_a_value

test result: FAILED. 50 passed; 2 failed; 0 ignored; 0 measured; 0 filtered out; finished in 0.51s

[1m[91merror[0m: test failed, to rerun pass `--test differential_test`
[0m
[0m$ [0mfor p in 'to outer()
give back 7
end
say outer()' 'to outer()
object A
has v default 1
end
give back 7
end
say outer()' 'to outer()
set q to 1
give back 7
end
say outer()'; do printf '%s\n' "$p" > /tmp/opencode/t.rb; echo "=== $p"; cargo run --quiet --bin rb -- run /tmp/opencode/t.rb; done
=== to outer()
give back 7
end
say outer()
7
=== to outer()
object A
has v default 1
end
give back 7
end
say outer()
7
=== to outer()
set q to 1
give back 7
end
say outer()
7
[0m
[0m$ [0mprintf 'to outer()\nobject A\nhas v default 1\n1 + 1\nend\ngive back 7\nend\nsay outer()\n' > /tmp/opencode/t.rb; cargo run --quiet --bin rb -- run /tmp/opencode/t.rb; echo "exit=$?"
7
exit=0
[0m
[0m$ [0mcat > tests/zz_scratch_test.rs <<'EOF'
use redblue::bytecode::compile_source;
use redblue::bytecode::vm::BytecodeVm;

fn bc(source: &str) -> String {
    let chunk = match compile_source(source) { Ok(c) => c, Err(e) => return format!("ERR {}", e.message()) };
    let mut vm = BytecodeVm::new();
    let r = std::panic::catch_unwind(std::panic::AssertUnwindSafe(|| {
        let r = vm.run(&chunk); let out = vm.take_output(); format!("result={r:?} output={out:?}") }));
    match r { Ok(s) => s, Err(_) => "PANIC".to_string() }
}
fn tw(source: &str) -> String {
    let tokens = match redblue::lexer::Lexer::tokenize(source) { Ok(t) => t, Err(e) => return format!("ERR {}", e.message()) };
    let ast = match redblue::parser::parse(tokens) { Ok(a) => a, Err(e) => return format!("ERR {}", e.message()) };
    if let Err(e) = redblue::analyzer::analyze(&ast) { return format!("ERR {}", e.message()); }
    let (mut vm, r) = redblue::run_isolated(&ast);
    format!("result={r:?} output={:?}", vm.take_output())
}
#[test]
fn scratch() {
    for (n, s) in [
        ("obj is last stmt of fn", "to outer()\nobject A\nhas v default 1\n1 + 1\nend\nend\nouter()\n"),
        ("obj then give back", "to outer()\nobject A\nhas v default 1\n1 + 1\nend\ngive back 7\nend\nouter()\n"),
        ("obj last stmt of main", "object A\nhas v default 1\n1 + 1\nend\n"),
        ("obj last stmt of main, plain", "object A\nhas v default 1\nend\n"),
        ("nested last of fn", "to outer()\nobject A\nhas v default 1\nobject B\nhas w default 2\nend\nend\nend\nouter()\n"),
        ("runtime index", "set xs to [1]\nsay xs[9]\n"),
    ] {
        let (t, b) = (tw(s), bc(s));
        println!("--- {n} {}\n  tree: {t}\n  bc:   {b}", if t == b { "[AGREE]" } else { "[DIFFER]" });
    }
}
EOF
cargo test --test zz_scratch_test -- --nocapture 2>&1 | sed -n '4,40p'
running 1 test
--- obj is last stmt of fn [AGREE]
  tree: result=Ok(Nothing) output=[]
  bc:   result=Ok(Nothing) output=[]
--- obj then give back [AGREE]
  tree: result=Ok(Number(7.0)) output=[]
  bc:   result=Ok(Number(7.0)) output=[]
--- obj last stmt of main [AGREE]
  tree: result=Ok(Nothing) output=[]
  bc:   result=Ok(Nothing) output=[]
--- obj last stmt of main, plain [AGREE]
  tree: result=Ok(Nothing) output=[]
  bc:   result=Ok(Nothing) output=[]
--- nested last of fn [AGREE]
  tree: result=Ok(Nothing) output=[]
  bc:   result=Ok(Nothing) output=[]
--- runtime index [AGREE]
  tree: result=Err(Runtime("Index 9 is out of bounds: length is 1, valid indexes are 0 to 0", Span { line: 2, column: 1 })) output=[]
  bc:   result=Err(Runtime("Index 9 is out of bounds: length is 1, valid indexes are 0 to 0", Span { line: 2, column: 1 })) output=[]
test scratch ... ok

test result: ok. 1 passed; 0 failed; 0 ignored; 0 measured; 0 filtered out; finished in 0.00s
[0m
[0m← [0mEdit tests/common/vm.rs
Index: /home/runner/work/rbops/rbops/redblue/tests/common/vm.rs
===================================================================
--- /home/runner/work/rbops/rbops/redblue/tests/common/vm.rs
+++ /home/runner/work/rbops/rbops/redblue/tests/common/vm.rs
@@ -274,18 +274,18 @@
 /// a separate call, so a program whose second run faulted differently from
 /// its first would have had its position read off the wrong run.
 #[test]
 fn edge_a_failure_is_read_off_the_run_that_produced_it() {
-    let source = "say 1\nsay xs[9]\n";
+    let source = "set xs to [1]\nsay 1\nsay xs[9]\n";
     let (output, result) = tree_walk_verbose(source);
     assert_eq!(output, vec!["1".to_string()]);
     let error = result.expect_err("the program should have faulted");
     assert_eq!(error.label(), "RuntimeError");
     let span = error
         .span()
         .cloned()
         .expect("a runtime failure carries the line it happened on");
-    assert_eq!(span.line, 2, "the second line is what faulted");
+    assert_eq!(span.line, 3, "the third line is what faulted");
 }
 
 /// A nested `object` is a program, not an internal inconsistency.
 ///

[0m
Let me fix my two new tests:
[0m← [0mEdit tests/common/vm.rs
Index: /home/runner/work/rbops/rbops/redblue/tests/common/vm.rs
===================================================================
--- /home/runner/work/rbops/rbops/redblue/tests/common/vm.rs
+++ /home/runner/work/rbops/rbops/redblue/tests/common/vm.rs
@@ -330,15 +330,37 @@
     ///
     /// The tail is compiled into the enclosing block now, where a trailing
     /// expression *is* the block's value when the block is a function's — and
     /// an `object` statement is a statement, so `declare_object` answers
-    /// `nothing` on the tree-walking VM whatever ran in the body.
+    /// `nothing` on the tree-walking VM whatever ran in the body. Both halves
+    /// of that: the declaration last in a function, and the declaration
+    /// followed by a `give back`.
     #[test]
     fn edge_an_object_declaration_is_worth_nothing_even_when_its_body_ends_in_a_value() {
-        let source = "to outer()\nobject A\nhas v default 1\n1 + 1\nend\ngive back 7\nend\nsay outer()\n";
-        let tree = tree_walk(source);
-        let byte = bytecode(source);
-        assert_eq!(tree, byte, "{tree:?} vs {byte:?}");
-        assert_eq!(tree.result, Ok("7".to_string()));
-        assert_eq!(tree.output, vec!["7".to_string()]);
+        for (source, worth) in [
+            // The declaration is the function's last statement, so its body's
+            // trailing `1 + 1` is in a block whose value is read. The function
+            // is still worth `nothing`, not `2`.
+            (
+                "to outer()\nobject A\nhas v default 1\n1 + 1\nend\nend\nouter()\n",
+                "nothing",
+            ),
+            // The same body, with a `give back` after it: 7, not 2 and not
+            // nothing.
+            (
+                "to outer()\nobject A\nhas v default 1\n1 + 1\nend\ngive back 7\nend\nouter()\n",
+                "7",
+            ),
+            // And the declaration last in the program itself.
+            ("object A\nhas v default 1\n1 + 1\nend\n", "nothing"),
+        ] {
+            let tree = tree_walk(source);
+            let byte = bytecode(source);
+            assert_eq!(tree, byte, "{source:?}: {tree:?} vs {byte:?}");
+            assert_eq!(
+                tree.result,
+                Ok(worth.to_string()),
+                "{source:?}: a declaration is a statement"
+            );
+        }
     }
 }

[0m
[0m$ [0mrm tests/zz_scratch_test.rs; cargo test --test differential_test 2>&1 | tail -8
test the_corpus_holds_programs_that_are_worth_something ... ok
test every_corpus_program_agrees_between_the_two_vms ... ok
test the_shrinker_reduces_a_counterexample_to_a_minimal_program ... ok
test regenerating_the_corpus_writes_exactly_what_the_generator_produces ... ok
test the_two_vms_agree_on_every_generated_program ... ok

test result: ok. 52 passed; 0 failed; 0 ignored; 0 measured; 0 filtered out; finished in 0.51s
[0m
[0m# [0mTodos
[✓] BLOCKER: nested `object` panics in bytecode VM (src/bytecode/codegen.rs + src/bytecode/vm.rs)
[✓] MAJOR: tree_walk re-runs the whole pipeline to recover the value (tests/common/vm.rs)
[•] MAJOR: loop_forms emits malformed `set xs = []` (tests/common/generator.rs)
[ ] MINOR: corpus() drops unreadable dir entries (tests/common/corpus.rs)
[ ] MINOR: "five failures" doc says five, FAULTS holds six (tests/common/generator.rs)
[✓] STYLE: duplicated is_last doc sentence (src/bytecode/codegen.rs:152-157)
[ ] Add nested-object corpus programs and regenerate corpus
[ ] Mutation-check each new assertion
[ ] Update REPORT/FINDINGS, then run the four gates
[0m
[0m$ [0mcat corpus/loop-forms-0017.rb; echo "--- expected:"; cat corpus/loop-forms-0017.expected
set xs = []
--- expected:
#label LexerError
#message Unexpected character '='
[0m
[0m$ [0mprintf 'set xs to [1, 2, 3]\nfor each x in xs\nif x is 2 then\nskip\nend\nsay x\nend\nsay "after"\n' > /tmp/opencode/a.rb; cargo run --quiet --bin rb -- run /tmp/opencode/a.rb; echo "---break"; printf 'set xs to [1, 2, 3]\nfor each x in xs\nif x is 2 then\nbreak\nend\nsay x\nend\nsay "after"\n' > /tmp/opencode/b.rb; cargo run --quiet --bin rb -- run /tmp/opencode/b.rb; echo "---skip in repeat"; printf 'set n to 0\nrepeat 4 times\nset n to n + 1\nif n is 2 then\nskip\nend\nsay n\nend\n' > /tmp/opencode/c.rb; cargo run --quiet --bin rb -- run /tmp/opencode/c.rb
1
2
3
after
---break
1
2
3
after
---skip in repeat
1
2
3
4
[0m
[0m$ [0mcat > tests/zz_scratch_test.rs <<'EOF'
use redblue::bytecode::compile_source;
use redblue::bytecode::vm::BytecodeVm;
fn bc(source: &str) -> String {
    let chunk = match compile_source(source) { Ok(c) => c, Err(e) => return format!("ERR {}", e.message()) };
    let mut vm = BytecodeVm::new();
    let r = std::panic::catch_unwind(std::panic::AssertUnwindSafe(|| {
        let r = vm.run(&chunk); let out = vm.take_output(); format!("result={r:?} output={out:?}") }));
    match r { Ok(s) => s, Err(_) => "PANIC".to_string() }
}
fn tw(source: &str) -> String {
    let tokens = match redblue::lexer::Lexer::tokenize(source) { Ok(t) => t, Err(e) => return format!("ERR {}", e.message()) };
    let ast = match redblue::parser::parse(tokens) { Ok(a) => a, Err(e) => return format!("ERR {}", e.message()) };
    if let Err(e) = redblue::analyzer::analyze(&ast) { return format!("ERR {}", e.message()); }
    let (mut vm, r) = redblue::run_isolated(&ast);
    format!("result={r:?} output={:?}", vm.take_output())
}
#[test]
fn scratch() {
    for (n, s) in [
        ("skip in for-each", "set xs to [1, 2, 3]\nfor each x in xs\nif x is 2 then\nskip\nend\nsay x\nend\n"),
        ("break in for-each", "set xs to [1, 2, 3]\nfor each x in xs\nif x is 2 then\nbreak\nend\nsay x\nend\n"),
        ("skip in repeat", "set n to 0\nrepeat 4 times\nset n to n + 1\nif n is 2 then\nskip\nend\nsay n\nend\n"),
        ("break in repeat", "set n to 0\nrepeat 4 times\nset n to n + 1\nif n is 2 then\nbreak\nend\nsay n\nend\n"),
    ] {
        let (t, b) = (tw(s), bc(s));
        println!("--- {n} {}\n  tree: {t}\n  bc:   {b}", if t == b { "[AGREE]" } else { "[DIFFER]" });
    }
}
EOF
cargo test --test zz_scratch_test -- --nocapture 2>&1 | sed -n '4,30p'
running 1 test
1
2
3
1
2
3
--- skip in for-each [AGREE]
  tree: result=Ok(Nothing) output=["1", "2", "3"]
  bc:   result=Ok(Nothing) output=["1", "2", "3"]
1
2
3
1
2
3
--- break in for-each [AGREE]
  tree: result=Ok(Nothing) output=["1", "2", "3"]
  bc:   result=Ok(Nothing) output=["1", "2", "3"]
1
2
3
4
1
2
3
[0m
[0m$ [0mcargo test --test zz_scratch_test -- --nocapture 2>&1 | grep -A3 "^--- " | head -30
--- skip in for-each [AGREE]
  tree: result=Ok(Nothing) output=["1", "2", "3"]
  bc:   result=Ok(Nothing) output=["1", "2", "3"]
1
--
--- break in for-each [AGREE]
  tree: result=Ok(Nothing) output=["1", "2", "3"]
  bc:   result=Ok(Nothing) output=["1", "2", "3"]
1
--
--- skip in repeat [AGREE]
  tree: result=Ok(Nothing) output=["1", "2", "3", "4"]
  bc:   result=Ok(Nothing) output=["1", "2", "3", "4"]
1
--
--- break in repeat [AGREE]
  tree: result=Ok(Nothing) output=["1", "2", "3", "4"]
  bc:   result=Ok(Nothing) output=["1", "2", "3", "4"]
test scratch ... ok
[0m
[0m$ [0mgrep -n "break\|skip\|for_each\|for each" docs/GRAMMAR.md | head -20
45:         | 'break' | 'skip' | 'return' | 'give back'
254:break_statement  = 'break'
255:skip_statement   = 'skip' [ expression ]
481:for each i from 1 to 10
[0m
[0m$ [0mgrep -n "Break\|Skip" src/vm.rs | head
680:            Statement::Break => {
684:            Statement::Skip => {
[0m
[0m→ [0mRead src/vm.rs[90m [limit=18, offset=676][0m
[0m
[0m$ [0mgrep -ln "=" corpus/malformed-*.rb | head; echo ===; for f in corpus/malformed-*.rb; do printf '%s: %s\n' "$f" "$(head -3 "$f" | tr '\n' '|')"; done | grep -i "set\|=" | head -20
corpus/malformed-0019.rb
corpus/malformed-0021.rb
corpus/malformed-0029.rb
===
corpus/malformed-0004.rb: set 1 to 2|
corpus/malformed-0005.rb: set x 5|
corpus/malformed-0006.rb: set x to|
corpus/malformed-0015.rb: set xs to [1, 2|say xs|
corpus/malformed-0016.rb: set r to {a: 1|say r|
corpus/malformed-0019.rb: set xs = 0|
corpus/malformed-0021.rb: say 1 == 1|
corpus/malformed-0024.rb: set n to 0|while n is less than 3 do|set n to n + 1|
corpus/malformed-0026.rb: set xs to [1, 2]|say xs[9|
corpus/malformed-0029.rb: set x = 1|
[0m
[0m$ [0mprintf 'set total to 0\nfor each x in [1, 2, 3]\nif x is 2 then\nskip\nend\nset total to total + x\nend\nfor each x in [1, 2, 3]\nif x is 2 then\nbreak\nend\nset total to total + x\nend\nsay total\n' > /tmp/opencode/d.rb; cargo run --quiet --bin rb -- run /tmp/opencode/d.rb
12
[0m
[0m$ [0mcat > tests/zz_scratch_test.rs <<'EOF'
use redblue::bytecode::compile_source;
use redblue::bytecode::vm::BytecodeVm;
fn bc(source: &str) -> String {
    let chunk = match compile_source(source) { Ok(c) => c, Err(e) => return format!("ERR {}", e.message()) };
    let mut vm = BytecodeVm::new();
    let r = std::panic::catch_unwind(std::panic::AssertUnwindSafe(|| {
        let r = vm.run(&chunk); let out = vm.take_output(); format!("result={r:?} output={out:?}") }));
    match r { Ok(s) => s, Err(_) => "PANIC".to_string() }
}
fn tw(source: &str) -> String {
    let tokens = match redblue::lexer::Lexer::tokenize(source) { Ok(t) => t, Err(e) => return format!("ERR {}", e.message()) };
    let ast = match redblue::parser::parse(tokens) { Ok(a) => a, Err(e) => return format!("ERR {}", e.message()) };
    if let Err(e) = redblue::analyzer::analyze(&ast) { return format!("ERR {}", e.message()); }
    let (mut vm, r) = redblue::run_isolated(&ast);
    format!("result={r:?} output={:?}", vm.take_output())
}
#[test]
fn scratch() {
    let s = "set total to 0\nfor each x in [1, 2, 3]\nif x is 2 then\nskip\nend\nset total to total + x\nend\nfor each x in [1, 2, 3]\nif x is 2 then\nbreak\nend\nset total to total + x\nend\nsay total\n";
    let (t, b) = (tw(s), bc(s));
    println!("--- {}\n  tree: {t}\n  bc:   {b}", if t == b { "[AGREE]" } else { "[DIFFER]" });
}
EOF
cargo test --test zz_scratch_test -- --nocapture 2>&1 | grep -A3 "^--- "; rm tests/zz_scratch_test.rs
--- [AGREE]
  tree: result=Ok(Nothing) output=["12"]
  bc:   result=Ok(Nothing) output=["12"]
test scratch ... ok
[0m
[0m← [0mEdit tests/common/generator.rs
Index: /home/runner/work/rbops/rbops/redblue/tests/common/generator.rs
===================================================================
--- /home/runner/work/rbops/rbops/redblue/tests/common/generator.rs
+++ /home/runner/work/rbops/rbops/redblue/tests/common/generator.rs
@@ -323,9 +323,14 @@
         "set xs to [1, 2, 3]\nset n to 0\nfor each x in xs\nset n to n + length(xs)\nend\nsay n\n",
         "set i to 0\nset count to 0\nrepeat 3 times\nset count to count + 1\nset i to i + 1\nend\nsay count\n",
         "set xs to [1, 2, 3]\nfor each x in xs\nif x is 2 then\nsay \"two\"\nend\nend\n",
         "set total to 0\nrepeat 10 times\nset total to total + 2\nend\nsay total\n",
-        "set xs = []\n",
+        // `skip` and `break` are loop forms of their own, and both are
+        // accepted: neither leaves the loop it is written in, so both loops run
+        // to the end and `total` is 12 rather than 6. The program that stood
+        // here was `set xs = []` — a malformed `set`, which `malformed` already
+        // holds twice — so it was counting a loop while testing none.
+        "set total to 0\nfor each x in [1, 2, 3]\nif x is 2 then\nskip\nend\nset total to total + x\nend\nfor each x in [1, 2, 3]\nif x is 2 then\nbreak\nend\nset total to total + x\nend\nsay total\n",
     ];
     push(out, "loop-forms", programs);
 }
 

[0m
Now update the generator (MAJOR #3 + MINOR #5) and add nested-object corpus programs:
[0m← [0mEdit tests/common/generator.rs
Index: /home/runner/work/rbops/rbops/redblue/tests/common/generator.rs
===================================================================
--- /home/runner/work/rbops/rbops/redblue/tests/common/generator.rs
+++ /home/runner/work/rbops/rbops/redblue/tests/common/generator.rs
@@ -582,9 +582,9 @@
     Record,
     Nothing,
 }
 
-/// The five failures a generated program is allowed to fault with.
+/// The six failures a generated program is allowed to fault with.
 ///
 /// A named list rather than a flag, so the generator and the assertion that
 /// checks it cannot disagree about which faults were intended.
 pub const FAULTS: [&str; 6] = [

[0m
[0m$ [0mgrep -n "five\|Five" tests/common/generator.rs tests/differential_test.rs tests/common/corpus.rs | head -20
tests/common/generator.rs:536:/// The five labels a frontend or runtime failure can carry.
tests/differential_test.rs:441:                    "seed {seed}: failure {message:?} does not name one of the five public \
tests/common/corpus.rs:28://!   five public `Error::label()` values.
[0m
[0m→ [0mRead tests/common/generator.rs[90m [limit=30, offset=530][0m
[0m
[0m$ [0mgrep -n "fn label" -A 15 src/error.rs
69:    pub fn label(&self) -> &'static str {
70-        match self {
71-            Error::Lexer(_, _) => "LexerError",
72-            Error::Parser(_, _) => "ParserError",
73-            Error::Analyzer(_, _) => "AnalyzerError",
74-            Error::Runtime(_, _) => "RuntimeError",
75-            Error::Io(_) => "IoError",
76-        }
77-    }
78-
79-    /// The failure message on its own, with no position.
80-    ///
81-    /// Editor tooling carries the position in its own field, so it wants the
82-    /// message alone rather than the multi-line [`fmt::Display`] form, which
83-    /// repeats the location on a second line.
84-    pub fn message(&self) -> &str {
[0m
[0m← [0mEdit tests/common/corpus.rs
Index: /home/runner/work/rbops/rbops/redblue/tests/common/corpus.rs
===================================================================
--- /home/runner/work/rbops/rbops/redblue/tests/common/corpus.rs
+++ /home/runner/work/rbops/rbops/redblue/tests/common/corpus.rs
@@ -60,14 +60,25 @@
 ///
 /// Sorted by file name, so a failure names the same program first on every
 /// machine. The count is over `.rb` files and is unconditional: a corpus that
 /// shrank must fail the size check whether or not anything asked to write.
+///
+/// An entry that cannot be read is a failure naming the directory, not a
+/// program that quietly does not exist. `DirEntry::ok()` would swallow one, and
+/// a corpus entry the harness cannot see is a hole in the coverage rather than
+/// a smaller corpus — which is the one thing a coverage assertion must not be
+/// able to mistake.
 pub fn corpus() -> Vec<PathBuf> {
     let dir = corpus_dir();
     let mut files: Vec<PathBuf> = match fs::read_dir(&dir) {
         Ok(entries) => entries
-            .filter_map(|entry| entry.ok())
-            .map(|entry| entry.path())
+            .map(|entry| {
+                entry
+                    .unwrap_or_else(|error| {
+                        panic!("corpus directory {} should be readable: {error}", dir.display())
+                    })
+                    .path()
+            })
             .filter(|path| path.extension().and_then(|e| e.to_str()) == Some("rb"))
             .collect(),
         Err(error) => panic!(
             "corpus directory {} should be readable: {error}",

[0m
[0m$ [0mcargo fmt --all && cargo test --test differential_test 2>&1 | tail -15
1: core::panicking::panic_fmt
   2: core::panicking::assert_failed_inner
   3: core::panicking::assert_failed::<alloc::string::String, alloc::string::String>
   4: differential_test::regenerating_the_corpus_writes_exactly_what_the_generator_produces
   5: differential_test::regenerating_the_corpus_writes_exactly_what_the_generator_produces::{closure#0}
   6: <differential_test::regenerating_the_corpus_writes_exactly_what_the_generator_produces::{closure#0} as core::ops::function::FnOnce<()>>::call_once
note: Some details are omitted, run with `RUST_BACKTRACE=full` for a verbose backtrace.


failures:
    regenerating_the_corpus_writes_exactly_what_the_generator_produces

test result: FAILED. 51 passed; 1 failed; 0 ignored; 0 measured; 0 filtered out; finished in 0.48s

[1m[91merror[0m: test failed, to rerun pass `--test differential_test`
[0m
[0m→ [0mRead tests/common/generator.rs[90m [limit=30, offset=276][0m
[0m
[0m← [0mEdit tests/common/generator.rs
Index: /home/runner/work/rbops/rbops/redblue/tests/common/generator.rs
===================================================================
--- /home/runner/work/rbops/rbops/redblue/tests/common/generator.rs
+++ /home/runner/work/rbops/rbops/redblue/tests/common/generator.rs
@@ -299,8 +299,18 @@
         "object A\nhas v default 1\nto can get()\ngive back this.v\nend\nend\nsay A.v\n",
         "object A\nend\nobject B extends A\nend\nobject D extends B\nend\nsay type_of(D)\n",
         "object A\nhas v default 3\nto can add(n)\ngive back this.v + n\nend\nend\nsay A.add(4)\n",
         "object A\nhas v default 1\nend\nsay A.v + 1\n",
+        // An `object` written inside another object's body. The analyzer takes
+        // it, and the outer type is registered before the nested one runs — so
+        // the nested declaration cannot name the outer one *outside* the body,
+        // and `say Outer.a` is as much of the nested type as a program can say.
+        "object Outer\nhas a default 1\n\nobject Inner\nhas b default 2\nend\nend\n\nsay Outer.a\n",
+        // The same, with the nested type extending the one it is written inside.
+        // That resolves only if the outer type is registered first, which is the
+        // order `declare_object` uses in `src/vm.rs` and the order the bytecode
+        // compiler has to lower an object body into.
+        "object Base\nhas kind default \"base\"\n\nobject Child extends Base\nhas extra default 1\nend\nend\n\nset Base.kind to \"changed\"\nsay Base.kind\n",
     ];
     push(out, "objects", programs);
 }
 

[0m
[0m$ [0mRB_WRITE_CORPUS=1 cargo test --test differential_test regenerating 2>&1 | tail -15
[1m[92m   Compiling[0m redblue v0.1.0 (/home/runner/work/rbops/rbops/redblue)
[1m[92m    Finished[0m `test` profile [unoptimized] target(s) in 0.63s
[1m[92m     Running[0m tests/differential_test.rs (target/debug/deps/differential_test-8a459288164610f5)

running 1 test
test regenerating_the_corpus_writes_exactly_what_the_generator_produces ... ok

test result: ok. 1 passed; 0 failed; 0 ignored; 0 measured; 51 filtered out; finished in 0.23s
[0m
[0m$ [0mgit status --short corpus/ | head -20; echo ===; cat corpus/loop-forms-0017.rb; echo "--- expected"; cat corpus/loop-forms-0017.expected; echo ===; ls corpus/objects-0017.rb corpus/objects-0018.rb && cat corpus/objects-0017.rb corpus/objects-0017.expected corpus/objects-0018.rb corpus/objects-0018.expected
A corpus/arithmetic-0001.expected
 A corpus/arithmetic-0001.rb
 A corpus/arithmetic-0002.expected
 A corpus/arithmetic-0002.rb
 A corpus/arithmetic-0003.expected
 A corpus/arithmetic-0003.rb
 A corpus/arithmetic-0004.expected
 A corpus/arithmetic-0004.rb
 A corpus/arithmetic-0005.expected
 A corpus/arithmetic-0005.rb
 A corpus/arithmetic-0006.expected
 A corpus/arithmetic-0006.rb
 A corpus/arithmetic-0007.expected
 A corpus/arithmetic-0007.rb
 A corpus/arithmetic-0008.expected
 A corpus/arithmetic-0008.rb
 A corpus/arithmetic-0009.expected
 A corpus/arithmetic-0009.rb
 A corpus/arithmetic-0010.expected
 A corpus/arithmetic-0010.rb
===
set total to 0
for each x in [1, 2, 3]
if x is 2 then
skip
end
set total to total + x
end
for each x in [1, 2, 3]
if x is 2 then
break
end
set total to total + x
end
say total
--- expected
#label none
12
===
corpus/objects-0017.rb
corpus/objects-0018.rb
object Outer
has a default 1

object Inner
has b default 2
end
end

say Outer.a
#label none
1
object Base
has kind default "base"

object Child extends Base
has extra default 1
end
end

set Base.kind to "changed"
say Base.kind
#label none
changed
[0m
[0m$ [0mcargo test --test differential_test 2>&1 | tail -6; ls corpus/*.rb | wc -l
test the_shrinker_reduces_a_counterexample_to_a_minimal_program ... ok
test regenerating_the_corpus_writes_exactly_what_the_generator_produces ... ok
test the_two_vms_agree_on_every_generated_program ... ok

test result: ok. 52 passed; 0 failed; 0 ignored; 0 measured; 0 filtered out; finished in 0.51s

317
[0m
[0m$ [0mcd corpus && python3 - <<'PY'
import glob, collections, os
labels=collections.Counter(); values=collections.Counter(); fams=collections.Counter(); n=0
for f in sorted(glob.glob('*.expected')):
    lines=open(f).read().split('\n')
    lab=lines[0][len('#label '):]
    labels[lab]+=1
    n+=1
    for l in lines[1:]:
        if l.startswith('#value '):
            values[l[len('#value '):]]+=1
    fams[f.split('-')[0]]+=1
print("programs", n)
print("labels", dict(labels))
print("valued", sum(v for k,v in values.items() if k!='nothing'), "distinct(non-nothing)", len([k for k in values if k!='nothing']))
print("distinct values total", len(values))
print(sorted(values.items(), key=lambda kv:-kv[1]))
print("families", dict(sorted(fams.items())))
PY
programs 317
labels {'none': 242, 'ParserError': 26, 'RuntimeError': 36, 'LexerError': 9, 'AnalyzerError': 4}
valued 25 distinct(non-nothing) 18
distinct values total 18
[('3', 3), ('1', 3), ('2', 3), ('5', 2), ('after', 1), ('42', 1), ('abcd', 1), ('yes', 1), ('no', 1), ('[1, 2, 3]', 1), ('{a: 1, b: 2}', 1), ('4', 1), ('[3, 1, 2]', 1), ('0.30000000000000004', 1), ('{a: 1}', 1), ('[1, 2]', 1), ('9', 1), ('[]', 1)]
families {'arithmetic': 18, 'control': 16, 'faults': 18, 'functions': 16, 'labels': 10, 'lists': 18, 'loop': 17, 'malformed': 31, 'nesting': 16, 'numeric': 20, 'objects': 18, 'records': 16, 'runtime': 22, 'stdlib': 21, 'text': 17, 'unicode': 17, 'value': 26}
[0m
Now the mutation checks. First, revert the codegen split and confirm the tests catch it:
[0m$ [0mcp src/bytecode/codegen.rs /tmp/opencode/codegen.rs.keep && python3 - <<'PY'
p='src/bytecode/codegen.rs'
s=open(p).read()
old="""                for statement in body {
                    match &statement.statement {
                        Statement::Has { .. } | Statement::Method { .. } => declarations.push(statement),
                        _ => rest.push(statement),
                    }
                }"""
new="""                for statement in body {
                    let _ = &rest;
                    declarations.push(statement);
                }"""
assert old in s, "pattern not found"
s=s.replace(old,new)
old2="""                for statement in rest {
                    self.statement(statement, code, blocks, depth, false)?;
                }"""
assert old2 in s
s=s.replace(old2,"")
open(p,'w').write(s)
PY
cargo test --test differential_test 2>&1 | grep -E "^test (edge_a_nested|edge_an_object|every_corpus_program_agrees|the_checked_in|edge_every_recorded|the_corpus_holds)|test result" | head -20
Traceback (most recent call last):
  File "<stdin>", line 13, in <module>
AssertionError: pattern not found
test edge_every_recorded_failure_points_at_a_line_of_its_own_program ... ok
test the_checked_in_corpus_is_the_one_the_generator_produces ... ok
test the_corpus_holds_programs_that_must_fail ... ok
test the_corpus_holds_programs_that_are_worth_something ... ok
test every_corpus_program_agrees_between_the_two_vms ... ok
test result: ok. 52 passed; 0 failed; 0 ignored; 0 measured; 0 filtered out; finished in 0.50s
[0m
[0m$ [0msed -n '408,450p' src/bytecode/codegen.rs
}
                let name = self.text(name);
                emit(code, Opcode::DefField, name, 0, line);
            }
            Statement::Object {
                name,
                extends,
                body,
            } => {
                // The body is two halves. The `has` and `to can` compile into
                // the block that assembles the type; everything else compiles
                // here, into the *enclosing* block, after the `STORE` that binds
                // it. See [`Declared`]: the second half has to run once the type
                // is registered, or an `object` nested in the body would have no
                // parent to extend and would overwrite the declaration being
                // assembled.
                let mut declarations: Vec<&Stmt> = Vec::new();
                let mut rest: Vec<&Stmt> = Vec::new();
                for statement in body {
                    match &statement.statement {
                        Statement::Has { .. } | Statement::Method { .. } => {
                            declarations.push(statement)
                        }
                        _ => rest.push(statement),
                    }
                }
                let block = self.nested(
                    Decl {
                        kind: BlockKind::Object,
                        name,
                        arity: 0,
                        params: &[],
                        body: Declared::These(&declarations),
                        span: stmt.span,
                    },
                    depth,
                    blocks,
                )?;
                // The parent goes in as a name, interned like every other name
                // in the program: a flag saying "this one extends something"
                // would leave the file unable to say what.
                let parent = match extends {
                    Some(parent) => self.text(parent),
[0m
[0m$ [0mpython3 - <<'PY'
p='src/bytecode/codegen.rs'
s=open(p).read()
old="""                let mut declarations: Vec<&Stmt> = Vec::new();
                let mut rest: Vec<&Stmt> = Vec::new();
                for statement in body {
                    match &statement.statement {
                        Statement::Has { .. } | Statement::Method { .. } => {
                            declarations.push(statement)
                        }
                        _ => rest.push(statement),
                    }
                }"""
new="""                let mut declarations: Vec<&Stmt> = Vec::new();
                let mut rest: Vec<&Stmt> = Vec::new();
                for statement in body {
                    let _ = &mut rest;
                    declarations.push(statement);
                }"""
assert old in s
s=s.replace(old,new)
old2="""                for statement in rest {
                    self.statement(statement, code, blocks, depth, false)?;
                }"""
assert old2 in s
s=s.replace(old2,"                let _ = rest;")
open(p,'w').write(s)
PY
cargo test --test differential_test 2>&1 | grep -E "FAILED|test result|^test (edge_a_nested|edge_an_object|every_corpus_program_agrees|the_checked_in|edge_the_corpus_gen)" | head -20
test common::vm::tests::edge_a_nested_object_runs_on_both_vms_and_neither_panics ... FAILED
test every_corpus_program_agrees_between_the_two_vms ... FAILED
test the_checked_in_corpus_is_the_one_the_generator_produces ... ok
test regenerating_the_corpus_writes_exactly_what_the_generator_produces ... FAILED
test result: FAILED. 49 passed; 3 failed; 0 ignored; 0 measured; 0 filtered out; finished in 0.47s
[0m
[0m$ [0mcargo test --test differential_test edge_an_object 2>&1 | tail -6; cp /tmp/opencode/codegen.rs.keep src/bytecode/codegen.rs; cargo test --test differential_test 2>&1 | tail -3
running 1 test
test common::vm::tests::edge_an_object_declaration_is_worth_nothing_even_when_its_body_ends_in_a_value ... ok

test result: ok. 1 passed; 0 failed; 0 ignored; 0 measured; 51 filtered out; finished in 0.00s


test result: ok. 52 passed; 0 failed; 0 ignored; 0 measured; 0 filtered out; finished in 0.51s
[0m
[0m$ [0mpython3 - <<'PY'
p='src/bytecode/codegen.rs'
s=open(p).read()
old="""                for statement in rest {
                    self.statement(statement, code, blocks, depth, false)?;
                }"""
new="""                let tail_last = rest.len().saturating_sub(1);
                for (index, statement) in rest.iter().enumerate() {
                    self.statement(statement, code, blocks, depth, last && index == tail_last)?;
                }"""
assert old in s
open(p,'w').write(s.replace(old,new))
PY
cargo test --test differential_test 2>&1 | grep -E "FAILED|test result" | head
test common::vm::tests::edge_an_object_declaration_is_worth_nothing_even_when_its_body_ends_in_a_value ... FAILED
test result: FAILED. 51 passed; 1 failed; 0 ignored; 0 measured; 0 filtered out; finished in 0.52s
[0m
[0m$ [0mcp /tmp/opencode/codegen.rs.keep src/bytecode/codegen.rs
cp tests/common/vm.rs /tmp/opencode/tvm.rs.keep
python3 - <<'PY'
p='tests/common/vm.rs'
s=open(p).read()
old="""pub fn tree_walk(source: &str) -> Outcome {
    let (output, result) = tree_walk_verbose(source);
    Outcome {
        output,
        result: match result {
            Ok(value) => Ok(value.to_string()),
            Err(error) => Err(failure_of(&error)),
        },
    }
}"""
new="""pub fn tree_walk(source: &str) -> Outcome {
    let (output, result) = tree_walk_verbose(source);
    Outcome {
        output,
        result: match result {
            Ok(value) => Ok(value.to_string()),
            Err(error) => Err(failure_of(&error)),
        },
    }
}

#[allow(dead_code)]
fn tree_walk_re_runs(source: &str) -> Outcome {
    let (output, error) = tree_walk_verbose(source);
    let _ = &error;
    let tokens = redblue::lexer::Lexer::tokenize(source).expect("the lexer succeeded");
    let ast = redblue::parser::parse(tokens).expect("the parser succeeded");
    let (_vm, result) = run_isolated(&ast);
    let _ = &output;
    Outcome {
        output: vec![],
        result: Ok(result.expect("ran").to_string()),
    }
}"""
assert old in s
s=s.replace(old,new)
s=s.replace("let outcome = tree_walk(&source);","let outcome = tree_walk_re_runs(&source);")
open(p,'w').write(s)
PY
cargo test --test differential_test edge_one_run 2>&1 | grep -E "FAILED|ok|panicked|left|right|assertion" | head -10
test common::vm::tests::edge_one_run_of_a_program_is_all_the_harness_asks_for ... ok
test result: ok. 1 passed; 0 failed; 0 ignored; 0 measured; 51 filtered out; finished in 0.00s
[0m
[0m$ [0mcp /tmp/opencode/tvm.rs.keep tests/common/vm.rs && python3 - <<'PY'
p='tests/common/vm.rs'
s=open(p).read()
old="""        let source = format!(
            "files.write({literal}, \\"a\\")\\nfiles.append({literal}, \\"b\\")\\n"
        );"""
new="""        let source = format!(
            "files.append({literal}, \\"a\\")\\nfiles.append({literal}, \\"b\\")\\n"
        );"""
assert old in s
s=s.replace(old,new)
open(p,'w').write(s)
PY
cargo test --test differential_test edge_one_run 2>&1 | grep -E "FAILED|test result" | head
Traceback (most recent call last):
  File "<stdin>", line 9, in <module>
AssertionError
test result: ok. 1 passed; 0 failed; 0 ignored; 0 measured; 51 filtered out; finished in 0.00s
[0m
[0m$ [0mgrep -n "files.write\|files.append" tests/common/vm.rs
251:        let source = format!("files.write({literal}, \"a\")\nfiles.append({literal}, \"b\")\n");
[0m
[0m← [0mEdit tests/common/vm.rs
Index: /home/runner/work/rbops/rbops/redblue/tests/common/vm.rs
===================================================================
--- /home/runner/work/rbops/rbops/redblue/tests/common/vm.rs
+++ /home/runner/work/rbops/rbops/redblue/tests/common/vm.rs
@@ -247,9 +247,9 @@
 #[test]
 fn edge_one_run_of_a_program_is_all_the_harness_asks_for() {
     let path = temp_file("one-run.txt");
     let literal = text_literal(&path.to_string_lossy());
-    let source = format!("files.write({literal}, \"a\")\nfiles.append({literal}, \"b\")\n");
+    let source = format!("files.append({literal}, \"a\")\nfiles.append({literal}, \"b\")\n");
     let outcome = tree_walk(&source);
     assert_eq!(
         outcome.result,
         Ok("nothing".to_string()),

[0m
[0m→ [0mRead tests/common/vm.rs[90m [limit=40, offset=234][0m
[0m
[0m$ [0mcargo fmt --all && cargo test --test differential_test edge_one_run 2>&1 | grep -E "FAILED|test result"
test result: ok. 1 passed; 0 failed; 0 ignored; 0 measured; 51 filtered out; finished in 0.00s
[0m
Now re-run the mutation to confirm it fails:
[0m$ [0mcp tests/common/vm.rs /tmp/opencode/tvm.rs.keep && python3 - <<'PY'
p='tests/common/vm.rs'
s=open(p).read()
old="""pub fn tree_walk(source: &str) -> Outcome {
    let (output, result) = tree_walk_verbose(source);
    Outcome {
        output,
        result: match result {
            Ok(value) => Ok(value.to_string()),
            Err(error) => Err(failure_of(&error)),
        },
    }
}"""
new="""pub fn tree_walk(source: &str) -> Outcome {
    let (output, error) = tree_walk_failure_and_output(source);
    let result = match error {
        Some(error) => Err(failure_of(&error)),
        None => {
            let tokens = redblue::lexer::Lexer::tokenize(source).expect("the lexer succeeded");
            let ast = redblue::parser::parse(tokens).expect("the parser succeeded");
            let (_vm, result) = run_isolated(&ast);
            Ok(result.expect("the pipeline succeeded").to_string())
        }
    };
    Outcome { output, result }
}

#[allow(dead_code)]
fn tree_walk_failure_and_output(source: &str) -> (Vec<String>, Option<Error>) {
    let tokens = match redblue::lexer::Lexer::tokenize(source) { Ok(t) => t, Err(e) => return (Vec::new(), Some(e)) };
    let ast = match redblue::parser::parse(tokens) { Ok(a) => a, Err(e) => return (Vec::new(), Some(e)) };
    if let Err(e) = redblue::analyzer::analyze(&ast) { return (Vec::new(), Some(e)); }
    let (mut vm, result) = run_isolated(&ast);
    (vm.take_output(), result.err())
}"""
assert old in s
open(p,'w').write(s.replace(old,new))
PY
cargo test --test differential_test edge_one_run 2>&1 | grep -E "FAILED|test result|left|right" | head
test common::vm::tests::edge_one_run_of_a_program_is_all_the_harness_asks_for ... FAILED
assertion `left == right` failed: the program appended once, so the harness ran it once; two runs would have written `abab`
  left: "abab"
 right: "ab"
test result: FAILED. 0 passed; 1 failed; 0 ignored; 0 measured; 51 filtered out; finished in 0.00s
[0m
[0m$ [0mcargo test --test differential_test 2>&1 | grep -E "FAILED|test result" | head
test common::vm::tests::edge_one_run_of_a_program_is_all_the_harness_asks_for ... FAILED
test result: FAILED. 51 passed; 1 failed; 0 ignored; 0 measured; 0 filtered out; finished in 0.78s
[0m
[0m$ [0mcp /tmp/opencode/tvm.rs.keep tests/common/vm.rs && cargo test --test differential_test 2>&1 | tail -3
test result: ok. 52 passed; 0 failed; 0 ignored; 0 measured; 0 filtered out; finished in 0.52s
[0m
[0m$ [0mgrep -c "#\[test\]" tests/differential_test.rs tests/common/*.rs; echo ===; grep -c "fn edge_" tests/differential_test.rs tests/common/*.rs 2>/dev/null; echo ===; grep -rn "#\[test\]" tests/common/*.rs | wc -l; grep -rn "fn edge_" tests/common/*.rs tests/differential_test.rs | wc -l
tests/differential_test.rs:26
tests/common/corpus.rs:0
tests/common/generator.rs:4
tests/common/mod.rs:0
tests/common/rng.rs:4
tests/common/shrink.rs:10
tests/common/vm.rs:8
===
tests/differential_test.rs:13
tests/common/corpus.rs:0
tests/common/generator.rs:4
tests/common/mod.rs:0
tests/common/rng.rs:4
tests/common/shrink.rs:10
tests/common/vm.rs:8
===
26
39
[0m
[0m$ [0mcargo fmt --all -- --check && echo "FMT OK"; cargo clippy --all-targets -- -D warnings 2>&1 | tail -5
FMT OK
[1m[92m    Checking[0m redblue v0.1.0 (/home/runner/work/rbops/rbops/redblue)
[1m[92m    Finished[0m `dev` profile [unoptimized] target(s) in 1.76s
[0m
[0m$ [0mcargo test --all-targets --no-fail-fast 2>&1 | grep -E "^test result|FAILED|error" | awk '{print}' | tee /tmp/opencode/testrun.txt | tail -30; echo "=== TOTAL:"; awk -F'[ ;]' '/^test result/ {p+=$4; f+=$6; i+=$8} END {print "passed",p,"failed",f,"ignored",i}' /tmp/opencode/testrun.txt
test test_malformed_json_object_is_an_error_not_a_reordered_record ... ok
test test_property_access_on_a_list_is_a_runtime_error ... ok
test test_record_literal_missing_colon_is_a_parse_error ... ok
test result: ok. 25 passed; 0 failed; 0 ignored; 0 measured; 0 filtered out; finished in 0.12s
test result: ok. 8 passed; 0 failed; 0 ignored; 0 measured; 0 filtered out; finished in 0.32s
test result: ok. 5 passed; 0 failed; 0 ignored; 0 measured; 0 filtered out; finished in 0.00s
test edge_error_on_last_line_points_at_the_last_line ... ok
test edge_error_on_first_line_points_at_line_one ... ok
test test_analyzer_error_carries_position ... ok
test edge_runtime_error_inside_a_loop_reports_the_inner_statement ... ok
test test_io_error_has_no_span ... ok
test edge_runtime_error_reports_the_statement_position ... ok
test test_parser_error_reports_line_and_column ... ok
test test_lexer_error_carries_position ... ok
test result: ok. 15 passed; 0 failed; 0 ignored; 0 measured; 0 filtered out; finished in 0.00s
test edge_csv_argument_of_the_wrong_type_is_an_error ... ok
test edge_csv_row_index_out_of_bounds_is_a_clean_error ... ok
test edge_csv_unterminated_quote_is_an_error ... ok
test edge_files_paths_that_name_nothing_readable_are_errors ... ok
test edge_files_unreadable_file_is_an_error_when_unprivileged ... ok
test edge_json_argument_of_the_wrong_type_is_an_error ... ok
test edge_files_read_of_a_missing_file_is_a_catchable_error ... ok
test edge_files_argument_of_the_wrong_type_is_an_error ... ok
test edge_json_malformed_input_is_an_error ... ok
test edge_unknown_json_escape_is_an_error_not_silent_corruption ... ok
test result: ok. 39 passed; 0 failed; 0 ignored; 0 measured; 0 filtered out; finished in 5.10s
test diagnostics_surface_a_spanned_analyzer_error ... ok
test diagnostics_surface_a_spanned_lexer_error ... ok
test diagnostics_surface_a_spanned_parser_error ... ok
test result: ok. 18 passed; 0 failed; 0 ignored; 0 measured; 0 filtered out; finished in 0.00s
=== TOTAL:
passed 546 failed 0 ignored 0
[0m
[0m$ [0mgrep -c "^test result: ok" /tmp/opencode/testrun.txt; cargo test --doc 2>&1 | tail -4
24
test src/bytecode/mod.rs - bytecode (line 12) ... ok

test result: ok. 1 passed; 0 failed; 0 ignored; 0 measured; 0 filtered out; finished in 0.15s
[0m
[0m$ [0mfor f in examples/*.rb modules/*.rb; do out=$(./target/debug/rb run "$f" 2>&1); if [ $? -eq 0 ]; then echo "ok   $f"; else echo "FAIL $f: $out"; fi; done
ok   examples/files.rb
ok   examples/fizzbuzz.rb
ok   examples/formats.rb
ok   examples/hello.rb
ok   examples/test_arithmetic.rb
ok   examples/time.rb
ok   modules/MathUtils.rb
ok   modules/SuiteKit.rb
[0m
[0m$ [0mbefore=$(cat corpus/* | sha256sum); RB_WRITE_CORPUS=1 cargo test --test differential_test regenerating 2>&1 | grep -E "test result"; after=$(cat corpus/* | sha256sum); echo "before=$before"; echo "after =$after"; [ "$before" = "$after" ] && echo "DETERMINISTIC" || echo "NOT DETERMINISTIC"
test result: ok. 1 passed; 0 failed; 0 ignored; 0 measured; 51 filtered out; finished in 0.21s
before=ea5cbb95684aef92f19b491ebcec3ae013829c26f33c386f5d35562a84eda9e8  -
after =ea5cbb95684aef92f19b491ebcec3ae013829c26f33c386f5d35562a84eda9e8  -
DETERMINISTIC
[0m
[0m$ [0mgit add -A >/dev/null 2>&1; git diff --numstat --cached d5b42ed -- src/ tests/ | cat
117	21	src/bytecode/codegen.rs
46	12	src/bytecode/vm.rs
350	0	tests/common/corpus.rs
898	0	tests/common/generator.rs
23	0	tests/common/mod.rs
145	0	tests/common/rng.rs
405	0	tests/common/shrink.rs
363	0	tests/common/vm.rs
716	242	tests/differential_test.rs
[0m
[0m$ [0mgit reset >/dev/null; git status --short | head -5; echo ...; git status --short | wc -l
M src/bytecode/codegen.rs
 M src/bytecode/vm.rs
 M tests/differential_test.rs
?? corpus/
?? phases/phase-020/
...
6
[0m
[0m$ [0mgrep -n "315\|239\|76 must fail\|LexerError\`, 10\|objects\` | 16\|loop-forms\` | 17\|48 \`#\[test\]\`\|542\|22 inside\|35 are named" phases/phase-020/REPORT.md | head -20
7:| `corpus/*.rb` + `corpus/*.expected` | +630 files | the corpus: **315 programs** across 17 families, each paired with the outcome the tree-walking VM produced — printed lines, the value the program was worth, and the failure's label and message |
87:48 `#[test]` functions in all — 26 in `tests/differential_test.rs` and 22 inside
88:`tests/common/` — of which **35 are named `edge_*`**. Quota was ≥ 3 with ≥ 1
95:| `every_corpus_program_prints_what_its_expected_file_records` | output, **value** and message all compared, over 315 programs |
96:| `every_corpus_program_agrees_between_the_two_vms` | differential — 315 programs, both halves of the outcome; a divergence is **shrunk and printed** |
138:of nothing; **no two of the 315 programs are identical**),
145:315 programs, no two identical. 239 run to completion; **76 must fail** — 4
160:| `objects` | 16 | empty object, `has` with and without a `default`, a method writing through `this`, inheritance one and two deep, `extends` shadowing, a missing field |
161:| `loop-forms` | 17 | `repeat 0`/`1`/`n` times, `for each` over `[]`/list/list-of-list, nested loops, a condition inside a loop |
268:| `cargo test --all-targets --no-fail-fast` | **542 passed, 0 failed, 0 ignored** (24 test binaries); `cargo test --doc`: 1 passed |
271:542 rather than the 495 of the resume commit: 48 tests replaced the 7 the
[0m
Now let me update the phase report and findings:
[0m→ [0mRead phases/phase-020/REPORT.md[90m [limit=30, offset=1][0m
[0m
[0m$ [0mcd /home/runner/work/rbops/rbops/redblue && python3 - <<'PY'
p='phases/phase-020/REPORT.md'
s=open(p).read()

def sub(old,new,count=1):
    global s
    assert s.count(old)>=1, old[:70]
    s=s.replace(old,new,count)

# --- What changed table
sub("| `corpus/*.rb` + `corpus/*.expected` | +630 files | the corpus: **315 programs** across 17 families",
    "| `corpus/*.rb` + `corpus/*.expected` | +634 files | the corpus: **317 programs** across 17 families")
sub("| `tests/common/generator.rs` | +883 |",
    "| `tests/common/generator.rs` | +898 |")
sub("| `tests/common/corpus.rs` | +336 |",
    "| `tests/common/corpus.rs` | +350 |")
sub("| `tests/common/vm.rs` | +212 | `Outcome`, `tree_walk_verbose`, `tree_walk`, `bytecode` — one program, two VMs, one comparison |",
    "| `tests/common/vm.rs` | +363 | `Outcome`, `tree_walk_verbose`, `tree_walk`, `bytecode` — one program, two VMs, one comparison, **one run each** |")
sub("| `src/bytecode/codegen.rs` | +42 −9 | only a block whose value is read (`main`, `Function`, `Method`) leaves one behind |",
    "| `src/bytecode/codegen.rs` | +117 −21 | only a block whose value is read (`main`, `Function`, `Method`) leaves one behind; an `object` body compiles as two halves — the `has`/`to can` that declare the type, and everything else, in the enclosing block where the type already exists |")
sub("| `src/bytecode/vm.rs` | +17 −5 | the outermost frame's value *is* the program's value; `SET_PROPERTY` consumes its receiver, as `docs/BYTECODE.md:180` says it does |",
    "| `src/bytecode/vm.rs` | +46 −12 | the outermost frame's value *is* the program's value; `SET_PROPERTY` consumes its receiver, as `docs/BYTECODE.md:180` says it does; an object body that finishes with nothing to register is a `RuntimeError` rather than a panic |")
open(p,'w').write(s)
PY
sed -n '85,100p' phases/phase-020/REPORT.md
## Tests added

48 `#[test]` functions in all — 26 in `tests/differential_test.rs` and 22 inside
`tests/common/` — of which **35 are named `edge_*`**. Quota was ≥ 3 with ≥ 1
`edge_*`; none was deleted, renamed to be skipped, or given an `allow`.

| Test | Edge class covered |
|---|---|
| `corpus_holds_at_least_two_hundred_programs` | corpus size, counted over `.rb` files and unconditionally |
| `every_corpus_program_has_an_expected_output_file` | loader — every program has a parseable expectation |
| `every_corpus_program_prints_what_its_expected_file_records` | output, **value** and message all compared, over 315 programs |
| `every_corpus_program_agrees_between_the_two_vms` | differential — 315 programs, both halves of the outcome; a divergence is **shrunk and printed** |
| `the_corpus_holds_programs_that_must_fail` | **asserts a failure is produced** — ≥ 40 recorded failures spanning all four labels |
| `the_corpus_holds_programs_that_are_worth_something` | differential — ≥ 25 valued programs, ≥ 10 distinct values, each run on **both** VMs |
| `regenerating_the_corpus_writes_exactly_what_the_generator_produces` | corpus integrity — writes only behind `RB_WRITE_CORPUS=1`, and **refuses to record a program the two VMs disagree about** |
| `the_checked_in_corpus_is_the_one_the_generator_produces` | corpus integrity — refuses to run when writing is enabled, rather than comparing the corpus against itself |
[0m
[0m$ [0mcd /home/runner/work/rbops/rbops/redblue && python3 - <<'PY'
p='phases/phase-020/REPORT.md'
s=open(p).read()
def sub(old,new):
    global s
    assert old in s, old[:80]
    s=s.replace(old,new,1)

sub("""48 `#[test]` functions in all — 26 in `tests/differential_test.rs` and 22 inside
`tests/common/` — of which **35 are named `edge_*`**. Quota was ≥ 3 with ≥ 1
`edge_*`; none was deleted, renamed to be skipped, or given an `allow`.""",
"""52 `#[test]` functions in all — 26 in `tests/differential_test.rs` and 26 inside
`tests/common/` — of which **39 are named `edge_*`**. Quota was ≥ 3 with ≥ 1
`edge_*`; none was deleted, renamed to be skipped, or given an `allow`.""")

sub("| `every_corpus_program_prints_what_its_expected_file_records` | output, **value** and message all compared, over 315 programs |",
    "| `every_corpus_program_prints_what_its_expected_file_records` | output, **value** and message all compared, over 317 programs |")
sub("| `every_corpus_program_agrees_between_the_two_vms` | differential — 315 programs, both halves of the outcome; a divergence is **shrunk and printed** |",
    "| `every_corpus_program_agrees_between_the_two_vms` | differential — 317 programs, both halves of the outcome; a divergence is **shrunk and printed** |")
open(p,'w').write(s)
PY
sed -n '118,150p' phases/phase-020/REPORT.md
The other 22 live in `tests/common/`, each next to the code it checks rather than
in a file that would only be able to reach it through the public API:
`edge_the_generator_is_the_sequence_it_documents` (the
PRNG's constants pinned), `edge_a_seed_is_replayed_and_a_different_seed_is_not`,
`edge_the_bounded_helpers_stay_inside_their_bounds`, `edge_the_singleton_and_zero_cases_are_not_ambiguous`,
`edge_a_program_ending_in_an_expression_is_worth_it_on_both_vms`,
`edge_a_statement_leaves_nothing_behind_on_either_vm` (five programs; the
`SET_PROPERTY` and stray-block-value leaks),
`edge_the_two_halves_agree_on_a_failure_and_on_what_was_printed_first`,
`edge_a_frontend_failure_printed_nothing_on_either_vm`,
`edge_the_shrinker_stops_only_when_nothing_can_be_removed` (minimality asserted
against the shrinker's **own** candidates), `edge_the_shrinker_accepts_a_candidate_only_when_it_is_shorter`,
`edge_a_character_comes_off_a_multibyte_program_at_its_own_boundary` (byte
indexing would panic on `𠮷`), `edge_a_reduction_keeps_the_trailing_newline_a_source_has`,
`edge_the_shrinker_reduces_when_no_line_can_go`, `edge_the_shrinker_never_invents_a_counterexample`,
`edge_a_line_comes_off_and_a_line_that_is_not_there_does_not`,
`edge_drop_lines_builds_the_source_the_line_pass_looks_at`,
`edge_a_reduction_is_reported_with_the_program_it_reduced`,
`edge_the_corpus_generator_is_a_function_of_nothing` (regeneration is a function
of nothing; **no two of the 315 programs are identical**),
`edge_the_generator_emits_every_statement_form_it_lists`,
`edge_every_declared_fault_is_actually_injected_by_some_seed`,
`edge_every_kind_is_reachable_and_its_arms_produce_it`.

## What the corpus holds

315 programs, no two identical. 239 run to completion; **76 must fail** — 4
`AnalyzerError`, 10 `LexerError`, 26 `ParserError`, 36 `RuntimeError`. 25 record a
`#value` other than `nothing`, across **18** distinct values: eight numbers, two
texts, `yes`, `no`, two lists and two records.

| Family | n | What it pins |
[0m
[0m$ [0mcd /home/runner/work/rbops/rbops/redblue && python3 - <<'PY'
p='phases/phase-020/REPORT.md'
s=open(p).read()
def sub(old,new):
    global s
    assert old in s, old[:80]
    s=s.replace(old,new,1)

sub("""The other 22 live in `tests/common/`, each next to the code it checks rather than
in a file that would only be able to reach it through the public API:""",
"""The other 26 live in `tests/common/`, each next to the code it checks rather than
in a file that would only be able to reach it through the public API:""")

sub("""`edge_a_frontend_failure_printed_nothing_on_either_vm`,""",
"""`edge_a_frontend_failure_printed_nothing_on_either_vm`,
`edge_one_run_of_a_program_is_all_the_harness_asks_for` (a program that
**appends** to a file, so a second run is visible on disk),
`edge_a_failure_is_read_off_the_run_that_produced_it` (the failure and its
position come from the same run as the output),
`edge_a_nested_object_runs_on_both_vms_and_neither_panics` (six programs; the
nested-`object` panic, and `extends` resolving only when the outer type is
registered first),
`edge_an_object_declaration_is_worth_nothing_even_when_its_body_ends_in_a_value`
(the body's tail compiles into a block whose value *is* read),""")

sub("""`edge_the_corpus_generator_is_a_function_of_nothing` (regeneration is a function
of nothing; **no two of the 315 programs are identical**),""",
"""`edge_the_corpus_generator_is_a_function_of_nothing` (regeneration is a function
of nothing; **no two of the 317 programs are identical**),""")

sub("""315 programs, no two identical. 239 run to completion; **76 must fail** — 4
`AnalyzerError`, 10 `LexerError`, 26 `ParserError`, 36 `RuntimeError`. 25 record a""",
"""317 programs, no two identical. 242 run to completion; **75 must fail** — 4
`AnalyzerError`, 9 `LexerError`, 26 `ParserError`, 36 `RuntimeError`. 25 record a""")

sub("| `objects` | 16 | empty object, `has` with and without a `default`, a method writing through `this`, inheritance one and two deep, `extends` shadowing, a missing field |",
    "| `objects` | 18 | empty object, `has` with and without a `default`, a method writing through `this`, inheritance one and two deep, `extends` shadowing, a missing field, and an `object` **nested in another object's body**, with and without `extends` on the type it is written inside |")

sub("| `loop-forms` | 17 | `repeat 0`/`1`/`n` times, `for each` over `[]`/list/list-of-list, nested loops, a condition inside a loop |",
    "| `loop-forms` | 17 | `repeat 0`/`1`/`n` times, `for each` over `[]`/list/list-of-list, nested loops, a condition inside a loop, and `skip`/`break` — which are accepted and leave the loop alone |")
open(p,'w').write(s)
PY
sed -n '145,200p' phases/phase-020/REPORT.md
`edge_a_reduction_is_reported_with_the_program_it_reduced`,
`edge_the_corpus_generator_is_a_function_of_nothing` (regeneration is a function
of nothing; **no two of the 317 programs are identical**),
`edge_the_generator_emits_every_statement_form_it_lists`,
`edge_every_declared_fault_is_actually_injected_by_some_seed`,
`edge_every_kind_is_reachable_and_its_arms_produce_it`.

## What the corpus holds

317 programs, no two identical. 242 run to completion; **75 must fail** — 4
`AnalyzerError`, 9 `LexerError`, 26 `ParserError`, 36 `RuntimeError`. 25 record a
`#value` other than `nothing`, across **18** distinct values: eight numbers, two
texts, `yes`, `no`, two lists and two records.

| Family | n | What it pins |
|---|---|---|
| `arithmetic` | 18 | nested `+ - * %`, unary negation, `is`/`is not`, `and`/`or`/`not` |
| `numeric-boundary` | 20 | `1/0`, `0/0`, `9%0`, `1/-0.0` caught; `0.1+0.2`, `1/3`, `-0.0`, `2147483647+1`, `2147483647`, `-2147483648`, `i64` edges, `2^53`, `2^53+1`, signed `/` and `%` |
| `text-ops` | 17 | concatenation, `length`, `is`, empty text, `\"`, `\\`, `\n`, `\t` |
| `unicode` | 17 | CJK, emoji, ZWJ, RTL, astral (`𠮷`), BOM-prefixed source, `length` and equality on each |
| `lists` | 18 | empty, singleton, index `0`, index `len-1`, negative index, trailing comma, nested list, aliasing, `for each` over each |
| `records` | 16 | one field, nested, missing key → `nothing`, repeated key keeps the last, order-independent equality, aliasing |
| `control-flow` | 16 | `if`/`else if`/`else` 1–3 deep, empty `then`, `and`/`or`/`not` in a condition, a 4-deep `if` |
| `functions` | 16 | 0/1/2-arity, a function bound to a variable and called twice, a function passed as an argument, two `give back`s, iteration-as-recursion |
| `objects` | 18 | empty object, `has` with and without a `default`, a method writing through `this`, inheritance one and two deep, `extends` shadowing, a missing field, and an `object` **nested in another object's body**, with and without `extends` on the type it is written inside |
| `loop-forms` | 17 | `repeat 0`/`1`/`n` times, `for each` over `[]`/list/list-of-list, nested loops, a condition inside a loop, and `skip`/`break` — which are accepted and leave the loop alone |
| `nesting` | 16 | lists and records 4–7 deep, a walk down every level, `if` nested 4 deep, triple-nested loops |
| `stdlib` | 21 | `length` and `type_of` on every type, including the empty and singleton cases |
| `runtime-errors` | 22 | each catchable error inside `try … catch` — the catch must fire and the work before it must survive; plus nested `try` and `finally` |
| `faults` | 18 | the same errors uncaught: the failure **and everything printed before it** |
| `malformed` | 31 | unterminated string, stray `end`, `set` with no name / no `to` / no value, missing operand, unclosed paren, unclosed list, unclosed record, `say` with nothing, `for each` with no variable / no iterable, `repeat` with no count, stray `}`, `if` with no condition, `@`, `=`, unclosed `to`, the six non-lexing comparators, `for each … from`, a missing `then`, an unclosed index |
| `value-tails` | 26 | programs whose **last statement is a bare expression**: a bound number, a bound text, arithmetic, concatenation, `yes`, `no`, `nothing`, a whole list, a whole record, a builtin call, a property read, an index, a call, a missing key, a field write, a loop tail, BOM-prefixed programs |
| `labels` | 10 | one program per public failure shape, so the coverage assertion has something to name |

`stdlib` covers only `length` and `type_of` because 23 of the 25 registered
builtins cannot be called from Redblue source → `FINDINGS.md` §7. There is **no
`while` anywhere in the corpus** because no comparison operator lexes →
`FINDINGS.md` §2.

### One generator defect the typed-grammar invariant caught

`edge_a_generated_program_only_faults_on_a_fault_that_was_injected` is only worth
having if it finds things. It found one in its first run:

```
seed 95: no fault was injected, so a typed grammar must not have produced a failure
say nothing
set xs to [7.5]
("a b" + "a"b")

  outcome: Outcome { output: [], result: Err("LexerError: Unterminated string") }
```

`text_literal` spliced a raw word into quotes, so the word `a"b` produced the
source `"a"b"` — a `LexerError` from a program the grammar meant to be well-typed.
Fixed by escaping inside `text_literal` itself rather than by removing the word
[0m
[0m$ [0msed -n '200,300p' phases/phase-020/REPORT.md
Fixed by escaping inside `text_literal` itself rather than by removing the word
from the list, because the word is what found the bug. This is the shape of the
defect in general: the generator's grammar said `Kind::Text` and the grammar was
wrong about escaping.

### Every new assertion is mutation-checked

Each fix was verified by putting the defect back and watching a test fail. Nothing
here was taken on trust:

| Defect restored | Test(s) that failed |
|---|---|
| top-level frame's value discarded again (`src/bytecode/vm.rs:904`) | `edge_a_program_ending_in_an_expression_is_worth_it_on_both_vms`, `every_corpus_program_agrees_between_the_two_vms`, `regenerating_the_corpus_writes_exactly_what_the_generator_produces`, `the_corpus_holds_programs_that_are_worth_something`, `the_two_vms_agree_on_every_generated_program`, `edge_the_generated_corpus_compares_a_program_s_value_not_only_its_output`, `a_generated_program_runs_the_same_way_every_time` (**7**) |
| `SET_PROPERTY` leaks its receiver again (`src/bytecode/vm.rs:1516`) | `edge_a_statement_leaves_nothing_behind_on_either_vm`, `every_corpus_program_agrees_between_the_two_vms`, `regenerating_the_corpus_writes_exactly_what_the_generator_produces` (**3**) |
| an `if` branch value-bearing again (`src/bytecode/codegen.rs:147`) | `edge_a_statement_leaves_nothing_behind_on_either_vm` (**1**) |
| the loader skips a program with no `.expected` | `edge_a_corpus_program_with_no_expectation_is_a_hard_failure` |
| `compare` stops checking the value | `edge_a_changed_return_value_is_a_runner_failure` |
| `#` not escaped in the `.expected` format | `edge_a_printed_line_that_looks_like_a_directive_round_trips` |
| `escape` loses the newline case | `edge_an_expected_file_carrying_escapes_round_trips`, `regenerating_the_corpus_writes_exactly_what_the_generator_produces` (**2**) |
| `without_char` indexes bytes, not characters | `edge_a_character_comes_off_a_multibyte_program_at_its_own_boundary` |
| `shrinks_to` accepts an equal-length candidate | `edge_the_shrinker_accepts_a_candidate_only_when_it_is_shorter` |

Two mutations were also checked to *compile*: `-D warnings` is in effect in this
tree, so a mutation that left an unused variable would have failed to build and
its "test result: ok" would have been a stale binary. One did exactly that, and
was re-run with a mutation that keeps the variable live.

### Two harness defects the harness's own tests caught

Both were mine, both were found by the file that was supposed to be trustworthy:

1. **Two copies of the frontend pipeline.** `tree_walk` reported "printed
   nothing" for every faulting program, because the copy that computed the
   outcome returned an empty output on any failure. That made the runner disagree
   with the bytecode VM about *every* program that printed before it faulted, and
   it made `edge_a_program_that_prints_before_it_faults_is_recorded_not_asserted_away`
   fail on its own premise. Fixed by one `tree_walk_verbose` returning
   `(Vec<String>, Option<Error>)`; `tree_walk` and `tree_walk_failure` are both
   thin wrappers on it.
2. **`shrink` could loop forever.** It accepted any candidate the predicate held,
   and `without_line` on a one-line source returns `"\n"` — which `without_line`
   on `"\n"` returns again. A predicate satisfied by an empty reduction never
   returned. Fixed by the strictly-shorter rule, pinned by
   `edge_the_shrinker_accepts_a_candidate_only_when_it_is_shorter` so the mutation
   *fails* rather than hangs.

A third defect was mine and is not a defect in the harness: the first version of
the position helper kept only the analyzer's and the VM's errors, so it reported
as a corpus defect a program the corpus had recorded correctly. It is now
`vm::tree_walk_failure`, on the one pipeline.

## Edge-case matrix

| Row | Covered? |
|---|---|
| empty | covered — `lists` holds `[]` and `for each` over it, `text-ops` holds `length("")` and `say ""`, `stdlib` holds `length([])`/`type_of([])`/`type_of({})`, `control-flow` holds an empty `then`, `loop-forms` holds `repeat 0 times`, `records` holds `{}` and `length({})` |
| singleton | covered — one-element list (`length([1])`, `xs[0]`), one-field record, `repeat 1 times`, `length("a")`, `for each` over `[1, 2]`, `to zero()` |
| boundary | covered — index `0`, `len-1`, `[-1]`, `[-3]`, `xs[2-2]` in `lists`; `2147483647`, `2147483647+1`, `-2147483648`, `9223372036854775807`, `-9223372036854775808`, `9007199254740992`, `9007199254740993`, `0.1+0.7` in `numeric-boundary`; loop counters at `repeat 0` and `repeat 10` |
| out_of_bounds | covered — `faults` holds index `len`, index `1` of a 1-list and `xs[9]` of a 2-list; `runtime-errors` holds the same three inside `catch`. Each records the exact message, e.g. `Index 0 is out of bounds: length is 0, the list is empty, so it has no valid index` |
| type_mismatch | covered — `faults` holds number+text, list+text, yes+number, nothing+number, text−number, text×number, index-on-number, index-on-record, index-on-`nothing`, `length({})`, `length(yes)`, `length(nothing)`, an unknown function, property-on-`nothing` |
| numeric_boundary | covered — `numeric-boundary`: `1/0`, `0/0`, `9%0`, `n/0`, `1/-0.0`, `0.1+0.2`, `1/3`, `-0.0`, `-7/2`, `7/-2`, `-7%3`, `7%-3`, `9%9`, and the `i64`/2^53 edges |
| unicode | covered — `unicode`: CJK, emoji, ZWJ (`👩‍💻`), RTL (`مرحبا`), astral (`𠮷`), accented, arrow/∞, BOM-prefixed source, `length` and equality on each; plus `text-ops` for `\\`, `\"`, `\n`, `\t`. **Not covered:** combining marks written in source, because `\u` escapes are dropped (`FINDINGS.md` §12) |
| nesting_recursion | covered — `nesting` (lists and records 4–7 deep, a walk down every level, `if` nested 4 deep, triple-nested loops), `functions` (a function bound to a variable, a function passed as an argument, two `give back`s), `objects` (inheritance two deep). **Terminating recursion is not covered and cannot be** — `give back` inside a conditional does not return (`FINDINGS.md` §5); the family holds iteration-as-recursion instead. A closure declared inside a function is also unreachable (`FINDINGS.md` §6) |
| duplicate_missing_keys | covered — `records` holds a repeated key (`{a: 1, a: 2}` keeps the last), a missing key (`nothing`), a missing key two levels down (`r.a.missing`), a missing key three levels down (`r.b.c.missing`), and aliasing (`set s to r` then writing through `s`); `objects` holds a missing field |
| malformed_input | covered — `malformed` (31 programs) and `labels` (10), plus `edge_a_malformed_expected_file_is_rejected` (9 rejected `.expected` files) and the shrinker's minimality tests, which reduce to malformed programs |
| resource_limit | covered — `runtime-errors` and `faults` hold every catchable runtime error and prove it is catchable rather than fatal; `malformed` holds 31 frontend failures and `edge_a_program_that_prints_before_it_faults_is_recorded_not_asserted_away` proves a frontend failure printed nothing; the property tests run 320 generated programs through both VMs and assert no panic anywhere; `edge_every_recorded_failure_points_at_a_line_of_its_own_program` checks every failure's position against a real line and column of its own program; `the_corpus_holds_programs_that_are_worth_something` records and compares the value of every successful program rather than assuming it |
| value_bearing_tail | covered — the `value-tails` family (26 programs, 25 worth something on **both** VMs: eight numbers, two texts, `yes`, `no`, two lists and two records), plus `edge_the_generated_corpus_compares_a_program_s_value_not_only_its_output`, which requires at least half of the completed generated programs to be worth something |
| generator_well_typed | covered — `edge_a_generated_program_only_faults_on_a_fault_that_was_injected`: every generated program carrying no injected fault runs to completion, which makes `FAULTS` the *only* source of failure. It found one broken arm in its first run |

## Gates

Run in the order `AGENTS.md` §3.4 gives.

| Gate | Result |
|---|---|
| `cargo fmt --all -- --check` | pass — no diff |
| `cargo clippy --all-targets -- -D warnings` | pass — 0 warnings |
| `cargo test --all-targets --no-fail-fast` | **542 passed, 0 failed, 0 ignored** (24 test binaries); `cargo test --doc`: 1 passed |
| `./rbops/verify.sh phase-020` | **not run — `rbops/verify.sh` does not exist in this checkout** (`FINDINGS.md` §9) |

542 rather than the 495 of the resume commit: 48 tests replaced the 7 the
interrupted attempt had, none was deleted, renamed to be skipped, or given an
`allow`. All 495 pre-existing tests still pass.

On the fourth gate, honestly: there is no `rbops/` directory in this checkout at
all, and the task instructions say the pipeline that dispatched this phase lives
outside the checkout and is not to be inspected. The three gates that do exist
were run and are green. In their place, the backwards-compatibility check
`AGENTS.md` §2 names:

```
$ for f in examples/*.rb modules/*.rb; do ./target/debug/rb run "$f"; done
ok examples/files.rb   ok examples/fizzbuzz.rb   ok examples/formats.rb
ok examples/hello.rb   ok examples/test_arithmetic.rb   ok examples/time.rb
ok modules/MathUtils.rb   ok modules/SuiteKit.rb
```

All eight run clean. Three files in `src/bytecode/` changed, so this was
re-checked rather than assumed — it is a check that `src/` did not change
behaviour the examples depend on, and it passed.
[0m
[0m$ [0mcd /home/runner/work/rbops/rbops/redblue && python3 - <<'PY'
p='phases/phase-020/REPORT.md'
s=open(p).read()
def sub(old,new):
    global s
    assert old in s, old[:80]
    s=s.replace(old,new,1)

sub("""| `shrinks_to` accepts an equal-length candidate | `edge_the_shrinker_accepts_a_candidate_only_when_it_is_shorter` |""",
"""| `shrinks_to` accepts an equal-length candidate | `edge_the_shrinker_accepts_a_candidate_only_when_it_is_shorter` |
| an `object` body compiled whole again, so a nested `object` runs inside the block that assembles the outer declaration (`src/bytecode/codegen.rs`) | `edge_a_nested_object_runs_on_both_vms_and_neither_panics`, `every_corpus_program_agrees_between_the_two_vms`, `regenerating_the_corpus_writes_exactly_what_the_generator_produces` (**3**) |
| the body's tail compiled as the enclosing block's last statement, so a trailing `1 + 1` became the function's value | `edge_an_object_declaration_is_worth_nothing_even_when_its_body_ends_in_a_value` (**1**) |
| `tree_walk` recovers the value by running the pipeline a second time | `edge_one_run_of_a_program_is_all_the_harness_asks_for` (**1**; the mutation is visible as `abab` on disk rather than `ab`) |""")

sub("""Two mutations were also checked to *compile*""",
"""Three of these were mutations of the second round, and the first of them is the
one that mattered: it reproduced the nested-`object` **panic** rather than a
wrong answer, and the three tests named against it are the ones that now hold it
in place.

Two mutations were also checked to *compile*""")
open(p,'w').write(s)
PY
echo done
done
[0m
[0m$ [0mcd /home/runner/work/rbops/rbops/redblue && python3 - <<'PY'
p='phases/phase-020/REPORT.md'
s=open(p).read()
old = "## Gates\n\nRun in the order `AGENTS.md` §3.4 gives."
new = '''## Review round 1 — the six findings

A reviewer read the diff and returned six findings: one BLOCKER, two MAJOR, two
MINOR and one STYLE. All six are closed. What each one turned out to be:

### 1. [BLOCKER] a nested `object` panicked the bytecode VM — closed in `src/`

`object Inner` written inside `Outer`'s own body is accepted by the analyzer and
runs on the tree-walking VM: `declare_object` (`src/vm.rs`) collects the `has` and
`to can` of the body, registers the type, binds it, and only then runs the rest of
the body in the enclosing scope. The bytecode VM kept one `pending_object`,
overwritten by the inner `DEF_OBJECT`, so the inner body took it and the outer
body reached for a declaration that was gone:

```
thread 'main' panicked at src/bytecode/vm.rs:941:14:
an object declaration being assembled
  4: <redblue::bytecode::vm::BytecodeVm>::finish_object
  5: <redblue::bytecode::vm::BytecodeVm>::unwind_frame
```

A stack of pendings would have stopped the panic and left a worse bug: with the
stack, the inner type finishes *first*, so `object Child extends Base` written
inside `Base`'s body would fail with `Object 'Child' extends 'Base', which is not
declared` on one VM and succeed on the other — a divergence rather than a crash.

So the fix is in the lowering, not in the slot. An `object` body now compiles as
two halves (`src/bytecode/codegen.rs`, `Declared`): the `has` and `to can` go into
the block that assembles the type, and everything else compiles into the
*enclosing* block, after the `STORE` that binds it. That is the tree-walking VM's
order, so by the time a nested `DEF_OBJECT` runs the enclosing type is registered
— the parent is there to extend — and nothing is overwriting a pending. The
single `Option` is then correct rather than lucky, and `finish_object` reports
`an object body finished with no declaration to register` for a file the compiler
did not write instead of asserting.

The corpus now holds two nested-object programs (`objects-0017`, `objects-0018`),
the second extending the type it is written inside, and
`edge_a_nested_object_runs_on_both_vms_and_neither_panics` holds six more.

### 2. [MAJOR] the harness ran every program twice — closed in `tests/`

`tree_walk_verbose` returned the failure and discarded the value, and `tree_walk`
re-lexed, re-parsed and re-executed the whole program to read the value back —
through `.expect()` panics rather than errors. Every corpus comparison therefore
executed each program twice, and for a program with a side effect the value
compared was the *second* run's. `tree_walk_verbose` now returns
`(Vec<String>, Result<Value, Error>)` from the one run it already made, and both
wrappers are arithmetic on it. `edge_one_run_of_a_program_is_all_the_harness_asks_for`
runs a program that **appends** twice to a file under `target/tmp` and asserts the
file holds `ab`; the mutation puts `abab` there.

### 3. [MAJOR] the `loop-forms` family held a program that was not a loop — closed in `tests/`

`loop_forms`'s last entry was `set xs = []`, a malformed `set` that fails in the
lexer — so the family counted a loop while testing none. `malformed` already
holds `set xs = 0` and `set x = 1`, so moving it there would have added nothing.
It is now a real loop form: `skip` and `break` inside `for each`, which pin that
both are accepted and neither leaves the loop (`total` is 12, not 6) →
`FINDINGS.md` §13.

### 4. [MINOR] `corpus()` hid an unreadable entry — closed in `tests/`

`.filter_map(|entry| entry.ok())` dropped a directory entry it could not read, so a
program the harness cannot see would have shrunk the coverage instead of failing
it. It now panics naming the directory, like the `read_dir` failure beside it.

### 5. [MINOR] the fault list's doc said five — closed in `tests/`

`FAULTS` holds six entries and its doc said five. The comment says six. The
coverage assertion that pins the list reads the array, not the comment, so nothing
was miscounted — which is exactly why the drift could sit there unnoticed.

### 6. [STYLE] a duplicated doc sentence — closed in `src/`

The `is_last` paragraph in `Compiler::statements` appeared twice, word for word.
One copy.

## Gates

Run in the order `AGENTS.md` §3.4 gives.'''
assert old in s
s = s.replace(old, new, 1)

sub_gates = [
("| `cargo test --all-targets --no-fail-fast` | **542 passed, 0 failed, 0 ignored** (24 test binaries); `cargo test --doc`: 1 passed |",
 "| `cargo test --all-targets --no-fail-fast` | **546 passed, 0 failed, 0 ignored** (24 test binaries); `cargo test --doc`: 1 passed |"),
("""542 rather than the 495 of the resume commit: 48 tests replaced the 7 the
interrupted attempt had, none was deleted, renamed to be skipped, or given an
`allow`. All 495 pre-existing tests still pass.""",
 """546 rather than the 495 of the resume commit: 52 tests replaced the 7 the
interrupted attempt had, none was deleted, renamed to be skipped, or given an
`allow`. All 495 pre-existing tests still pass, and the four added in review round
one are additions to a passing suite rather than replacements within it."""),
("""All eight run clean. Three files in `src/bytecode/` changed, so this was
re-checked rather than assumed — it is a check that `src/` did not change
behaviour the examples depend on, and it passed.""",
 """All eight run clean. Three files in `src/bytecode/` changed, so this was
re-checked rather than assumed — it is a check that `src/` did not change
behaviour the examples depend on, and it passed."""),
]
for old,new in sub_gates:
    assert old in s, old[:60]
    s = s.replace(old,new,1)
open(p,'w').write(s)
PY
sed -n '/## Gates/,/^## Invariants/p' phases/phase-020/REPORT.md | head -60
## Gates

Run in the order `AGENTS.md` §3.4 gives.

| Gate | Result |
|---|---|
| `cargo fmt --all -- --check` | pass — no diff |
| `cargo clippy --all-targets -- -D warnings` | pass — 0 warnings |
| `cargo test --all-targets --no-fail-fast` | **546 passed, 0 failed, 0 ignored** (24 test binaries); `cargo test --doc`: 1 passed |
| `./rbops/verify.sh phase-020` | **not run — `rbops/verify.sh` does not exist in this checkout** (`FINDINGS.md` §9) |

546 rather than the 495 of the resume commit: 52 tests replaced the 7 the
interrupted attempt had, none was deleted, renamed to be skipped, or given an
`allow`. All 495 pre-existing tests still pass, and the four added in review round
one are additions to a passing suite rather than replacements within it.

On the fourth gate, honestly: there is no `rbops/` directory in this checkout at
all, and the task instructions say the pipeline that dispatched this phase lives
outside the checkout and is not to be inspected. The three gates that do exist
were run and are green. In their place, the backwards-compatibility check
`AGENTS.md` §2 names:

```
$ for f in examples/*.rb modules/*.rb; do ./target/debug/rb run "$f"; done
ok examples/files.rb   ok examples/fizzbuzz.rb   ok examples/formats.rb
ok examples/hello.rb   ok examples/test_arithmetic.rb   ok examples/time.rb
ok modules/MathUtils.rb   ok modules/SuiteKit.rb
```

All eight run clean. Three files in `src/bytecode/` changed, so this was
re-checked rather than assumed — it is a check that `src/` did not change
behaviour the examples depend on, and it passed.

Determinism was checked by regenerating and comparing checksums:

```
$ before=$(cat corpus/* | sha256sum)
$ RB_WRITE_CORPUS=1 cargo test --test differential_test regenerating
$ after=$(cat corpus/* | sha256sum)
DETERMINISTIC: regeneration is byte-identical
```

## Invariants touched
[0m
[0m$ [0msed -n '/## Invariants touched/,$p' phases/phase-020/REPORT.md
## Invariants touched

- **None of the language.** No syntax or grammar changed. The `Value` and `Error`
  variants, the `.rb` extension, `to … end` / `if … end` / `for … end`, `set x to`,
  `say`, and the trailing-comma syntax are all untouched, and all 495
  pre-existing tests still pass.
- **One thing about what a program *is worth* changed on the bytecode VM**, which
  is documented as an invariant and is called out here rather than buried:
  - a program ending in a bare expression now ends with that expression's value on
    the bytecode VM, as it already did on the tree-walking one (`FINDINGS.md` §1);
  - a statement consumes everything it produced, so `set r.a to 2` no longer leaks
    a record onto the operand stack and `if … then 7 … end` no longer leaves `7`
    for the enclosing block. Both were invisible before, because the top-level
    frame discarded whatever it finished with; they are the same bug wearing a
    second hat.
  Neither changes a `.rbc`'s byte format (`Opcode::ALL` is untouched and the
  byte-value assertions in `tests/bytecode_test.rs` still pass), so the bootstrap
  ladder's S1 artifact is unaffected, and neither changes the `.expected` format.
- **One placement decision.** The corpus lives at `corpus/`, not `tests/corpus/`.
  `redblue::testing::find_test_files("tests")` (`src/testing/mod.rs:64`) walks
  `tests/` recursively and `redblue_suite_test.rs:110` requires every `.rb` file
  it finds to declare Redblue `test` blocks with an assertion in them. A corpus
  program declares none, and *"a corpus program is not a test"* is the right thing
  for that test to say — so the corpus goes where the suite's collector does not
  walk, which is also where the phase's definition of done asks for it.

## Known gaps / follow-ups

- **There is no comparison operator that lexes, so there is no `while` and no
  bounded loop written as a condition.** `<`, `>`, `<=`, `>=`, `==`, `!=`,
  `is less than`, `is greater than` and `in` are all documented in
  `docs/GRAMMAR.md:95-98` and none works. `AGENTS.md`'s own first example does
  not parse → `FINDINGS.md` §2.
- **The corpus cannot cover the documented standard library.** 23 of the 25
  registered builtins are unreachable from Redblue source → `FINDINGS.md` §7.
- **The corpus cannot hold a terminating recursion** (`give back` inside a
  conditional does not return) or a closure declared inside a function →
  `FINDINGS.md` §5, §6.
- **A `catch` cannot read the value it caught** — it binds the text `"error"` →
  `FINDINGS.md` §8.
- **Trailing tokens on a line are silently accepted** (`say 1 2 3` prints `1` and
  is worth `3`) → `FINDINGS.md` §4.
- **`\u` escapes are dropped rather than refused**, so a combining mark cannot be
  written in source and a mistyped escape is swallowed → `FINDINGS.md` §12.
- **`length` counts bytes, not characters** → `FINDINGS.md` §11.
- **The generator's grammar is typed**, so it cannot generate a type-mismatched
  program by accident; `FAULTS` injects those on purpose. That is a deliberate
  limit — a generator that produced mostly type errors would assert only that
  errors happen, which `edge_the_generator_does_not_produce_nothing_but_failures`
  fails on.
- **The corpus regenerates only when `RB_WRITE_CORPUS=1` is set.** A CI job that
  set it would rewrite the golden files instead of failing on a regression.
  `the_checked_in_corpus_is_the_one_the_generator_produces` refuses to run at all
  in that case rather than comparing the corpus against itself.
- **A property-harness phase cannot see a defect both VMs share.** Eleven of the
  twelve items in `FINDINGS.md` are limitations of the language that the two VMs
  agree on, which is exactly the class a *differential* harness is blind to. Only
  §1 was visible to this phase, and only because the harness compared something
  other than printed output.
- **`rbops/verify.sh` was not run because it is not present** → `FINDINGS.md` §9.
[0m
Now the invariants and known-gaps sections:
[0m$ [0mcd /home/runner/work/rbops/rbops/redblue && python3 - <<'PY'
p='phases/phase-020/REPORT.md'
s=open(p).read()
def sub(old,new):
    global s
    assert old in s, old[:80]
    s=s.replace(old,new,1)

sub("""  Neither changes a `.rbc`'s byte format (`Opcode::ALL` is untouched and the
  byte-value assertions in `tests/bytecode_test.rs` still pass), so the bootstrap
  ladder's S1 artifact is unaffected, and neither changes the `.expected` format.""",
"""  Neither changes a `.rbc`'s byte format (`Opcode::ALL` is untouched and the
  byte-value assertions in `tests/bytecode_test.rs` still pass), so the bootstrap
  ladder's S1 artifact is unaffected, and neither changes the `.expected` format.
- **One thing about *when* an object body runs changed on the bytecode VM**, added
  in review round one and called out for the same reason: an object's body is two
  halves, and the half that is not `has`/`to can` now compiles into the enclosing
  block and runs after the type is registered and bound — the tree-walking VM's
  order (`declare_object`), and the only order in which `object Child extends
  Base` written inside `Base`'s own body has a `Base` to extend. A body whose only
  statements are `has` and `to can` compiles to the same bytes as before, so the
  object's byte-level assertions are unaffected; what changes is the placement of
  every other statement an object body can hold (`say`, `set`, a nested `object`),
  which used to run inside the declaration's frame before the type existed.""")

sub("""- **`length` counts bytes, not characters** → `FINDINGS.md` §11.""",
"""- **`length` counts bytes, not characters** → `FINDINGS.md` §11.
- **`skip` and `break` are accepted and do nothing.** `for each x in [1, 2, 3]` /
  `if x is 2 then` / `break` / `end` / `say x` / `end` prints 1, 2, 3 →
  `FINDINGS.md` §13. Both VMs agree, so the corpus pins the current behaviour
  rather than a divergence; `src/vm.rs:680` carries the `TODO`.
- **An `object` declared inside another object's body cannot be named outside
  it.** The type is registered and bound at runtime, but the analyzer declares the
  name in the body's own scope, so `say Inner.b` after the body is an
  `AnalyzerError` → `FINDINGS.md` §14. `corpus/objects-0017.rb` is written the
  only way such a program can be written.""")

sub("""- **A property-harness phase cannot see a defect both VMs share.** Eleven of the
  twelve items in `FINDINGS.md` are limitations of the language that the two VMs
  agree on, which is exactly the class a *differential* harness is blind to. Only
  §1 was visible to this phase, and only because the harness compared something
  other than printed output.""",
"""- **A property-harness phase cannot see a defect both VMs share.** Thirteen of
  the fourteen items in `FINDINGS.md` are limitations of the language that the two
  VMs agree on, which is exactly the class a *differential* harness is blind to.
  Only §1 was visible to this phase, and only because the harness compared
  something other than printed output — and, in review round one, only because the
  reviewer's own reading of the object path was asked a question the corpus had
  not been.""")
open(p,'w').write(s)
PY
echo ok
ok
[0m
[0m→ [0mRead phases/phase-020/FINDINGS.md[90m [limit=50, offset=1][0m
[0m
[0m$ [0mcd /home/runner/work/rbops/rbops/redblue && python3 - <<'PY'
p='phases/phase-020/FINDINGS.md'
s=open(p).read()
def sub(old,new):
    global s
    assert old in s, old[:80]
    s=s.replace(old,new,1)

sub("""## §1 — The bytecode VM threw away what a program was worth (FIXED here, but it is a `must_touch` departure)

Three defects in `src/bytecode/`, all of them invisible while the top-level frame
discarded its own value:

| Where | Defect |
|---|---|
| `src/bytecode/vm.rs:904` | The outermost frame's leftover value was dropped unless the frame was a *call*, so `run` answered `nothing` for every program ending in an expression, while `src/vm.rs:397` keeps the value of the last statement. |
| `src/bytecode/vm.rs:1516` | `SET_PROPERTY` popped the value but not the receiver. `docs/BYTECODE.md:180` says it "pops a value and an object". |
| `src/bytecode/codegen.rs:147` | `statements` treated the last statement of *every* block as value-bearing, so `if n is 1 then / 7 / end` left `7` for the enclosing frame. |
""",
"""## §1 — The bytecode VM threw away what a program was worth (FIXED here, but it is a `must_touch` departure)

Three defects in `src/bytecode/`, all of them invisible while the top-level frame
discarded its own value:

| Where | Defect |
|---|---|
| `src/bytecode/vm.rs:904` | The outermost frame's leftover value was dropped unless the frame was a *call*, so `run` answered `nothing` for every program ending in an expression, while `src/vm.rs:397` keeps the value of the last statement. |
| `src/bytecode/vm.rs:1516` | `SET_PROPERTY` popped the value but not the receiver. `docs/BYTECODE.md:180` says it "pops a value and an object". |
| `src/bytecode/codegen.rs:147` | `statements` treated the last statement of *every* block as value-bearing, so `if n is 1 then / 7 / end` left `7` for the enclosing frame. |

### §1a — a nested `object` panicked the bytecode VM (FIXED in review round one, same departure)

A fourth `src/bytecode/` defect, found by the reviewer rather than by the harness,
and of the same kind: a program the tree-walking VM runs and the analyzer accepts
was a **panic** on the bytecode VM.

```
object Outer
has a default 1

object Inner
has b default 2
end
end

say Outer.a
```

```
thread 'main' panicked at src/bytecode/vm.rs:941:14:
an object declaration being assembled
```

`src/vm.rs:1042` runs a nested `object` in the enclosing scope *after* the
enclosing type is registered, and the bytecode VM kept a single
`pending_object: Option`, so the inner body took it and the outer body asserted
on a declaration that was gone. Fixed in the lowering rather than in the slot: an
object body is two halves, and only the `has`/`to can` half compiles into the
block that assembles the type (`src/bytecode/codegen.rs`, `Declared`). The other
half compiles into the enclosing block, after the `STORE`, which is the
tree-walking VM's order — so a nested `object Child extends Outer` finds the
`Outer` it extends, and no declaration is overwritten while it is being built.
`corpus/objects-0017.rb` and `corpus/objects-0018.rb` hold both shapes.
""")
open(p,'w').write(s)
PY
sed -n '/## §12/,$p' phases/phase-020/FINDINGS.md
## §12 — `\u` escapes are not supported and a backslash before them is dropped

`say "a\u0000b"` prints `au0000b`; `say "e\u0301"` prints `eu0301`. `\\`, `\"`,
`\n` and `\t` all work. So a combining mark cannot be written in source at all,
and a typo in an escape is silently swallowed rather than refused.
[0m
[0m$ [0mcd /home/runner/work/rbops/rbops/redblue && cat >> phases/phase-020/FINDINGS.md <<'EOF'

## §13 — `skip` and `break` are accepted and do nothing

`docs/GRAMMAR.md:254-255` gives both, and `src/vm.rs:680` and `:684` are two
`TODO: Implement proper control flow` that answer `Value::Nothing`:

```
set total to 0
for each x in [1, 2, 3]
if x is 2 then
break
end
set total to total + x
end
say total
```

prints `12`, not `6`. The same program with `skip` also prints `12`, so neither
statement leaves the loop it is written in — and `skip <expression>`, which the
grammar allows, discards the expression as well. `corpus/loop-forms-0017.rb` pins
the current behaviour; both VMs agree on it, which is why it is a finding here
and not a divergence.

## §14 — An `object` declared inside another object's body cannot be named

The nested declaration of §1a is registered and bound at runtime, and a program
cannot read it back:

```
object Outer
has a default 1

object Inner
has b default 2
end
end

say Inner.b
```

gives `AnalyzerError: Unknown variable 'Inner'`. `src/analyzer.rs:276` declares
the name and then pushes the body's scope, so the binding dies with the scope even
though `declare_object` bound it for real. The nested type is therefore writable
but not readable — which is also why `corpus/objects-0017.rb` says `say Outer.a`
and nothing more: it is the most a program can say about it. Either the analyzer
should hoist the name the way the VM binds it, or the parser should refuse a
nested `object` outright rather than accept a declaration nothing can name.
EOF
echo ok; wc -l phases/phase-020/FINDINGS.md
ok
213 phases/phase-020/FINDINGS.md
[0m
[0m$ [0mgrep -n "Three files in\|Fourteen\|fourteen" phases/phase-020/REPORT.md
384:All eight run clean. Three files in `src/bytecode/` changed, so this was
471:  the fourteen items in `FINDINGS.md` are limitations of the language that the two
[0m
[0m← [0mEdit phases/phase-020/REPORT.md
Index: /home/runner/work/rbops/rbops/redblue/phases/phase-020/REPORT.md
===================================================================
--- /home/runner/work/rbops/rbops/redblue/phases/phase-020/REPORT.md
+++ /home/runner/work/rbops/rbops/redblue/phases/phase-020/REPORT.md
@@ -380,9 +380,9 @@
 ok examples/hello.rb   ok examples/test_arithmetic.rb   ok examples/time.rb
 ok modules/MathUtils.rb   ok modules/SuiteKit.rb
 ```
 
-All eight run clean. Three files in `src/bytecode/` changed, so this was
+All eight run clean. Two files in `src/bytecode/` changed, so this was
 re-checked rather than assumed — it is a check that `src/` did not change
 behaviour the examples depend on, and it passed.
 
 Determinism was checked by regenerating and comparing checksums:

[0m
[0m$ [0mgrep -n "^## §" phases/phase-020/FINDINGS.md
9:## §1 — The bytecode VM threw away what a program was worth (FIXED here, but it is a `must_touch` departure)
66:## §2 — There is no comparison operator that lexes
92:## §3 — Six comparator word-forms the grammar documents but the parser has not got
100:## §4 — Trailing tokens on a line are silently accepted
109:## §5 — `give back` inside a conditional does not return
117:## §6 — A closure declared inside a function is not reachable outside it
125:## §7 — 23 of the 25 registered builtins cannot be called from Redblue source
133:## §8 — `catch` binds the word `error`, not the caught value
141:## §9 — `rbops/verify.sh` is not present in this checkout
148:## §10 — A parser reports EOF at line N+1 for an N-line file
157:## §11 — `length` counts bytes, not characters
163:## §12 — `\u` escapes are not supported and a backslash before them is dropped
168:## §13 — `skip` and `break` are accepted and do nothing
190:## §14 — An `object` declared inside another object's body cannot be named
[0m
[0m$ [0mgrep -rn "run_isolated\|run_source_value\|compile_source\|expect(\|unwrap()" tests/common/*.rs tests/differential_test.rs | grep -v "^tests/common/vm.rs:2[0-9][0-9]" | head -30
tests/common/shrink.rs:219:            let candidate = without_line(&minimal, index).expect("index in range");
tests/common/shrink.rs:227:            let candidate = without_char(&minimal, index).expect("index in range");
tests/common/shrink.rs:250:        let without_inner = without_char(source, 5).expect("index in range");
tests/common/shrink.rs:253:        let without_emoji = without_char(source, 6).expect("index in range");
tests/common/shrink.rs:279:        let dropped = without_line(one_line, 0).expect("index in range");
tests/common/vm.rs:19:use redblue::bytecode::compile_source;
tests/common/vm.rs:21:use redblue::{run_isolated, Error, Value};
tests/common/vm.rs:93:    let (mut vm, result) = run_isolated(&ast);
tests/common/vm.rs:122:    let chunk = match compile_source(source) {
tests/differential_test.rs:561:    fs::create_dir_all(&dir).expect("scratch dir should be creatable");
tests/differential_test.rs:563:    fs::write(&orphan, "say 1\n").expect("scratch program should be writable");
[0m
[0m$ [0mcargo fmt --all -- --check && echo "GATE1 fmt: PASS"; cargo clippy --all-targets -- -D warnings 2>&1 | tail -2; echo "GATE2 clippy: exit=$?"
GATE1 fmt: PASS
[1m[92m    Finished[0m `dev` profile [unoptimized] target(s) in 0.09s
GATE2 clippy: exit=0
[0m
[0m$ [0mcargo test --all-targets --no-fail-fast 2>&1 | grep -E "^test result" | tee /tmp/opencode/final.txt | awk -F'[ ;]' '{p+=$4; f+=$6; i+=$8} END {print "GATE3: passed",p,"failed",f,"ignored",i,"in",NR,"binaries"}'; cargo test --doc 2>&1 | grep "test result"
GATE3: passed 546 failed 0 ignored 0 in 24 binaries
test result: ok. 1 passed; 0 failed; 0 ignored; 0 measured; 0 filtered out; finished in 0.15s
[0m
[0m$ [0mls rbops 2>&1; for f in examples/*.rb modules/*.rb; do ./target/debug/rb run "$f" >/dev/null 2>&1 && echo "ok   $f" || echo "FAIL $f"; done
ls: cannot access 'rbops': No such file or directory
ok   examples/files.rb
ok   examples/fizzbuzz.rb
ok   examples/formats.rb
ok   examples/hello.rb
ok   examples/test_arithmetic.rb
ok   examples/time.rb
ok   modules/MathUtils.rb
ok   modules/SuiteKit.rb
[0m
Let me review the full source diff once more:
[0m$ [0mgit diff src/ | cat
diff --git a/src/bytecode/codegen.rs b/src/bytecode/codegen.rs
index 190ea08..e1d51b5 100644
--- a/src/bytecode/codegen.rs
+++ b/src/bytecode/codegen.rs
@@ -38,7 +38,7 @@ pub fn compile(program: &Program) -> Result<Chunk> {
             name: "main",
             arity: 0,
             params: &[],
-            body: &program.statements,
+            body: Declared::Every(&program.statements),
             span: Span::unknown(),
         },
         0,
@@ -64,10 +64,35 @@ struct Decl<'a> {
     /// method: the body reads its arguments by name, so the names have to be in
     /// the file and not only their count.
     params: &'a [String],
-    body: &'a [Stmt],
+    body: Declared<'a>,
     span: Span,
 }
 
+/// The statements a block is compiled from.
+///
+/// Every kind but one is a slice of the body it was given. An `object` body is
+/// two lists, because the body has two halves: the `has` and `to can` that
+/// declare the type, and everything else — an ordinary statement that runs in
+/// the *enclosing* scope, in order, and after the type is registered and bound.
+/// The tree-walking VM's rule (`declare_object` in `src/vm.rs`) and this one
+/// have to agree, because the two VMs run the same program and a divergence
+/// here is a divergence in what the program *is*:
+///
+/// - one block for the whole body would run the second half *before* the type
+///   existed, so an `object Inner extends Outer` nested in `Outer`'s own body
+///   would find no `Outer` to extend;
+/// - and a nested `object` would execute inside the block that assembles the
+///   enclosing declaration, overwriting it — the enclosing body would then have
+///   nothing left to register.
+#[derive(Clone, Copy)]
+enum Declared<'a> {
+    /// The whole body, as written.
+    Every(&'a [Stmt]),
+    /// Only the statements that declare a type: an object body's `has` and
+    /// `to can`, and nothing else.
+    These(&'a [&'a Stmt]),
+}
+
 struct Compiler {
     constants: Vec<Constant>,
     /// Text constants already in the pool, so a name used a hundred times is
@@ -76,6 +101,24 @@ struct Compiler {
     names: IndexMap<String, u32>,
 }
 
+/// Whether a block of this kind is worth the value of its last statement.
+///
+/// Three kinds are: `main`, because `run` answers the whole program's value with
+/// it; a `Function` and a `Method`, because a call's answer is the value its
+/// body ends with. Every other kind is entered for its effect, so its last
+/// statement is a statement and leaves nothing behind — that is the tree-walking
+/// VM's rule, and `docs/BYTECODE.md`'s stack discipline ("an expression leaves
+/// its value on top, and a statement leaves nothing behind") is about the
+/// program, not about each block in it. A block that kept its last expression
+/// would leave a stray value on the operand stack of the block that entered it,
+/// which the frame would then hand to *its* caller.
+fn carries_its_last_expression(kind: BlockKind) -> bool {
+    matches!(
+        kind,
+        BlockKind::Main | BlockKind::Function | BlockKind::Method
+    )
+}
+
 impl Compiler {
     /// Interns `text` and returns its index.
     fn text(&mut self, text: &str) -> u32 {
@@ -99,7 +142,19 @@ impl Compiler {
 
         let mut code = Vec::new();
         let mut blocks = Vec::new();
-        self.statements(decl.body, &mut code, &mut blocks, depth)?;
+        let value_bearing = carries_its_last_expression(decl.kind);
+        match decl.body {
+            Declared::Every(body) => {
+                self.statements(body, &mut code, &mut blocks, depth, value_bearing)?
+            }
+            Declared::These(body) => self.statements(
+                body.iter().copied(),
+                &mut code,
+                &mut blocks,
+                depth,
+                value_bearing,
+            )?,
+        }
 
         Ok(Block {
             name: decl.name.to_string(),
@@ -128,16 +183,31 @@ impl Compiler {
     /// `is_last` says whether `body` is the whole of the block it goes in. It is
     /// only read by a bare expression statement, and it is what makes a block's
     /// value the one its last statement produced — which is what a call returns.
-    fn statements(
+    ///
+    /// `value_bearing` says whether *this* block is one whose value is read; see
+    /// [`carries_its_last_expression`]. It is passed rather than derived because
+    /// the inner statements — an `if` branch, a loop body, a `catch` body — are
+    /// not blocks of their own in every case, and they are never value-bearing.
+    ///
+    /// `body` is generic over the two shapes a block's statements arrive in: a
+    /// slice of them, or the declaring half of an object body taken out of it as
+    /// a list of references. Both are the same pass over the same statements.
+    fn statements<'a, I>(
         &mut self,
-        body: &[Stmt],
+        body: I,
         code: &mut Vec<Instruction>,
         blocks: &mut Vec<Block>,
         depth: usize,
-    ) -> Result<()> {
+        value_bearing: bool,
+    ) -> Result<()>
+    where
+        I: IntoIterator<Item = &'a Stmt>,
+        I::IntoIter: ExactSizeIterator,
+    {
+        let body = body.into_iter();
         let last = body.len().saturating_sub(1);
-        for (index, stmt) in body.iter().enumerate() {
-            self.statement(stmt, code, blocks, depth, index == last)?;
+        for (index, stmt) in body.enumerate() {
+            self.statement(stmt, code, blocks, depth, value_bearing && index == last)?;
         }
         Ok(())
     }
@@ -215,14 +285,14 @@ impl Compiler {
                 // The `end` of an `if` with no `else` is where a false
                 // condition lands, so there is one jump either way.
                 let to_else = jump(code, Opcode::JumpIfFalse, line);
-                self.statements(then_branch, code, blocks, depth)?;
+                self.statements(then_branch, code, blocks, depth, false)?;
                 if else_branch.is_empty() {
                     patch_here(code, to_else);
                 } else {
                     let to_end = jump(code, Opcode::Jump, line);
                     let else_start = code.len() as u32;
                     patch(code, to_else, else_start);
-                    self.statements(else_branch, code, blocks, depth)?;
+                    self.statements(else_branch, code, blocks, depth, false)?;
                     patch_here(code, to_end);
                 }
             }
@@ -236,7 +306,7 @@ impl Compiler {
                 let top = code.len() as u32;
                 let variable = self.text(variable);
                 emit(code, Opcode::Store, variable, 0, line);
-                self.statements(body, code, blocks, depth)?;
+                self.statements(body, code, blocks, depth, false)?;
                 emit(code, Opcode::Jump, top, 0, line);
             }
             Statement::ForRange {
@@ -259,7 +329,7 @@ impl Compiler {
                 let top = code.len() as u32;
                 let variable = self.text(variable);
                 emit(code, Opcode::Store, variable, 0, line);
-                self.statements(body, code, blocks, depth)?;
+                self.statements(body, code, blocks, depth, false)?;
                 emit(code, Opcode::Jump, top, 0, line);
             }
             Statement::Repeat { count, body } => {
@@ -268,14 +338,14 @@ impl Compiler {
                 let top = code.len() as u32;
                 let counter = self.text(REPEAT_COUNTER);
                 emit(code, Opcode::Store, counter, 0, line);
-                self.statements(body, code, blocks, depth)?;
+                self.statements(body, code, blocks, depth, false)?;
                 emit(code, Opcode::Jump, top, 0, line);
             }
             Statement::While { condition, body } => {
                 let top = code.len() as u32;
                 self.expr(condition, code, line)?;
                 let to_end = jump(code, Opcode::JumpIfFalse, line);
-                self.statements(body, code, blocks, depth)?;
+                self.statements(body, code, blocks, depth, false)?;
                 emit(code, Opcode::Jump, top, 0, line);
                 patch_here(code, to_end);
             }
@@ -298,7 +368,7 @@ impl Compiler {
                         name,
                         arity: params.len(),
                         params,
-                        body,
+                        body: Declared::Every(body),
                         span: stmt.span,
                     },
                     depth,
@@ -315,7 +385,7 @@ impl Compiler {
                         name,
                         arity: params.len(),
                         params,
-                        body,
+                        body: Declared::Every(body),
                         span: stmt.span,
                     },
                     depth,
@@ -344,13 +414,30 @@ impl Compiler {
                 extends,
                 body,
             } => {
+                // The body is two halves. The `has` and `to can` compile into
+                // the block that assembles the type; everything else compiles
+                // here, into the *enclosing* block, after the `STORE` that binds
+                // it. See [`Declared`]: the second half has to run once the type
+                // is registered, or an `object` nested in the body would have no
+                // parent to extend and would overwrite the declaration being
+                // assembled.
+                let mut declarations: Vec<&Stmt> = Vec::new();
+                let mut rest: Vec<&Stmt> = Vec::new();
+                for statement in body {
+                    match &statement.statement {
+                        Statement::Has { .. } | Statement::Method { .. } => {
+                            declarations.push(statement)
+                        }
+                        _ => rest.push(statement),
+                    }
+                }
                 let block = self.nested(
                     Decl {
                         kind: BlockKind::Object,
                         name,
                         arity: 0,
                         params: &[],
-                        body,
+                        body: Declared::These(&declarations),
                         span: stmt.span,
                     },
                     depth,
@@ -366,6 +453,15 @@ impl Compiler {
                 emit(code, Opcode::DefObject, block, parent, line);
                 let name = self.text(name);
                 emit(code, Opcode::Store, name, 0, line);
+                // The rest of the body is worth `nothing`: a declaration is a
+                // statement, so a trailing expression in here is discarded even
+                // where the enclosing block is the value-bearing kind and this
+                // statement was its last one. That is what the tree-walking VM
+                // does — `declare_object` answers `nothing` whatever ran in the
+                // body.
+                for statement in rest {
+                    self.statement(statement, code, blocks, depth, false)?;
+                }
             }
             Statement::Try {
                 body,
@@ -383,7 +479,7 @@ impl Compiler {
                             name: &name,
                             arity: 0,
                             params: &[],
-                            body: catch_body,
+                            body: Declared::Every(catch_body),
                             span: stmt.span,
                         },
                         depth,
@@ -401,7 +497,7 @@ impl Compiler {
                             name: "",
                             arity: 0,
                             params: &[],
-                            body: finally_body,
+                            body: Declared::Every(finally_body),
                             span: stmt.span,
                         },
                         depth,
@@ -409,7 +505,7 @@ impl Compiler {
                     )?
                 };
                 emit(code, Opcode::Try, catch, finally, line);
-                self.statements(body, code, blocks, depth)?;
+                self.statements(body, code, blocks, depth, false)?;
                 // The marked `NOP` closes the protected region: it is where the
                 // handlers are popped and the `finally` runs, whether or not the
                 // protected code failed. See `Opcode::Nop` and
@@ -432,7 +528,7 @@ impl Compiler {
                         name,
                         arity: 0,
                         params: &[],
-                        body,
+                        body: Declared::Every(body),
                         span: stmt.span,
                     },
                     depth,
diff --git a/src/bytecode/vm.rs b/src/bytecode/vm.rs
index c51d4da..4c2d727 100644
--- a/src/bytecode/vm.rs
+++ b/src/bytecode/vm.rs
@@ -221,8 +221,16 @@ struct Handler {
     loop_base: usize,
 }
 
-/// One `object` declaration being assembled. Its body declares the fields and
-/// the methods, and the type is registered when the body finishes.
+/// One `object` declaration being assembled. Its declaring body — the `has`
+/// and `to can` half — fills it in, and the type is registered when that body
+/// finishes.
+///
+/// There is one of these per object body in flight and never two: an object's
+/// remaining body statements are compiled into the *enclosing* block and run
+/// after this one is registered (`Compiler::statements`, `src/bytecode/codegen.rs`),
+/// which is what the tree-walking VM does. So a nested `object` cannot arrive
+/// while one is open — the declaration it would overwrite has already been
+/// registered by the time its own `DEF_OBJECT` runs.
 struct ObjectPending {
     name: String,
     parent: Option<String>,
@@ -460,7 +468,7 @@ pub struct BytecodeVm {
     /// The `try` handlers currently installed, innermost last.
     handlers: Vec<Handler>,
     /// The `object` declaration the top frame is assembling, if it is an object
-    /// body.
+    /// body's declaring half. Never nested — see [`ObjectPending`].
     pending_object: Option<ObjectPending>,
     /// What the last frame to finish produced.
     outcome: Value,
@@ -906,14 +914,19 @@ impl BytecodeVm {
             value = self.stack.pop().expect("the stack holds a value");
         }
         self.stack.truncate(frame.stack_base);
-        if !frame.is_call {
-            return Ok(());
-        }
         if self.frames.is_empty() {
+            // The outermost frame is `main`, not a call, so nothing is waiting
+            // for its value — but it is the whole program's value, and `run`
+            // answers with it. Dropping it made `run` answer `nothing` for every
+            // program ending in an expression, which the tree-walking VM does
+            // not do, and made the two disagree about what a program is worth.
             self.outcome = value;
-        } else {
-            self.stack.push(value);
+            return Ok(());
         }
+        if !frame.is_call {
+            return Ok(());
+        }
+        self.stack.push(value);
         Ok(())
     }
 
@@ -929,11 +942,19 @@ impl BytecodeVm {
     /// The chain is walked once, here, with every name it visits collected, so
     /// `object A extends A` and a two-object cycle are reported instead of being
     /// walked again. A parent that is not declared is the same failure.
+    ///
+    /// The declaration this registers is the one `DEF_OBJECT` left behind. A
+    /// body that finished with none is a file the compiler did not write — the
+    /// declaring half of an object body is the only code that runs between the
+    /// two — and it is reported like any other such file rather than asserted,
+    /// because a differential harness that panics cannot compare anything.
     fn finish_object(&mut self) -> Result<Fields> {
-        let pending = self
-            .pending_object
-            .take()
-            .expect("an object declaration being assembled");
+        let Some(pending) = self.pending_object.take() else {
+            return Err(Error::Runtime(
+                "an object body finished with no declaration to register".to_string(),
+                self.span(),
+            ));
+        };
         let pending_parent = pending.parent.clone();
         let mut fields = pending.fields;
         let mut methods = pending.methods;
@@ -1508,6 +1529,13 @@ impl BytecodeVm {
     /// `SET_PROPERTY`: writes a field back to the binding its name denotes.
     fn set_property(&mut self, instruction: Instruction, frame: usize) -> Result<()> {
         let value = self.pop()?;
+        // The code in front of this instruction pushed the object as well as the
+        // value, and `docs/BYTECODE.md` says `SET_PROPERTY` pops both. The
+        // object is dropped rather than used: the target it named is in the
+        // operand, and the object itself is read out of the variable again
+        // below. Leaving it on the stack made a `set r.a to 2` the last
+        // statement of `main` hand `r` back as the program's value.
+        self.pop()?;
         let target = self.constant_text(instruction.arg)?;
         let Some((object, field)) = split_dotted(&target) else {
             return Err(Error::Runtime(
@@ -1744,6 +1772,12 @@ impl BytecodeVm {
 
     /// `DEF_OBJECT`: starts an object body, whose instructions declare the fields
     /// and methods and then register the type.
+    ///
+    /// The body this enters is the *declaring* half — the `has` and `to can` the
+    /// compiler put in it. Whatever else the source wrote in the body is compiled
+    /// into the enclosing block and runs after the `STORE` below, which is the
+    /// tree-walking VM's order and the reason a nested `object` cannot land here
+    /// while this one is still open.
     fn def_object(&mut self, instruction: Instruction, frame: usize) -> Result<()> {
         let name = self.object_name(frame, instruction)?;
         if self.objects.contains_key(&name) {
[0m
[0m$ [0mgit diff tests/common/vm.rs | head -120
(no output)
[0m
[0m$ [0mgit status --short tests/; git diff --stat tests/differential_test.rs | cat
M tests/differential_test.rs
?? tests/common/
 tests/differential_test.rs | 958 +++++++++++++++++++++++++++++++++------------
 1 file changed, 716 insertions(+), 242 deletions(-)
[0m
[0m→ [0mRead tests/common/vm.rs[90m [limit=150, offset=54][0m
[0m
[0m← [0mEdit tests/common/vm.rs
Index: /home/runner/work/rbops/rbops/redblue/tests/common/vm.rs
===================================================================
--- /home/runner/work/rbops/rbops/redblue/tests/common/vm.rs
+++ /home/runner/work/rbops/rbops/redblue/tests/common/vm.rs
@@ -60,13 +60,12 @@
 /// position.
 ///
 /// **One run, and only one.** The first version of this function returned only
 /// the *failure*, so `tree_walk` re-lexed, re-parsed and re-executed the whole
-/// program to read back a value the first run already had. That ran every
-/// program twice — twice the `say` lines had they been observable, twice the
-/// file writes, twice the clock readings, and twice the wall-clock cost — and
-/// the second run was a *different* run of an impure program, so the value
-/// compared was not necessarily the value of the run that produced the output.
+/// program to read back a value the first run already had. Every comparison then
+/// cost two runs of an impure program — two sets of file writes, two clock
+/// readings, twice the wall-clock time — and the second run is a *different* run,
+/// so the value compared need not be the value of the run that printed.
 ///
 /// The output is returned even on a failure, and that is the point rather than
 /// an incidental: a program that prints and then faults **has printed**, so a
 /// runner that reports "printed nothing" for a failing program loses the one

[0m
[0m→ [0mRead tests/common/vm.rs[90m [limit=130, offset=234][0m
[0m
[0m← [0mEdit tests/common/vm.rs
Index: /home/runner/work/rbops/rbops/redblue/tests/common/vm.rs
===================================================================
--- /home/runner/work/rbops/rbops/redblue/tests/common/vm.rs
+++ /home/runner/work/rbops/rbops/redblue/tests/common/vm.rs
@@ -240,10 +240,11 @@
 ///
 /// The value used to be recovered by re-lexing, re-parsing and re-executing
 /// the program, because the first run handed back only its failure. A pure
 /// program cannot tell the difference — which is why the bug survived a
-/// corpus of 315 of them — but a program with a side effect is run twice,
-/// and the second run is a different run.
+/// corpus of 317 of them — but a program with a side effect is run twice,
+/// and the second run is a different run. So this one writes: two appends,
+/// and the file says how many times the pipeline ran.
 #[test]
 fn edge_one_run_of_a_program_is_all_the_harness_asks_for() {
     let path = temp_file("one-run.txt");
     let literal = text_literal(&path.to_string_lossy());
@@ -253,12 +254,16 @@
         outcome.result,
         Ok("nothing".to_string()),
         "the program ran to completion: {outcome:?}"
     );
+    let written = std::fs::read_to_string(&path).unwrap_or_else(|e| {
+        panic!(
+            "{} should have been written by the program: {e}",
+            path.display()
+        )
+    });
     assert_eq!(
-        std::fs::read_to_string(&path)
-            .unwrap_or_else(|e| { panic!("{} should have been written: {e}", path.display()) }),
-        "ab",
+        written, "ab",
         "the program appended once, so the harness ran it once; two runs \
          would have written `abab`"
     );
     let _ = std::fs::remove_file(&path);

[0m
[0m$ [0mcargo fmt --all && cargo test --test differential_test 2>&1 | tail -4
test the_two_vms_agree_on_every_generated_program ... ok

test result: ok. 52 passed; 0 failed; 0 ignored; 0 measured; 0 filtered out; finished in 0.50s
[0m
[0m$ [0mgit diff --stat; echo ===; sed -n '60,90p' tests/common/corpus.rs
src/bytecode/codegen.rs    | 138 ++++++-
 src/bytecode/vm.rs         |  58 ++-
 tests/differential_test.rs | 958 +++++++++++++++++++++++++++++++++------------
 3 files changed, 879 insertions(+), 275 deletions(-)
===
///
/// Sorted by file name, so a failure names the same program first on every
/// machine. The count is over `.rb` files and is unconditional: a corpus that
/// shrank must fail the size check whether or not anything asked to write.
///
/// An entry that cannot be read is a failure naming the directory, not a
/// program that quietly does not exist. `DirEntry::ok()` would swallow one, and
/// a corpus entry the harness cannot see is a hole in the coverage rather than
/// a smaller corpus — which is the one thing a coverage assertion must not be
/// able to mistake.
pub fn corpus() -> Vec<PathBuf> {
    let dir = corpus_dir();
    let mut files: Vec<PathBuf> = match fs::read_dir(&dir) {
        Ok(entries) => entries
            .map(|entry| {
                entry
                    .unwrap_or_else(|error| {
                        panic!(
                            "corpus directory {} should be readable: {error}",
                            dir.display()
                        )
                    })
                    .path()
            })
            .filter(|path| path.extension().and_then(|e| e.to_str()) == Some("rb"))
            .collect(),
        Err(error) => panic!(
            "corpus directory {} should be readable: {error}",
            dir.display()
        ),
    };
[0m
[0m$ [0mcargo fmt --all -- --check && echo "1. fmt: PASS"; cargo clippy --all-targets -- -D warnings >/dev/null 2>&1 && echo "2. clippy -D warnings: PASS"; cargo test --all-targets --no-fail-fast 2>&1 | grep -E "^test result" | awk -F'[ ;]' '{p+=$4; f+=$6; i+=$8} END {print "3. tests:",p,"passed,",f,"failed,",i,"ignored"}'; cargo test --doc 2>&1 | grep -q "1 passed" && echo "   doc tests: PASS"
1. fmt: PASS
2. clippy -D warnings: PASS
3. tests: 546 passed, 0 failed, 0 ignored
   doc tests: PASS
[0m
[0m$ [0mb=$(cat corpus/* | sha256sum | cut -c1-16); RB_WRITE_CORPUS=1 cargo test --test differential_test regenerating >/dev/null 2>&1; a=$(cat corpus/* | sha256sum | cut -c1-16); echo "corpus regeneration: $b -> $a"; [ "$b" = "$a" ] && echo "4. determinism: PASS (byte-identical)" || echo "4. determinism: FAIL"; git status --short corpus/ | head -3
corpus regeneration: ea5cbb95684aef92 -> ea5cbb95684aef92
4. determinism: PASS (byte-identical)
?? corpus/
[0m
[0m# [0mTodos
[✓] BLOCKER: nested `object` panics in bytecode VM (src/bytecode/codegen.rs + src/bytecode/vm.rs)
[✓] MAJOR: tree_walk re-runs the whole pipeline to recover the value (tests/common/vm.rs)
[✓] MAJOR: loop_forms emits malformed `set xs = []` (tests/common/generator.rs)
[✓] MINOR: corpus() drops unreadable dir entries (tests/common/corpus.rs)
[✓] MINOR: "five failures" doc says five, FAULTS holds six (tests/common/generator.rs)
[✓] STYLE: duplicated is_last doc sentence (src/bytecode/codegen.rs:152-157)
[✓] Add nested-object corpus programs and regenerate corpus
[✓] Mutation-check each new assertion
[✓] Update REPORT/FINDINGS, then run the four gates
[0m
All six findings are closed, and the four gates are green.

**1. [BLOCKER] nested `object` panicked the bytecode VM** — `src/bytecode/codegen.rs:412` now lowers an object body as two halves (`Declared`): only `has`/`to can` compile into the block that assembles the type; everything else compiles into the *enclosing* block, after the `STORE`. That is `src/vm.rs:1042`'s order, so a nested type is registered before it runs, `object Child extends Base` inside `Base` finds its parent, and nothing overwrites a pending. A stack of pendings was rejected: it would have turned the panic into a *divergence*. `finish_object` (`src/bytecode/vm.rs:952`) now returns a `RuntimeError` instead of asserting. Corpus `objects-0017`/`0018` + `edge_a_nested_object_runs_on_both_vms_and_neither_panics` hold it.

**2. [MAJOR] every program ran twice** — `tree_walk_verbose` returns `(Vec<String>, Result<Value, Error>)` from the single run it already made; both wrappers are arithmetic on it, no `expect`s. `edge_one_run_of_a_program_is_all_the_harness_asks_for` appends twice to a file: `ab` passes, the mutation writes `abab`.

**3. [MAJOR] `loop-forms` held a malformed `set`** — replaced with a real loop form (`skip` and `break` inside `for each`); the class was already in `malformed` twice.

**4/5. [MINOR]** — `corpus()` panics naming the directory instead of dropping an unreadable entry; the `FAULTS` doc says six.

**6. [STYLE]** — the duplicated `is_last` paragraph is gone.

Gates: `cargo fmt --check` pass · `cargo clippy --all-targets -- -D warnings` pass · `cargo test --all-targets --no-fail-fast` **546 passed, 0 failed, 0 ignored** (+ doc test) · `rbops/verify.sh` still absent, so the `examples/`+`modules/` compatibility check was re-run instead (8/8 ok). Corpus regeneration is byte-identical. New findings §13 (`skip`/`break` inert) and §14 (a nested type cannot be named) recorded; no test was deleted, ignored, or allowed.
