[0m
> build · space-bunny-free
[0m
[0m$ [0mgit log --oneline -5 && git status --short | head -30
015680c resume phase-025: adopt preserved work
3479d17 rbops: phase-020 (2026-10-07T07:22:55Z)
25e9b68 resume phase-020: adopt preserved work
c495de5 rbops: phase-015 (2026-10-07T02:50:08Z)
87752c5 rbops: phase-031 (2026-10-07T00:05:12Z)
[0m
[0m$ [0mls phases/phase-025/ 2>/dev/null
FINDINGS.md
REPORT.md
[0m
I'll start by running the gates to see the current state.
[0m$ [0mls src/ src/bytecode/ tests/ 2>&1
src/:
analyzer.rs
bytecode
error.rs
formatter.rs
lexer.rs
lib.rs
linter.rs
lsp.rs
main.rs
parser.rs
repl
runtime.rs
stdlib.rs
testing
value.rs
vm.rs

src/bytecode/:
codegen.rs
disasm.rs
format.rs
mod.rs
opcode.rs
vm.rs

tests/:
bytecode_test.rs
bytecode_vm_test.rs
call_depth_test.rs
closure_capture_test.rs
common
comparison_lex_test.rs
comparison_words_test.rs
constant_test.rs
differential_test.rs
discovery_test.rs
expect_test.rs
for_range_test.rs
formatter_test.rs
index_bounds_test.rs
integration_test.rb
lexer_robustness_test.rs
linter_test.rs
loop_bounds_test.rs
loop_control_test.rs
mod_in_test.rs
module_system_test.rs
numeric_edge_test.rs
object_model_test.rs
parser_hardening_test.rs
record_order_test.rs
redblue_suite_test.rs
redblue_test.rs
span_test.rs
stdlib_modules_test.rs
suite.rb
test_arithmetic.rb
test_closures.rb
test_comparisons.rb
test_control_flow.rb
test_functions.rb
test_lists.rb
test_loop_control.rb
test_mod_in.rb
test_modules.rb
test_numeric_edges.rb
test_object_model.rb
test_objects.rb
test_records.rb
test_text.rb
tooling_grammar_test.rs
unless_test.rs
[0m
[0m$ [0mcargo fmt --all -- --check 2>&1 | tail -20
(no output)
[0m
fmt passes. Now clippy and tests (the expensive ones) in parallel with reading the previous report's gate section.
[0m$ [0mcargo clippy --all-targets -- -D warnings 2>&1 | tail -25
[1m[92m    Checking[0m core_detect v1.0.0
[1m[92m    Checking[0m regex-syntax v0.8.11
[1m[92m    Checking[0m serde v1.0.229
[1m[92m    Checking[0m simdutf8 v0.1.5
[1m[92m    Checking[0m ryu v1.0.23
[1m[92m    Checking[0m base64 v0.21.7
[1m[92m    Checking[0m serde_urlencoded v0.7.1
[1m[92m    Checking[0m rustls-pemfile v1.0.4
[1m[92m    Checking[0m encoding_rs v0.8.42
[1m[92m    Checking[0m url v2.5.8
[1m[92m    Checking[0m num-traits v0.2.19
[1m[92m    Checking[0m regex-automata v0.4.18
[1m[92m    Checking[0m hyper v0.14.32
[1m[92m    Checking[0m sync_wrapper v0.1.2
[1m[92m    Checking[0m iana-time-zone v0.1.65
[1m[92m    Checking[0m ipnet v2.12.2
[1m[92m    Checking[0m mime v0.3.17
[1m[92m    Checking[0m chrono v0.4.45
[1m[92m    Checking[0m zmij v1.0.23
[1m[92m    Checking[0m serde_json v1.0.151
[1m[92m    Checking[0m regex v1.13.1
[1m[92m    Checking[0m hyper-tls v0.5.0
[1m[92m    Checking[0m reqwest v0.11.27
[1m[92m    Checking[0m redblue v0.1.0 (/home/runner/work/rbops/rbops/redblue)
[1m[92m    Finished[0m `dev` profile [unoptimized] target(s) in 11.83s
[0m
[0m$ [0mcargo test --all-targets 2>&1 | grep -E "^(test result|error|warning: unused|failures:|---- )" | head -60
test result: ok. 6 passed; 0 failed; 0 ignored; 0 measured; 0 filtered out; finished in 0.00s
test result: ok. 0 passed; 0 failed; 0 ignored; 0 measured; 0 filtered out; finished in 0.00s
test result: ok. 50 passed; 0 failed; 0 ignored; 0 measured; 0 filtered out; finished in 0.26s
test result: ok. 60 passed; 0 failed; 0 ignored; 0 measured; 0 filtered out; finished in 55.24s
test result: ok. 11 passed; 0 failed; 0 ignored; 0 measured; 0 filtered out; finished in 0.21s
test result: ok. 26 passed; 0 failed; 0 ignored; 0 measured; 0 filtered out; finished in 0.12s
test result: ok. 19 passed; 0 failed; 0 ignored; 0 measured; 0 filtered out; finished in 0.04s
test result: ok. 13 passed; 0 failed; 0 ignored; 0 measured; 0 filtered out; finished in 0.02s
test result: ok. 20 passed; 0 failed; 0 ignored; 0 measured; 0 filtered out; finished in 0.01s
test result: ok. 81 passed; 0 failed; 0 ignored; 0 measured; 0 filtered out; finished in 4.71s
test result: ok. 13 passed; 0 failed; 0 ignored; 0 measured; 0 filtered out; finished in 0.32s
test result: ok. 21 passed; 0 failed; 0 ignored; 0 measured; 0 filtered out; finished in 0.01s
test result: ok. 31 passed; 0 failed; 0 ignored; 0 measured; 0 filtered out; finished in 2.52s
test result: ok. 71 passed; 0 failed; 0 ignored; 0 measured; 0 filtered out; finished in 0.86s
test result: ok. 8 passed; 0 failed; 0 ignored; 0 measured; 0 filtered out; finished in 0.00s
test result: ok. 16 passed; 0 failed; 0 ignored; 0 measured; 0 filtered out; finished in 0.00s
test result: ok. 49 passed; 0 failed; 0 ignored; 0 measured; 0 filtered out; finished in 0.04s
test result: ok. 22 passed; 0 failed; 0 ignored; 0 measured; 0 filtered out; finished in 1.01s
test result: ok. 61 passed; 0 failed; 0 ignored; 0 measured; 0 filtered out; finished in 0.02s
test result: ok. 18 passed; 0 failed; 0 ignored; 0 measured; 0 filtered out; finished in 0.01s
test result: ok. 18 passed; 0 failed; 0 ignored; 0 measured; 0 filtered out; finished in 0.01s
test result: ok. 20 passed; 0 failed; 0 ignored; 0 measured; 0 filtered out; finished in 0.00s
test result: ok. 39 passed; 0 failed; 0 ignored; 0 measured; 0 filtered out; finished in 0.06s
test result: ok. 23 passed; 0 failed; 0 ignored; 0 measured; 0 filtered out; finished in 0.08s
test result: ok. 25 passed; 0 failed; 0 ignored; 0 measured; 0 filtered out; finished in 0.12s
test result: ok. 8 passed; 0 failed; 0 ignored; 0 measured; 0 filtered out; finished in 0.35s
test result: ok. 5 passed; 0 failed; 0 ignored; 0 measured; 0 filtered out; finished in 0.00s
test result: ok. 15 passed; 0 failed; 0 ignored; 0 measured; 0 filtered out; finished in 0.00s
test result: ok. 39 passed; 0 failed; 0 ignored; 0 measured; 0 filtered out; finished in 5.10s
test result: ok. 18 passed; 0 failed; 0 ignored; 0 measured; 0 filtered out; finished in 0.00s
test result: ok. 15 passed; 0 failed; 0 ignored; 0 measured; 0 filtered out; finished in 0.01s
[0m
All cargo gates pass. Now the project gate:
[0m$ [0m./rbops/verify.sh phase-025 2>&1 | tail -60; echo "VERIFY_EXIT=$?"
/bin/bash: line 1: ./rbops/verify.sh: No such file or directory
VERIFY_EXIT=0
[0m
[0m$ [0mls -a; echo "---"; ls rbops 2>&1
.
..
.git
.github
.gitignore
AGENTS.md
CODE_OF_CONDUCT.md
CONTRIBUTING.md
Cargo.lock
Cargo.toml
HANDOUT.md
LICENSE
PHILOSOPHY.md
README.md
ROADMAP.md
SPEC.md
a.out
corpus
docs
err.txt
errors.txt
examples
export.sh
modules
phases
src
target
test.redblue
tests
tooling
---
ls: cannot access 'rbops': No such file or directory
[0m
[0m$ [0mwc -c phases/phase-025/REPORT.md phases/phase-025/FINDINGS.md; echo "---"; grep -n "^## \|^# " phases/phase-025/REPORT.md
107347 phases/phase-025/REPORT.md
 51980 phases/phase-025/FINDINGS.md
159327 total
---
1:# Phase 025 — Make `break` and `skip` leave the loop instead of silently doing nothing
3:## Reproduction
42:## Round 1 review
70:## Round 2 review
83:## Round 3 review
99:## Round 4 review
121:## Round 5 review
144:## Round 6 review
186:## Merge resolution — the resumed tree
234:## What changed
388:## Tests added
566:## Resumed round — re-verification, and the one gap the definition of done named
614:## Resumed round 2 — the iteration cap, which round 6 fixed on the wrong side
689:## Gates
870:## Test-requirement matrix
996:## Invariants touched
1087:## Known gaps / follow-ups
[0m
`rbops/verify.sh` is not in this checkout (the pipeline lives elsewhere). Let me read the previous report's tail to see what round 6+ left unfinished.
[0m→ [0mRead phases/phase-025/REPORT.md[90m [offset=144, limit=120][0m
[0m→ [0mRead phases/phase-025/REPORT.md[90m [offset=560, limit=160][0m
[0m
[0m$ [0mcargo test --all-targets 2>&1 | grep -E "^test result" | awk '{p+=$4; f+=$6; i+=$8} END {print "passed="p, "failed="f, "ignored="i}'
passed=821 failed=0 ignored=0
[0m
821 passed, matching the report. Now let me verify the definition-of-done behaviors against the actual binary.
[0m$ [0mcargo build 2>&1 | tail -3 && ls target/debug/rb
[1m[92m    Finished[0m `dev` profile [unoptimized] target(s) in 0.07s
target/debug/rb
[0m
[0m$ [0mmkdir -p target/tmp/dod && cd target/tmp/dod
cat > b_for.rb <<'EOF'
for each i in [1, 2, 3]
    if i is 2 then
        break
    end
    say i
end
EOF
cat > s_for.rb <<'EOF'
for each i in [1, 2, 3]
    if i is 2 then
        skip
    end
    say i
end
EOF
cat > b_rep.rb <<'EOF'
set n to 0
repeat 5 times
    set n to n + 1
    if n is 3 then break end
end
say n
EOF
cat > s_rep.rb <<'EOF'
set n to 0
repeat 5 times
    set n to n + 1
    if n is 2 then skip end
    say n
end
EOF
cat > b_wh.rb <<'EOF'
set n to 0
while n < 5 do
    set n to n + 1
    if n is 3 then break end
end
say n
EOF
cat > s_wh.rb <<'EOF'
set n to 0
while n < 5 do
    set n to n + 1
    if n is 2 then skip end
    say n
end
EOF
cat > nested.rb <<'EOF'
set outer to 0
for each i in [1, 2, 3] do
    set outer to outer + 1
    for each j in [1, 2, 3] do
        if j is 2 then break end
    end
end
say outer
EOF
cat > outside_b.rb <<'EOF'
break
EOF
cat > outside_s.rb <<'EOF'
skip
EOF
cat > catch_b.rb <<'EOF'
try
    break
catch error
    say "caught: " + error
end
say "after"
EOF
cat > catch_s.rb <<'EOF'
try
    skip
catch error
    say "caught: " + error
end
say "after"
EOF
cd /home/runner/work/rbops/rbops/redblue
for f in target/tmp/dod/*.rb; do
  printf '=== %s\n' "$(basename $f)"
  ./target/debug/rb run "$f" 2>&1; echo "exit=$?"
done
=== b_for.rb
1
exit=0
=== b_rep.rb
3
exit=0
=== b_wh.rb
Error: AnalyzerError: Unknown variable 'do'
  --> target/tmp/dod/b_wh.rb:2:13
2 | while n < 5 do
  |             ^
exit=1
=== catch_b.rb
caught: error
after
exit=0
=== catch_s.rb
caught: error
after
exit=0
=== nested.rb
Error: AnalyzerError: Unknown variable 'do'
Unknown variable 'do'
  --> target/tmp/dod/nested.rb:2:25
2 | for each i in [1, 2, 3] do
  |                         ^
exit=1
=== outside_b.rb
Error: RuntimeError: 'break' is only valid inside a loop
  --> target/tmp/dod/outside_b.rb:1:1
1 | break
  | ^
exit=1
=== outside_s.rb
Error: RuntimeError: 'skip' is only valid inside a loop
  --> target/tmp/dod/outside_s.rb:1:1
1 | skip
  | ^
exit=1
=== s_for.rb
1
3
exit=0
=== s_rep.rb
1
3
4
5
exit=0
=== s_wh.rb
Error: AnalyzerError: Unknown variable 'do'
  --> target/tmp/dod/s_wh.rb:2:13
2 | while n < 5 do
  |             ^
exit=1
[0m
[0m$ [0mgrep -rn "while" examples/*.rb tests/test_loop_control.rb 2>/dev/null | head -20; echo "=== catch err"; grep -rn "catch error" tests/*.rb examples/*.rb | head -10
tests/test_loop_control.rb:55:test "loop control: break leaves a while loop"
tests/test_loop_control.rb:57:    while n is not 9
tests/test_loop_control.rb:66:test "loop control: skip advances a while loop without ending it"
tests/test_loop_control.rb:69:    while n is not 3
tests/test_loop_control.rb:567:    // the loop's variable is still the turn's own value while the cleanup runs,
=== catch err
tests/integration_test.rb:48:    catch error
tests/integration_test.rb:146:    catch error
tests/integration_test.rb:156:    catch error
tests/integration_test.rb:172:    catch error
tests/integration_test.rb:198:    catch error
tests/suite.rb:89:    catch error
tests/suite.rb:161:    catch error
tests/suite.rb:172:    catch error
tests/suite.rb:177:    catch error
tests/test_arithmetic.rb:75:    catch error
[0m
[0m$ [0msed -n '50,80p' tests/test_loop_control.rb; echo "=== suite catch"; sed -n '85,95p' tests/suite.rb
end
    end
    expect n to be 3
end

test "loop control: break leaves a while loop"
    set n to 0
    while n is not 9
        set n to n + 1
        if n is 4 then
            break
        end
    end
    expect n to be 4
end

test "loop control: skip advances a while loop without ending it"
    set n to 0
    set turns to 0
    while n is not 3
        set n to n + 1
        set turns to turns + 1
        skip
    end
    expect n to be 3
    expect turns to be 3
end

test "loop control: a break in a nested loop leaves only the inner one"
    set outer to 0
    set inner to ""
=== suite catch
    // rather than silently coercing.
    set caught to no
    try
        set bad to "n=" + 1
    catch error
        set caught to yes
    end
    expect caught to be yes
end

test "suite: a list of records sorted by walking and filtering"
[0m
[0m$ [0mcd target/tmp/dod
cat > b_wh.rb <<'EOF'
set n to 0
while n is not 9
    set n to n + 1
    if n is 4 then
        break
    end
end
say n
EOF
cat > s_wh.rb <<'EOF'
set n to 0
set turns to 0
while n is not 9
    set n to n + 1
    set turns to turns + 1
    if n is 2 then
        skip
    end
    say n
end
EOF
cat > nested.rb <<'EOF'
set outer to 0
for each i in [1, 2, 3]
    set outer to outer + 1
    for each j in [1, 2, 3]
        if j is 2 then break end
    end
end
say outer
EOF
cd /home/runner/work/rbops/rbops/redblue
for f in target/tmp/dod/b_wh.rb target/tmp/dod/s_wh.rb target/tmp/dod/nested.rb; do
  printf '=== %s\n' "$(basename $f)"
  ./target/debug/rb run "$f" 2>&1; echo "exit=$?"
done
=== b_wh.rb
4
exit=0
=== s_wh.rb
1
3
4
5
6
7
8
9
exit=0
=== nested.rb
3
exit=0
[0m
[0m$ [0mgrep -n "error" src/vm.rs | grep -i "catch\|bind\|scope\|\"error\"" | head -20
1225:    /// bound to the word `error` if there is one to bind.
1236:                self.set_var(var, Value::Text("error".to_string()))
[0m
[0m→ [0mRead src/vm.rs[90m [offset=1215, limit=60][0m
[0m
[0m$ [0mgrep -n "^fn \|^    fn \|#\[test\]" tests/loop_control_test.rs | grep -o "fn [a-z_0-9]*" | sed 's/fn //' | nl
1	parse
     2	say_lines
     3	last_value
     4	run_capped
     5	runtime_message
     6	break_leaves_a_for_each_loop
     7	skip_goes_on_to_the_next_value
     8	break_and_skip_work_in_repeat_and_while
     9	a_break_in_a_nested_loop_leaves_only_the_inner_one
    10	a_skip_in_a_nested_loop_advances_only_the_inner_one
    11	break_outside_a_loop_is_a_clean_runtime_error
    12	skip_outside_a_loop_is_a_clean_runtime_error
    13	edge_a_refused_break_is_catchable_with_try_catch_error
    14	edge_a_refused_skip_is_catchable_with_try_catch_error
    15	edge_a_refused_skip_inside_a_loop_leaves_the_loop_running
    16	edge_a_break_in_a_function_body_is_refused_and_the_caller_survives
    17	edge_break_as_the_only_statement_of_a_loop_body
    18	edge_break_as_the_first_and_last_statement_of_a_body
    19	edge_break_two_blocks_deep_inside_a_conditional
    20	edge_skip_on_the_final_iteration_of_a_for_each
    21	edge_a_break_stops_the_loop_before_the_iteration_cap
    22	edge_a_skip_is_charged_as_one_iteration
    23	edge_a_skip_in_a_while_is_charged_as_one_iteration
    24	edge_a_break_on_the_first_turn_of_a_while_is_one_turn
    25	edge_break_and_skip_in_a_loop_over_an_empty_list
    26	the_corrected_list_tests_still_exist_and_pass
    27	edge_singleton_list_runs_one_turn_and_ends
    28	edge_break_in_a_loop_over_a_non_list_never_runs
    29	edge_a_break_stops_a_loop_whose_count_is_beyond_i64
    30	edge_break_and_skip_over_unicode_values
    31	edge_break_in_an_object_body_is_refused
    32	a_break_in_an_if_branch_does_not_run_the_statements_after_it
    33	a_skip_in_an_if_branch_does_not_run_the_statements_after_it
    34	a_break_in_a_try_body_does_not_run_the_statements_after_it
    35	a_break_in_a_conditional_inside_a_try_body_ends_that_turn
    36	a_break_in_a_catch_body_leaves_the_loop_and_runs_the_finally
    37	a_failed_turn_leaves_no_signal_for_the_next_loop
    38	a_failed_turn_does_not_leak_the_scope_of_its_loop_variable
    39	a_catch_body_does_not_leave_its_scope_behind
    40	a_finally_runs_every_statement_on_the_way_out_of_a_break
    41	a_break_in_a_finally_ends_that_block_and_still_ends_the_loop
    42	a_break_in_a_catch_body_leaves_the_loop_the_catch_is_written_in
    43	a_skip_in_a_catch_body_advances_the_loop_the_catch_is_written_in
    44	a_break_in_a_test_body_leaves_the_loop_the_test_is_written_in
    45	a_break_in_an_object_body_leaves_the_loop_the_declaration_is_written_in
    46	a_skip_in_a_test_body_advances_the_loop_the_test_is_written_in
    47	a_skip_in_an_object_body_advances_the_loop_the_declaration_is_written_in
    48	edge_both_vms_advance_the_loop_for_a_skip_in_a_test_or_an_object_body
    49	edge_a_break_in_a_block_in_a_function_body_is_still_refused
    50	a_finally_a_catch_break_passed_through_still_reads_the_loop_variable
    51	expression
    52	range_loop
    53	say_lines_of
    54	bytecode_say_lines
    55	a_break_in_a_range_loop_ends_it
    56	a_skip_in_a_range_loop_advances_to_the_next_value
    57	edge_break_and_skip_in_a_stepped_range_loop
    58	edge_break_and_skip_in_a_range_loop_that_runs_no_turns
    59	edge_both_vms_answer_the_same_for_break_and_skip_in_a_range_loop
    60	edge_neither_break_nor_skip_takes_an_operand
    61	edge_a_skip_leaves_the_statements_after_it_unreached
    62	a_break_in_an_unless_body_does_not_run_the_statements_after_it
    63	a_skip_in_an_unless_body_leaves_the_statements_after_it_unreached
    64	edge_both_vms_answer_the_same_for_break_and_skip_in_an_unless_body
    65	a_break_in_a_module_body_inside_a_loop_leaves_that_loop
    66	edge_a_skip_in_a_module_body_advances_the_loop_it_is_written_in
    67	edge_a_module_body_left_by_a_break_publishes_nothing_and_declares_nothing
    68	edge_a_break_in_a_module_body_outside_a_loop_is_refused
    69	edge_a_finally_around_a_module_declaration_runs_after_its_scope_is_gone
    70	edge_both_vms_answer_the_same_for_a_jump_in_a_module_body
[0m
[0m$ [0mls tests/common/; echo "==="; grep -n "pub fn" tests/common/*.rs
corpus.rs
generator.rs
mod.rs
rng.rs
shrink.rs
vm.rs
===
tests/common/corpus.rs:59:    pub fn of(outcome: &Outcome) -> Expected {
tests/common/corpus.rs:84:    pub fn must_fail(&self) -> bool {
tests/common/corpus.rs:90:pub fn escape(text: &str) -> String {
tests/common/corpus.rs:106:pub fn unescape(text: &str) -> Result<String, String> {
tests/common/corpus.rs:127:pub fn render(expected: &Expected) -> String {
tests/common/corpus.rs:149:pub fn parse(text: &str) -> Result<Expected, String> {
tests/common/corpus.rs:268:pub fn corpus_dir() -> PathBuf {
tests/common/corpus.rs:273:pub fn corpus() -> Vec<PathBuf> {
tests/common/corpus.rs:326:pub fn expectation_of(path: &Path) -> Result<String, String> {
tests/common/corpus.rs:339:pub fn expectation(path: &Path) -> Result<Expected, String> {
tests/common/corpus.rs:348:pub fn compare(path: &Path, outcome: &Outcome, expected: &Expected) -> Result<(), String> {
tests/common/corpus.rs:426:pub fn write_into(dir: &Path, sources: &[(String, String)]) -> std::io::Result<()> {
tests/common/generator.rs:71:    pub fn name(&self) -> &'static str {
tests/common/generator.rs:85:    pub fn tail(&self) -> &'static str {
tests/common/generator.rs:100:    pub fn message(&self) -> Option<&'static str> {
tests/common/generator.rs:213:    pub fn kind(&self) -> Kind {
tests/common/generator.rs:247:    pub fn descends(&self) -> bool {
tests/common/generator.rs:267:    pub fn terminal_of(kind: Kind) -> Vec<Arm> {
tests/common/generator.rs:275:    pub fn all_of(kind: Kind) -> Vec<Arm> {
tests/common/generator.rs:287:    pub fn render(&self, rng: &mut Rng) -> String {
tests/common/generator.rs:385:pub fn generate(seed: u64) -> Generated {
tests/common/generator.rs:466:pub fn draw(rng: &mut Rng, kind: Kind, depth: usize) -> String {
tests/common/generator.rs:482:pub fn corpus_sources() -> Vec<(String, String)> {
tests/common/rng.rs:25:    pub fn new(seed: u64) -> Self {
tests/common/rng.rs:30:    pub fn next_u64(&mut self) -> u64 {
tests/common/rng.rs:43:    pub fn below(&mut self, bound: usize) -> usize {
tests/common/rng.rs:54:    pub fn between(&mut self, low: i64, high: i64) -> i64 {
tests/common/rng.rs:63:    pub fn chance(&mut self, one_in: usize) -> bool {
tests/common/rng.rs:71:    pub fn pick<'a, T>(&mut self, items: &'a [T]) -> Option<&'a T> {
tests/common/shrink.rs:21:pub fn without_line(source: &str, index: usize) -> Option<String> {
tests/common/shrink.rs:41:pub fn without_char(source: &str, index: usize) -> Option<String> {
tests/common/shrink.rs:51:pub fn char_count(source: &str) -> usize {
tests/common/shrink.rs:60:pub fn shrinks_to<F>(source: &str, mut fails: F) -> Option<String>
tests/common/shrink.rs:106:pub fn report(seed: u64, original: &str, minimal: &str) -> String {
tests/common/vm.rs:39:    pub fn of(value: &Value) -> Typed {
tests/common/vm.rs:61:    pub fn type_name(&self) -> &'static str {
tests/common/vm.rs:74:    pub fn render(&self) -> String {
tests/common/vm.rs:99:    pub fn tagged(&self) -> String {
tests/common/vm.rs:108:    pub fn parse(tagged: &str) -> Option<Typed> {
tests/common/vm.rs:210:    pub fn position(&self) -> Option<(usize, usize)> {
tests/common/vm.rs:217:    pub fn message(&self) -> &str {
tests/common/vm.rs:224:    pub fn column_exact(&self) -> bool {
tests/common/vm.rs:235:    pub fn with_column(&self, column: usize) -> Failure {
tests/common/vm.rs:262:    pub fn failed(failure: Failure) -> Outcome {
tests/common/vm.rs:270:    pub fn label(&self) -> Option<&str> {
tests/common/vm.rs:283:    pub fn agrees_with(&self, other: &Outcome) -> bool {
tests/common/vm.rs:294:    pub fn agrees_within_format_limits(&self, other: &Outcome) -> bool {
tests/common/vm.rs:319:pub fn tree_walk(source: &str) -> Outcome {
tests/common/vm.rs:347:pub fn bytecode(source: &str) -> Outcome {
tests/common/vm.rs:357:pub fn run_chunk(chunk: &Chunk) -> Outcome {
tests/common/vm.rs:386:pub fn same_place(a: &Failure, b: &Failure) -> bool {
tests/common/vm.rs:419:pub fn show(failure: &Failure) -> String {
[0m
[0m$ [0m./target/debug/rb --help 2>&1 | head -30
Redblue v0.1.0 - A programming language as readable as plain English

Usage:
  rb              Start interactive REPL
  rb <file>      Run a Redblue file
  rb run <file>  Run a Redblue file
  rb test        Run all tests
  rb test <file> Run specific test file
  rb format <file>  Format a Redblue file
  rb format --check <file>  Check if file needs formatting
  rb lint <file>  Lint a Redblue file
  rb compile <file> [-o out.rbc]  Compile to bytecode
  rb dis <file.rbc>  Disassemble bytecode
  rb vm <file.rbc>  Run bytecode
  rb diagnostics <file>  Report errors as JSON for editors
  rb grammar  Print the TextMate grammar for .rb files
  rb keywords  Print the keyword list
  rb help        Show this help
  rb version     Show version

Example:
  rb examples/hello.rb
  rb format examples/hello.rb
  rb lint examples/hello.rb
  rb compile examples/hello.rb -o hello.rbc
  rb dis hello.rbc
  rb vm hello.rbc
[0m
[0m$ [0mmkdir -p target/tmp/sweep && cat > target/tmp/sweep/run.sh <<'SH'
#!/bin/bash
# $1 = .rb file; compares tree VM vs bytecode VM
cd /home/runner/work/rbops/rbops/redblue
f="$1"
t_out=$(./target/debug/rb run "$f" 2>&1); t_rc=$?
./target/debug/rb compile "$f" -o "$f.rbc" >/dev/null 2>&1
b_out=$(./target/debug/rb vm "$f.rbc" 2>&1); b_rc=$?
if [ "$t_out" == "$b_out" ] && [ "$t_rc" == "$b_rc" ]; then
  printf 'AGREE  %-34s rc=%s | %s\n' "$(basename $f)" "$t_rc" "$(echo "$t_out" | tr '\n' '~' | cut -c1-90)"
else
  printf 'DIFFER %-33s tree(rc=%s)=%s\n                          byte(rc=%s)=%s\n' "$(basename $f)" "$t_rc" "$(echo "$t_out"|tr '\n' '~'|cut -c1-90)" "$b_rc" "$(echo "$b_out"|tr '\n' '~'|cut -c1-90)"
fi
SH
chmod +x target/tmp/sweep/run.sh && echo ok
ok
[0m
Let me sweep both engines across jump-in-block shapes the previous rounds may not have covered.
[0m$ [0mcd target/tmp/sweep
# skip inside a finally written in a loop
cat > s01_skip_in_finally_in_loop.rb <<'EOF'
set out to ""
for each i in [1, 2, 3]
    try
        if i is 1 then
            skip
        else
            fail
        end
    catch error
        say "c" + i
    finally
        say "f" + i
    end
    say "b" + i
end
EOF
# break inside a finally
cat > s02_break_in_finally_in_loop.rb <<'EOF'
for each i in [1, 2, 3]
    try
        fail
    catch error
        say "c"
    finally
        if i is 2 then break end
        say "f" + i
    end
    say "b" + i
end
say "done"
EOF
# finally around a loop; break in the finally
cat > s03_finally_around_loop_break.rb <<'EOF'
for each i in [1, 2]
    try
        for each j in [1, 2, 3]
            if j is 2 then break end
        end
    finally
        say "f" + i
    end
end
say "done"
EOF
# break in catch of try inside loop, loop inside function called from loop
cat > s04_break_in_catch_in_function_in_loop.rb <<'EOF'
def go(k)
    try
        fail
    catch error
        if k is 2 then break end
        say "c" + k
    end
    say "after-catch" + k
end
for each i in [1, 2, 3]
    go(i)
    say "body" + i
end
say "done"
EOF
# skip in catch in function
cat > s05_skip_in_catch_in_function.rb <<'EOF'
def go(k)
    try
        fail
    catch error
        if k is 1 then skip end
        say "c" + k
    end
    say "after" + k
end
for each i in [1, 2, 3]
    go(i)
    say "body" + i
end
say "done"
EOF
# nested try inside loop, break in inner finally
cat > s06_nested_try_break_in_inner_finally.rb <<'EOF'
for each i in [1, 2, 3]
    try
        try
            fail
        finally
            if i is 2 then break end
            say "inner-f" + i
        end
    catch error
        say "outer-c" + i
    end
    say "b" + i
end
say "done"
EOF
cd /home/runner/work/rbops/rbops/redblue
for f in target/tmp/sweep/s0*.rb; do ./target/tmp/sweep/run.sh "$f"; done
DIFFER s01_skip_in_finally_in_loop.rb    tree(rc=1)=Error: ParserError: Unexpected token MightFail~  --> target/tmp/sweep/s01_skip_in_finally_
                          byte(rc=1)=Error: IoError: No such file or directory (os error 2)~
DIFFER s02_break_in_finally_in_loop.rb   tree(rc=1)=Error: ParserError: Unexpected token MightFail~  --> target/tmp/sweep/s02_break_in_finally
                          byte(rc=1)=Error: IoError: No such file or directory (os error 2)~
DIFFER s03_finally_around_loop_break.rb  tree(rc=1)=Error: RuntimeError: Cannot add non-numbers~  --> target/tmp/sweep/s03_finally_around_loop
                          byte(rc=1)=Error: RuntimeError: Cannot add non-numbers~  --> 7:1~
DIFFER s04_break_in_catch_in_function_in_loop.rb tree(rc=1)=Error: ParserError: Unexpected token MightFail~  --> target/tmp/sweep/s04_break_in_catch_i
                          byte(rc=1)=Error: IoError: No such file or directory (os error 2)~
DIFFER s05_skip_in_catch_in_function.rb  tree(rc=1)=Error: ParserError: Unexpected token MightFail~  --> target/tmp/sweep/s05_skip_in_catch_in
                          byte(rc=1)=Error: IoError: No such file or directory (os error 2)~
DIFFER s06_nested_try_break_in_inner_finally.rb tree(rc=1)=Error: ParserError: Unexpected token MightFail~  --> target/tmp/sweep/s06_nested_try_break
                          byte(rc=1)=Error: IoError: No such file or directory (os error 2)~
[0m
[0m$ [0mgrep -n "finally" tests/test_loop_control.rb | head; echo "=== ctx"; sed -n '560,600p' tests/test_loop_control.rb
110:test "loop control: a break inside a try still leaves the loop and runs the finally"
121:        finally
290:    // The `finally` is still owed — an abrupt exit from a protected region is
300:        finally
320:        finally
333:    // caught, and the `finally` is owed at the end of the region rather than at
346:    finally
364:    finally
372:    // The `break` raises a signal and the `finally` then fails, so the failure
379:            finally
=== ctx
        set log to log + x
    end
    expect log to be "bc"
end

test "loop control: a break in a catch body still runs the finally it passed through"
    // The turn the `break` stopped has not ended until the `finally` has run, so
    // the loop's variable is still the turn's own value while the cleanup runs,
    // and the name outside the loop is read again after it.
    set seen to "none"
    set i to "outer"
    for each i in [1, 2]
        try
            set bad to 1 + "one"
        catch error
            break
        finally
            set seen to i
        end
    end
    expect seen to be 1
    expect i to be "outer"
end

test "loop control: a break in a catch body runs the finally of a try inside it"
    set log to ""
    set n to 0
    repeat 3 times
        set n to n + 1
        try
            set bad to 1 + "one"
        catch error
            try
                break
            finally
                set log to log + "i"
            end
            set log to log + "unreachable"
        finally
            set log to log + "o"
        end
[0m
[0m$ [0mcd target/tmp/sweep && rm -f *.rb *.rbc
w() { cat > "$1"; }
w s01_skip_in_finally_in_loop.rb <<'EOF'
set log to ""
for each i in [1, 2, 3]
    try
        set bad to 1 + "one"
    catch error
        if i is 1 then skip end
        set log to log + "c"
    finally
        set log to log + "f"
    end
    set log to log + "b"
end
say log
EOF
w s02_break_in_finally_in_loop.rb <<'EOF'
set log to ""
for each i in [1, 2, 3]
    try
        set bad to 1 + "one"
    catch error
        set log to log + "c"
    finally
        if i is 2 then break end
        set log to log + "f"
    end
    set log to log + "b"
end
say log
EOF
w s03_finally_around_loop.rb <<'EOF'
set log to ""
for each i in [1, 2]
    try
        for each j in [1, 2, 3]
            if j is 2 then break end
        end
    catch error
        set log to log + "c"
    finally
        set log to log + "f"
    end
    set log to log + "b"
end
say log
EOF
w s04_break_in_catch_in_function_in_loop.rb <<'EOF'
def go(k)
    try
        set bad to 1 + "one"
    catch error
        if k is 2 then break end
        say "c" + k
    end
    say "after-catch"
end
set log to ""
for each i in [1, 2, 3]
    go(i)
    set log to log + "b"
end
say log
EOF
w s05_skip_in_catch_in_function.rb <<'EOF'
def go(k)
    try
        set bad to 1 + "one"
    catch error
        if k is 1 then skip end
        say "c" + k
    end
    say "after-catch"
end
set log to ""
for each i in [1, 2, 3]
    go(i)
    set log to log + "b"
end
say log
EOF
w s06_nested_try_break_in_inner_finally.rb <<'EOF'
set log to ""
for each i in [1, 2, 3]
    try
        try
            set bad to 1 + "one"
        finally
            if i is 2 then break end
            set log to log + "i"
        end
    catch error
        set log to log + "o"
    end
    set log to log + "b"
end
say log
EOF
cd /home/runner/work/rbops/rbops/redblue
for f in target/tmp/sweep/s0*.rb; do ./target/tmp/sweep/run.sh "$f"; done
AGREE  s01_skip_in_finally_in_loop.rb     rc=0 | fcfbcfb~
AGREE  s02_break_in_finally_in_loop.rb    rc=0 | cfbc~
AGREE  s03_finally_around_loop.rb         rc=0 | fbfb~
DIFFER s04_break_in_catch_in_function_in_loop.rb tree(rc=1)=Error: ParserError: Unexpected token End~  --> target/tmp/sweep/s04_break_in_catch_in_func
                          byte(rc=1)=Error: IoError: No such file or directory (os error 2)~
DIFFER s05_skip_in_catch_in_function.rb  tree(rc=1)=Error: ParserError: Unexpected token End~  --> target/tmp/sweep/s05_skip_in_catch_in_funct
                          byte(rc=1)=Error: IoError: No such file or directory (os error 2)~
DIFFER s06_nested_try_break_in_inner_finally.rb tree(rc=0)=iobo~
                          byte(rc=0)=iob~
[0m
Found a live disagreement between the two engines. Let me isolate it.
[0m$ [0mcd target/tmp/sweep
cat > t01_nobreak.rb <<'EOF'
set log to ""
for each i in [1, 2, 3]
    try
        try
            set bad to 1 + "one"
        finally
            set log to log + "i"
        end
    catch error
        set log to log + "o"
    end
    set log to log + "b"
end
say log
EOF
cat > t02_skip_in_finally.rb <<'EOF'
set log to ""
for each i in [1, 2, 3]
    try
        try
            set bad to 1 + "one"
        finally
            if i is 2 then skip end
            set log to log + "i"
        end
    catch error
        set log to log + "o"
    end
    set log to log + "b"
end
say log
EOF
cat > t03_break_no_inner_try.rb <<'EOF'
set log to ""
for each i in [1, 2, 3]
    try
        set bad to 1 + "one"
    catch error
        set log to log + "o"
    finally
        if i is 2 then break end
        set log to log + "f"
    end
    set log to log + "b"
end
say log
EOF
cat > t04_break_in_finally_no_outer_try.rb <<'EOF'
set log to ""
for each i in [1, 2, 3]
    try
        set bad to 1 + "one"
    finally
        if i is 2 then break end
        set log to log + "f"
    end
    set log to log + "b"
end
say log
EOF
cd /home/runner/work/rbops/rbops/redblue
for f in target/tmp/sweep/t0*.rb target/tmp/sweep/s06*.rb; do ./target/tmp/sweep/run.sh "$f"; done
AGREE  t01_nobreak.rb                     rc=0 | iobiobiob~
DIFFER t02_skip_in_finally.rb            tree(rc=0)=ioboiob~
                          byte(rc=0)=iobiob~
AGREE  t03_break_no_inner_try.rb          rc=0 | ofbo~
DIFFER t04_break_in_finally_no_outer_try.rb tree(rc=1)=Error: RuntimeError: Cannot add non-numbers~  --> target/tmp/sweep/t04_break_in_finally_no
                          byte(rc=1)=Error: RuntimeError: Cannot add non-numbers~  --> 4:1~
DIFFER s06_nested_try_break_in_inner_finally.rb tree(rc=0)=iobo~
                          byte(rc=0)=iob~
[0m
[0m$ [0mcd /home/runner/work/rbops/rbops/redblue
echo "--- t04 tree:"; ./target/debug/rb run target/tmp/sweep/t04_break_in_finally_no_outer_try.rb; echo "rc=$?"
echo "--- t04 byte:"; ./target/debug/rb compile target/tmp/sweep/t04_break_in_finally_no_outer_try.rb -o target/tmp/sweep/t04.rbc && ./target/debug/rb vm target/tmp/sweep/t04.rbc; echo "rc=$?"
echo "--- s06 tree:"; ./target/debug/rb run target/tmp/sweep/s06_nested_try_break_in_inner_finally.rb; echo "rc=$?"
echo "--- s06 byte:"; ./target/debug/rb compile target/tmp/sweep/s06_nested_try_break_in_inner_finally.rb -o target/tmp/sweep/s06.rbc && ./target/debug/rb vm target/tmp/sweep/s06.rbc; echo "rc=$?"
--- t04 tree:
Error: RuntimeError: Cannot add non-numbers
  --> target/tmp/sweep/t04_break_in_finally_no_outer_try.rb:4:9
4 |         set bad to 1 + "one"
  |         ^
rc=1
--- t04 byte:
Compiled target/tmp/sweep/t04_break_in_finally_no_outer_try.rb -> target/tmp/sweep/t04.rbc
Error: RuntimeError: Cannot add non-numbers
  --> 4:1
rc=1
--- s06 tree:
iobo
rc=0
--- s06 byte:
Compiled target/tmp/sweep/s06_nested_try_break_in_inner_finally.rb -> target/tmp/sweep/s06.rbc
iob
rc=0
[0m
[0m$ [0mgrep -n "Finally\|finally" SPEC.md | head -30
79:| Errors | try, catch, finally, error |
463:body, `catch` body, `finally` body or `test` body are part of the turn the signal
464:stopped and do not run. A `finally` is still owed on the way out — an abrupt exit
468:finished one at a time, so a `finally` written inside one of them runs while that
469:block's scope is live and a `finally` written around all of them runs once they
473:`break` in a `catch`, `finally`, `test`, `object` or `module` body inside a loop
803:### Finally
809:finally
816:The `finally` needs no `catch` beside it, and it is owed however its region is
818:The `finally` runs on the way out and the failure is reported after it, not
824:finally
982:| try/catch/finally | Error handling |
[0m
[0m→ [0mRead SPEC.md[90m [limit=50, offset=800][0m
[0m→ [0mRead SPEC.md[90m [limit=40, offset=455][0m
[0m
[0m$ [0mgrep -n "^## " phases/phase-025/FINDINGS.md
18:## 1. `rbops/verify.sh` is not in this checkout
38:## 2. Corpus entry names that stated the defect
54:## 3. `break` / `skip` and the bytecode VM were two defects, not one
64:## 4. ~~`break_loop` panicked when the `finally` it ran failed~~ — fixed
86:## 5. ~~The bytecode VM left an abandoned loop's variable bound~~ — fixed
111:## 6. ~~The two VMs disagree about `break` in a block with its own frame~~ — fixed
191:## 7. ~~`SPEC.md` documents `break` but never says what happens with no loop~~ — fixed
202:## 8. ~~An `object` declared inside an `object` panics the bytecode VM~~ — fixed
266:## 9. ~~An `object` body the program leaves through a failure is not registered~~ — not reproducible, and the real defect beside it fixed in round 4
345:## 10. `for each i from a to b [by s]` is documented and cannot be parsed
383:## 11. The corpus had a test pinning the no-op on purpose
425:## 12. Two blocks ran past a signal the bytecode VM had already acted on
487:## 13. A `catch` took the enclosing function's scope with it — fixed
545:## 14. A `finally` is not owed when the `catch` that handles the failure fails — open
599:## 15. The both-VMs gate was reading another test's files — fixed
630:## 16. The `finally` owed on the way out of a failure, and the turn a `skip` costs — fixed
771:## 17. The `while` iteration cap was off by one in *both* directions, and a nested `while` charged its siblings' turns — fixed
[0m
[0m→ [0mRead phases/phase-025/FINDINGS.md[90m [limit=145, offset=630][0m
[0m
[0m$ [0mgrep -n "Statement::Try" src/vm.rs
1102:            Statement::Try {
[0m
[0m→ [0mRead src/vm.rs[90m [limit=120, offset=1096][0m
[0m
[0m$ [0mcd target/tmp/sweep && rm -f *.rb *.rbc
w() { cat > "$1"; }
# A: body fails, no catch, finally breaks, enclosing catch
w a1_nocatch_finally_break.rb <<'EOF'
set log to ""
for each i in [1, 2, 3]
    try
        try
            set bad to 1 + "one"
        finally
            if i is 2 then break end
            set log to log + "i"
        end
    catch error
        set log to log + "o"
    end
    set log to log + "b"
end
say log
EOF
# B: body fails, HAS catch, finally breaks
w b1_catch_then_finally_break.rb <<'EOF'
set log to ""
for each i in [1, 2, 3]
    try
        set bad to 1 + "one"
    catch error
        set log to log + "c"
    finally
        if i is 2 then break end
        set log to log + "f"
    end
    set log to log + "b"
end
say log
EOF
# C: body fails, catch breaks, finally runs
w c1_catch_breaks.rb <<'EOF'
set log to ""
for each i in [1, 2, 3]
    try
        set bad to 1 + "one"
    catch error
        if i is 2 then break end
        set log to log + "c"
    finally
        set log to log + "f"
    end
    set log to log + "b"
end
say log
EOF
# D: body fails, finally FAILS (no catch), enclosing catch
w d1_finally_fails_nocatch.rb <<'EOF'
set log to ""
for each i in [1, 2, 3]
    try
        try
            set bad to 1 + "one"
        finally
            set worse to 2 + "two"
        end
    catch error
        set log to log + "o"
    end
    set log to log + "b"
end
say log
EOF
# E: body succeeds, finally breaks
w e1_body_ok_finally_break.rb <<'EOF'
set log to ""
for each i in [1, 2, 3]
    try
        set log to log + "t"
    catch error
        set log to log + "c"
    finally
        if i is 2 then break end
        set log to log + "f"
    end
    set log to log + "b"
end
say log
EOF
cd /home/runner/work/rbops/rbops/redblue
for f in target/tmp/sweep/[a-e]1_*.rb; do ./target/tmp/sweep/run.sh "$f"; done
DIFFER a1_nocatch_finally_break.rb       tree(rc=0)=iobo~
                          byte(rc=0)=iob~
AGREE  b1_catch_then_finally_break.rb     rc=0 | cfbc~
AGREE  c1_catch_breaks.rb                 rc=0 | cfbf~
AGREE  d1_finally_fails_nocatch.rb        rc=0 | obobob~
AGREE  e1_body_ok_finally_break.rb        rc=0 | tfbt~
[0m
[0m$ [0mcd target/tmp/sweep
cat > f1_nocatch_finally_break_no_enclosing.rb <<'EOF'
set log to ""
for each i in [1, 2, 3]
    try
        set bad to 1 + "one"
    finally
        if i is 2 then break end
    end
end
say "reached the end"
EOF
cd /home/runner/work/rbops/rbops/redblue
./target/tmp/sweep/run.sh target/tmp/sweep/f1_nocatch_finally_break_no_enclosing.rb
DIFFER f1_nocatch_finally_break_no_enclosing.rb tree(rc=1)=Error: RuntimeError: Cannot add non-numbers~  --> target/tmp/sweep/f1_nocatch_finally_brea
                          byte(rc=1)=Error: RuntimeError: Cannot add non-numbers~  --> 4:1~
[0m
[0m$ [0mcd target/tmp/sweep
cat > g1_distinct_failures.rb <<'EOF'
for each i in [1, 2, 3]
    try
        give back error "body failed on " + i
    catch error
        say "outer caught something"
    end
    try
        give back error "inner"
    finally
        if i is 2 then break end
    end
end
say "reached the end"
EOF
cd /home/runner/work/rbops/rbops/redblue
echo "== g1 tree:"; ./target/debug/rb run target/tmp/sweep/g1_distinct_failures.rb; echo rc=$?
./target/debug/rb compile target/tmp/sweep/g1_distinct_failures.rb -o target/tmp/sweep/g1.rbc >/dev/null && echo "== g1 byte:" && ./target/debug/rb vm target/tmp/sweep/g1.rbc; echo rc=$?
== g1 tree:
Error: AnalyzerError: Unknown variable 'error'
Unknown variable 'error'
  --> target/tmp/sweep/g1_distinct_failures.rb:3:14
3 |         give back error "body failed on " + i
  |              ^
rc=1
AnalyzerError: Unknown variable 'error'
Unknown variable 'error'
  --> target/tmp/sweep/g1_distinct_failures.rb:3:14
3 |         give back error "body failed on " + i
  |              ^
rc=1
[0m
[0m$ [0mgrep -rn "give back" tests/*.rb examples/*.rb SPEC.md 2>/dev/null | head -5; echo "=== error raising forms"; grep -n "\"raise\"\|Raise\|fail_with" src/parser.rs src/lexer.rs | head
tests/integration_test.rb:64:        give back value * 2
tests/test_closures.rb:14:// `give back` does not leave a function in this build, so a conditional result
tests/test_closures.rb:21:            give back x + y + bias
tests/test_closures.rb:23:        give back add
tests/test_closures.rb:33:            give back count + 1
=== error raising forms
[0m
[0m$ [0mcd target/tmp/sweep
cat > g1_distinct_failures.rb <<'EOF'
for each i in [1, 2, 3]
    try
        try
            set bad to 1 + "one"
        finally
            if i is 2 then break end
        end
    catch error
        say "outer caught"
    end
    try
        set bad to 1 + "one"
    finally
        set worse to [1, 2][9]
    end
end
say "reached the end"
EOF
cd /home/runner/work/rbops/rbops/redblue
echo "== g1 tree:"; ./target/debug/rb run target/tmp/sweep/g1_distinct_failures.rb; echo rc=$?
./target/debug/rb compile target/tmp/sweep/g1_distinct_failures.rb -o target/tmp/sweep/g1.rbc >/dev/null && echo "== g1 byte:" && ./target/debug/rb vm target/tmp/sweep/g1.rbc; echo rc=$?
== g1 tree:
rc=1
Error: RuntimeError: Index 9 is out of bounds: length is 2, valid indexes are 0 to 1
  --> target/tmp/sweep/g1_distinct_failures.rb:14:9
14 |         set worse to [1, 2][9]
   |         ^
== g1 byte:
rc=1
Error: RuntimeError: Index 9 is out of bounds: length is 2, valid indexes are 0 to 1
  --> 14:1
[0m
[0m$ [0mcd target/tmp/sweep
cat > g2_only_first.rb <<'EOF'
for each i in [1, 2, 3]
    try
        try
            set bad to 1 + "one"
        finally
            if i is 2 then break end
        end
    catch error
        say "outer caught on " + i
    end
end
say "reached the end"
EOF
cd /home/runner/work/rbops/rbops/redblue
echo "== g2 tree:"; ./target/debug/rb run target/tmp/sweep/g2_only_first.rb; echo rc=$?
./target/debug/rb compile target/tmp/sweep/g2_only_first.rb -o target/tmp/sweep/g2.rbc >/dev/null && echo "== g2 byte:" && ./target/debug/rb vm target/tmp/sweep/g2.rbc; echo rc=$?
== g2 tree:
Error: RuntimeError: Cannot add non-numbers
  --> target/tmp/sweep/g2_only_first.rb:9:9
9 |         say "outer caught on " + i
  |         ^
rc=1
== g2 byte:
Error: RuntimeError: Cannot add non-numbers
  --> 9:1
rc=1
[0m
[0m$ [0mcd target/tmp/sweep
cat > g3.rb <<'EOF'
for each i in [1, 2, 3]
    try
        try
            set bad to 1 + "one"
        finally
            if i is 2 then break end
        end
    catch error
        say "outer caught"
    end
end
say "reached the end"
EOF
cd /home/runner/work/rbops/rbops/redblue
echo "== g3 tree:"; ./target/debug/rb run target/tmp/sweep/g3.rb; echo rc=$?
./target/debug/rb compile target/tmp/sweep/g3.rb -o target/tmp/sweep/g3.rbc >/dev/null && echo "== g3 byte:" && ./target/debug/rb vm target/tmp/sweep/g3.rbc; echo rc=$?
== g3 tree:
outer caught
outer caught
reached the end
rc=0
== g3 byte:
outer caught
reached the end
rc=0
[0m
[0m$ [0mgrep -n "fn handle_failure\|fn prepare_exit\|fn abandon_handlers\|fn break_loop\|fn skip_loop\|fn run_finally\|abrupt_exit\|fn drive\|fn unwind_frames_above\|Exit::" src/bytecode/vm.rs | head -60
238:        self == Exit::Left
603:    /// See [`Exit::Left`].
604:    abrupt_exit: bool,
652:            abrupt_exit: false,
715:        self.abrupt_exit = false;
1047:    /// driver happened to stop first. See [`Exit::Left`].
1048:    fn drive(&mut self, base: usize) -> Result<Exit> {
1050:            if ran_out && self.abrupt_exit {
1051:                Exit::Left
1053:                Exit::Finished
1084:            self.abrupt_exit = false;
1912:    fn break_loop(&mut self, frame: usize) -> Result<()> {
1929:    fn skip_loop(&mut self, frame: usize) -> Result<()> {
2001:    fn prepare_exit(&mut self, frame: usize, owner: LoopOwner) -> Result<()> {
2007:            self.abrupt_exit = false;
2018:        self.abrupt_exit = crossed;
2080:    fn unwind_frames_above(&mut self, keep: usize) -> Result<()> {
2152:    fn abandon_handlers(&mut self, owner: LoopOwner) -> Result<()> {
2545:    fn handle_failure(&mut self, _error: &Error) -> Result<bool> {
2599:                // region would have carried on from. See [`Exit::Left`].
2711:            return Ok(Exit::Finished);
2733:    fn run_finally(&mut self, handler: &Handler) -> Result<Exit> {
2735:            return Ok(Exit::Finished);
[0m
Let me look at the bytecode VM's failure and abrupt-exit paths.
[0m→ [0mRead src/bytecode/vm.rs[90m [limit=110, offset=2545][0m
[0m→ [0mRead src/vm.rs[90m [limit=130, offset=1269][0m
[0m
[0m$ [0msed -n '1,60p' tests/loop_control_test.rs
//! `break` and `skip` must leave a loop, not sit in it doing nothing.
//!
//! Both words were lexed, parsed and then evaluated to `Nothing`:
//! `src/vm.rs` carried a `// TODO: Implement proper control flow` on each of
//! them and no loop ever consulted them. So `for each i in [1, 2, 3]` with a
//! `break` when `i` is 2 printed 1, 2, 3 and exited 0 — a program that ran to
//! completion, reported success, and gave the wrong answer. That is what these
//! tests pin down.
//!
//! The Redblue-language versions of the same matrix live in
//! `tests/test_loop_control.rb`, and `tests/test_lists.rb` carries the two
//! `for each` cases that were corrected along with the implementation.

use redblue::{Error, Value, Vm};

/// The two `tests/test_lists.rb` cases this phase corrected. They were pinned
/// against the no-op: one asserted every iteration ran (`seen` is 4), the other
/// that a `break` did not truncate the loop (`total` is 10).
const CORRECTED_LIST_TESTS: [&str; 2] = [
    "lists: a skip inside a loop leaves its own iteration out",
    "lists: break inside a loop ends it at the value that broke",
];

/// Lexes and parses `source`.
#[track_caller]
fn parse(source: &str) -> redblue::parser::Program {
    let tokens = redblue::lexer::Lexer::tokenize(source).expect("source should lex");
    redblue::parser::parse(tokens).expect("source should parse")
}

/// Runs `source` and returns the lines `say` printed.
#[track_caller]
fn say_lines(source: &str) -> Result<Vec<String>, Error> {
    let mut vm = Vm::new();
    let result = vm.run(&parse(source));
    let printed = vm.take_output();
    result.map(|_| printed)
}

/// Runs `source` and returns the value of its last statement.
#[track_caller]
fn last_value(source: &str) -> Result<Value, Error> {
    let mut vm = Vm::new();
    vm.run(&parse(source))
}

/// Runs `source` in a VM whose per-loop iteration cap is `max_iterations`.
#[track_caller]
fn run_capped(source: &str, max_iterations: usize) -> Result<Value, Error> {
    let mut vm = Vm::with_max_iterations(max_iterations);
    vm.run(&parse(source))
}

/// The message of a `RuntimeError`, ignoring the span it carries.
#[track_caller]
fn runtime_message(error: &Error) -> String {
    match error {
        Error::Runtime(message, _) => message.clone(),
        other => panic!("expected a RuntimeError, got {:?}", other),
    }
[0m
Now I'll write the failing test first. Let me look at the existing both-VM test helpers.
[0m$ [0mgrep -n "edge_both_vms_answer_the_same_for_a_jump_in_a_module_body" -A 30 tests/loop_control_test.rs | head -40
2016:fn edge_both_vms_answer_the_same_for_a_jump_in_a_module_body() {
2017-    let programs = [
2018-        (
2019-            "break in a for each",
2020-            concat!(
2021-                "set count to 0\n",
2022-                "for each i in [1, 2, 3]\n",
2023-                "    set count to count + 1\n",
2024-                "    module Inner\n",
2025-                "        set held to i\n",
2026-                "        break\n",
2027-                "        say \"leaked\"\n",
2028-                "    end\n",
2029-                "    say \"leaked\"\n",
2030-                "end\n",
2031-                "say count\n",
2032-            ),
2033-        ),
2034-        (
2035-            "skip in a for each",
2036-            concat!(
2037-                "set log to \"\"\n",
2038-                "for each i in [\"a\", \"b\", \"c\"]\n",
2039-                "    set log to log + i\n",
2040-                "    module Inner\n",
2041-                "        skip\n",
2042-                "        say \"leaked\"\n",
2043-                "    end\n",
2044-                "    set log to log + \".\"\n",
2045-                "end\n",
2046-                "say log\n",
[0m
[0m$ [0msed -n '2046,2090p' tests/loop_control_test.rs
"say log\n",
            ),
        ),
        (
            "break in a while",
            concat!(
                "set n to 0\n",
                "while n is not 9\n",
                "    set n to n + 1\n",
                "    module Inner\n",
                "        break\n",
                "    end\n",
                "    say \"leaked\"\n",
                "end\n",
                "say n\n",
            ),
        ),
        (
            "an abandoned module publishes nothing",
            concat!(
                "repeat 2 times\n",
                "    module Gone\n",
                "        export value\n",
                "        set value to 1\n",
                "        break\n",
                "    end\n",
                "end\n",
                "try\n",
                "    import Gone\n",
                "    say \"imported\"\n",
                "catch error\n",
                "    say \"no module\"\n",
                "end\n",
            ),
        ),
        (
            "a refusal outside any loop",
            concat!(
                "set caught to \"no\"\n",
                "try\n",
                "    module Lone\n",
                "        break\n",
                "    end\n",
                "catch error\n",
                "    set caught to \"yes\"\n",
[0m
[0m$ [0msed -n '2090,2130p' tests/loop_control_test.rs
"    set caught to \"yes\"\n",
                "end\n",
                "say caught\n",
            ),
        ),
        (
            "the exemption a function body carries",
            concat!(
                "to declare()\n",
                "    module Inner\n",
                "        break\n",
                "    end\n",
                "end\n",
                "set n to 0\n",
                "set caught to \"no\"\n",
                "repeat 2 times\n",
                "    set n to n + 1\n",
                "    try\n",
                "        declare()\n",
                "    catch error\n",
                "        set caught to \"yes\"\n",
                "    end\n",
                "end\n",
                "say n\n",
                "say caught\n",
            ),
        ),
        (
            "a finally around the declaration",
            concat!(
                "set log to \"\"\n",
                "repeat 2 times\n",
                "    set log to log + \"t\"\n",
                "    try\n",
                "        module Inner\n",
                "            set held to 1\n",
                "            break\n",
                "        end\n",
                "    finally\n",
                "        set log to log + \"f\"\n",
                "    end\n",
[0m
[0m$ [0msed -n '2130,2175p' tests/loop_control_test.rs
"    end\n",
                "end\n",
                "say log\n",
            ),
        ),
    ];
    for (name, source) in programs {
        let program = parse(source);
        let tree = say_lines_of(&program).unwrap_or_else(|e| panic!("{name} on the tree: {e:?}"));
        let byte = bytecode_say_lines(&program)
            .unwrap_or_else(|e| panic!("{name} on the bytecode: {e:?}"));
        assert_eq!(
            tree, byte,
            "the two VMs disagree about a module body: {name}\n{source}"
        );
    }
}
[0m
[0m$ [0mgrep -rn "Cannot add non-numbers\|worse\|finally_fails\|a failing finally" tests/*.rs tests/*.rb corpus/try/*.rb 2>/dev/null | grep -i "final" | head -20
tests/test_control_flow.rb:298:test "edge: a failing finally still leaves the outer try to catch the failure"
[0m
[0m$ [0msed -n '285,315p' tests/test_control_flow.rb; echo "=== corpus try dir"; ls corpus/try/ 2>/dev/null | head -30
// program carried on as though the region had succeeded. This catches it.
    set reached to "no"
    try
        try
            set bad to 1 + "one"
        end
        set reached to "yes"
    catch error
        set reached to "caught"
    end
    expect reached to be "caught"
end

test "edge: a failing finally still leaves the outer try to catch the failure"
    // The cleanup ran and it is the cleanup that failed, so the failure that
    // reaches the enclosing `try` is that one - the original is spent. Both VMs
    // have to agree on which, and the `finally`'s `f` says it ran.
    set log to ""
    try
        try
            set bad to 1 + "one"
        finally
            set log to log + "f"
            set bad to 1 + "two"
        end
    catch error
        set log to log + "c"
    end
    expect log to be "fc"
end

=== corpus try dir
[0m
[0m$ [0mtail -5 tests/loop_control_test.rs; wc -l tests/loop_control_test.rs
tree, byte,
            "the two VMs disagree about a module body: {name}\n{source}"
        );
    }
}
2146 tests/loop_control_test.rs
[0m
[0m→ [0mRead tests/loop_control_test.rs[90m [limit=10, offset=2140][0m
[0m
[0m← [0mEdit tests/loop_control_test.rs
Index: /home/runner/work/rbops/rbops/redblue/tests/loop_control_test.rs
===================================================================
--- /home/runner/work/rbops/rbops/redblue/tests/loop_control_test.rs
+++ /home/runner/work/rbops/rbops/redblue/tests/loop_control_test.rs
@@ -2143,4 +2143,186 @@
             "the two VMs disagree about a module body: {name}\n{source}"
         );
     }
 }
+
+/// A `finally` that leaves its region abruptly *is* the way the region is left,
+/// so a failure the body had is not the one that leaves it.
+///
+/// The rule the neighbouring case already follows is the same one: a `finally`
+/// that *fails* replaces the failure the body had (`tests/test_control_flow.rb`,
+/// "a failing finally still leaves the outer try to catch the failure"), because
+/// the failure that reaches the enclosing `try` is the cleanup's. A `break` or
+/// a `skip` in the cleanup is the same replacement with an abrupt exit in place
+/// of a failure — the region was left by the jump, so there is nothing left for
+/// an enclosing `catch` to handle.
+///
+/// The tree-walking VM propagated the body's failure anyway
+/// (`src/vm.rs`, `Statement::Try`'s `!has_catch` arm returned it above whatever
+/// the cleanup raised), so it ran the enclosing `catch` *after* being told to
+/// leave the loop and the bytecode VM did not. Both programs exit 0 with
+/// different answers.
+#[test]
+fn edge_a_finally_that_leaves_the_region_replaces_the_failure_it_was_owed() {
+    let cases = [
+        (
+            "break in a for each",
+            concat!(
+                "set log to \"\"\n",
+                "for each i in [1, 2, 3]\n",
+                "    try\n",
+                "        try\n",
+                "            set bad to 1 + \"one\"\n",
+                "        finally\n",
+                "            if i is 2 then break end\n",
+                "            set log to log + \"f\"\n",
+                "        end\n",
+                "    catch error\n",
+                "        set log to log + \"c\"\n",
+                "    end\n",
+                "    set log to log + \"b\"\n",
+                "end\n",
+                "say log\n",
+            ),
+            &["fcb"[..]][..],
+        ),
+        (
+            "skip in a for each",
+            concat!(
+                "set log to \"\"\n",
+                "for each i in [1, 2, 3]\n",
+                "    try\n",
+                "        try\n",
+                "            set bad to 1 + \"one\"\n",
+                "        finally\n",
+                "            if i is 2 then skip end\n",
+                "            set log to log + \"f\"\n",
+                "        end\n",
+                "    catch error\n",
+                "        set log to log + \"c\"\n",
+                "    end\n",
+                "    set log to log + \"b\"\n",
+                "end\n",
+                "say log\n",
+            ),
+            &["fcb", "fcb"][..],
+        ),
+        (
+            "break in a while",
+            concat!(
+                "set log to \"\"\n",
+                "set n to 0\n",
+                "while n is not 3\n",
+                "    set n to n + 1\n",
+                "    try\n",
+                "        try\n",
+                "            set bad to 1 + \"one\"\n",
+                "        finally\n",
+                "            if n is 2 then break end\n",
+                "            set log to log + \"f\"\n",
+                "        end\n",
+                "    catch error\n",
+                "        set log to log + \"c\"\n",
+                "    end\n",
+                "    set log to log + \"b\"\n",
+                "end\n",
+                "say log\n",
+            ),
+            &["fcb"][..],
+        ),
+        (
+            "skip in a repeat",
+            concat!(
+                "set log to \"\"\n",
+                "set n to 0\n",
+                "repeat 3 times\n",
+                "    set n to n + 1\n",
+                "    try\n",
+                "        try\n",
+                "            set bad to 1 + \"one\"\n",
+                "        finally\n",
+                "            if n is 2 then skip end\n",
+                "            set log to log + \"f\"\n",
+                "        end\n",
+                "    catch error\n",
+                "        set log to log + \"c\"\n",
+                "    end\n",
+                "    set log to log + \"b\"\n",
+                "end\n",
+                "say log\n",
+            ),
+            &["fcb", "fcb"][..],
+        ),
+    ];
+    for (name, source, expected) in cases {
+        let expected: Vec<String> = expected.iter().map(|line| line.to_string()).collect();
+        let program = parse(source);
+        let tree = say_lines_of(&program).unwrap_or_else(|e| panic!("{name} on the tree: {e:?}"));
+        assert_eq!(
+            tree, expected,
+            "the tree-walking VM answered wrongly about a cleanup that leaves the region: {name}\n{source}"
+        );
+        let byte = bytecode_say_lines(&program)
+            .unwrap_or_else(|e| panic!("{name} on the bytecode: {e:?}"));
+        assert_eq!(
+            byte, expected,
+            "the bytecode VM answered wrongly about a cleanup that leaves the region: {name}\n{source}"
+        );
+    }
+}
+
+/// The other half of that rule: the jump only replaces a failure the *cleanup*
+/// met. A body that fails on a turn whose cleanup runs to its end has still
+/// failed, and a program with nothing around it stops with it — the `break` on
+/// a later turn is never reached and must not swallow the turn that did fail.
+///
+/// This is what keeps the rule above from being read as "a `finally` containing
+/// a `break` discards every failure". Without it the fix would pass the other
+/// test by never reporting anything.
+#[test]
+fn edge_a_cleanup_that_runs_to_its_end_still_reports_the_failure_it_was_owed() {
+    for source in [
+        concat!(
+            "set n to 0\n",
+            "for each i in [1, 2, 3]\n",
+            "    set n to n + 1\n",
+            "    try\n",
+            "        set bad to 1 + \"one\"\n",
+            "    finally\n",
+            "        if n is 3 then break end\n",
+            "    end\n",
+            "end\n",
+            "say \"reached the end\"\n",
+        ),
+        concat!(
+            "set n to 0\n",
+            "set i to 0\n",
+            "while i is not 3\n",
+            "    set i to i + 1\n",
+            "    set n to n + 1\n",
+            "    try\n",
+            "        set bad to 1 + \"one\"\n",
+            "    finally\n",
+            "        if n is 3 then skip end\n",
+            "    end\n",
+            "end\n",
+            "say \"reached the end\"\n",
+        ),
+    ] {
+        let program = parse(source);
+        let tree = say_lines_of(&program);
+        assert!(
+            tree.is_err(),
+            "the tree-walking VM reported success for a turn that failed\n{source}"
+        );
+        assert_eq!(
+            runtime_message(tree.as_ref().unwrap_err()),
+            "Cannot add non-numbers",
+            "the wrong failure reached the program\n{source}"
+        );
+        let byte = bytecode_say_lines(&program);
+        assert!(
+            byte.is_err(),
+            "the bytecode VM reported success for a turn that failed\n{source}"
+        );
+    }
+}

[0m
Now the failing test:
[0m$ [0mcargo test --test loop_control_test 2>&1 | tail -40
[1m[92m   Compiling[0m redblue v0.1.0 (/home/runner/work/rbops/rbops/redblue)
[1m[91merror[E0277][0m[1m: the type `[str]` cannot be indexed by `_`[0m
    [1m[94m--> [0mtests/loop_control_test.rs:2186:14
     [1m[94m|[0m
[1m[94m2186[0m [1m[94m|[0m             &["fcb"[..]][..],
     [1m[94m|[0m              [1m[91m^^^^^^^^^^^[0m [1m[91m`[str]` cannot be indexed by `_`[0m
     [1m[94m|[0m
     [1m[94m= [0m[1mhelp[0m: the trait `std::ops::Index<_>` is not implemented for `[str]`
     [1m[94m= [0m[1mhelp[0m: the following other types implement trait `std::ops::Index<Idx>`:
               `[T]` implements `std::ops::Index<I>`
               `[T]` implements `std::ops::Index<aho_corasick::util::primitives::PatternID>`
               `[T]` implements `std::ops::Index<aho_corasick::util::primitives::SmallIndex>`
               `[T]` implements `std::ops::Index<aho_corasick::util::primitives::StateID>`
               `[T]` implements `std::ops::Index<regex_automata::util::primitives::PatternID>`
               `[T]` implements `std::ops::Index<regex_automata::util::primitives::SmallIndex>`
               `[T]` implements `std::ops::Index<regex_automata::util::primitives::StateID>`
               `[u8]` implements `std::ops::Index<aho_corasick::util::search::Span>`
             and 2 others
     [1m[94m= [0m[1mnote[0m: required for `[str; 1]` to implement `std::ops::Index<_>`

[1m[91merror[E0277][0m[1m: the size for values of type `str` cannot be known at compilation time[0m
    [1m[94m--> [0mtests/loop_control_test.rs:2186:14
     [1m[94m|[0m
[1m[94m2186[0m [1m[94m|[0m             &["fcb"[..]][..],
     [1m[94m|[0m              [1m[91m^^^^^^^^^^^[0m [1m[91mdoesn't have a size known at compile-time[0m
     [1m[94m|[0m
     [1m[94m= [0m[1mhelp[0m: the trait `Sized` is not implemented for `str`
     [1m[94m= [0m[1mnote[0m: required for `[str; 1]` to implement `std::ops::Index<_>`

[1mFor more information about this error, try `rustc --explain E0277`.[0m
[1m[91merror[0m: could not compile `redblue` (test "loop_control_test") due to 2 previous errors
[0m
[0m$ [0mcd /home/runner/work/rbops/rbops/redblue && python3 - <<'PY'
import re, io
p = "tests/loop_control_test.rs"
s = open(p).read()
s = s.replace('&["fcb"[..]][..],', '&["fcb"][..],')
s = s.replace('&["fcb", "fcb"][..],', '&["fcb", "fcb"][..],')
open(p,"w").write(s)
PY
grep -n '&\["fcb' tests/loop_control_test.rs
2186:            &["fcb"][..],
2207:            &["fcb", "fcb"][..],
2230:            &["fcb"][..],
2253:            &["fcb", "fcb"][..],
[0m
[0m$ [0mcargo test --test loop_control_test 2>&1 | tail -40
---- edge_a_finally_that_leaves_the_region_replaces_the_failure_it_was_owed stdout ----
fcbc

thread 'edge_a_finally_that_leaves_the_region_replaces_the_failure_it_was_owed' (25270) panicked at tests/loop_control_test.rs:2260:9:
assertion `left == right` failed: the tree-walking VM answered wrongly about a cleanup that leaves the region: break in a for each
set log to ""
for each i in [1, 2, 3]
    try
        try
            set bad to 1 + "one"
        finally
            if i is 2 then break end
            set log to log + "f"
        end
    catch error
        set log to log + "c"
    end
    set log to log + "b"
end
say log

  left: ["fcbc"]
 right: ["fcb"]
stack backtrace:
   0: __rustc::rust_begin_unwind
   1: core::panicking::panic_fmt
   2: core::panicking::assert_failed_inner
   3: core::panicking::assert_failed::<alloc::vec::Vec<alloc::string::String>, alloc::vec::Vec<alloc::string::String>>
   4: loop_control_test::edge_a_finally_that_leaves_the_region_replaces_the_failure_it_was_owed
   5: loop_control_test::edge_a_finally_that_leaves_the_region_replaces_the_failure_it_was_owed::{closure#0}
   6: <loop_control_test::edge_a_finally_that_leaves_the_region_replaces_the_failure_it_was_owed::{closure#0} as core::ops::function::FnOnce<()>>::call_once
note: Some details are omitted, run with `RUST_BACKTRACE=full` for a verbose backtrace.


failures:
    edge_a_finally_that_leaves_the_region_replaces_the_failure_it_was_owed

test result: FAILED. 62 passed; 1 failed; 0 ignored; 0 measured; 0 filtered out; finished in 0.02s

[1m[91merror[0m: test failed, to rerun pass `--test loop_control_test`
[0m
[0m← [0mEdit src/vm.rs
Index: /home/runner/work/rbops/rbops/redblue/src/vm.rs
===================================================================
--- /home/runner/work/rbops/rbops/redblue/src/vm.rs
+++ /home/runner/work/rbops/rbops/redblue/src/vm.rs
@@ -1131,9 +1131,24 @@
     // one expects: `?` hands the failure to it, and it is the
     // `catch` there that decides what the program does next.
     if !has_catch {
         self.run_finally_body(finally_body)?;
-        return Err(failure);
+        // A cleanup that left the region abruptly is the way the
+        // region was left, so the failure is not the one leaving
+        // it and there is nothing for an enclosing `catch` to
+        // handle — propagating it would run that handler *after*
+        // being told to go, which is what the bytecode VM does
+        // not do and what the two engines disagreed about. This
+        // is the replacement a failing cleanup already makes
+        // ("a failing finally still leaves the outer try to catch
+        // the failure", `tests/test_control_flow.rb`), with an
+        // abrupt exit in place of a failure: the signal is
+        // pending exactly when the cleanup raised one, because a
+        // body that raised one instead of failing never got here.
+        if self.loop_control.is_none() {
+            return Err(failure);
+        }
+        return Ok(Value::Nothing);
     }
     self.run_catch_body(catch_var.as_deref(), catch_body)?;
 }
 

[0m
Red for the right reason. Now the fix — 4 lines in `src/vm.rs`:
[0m$ [0mcargo test --test loop_control_test 2>&1 | tail -20
left: ["fcbfcb"]
 right: ["fcb", "fcb"]
stack backtrace:
   0: __rustc::rust_begin_unwind
   1: core::panicking::panic_fmt
   2: core::panicking::assert_failed_inner
   3: core::panicking::assert_failed::<alloc::vec::Vec<alloc::string::String>, alloc::vec::Vec<alloc::string::String>>
   4: loop_control_test::edge_a_finally_that_leaves_the_region_replaces_the_failure_it_was_owed
   5: loop_control_test::edge_a_finally_that_leaves_the_region_replaces_the_failure_it_was_owed::{closure#0}
   6: <loop_control_test::edge_a_finally_that_leaves_the_region_replaces_the_failure_it_was_owed::{closure#0} as core::ops::function::FnOnce<()>>::call_once
note: Some details are omitted, run with `RUST_BACKTRACE=full` for a verbose backtrace.


failures:
    edge_a_finally_that_leaves_the_region_replaces_the_failure_it_was_owed

test result: FAILED. 62 passed; 1 failed; 0 ignored; 0 measured; 0 filtered out; finished in 0.02s

[1m[91merror[0m: test failed, to rerun pass `--test loop_control_test`
[0m
[0m$ [0mcd /home/runner/work/rbops/rbops/redblue && python3 - <<'PY'
p = "tests/loop_control_test.rs"
s = open(p).read()
s = s.replace('&["fcb", "fcb"][..],', '&["fcbfcb"][..],')
open(p,"w").write(s)
PY
cargo test --test loop_control_test 2>&1 | tail -20
test edge_break_and_skip_in_a_range_loop_that_runs_no_turns ... ok
test edge_break_and_skip_in_a_stepped_range_loop ... ok
test edge_both_vms_answer_the_same_for_break_and_skip_in_an_unless_body ... ok
test edge_break_and_skip_over_unicode_values ... ok
test edge_both_vms_answer_the_same_for_a_jump_in_a_module_body ... ok
test edge_break_as_the_first_and_last_statement_of_a_body ... ok
test edge_break_as_the_only_statement_of_a_loop_body ... ok
test edge_both_vms_answer_the_same_for_break_and_skip_in_a_range_loop ... ok
test edge_break_in_an_object_body_is_refused ... ok
test edge_break_in_a_loop_over_a_non_list_never_runs ... ok
test edge_break_two_blocks_deep_inside_a_conditional ... ok
test edge_singleton_list_runs_one_turn_and_ends ... ok
test edge_neither_break_nor_skip_takes_an_operand ... ok
test skip_goes_on_to_the_next_value ... ok
test edge_skip_on_the_final_iteration_of_a_for_each ... ok
test skip_outside_a_loop_is_a_clean_runtime_error ... ok
test the_corrected_list_tests_still_exist_and_pass ... ok

test result: ok. 63 passed; 0 failed; 0 ignored; 0 measured; 0 filtered out; finished in 0.02s
[0m
Both green. Full suite:
[0m$ [0mcargo test --all-targets 2>&1 | grep -E "^(test result|error|failures:|---- |thread )" | head -40
test result: ok. 6 passed; 0 failed; 0 ignored; 0 measured; 0 filtered out; finished in 0.00s
test result: ok. 0 passed; 0 failed; 0 ignored; 0 measured; 0 filtered out; finished in 0.00s
test result: ok. 50 passed; 0 failed; 0 ignored; 0 measured; 0 filtered out; finished in 0.27s
test result: ok. 60 passed; 0 failed; 0 ignored; 0 measured; 0 filtered out; finished in 52.98s
test result: ok. 11 passed; 0 failed; 0 ignored; 0 measured; 0 filtered out; finished in 0.22s
test result: ok. 26 passed; 0 failed; 0 ignored; 0 measured; 0 filtered out; finished in 0.12s
test result: ok. 19 passed; 0 failed; 0 ignored; 0 measured; 0 filtered out; finished in 0.04s
test result: ok. 13 passed; 0 failed; 0 ignored; 0 measured; 0 filtered out; finished in 0.02s
test result: ok. 20 passed; 0 failed; 0 ignored; 0 measured; 0 filtered out; finished in 0.01s
test result: ok. 81 passed; 0 failed; 0 ignored; 0 measured; 0 filtered out; finished in 4.82s
test result: ok. 13 passed; 0 failed; 0 ignored; 0 measured; 0 filtered out; finished in 0.33s
test result: ok. 21 passed; 0 failed; 0 ignored; 0 measured; 0 filtered out; finished in 0.01s
test result: ok. 31 passed; 0 failed; 0 ignored; 0 measured; 0 filtered out; finished in 2.45s
test result: ok. 71 passed; 0 failed; 0 ignored; 0 measured; 0 filtered out; finished in 0.89s
test result: ok. 8 passed; 0 failed; 0 ignored; 0 measured; 0 filtered out; finished in 0.00s
test result: ok. 16 passed; 0 failed; 0 ignored; 0 measured; 0 filtered out; finished in 0.00s
test result: ok. 49 passed; 0 failed; 0 ignored; 0 measured; 0 filtered out; finished in 0.04s
test result: ok. 22 passed; 0 failed; 0 ignored; 0 measured; 0 filtered out; finished in 1.01s
test result: ok. 63 passed; 0 failed; 0 ignored; 0 measured; 0 filtered out; finished in 0.02s
test result: ok. 18 passed; 0 failed; 0 ignored; 0 measured; 0 filtered out; finished in 0.01s
test result: ok. 18 passed; 0 failed; 0 ignored; 0 measured; 0 filtered out; finished in 0.01s
test result: ok. 20 passed; 0 failed; 0 ignored; 0 measured; 0 filtered out; finished in 0.00s
test result: ok. 39 passed; 0 failed; 0 ignored; 0 measured; 0 filtered out; finished in 0.06s
test result: ok. 23 passed; 0 failed; 0 ignored; 0 measured; 0 filtered out; finished in 0.08s
test result: ok. 25 passed; 0 failed; 0 ignored; 0 measured; 0 filtered out; finished in 0.12s
test result: ok. 8 passed; 0 failed; 0 ignored; 0 measured; 0 filtered out; finished in 0.36s
test result: ok. 5 passed; 0 failed; 0 ignored; 0 measured; 0 filtered out; finished in 0.00s
test result: ok. 15 passed; 0 failed; 0 ignored; 0 measured; 0 filtered out; finished in 0.00s
test result: ok. 39 passed; 0 failed; 0 ignored; 0 measured; 0 filtered out; finished in 5.10s
test result: ok. 18 passed; 0 failed; 0 ignored; 0 measured; 0 filtered out; finished in 0.00s
test result: ok. 15 passed; 0 failed; 0 ignored; 0 measured; 0 filtered out; finished in 0.00s
[0m
No regressions. Let me keep sweeping the adjacent shapes for more of the same family.
[0m$ [0mcargo build 2>&1 | tail -1
cd target/tmp/sweep && rm -f *.rb *.rbc
w() { cat > "$1"; }
# loop inside a finally, jump inside that loop
w h1_loop_in_finally.rb <<'EOF'
set log to ""
for each i in [1, 2, 3]
    try
        set bad to 1 + "one"
    catch error
        set log to log + "c"
    finally
        for each j in [1, 2, 3]
            if j is 2 then break end
            set log to log + "j"
        end
        set log to log + "."
    end
    set log to log + "b"
end
say log
EOF
# break in a finally of a try inside an object body inside a loop
w h2_object_body_finally_break.rb <<'EOF'
set log to ""
for each i in [1, 2, 3]
    object Box
        has v
        to read()
            give back v
        end
        try
            set bad to 1 + "one"
        finally
            if i is 2 then break end
            set log to log + "f"
        end
    end
    set log to log + "b"
end
say log
EOF
# module body with a try/finally that breaks, inside a loop
w h3_module_body_finally_break.rb <<'EOF'
set log to ""
for each i in [1, 2, 3]
    module Inner
        export v
        try
            set bad to 1 + "one"
        finally
            if i is 2 then break end
            set v to 1
        end
        set v to 2
    end
    set log to log + "b"
end
say log
EOF
# break in a finally written in a test body inside a loop
w h4_test_body_finally_break.rb <<'EOF'
set log to ""
for each i in [1, 2, 3]
    test "inner"
        try
            set bad to 1 + "one"
        finally
            if i is 2 then break end
            set log to log + "f"
        end
    end
    set log to log + "b"
end
say log
EOF
# catch that runs, then finally breaks, then an outer catch must NOT run
w h5_outer_catch_present.rb <<'EOF'
set log to ""
for each i in [1, 2, 3]
    try
        try
            try
                set bad to 1 + "one"
            catch error
                set log to log + "1"
            finally
                if i is 2 then break end
                set log to log + "2"
            end
        catch error
            set log to log + "3"
        end
    catch error
        set log to log + "4"
    end
    set log to log + "5"
end
say log
EOF
# nested: break in a finally, with a loop nested inside the finally after the break
w h6_statements_after_break_in_finally.rb <<'EOF'
set log to ""
for each i in [1, 2, 3]
    try
        try
            set bad to 1 + "one"
        finally
            if i is 1 then break end
            set log to log + "f"
            for each j in [1, 2]
                set log to log + "j"
            end
            set log to log + "."
        end
    catch error
        set log to log + "c"
    end
    set log to log + "b"
end
say log
EOF
cd /home/runner/work/rbops/rbops/redblue
for f in target/tmp/sweep/h*.rb; do ./target/tmp/sweep/run.sh "$f"; done
[1m[92m    Finished[0m `dev` profile [unoptimized] target(s) in 0.07s
AGREE  h1_loop_in_finally.rb              rc=0 | cj.bcj.bcj.b~
DIFFER h2_object_body_finally_break.rb   tree(rc=1)=Error: AnalyzerError: Unknown variable 'v'~  --> target/tmp/sweep/h2_object_body_finally_b
                          byte(rc=1)=Error: IoError: No such file or directory (os error 2)~
DIFFER h3_module_body_finally_break.rb   tree(rc=1)=Error: RuntimeError: Cannot add non-numbers~  --> target/tmp/sweep/h3_module_body_finally_
                          byte(rc=1)=Error: RuntimeError: Cannot add non-numbers~  --> 6:1~
DIFFER h4_test_body_finally_break.rb     tree(rc=1)=Error: RuntimeError: Cannot add non-numbers~  --> target/tmp/sweep/h4_test_body_finally_br
                          byte(rc=1)=Error: RuntimeError: Cannot add non-numbers~  --> 5:1~
AGREE  h5_outer_catch_present.rb          rc=0 | 1251~
AGREE  h6_statements_after_break_in_finally.rb rc=0 | ~
[0m
[0m$ [0mcd target/tmp/sweep && rm -f h2* h3* h4*
w() { cat > "$1"; }
w h2_object_body_finally_break.rb <<'EOF'
set log to ""
for each i in [1, 2, 3]
    object Box
        has v
        try
            set bad to 1 + "one"
        finally
            if i is 2 then break end
            set log to log + "f"
        end
    end
    set log to log + "b"
end
say log
EOF
w h3_module_body_finally_break.rb <<'EOF'
set log to ""
for each i in [1, 2, 3]
    module Inner
        export v
        try
            set bad to 1 + "one"
        finally
            if i is 2 then break end
            set v to 1
        end
        set v to 2
    end
    set log to log + "b"
end
say log
EOF
w h4_test_body_finally_break.rb <<'EOF'
set log to ""
for each i in [1, 2, 3]
    test "inner"
        try
            set bad to 1 + "one"
        finally
            if i is 2 then break end
            set log to log + "f"
        end
    end
    set log to log + "b"
end
say log
EOF
w h7_unless_finally_break.rb <<'EOF'
set log to ""
for each i in [1, 2, 3]
    unless i is 99
        try
            set bad to 1 + "one"
        finally
            if i is 2 then break end
            set log to log + "f"
        end
    end
    set log to log + "b"
end
say log
EOF
w h8_finally_in_catch.rb <<'EOF'
set log to ""
for each i in [1, 2, 3]
    try
        set bad to 1 + "one"
    catch error
        try
            set bad to 2 + "two"
        finally
            if i is 2 then break end
            set log to log + "f"
        end
        set log to log + "u"
    end
    set log to log + "b"
end
say log
EOF
cd /home/runner/work/rbops/rbops/redblue
for f in target/tmp/sweep/h*.rb; do ./target/tmp/sweep/run.sh "$f"; done
AGREE  h1_loop_in_finally.rb              rc=0 | cj.bcj.bcj.b~
DIFFER h2_object_body_finally_break.rb   tree(rc=1)=Error: RuntimeError: Cannot add non-numbers~  --> target/tmp/sweep/h2_object_body_finally_
                          byte(rc=1)=Error: RuntimeError: Cannot add non-numbers~  --> 6:1~
DIFFER h3_module_body_finally_break.rb   tree(rc=1)=Error: RuntimeError: Cannot add non-numbers~  --> target/tmp/sweep/h3_module_body_finally_
                          byte(rc=1)=Error: RuntimeError: Cannot add non-numbers~  --> 6:1~
DIFFER h4_test_body_finally_break.rb     tree(rc=1)=Error: RuntimeError: Cannot add non-numbers~  --> target/tmp/sweep/h4_test_body_finally_br
                          byte(rc=1)=Error: RuntimeError: Cannot add non-numbers~  --> 5:1~
AGREE  h5_outer_catch_present.rb          rc=0 | 1251~
AGREE  h6_statements_after_break_in_finally.rb rc=0 | ~
DIFFER h7_unless_finally_break.rb        tree(rc=1)=Error: ParserError: Expected Then but got Try~  --> target/tmp/sweep/h7_unless_finally_bre
                          byte(rc=1)=Error: IoError: No such file or directory (os error 2)~
DIFFER h8_finally_in_catch.rb            tree(rc=1)=Error: RuntimeError: Cannot add non-numbers~  --> target/tmp/sweep/h8_finally_in_catch.rb:
                          byte(rc=1)=Error: RuntimeError: Cannot add non-numbers~  --> 7:1~
[0m
[0m$ [0mcd target/tmp/sweep && rm -f h2* h3* h4* h8*
w() { cat > "$1"; }
w h2_object_body_finally_break.rb <<'EOF'
set log to ""
for each i in [1, 2, 3]
    object Box
        has v
        try
            set bad to 1 + "one"
        catch error
            set log to log + "c"
        finally
            if i is 2 then break end
            set log to log + "f"
        end
    end
    set log to log + "b"
end
say log
EOF
w h3_module_body_finally_break.rb <<'EOF'
set log to ""
for each i in [1, 2, 3]
    module Inner
        export v
        try
            set bad to 1 + "one"
        catch error
            set log to log + "c"
        finally
            if i is 2 then break end
            set v to 1
        end
        set v to 2
    end
    set log to log + "b"
end
say log
EOF
w h4_test_body_finally_break.rb <<'EOF'
set log to ""
for each i in [1, 2, 3]
    test "inner"
        try
            set bad to 1 + "one"
        catch error
            set log to log + "c"
        finally
            if i is 2 then break end
            set log to log + "f"
        end
    end
    set log to log + "b"
end
say log
EOF
w h8_finally_inside_catch.rb <<'EOF'
set log to ""
for each i in [1, 2, 3]
    try
        set bad to 1 + "one"
    catch error
        try
            set worse to 2 + "two"
        catch error
            set log to log + "u"
        finally
            if i is 2 then break end
            set log to log + "f"
        end
        set log to log + "."
    end
    set log to log + "b"
end
say log
EOF
w h9_deep_nesting_break_in_finally.rb <<'EOF'
set log to ""
for each i in [1, 2, 3]
    if i is not 0 then
        for each k in [1, 2] then
            try
                try
                    set bad to 1 + "one"
                finally
                    if i is 2 then break end
                    set log to log + "f"
                end
            catch error
                set log to log + "c"
            end
        end
    end
    set log to log + "b"
end
say log
EOF
cd /home/runner/work/rbops/rbops/redblue
for f in target/tmp/sweep/h*.rb; do ./target/tmp/sweep/run.sh "$f"; done
AGREE  h1_loop_in_finally.rb              rc=0 | cj.bcj.bcj.b~
DIFFER h2_object_body_finally_break.rb   tree(rc=1)=Error: RuntimeError: Object 'Box' is already declared~  --> target/tmp/sweep/h2_object_bod
                          byte(rc=1)=Error: RuntimeError: Object 'Box' is already declared~  --> 3:1~
DIFFER h3_module_body_finally_break.rb   tree(rc=1)=Error: RuntimeError: Module 'Inner' is already declared~  --> target/tmp/sweep/h3_module_b
                          byte(rc=1)=Error: RuntimeError: Module 'Inner' is already declared~  --> 3:1~
AGREE  h4_test_body_finally_break.rb      rc=0 | cfbc~
AGREE  h5_outer_catch_present.rb          rc=0 | 1251~
AGREE  h6_statements_after_break_in_finally.rb rc=0 | ~
DIFFER h7_unless_finally_break.rb        tree(rc=1)=Error: ParserError: Expected Then but got Try~  --> target/tmp/sweep/h7_unless_finally_bre
                          byte(rc=1)=Error: IoError: No such file or directory (os error 2)~
AGREE  h8_finally_inside_catch.rb         rc=0 | uf.bu~
DIFFER h9_deep_nesting_break_in_finally.rb tree(rc=1)=Error: ParserError: Unexpected token Then~  --> target/tmp/sweep/h9_deep_nesting_break_in_
                          byte(rc=1)=Error: IoError: No such file or directory (os error 2)~
[0m
[0m$ [0mcd target/tmp/sweep && rm -f h2* h3* h7* h9*
w() { cat > "$1"; }
w h2_object_body_finally_break.rb <<'EOF'
set log to ""
for each i in [1, 2, 3]
    try
        object Box
            has v
            try
                set bad to 1 + "one"
            catch error
                set log to log + "c"
            finally
                if i is 2 then break end
                set log to log + "f"
            end
        end
    catch error
        set log to log + "x"
    end
    set log to log + "b"
end
say log
EOF
w h3_module_body_finally_break.rb <<'EOF'
set log to ""
for each i in [1, 2, 3]
    try
        module Inner
            export v
            try
                set bad to 1 + "one"
            catch error
                set log to log + "c"
            finally
                if i is 2 then break end
                set v to 1
            end
            set v to 2
        end
    catch error
        set log to log + "x"
    end
    set log to log + "b"
end
say log
EOF
w h7_unless_finally_break.rb <<'EOF'
set log to ""
for each i in [1, 2, 3]
    unless i is 99 then
        try
            set bad to 1 + "one"
        catch error
            set log to log + "c"
        finally
            if i is 2 then break end
            set log to log + "f"
        end
    end
    set log to log + "b"
end
say log
EOF
w h9_deep_nesting_break_in_finally.rb <<'EOF'
set log to ""
for each i in [1, 2, 3]
    if i is not 0 then
        for each k in [1, 2]
            try
                try
                    set bad to 1 + "one"
                finally
                    if i is 2 then break end
                    set log to log + "f"
                end
            catch error
                set log to log + "c"
            end
        end
    end
    set log to log + "b"
end
say log
EOF
cd /home/runner/work/rbops/rbops/redblue
for f in target/tmp/sweep/h*.rb; do ./target/tmp/sweep/run.sh "$f"; done
AGREE  h1_loop_in_finally.rb              rc=0 | cj.bcj.bcj.b~
AGREE  h2_object_body_finally_break.rb    rc=0 | cfbxbxb~
AGREE  h3_module_body_finally_break.rb    rc=0 | bxbxb~
AGREE  h4_test_body_finally_break.rb      rc=0 | cfbc~
AGREE  h5_outer_catch_present.rb          rc=0 | 1251~
AGREE  h6_statements_after_break_in_finally.rb rc=0 | ~
AGREE  h7_unless_finally_break.rb         rc=0 | cfbc~
AGREE  h8_finally_inside_catch.rb         rc=0 | uf.bu~
AGREE  h9_deep_nesting_break_in_finally.rb rc=0 | fcfcbbfcfcb~
[0m
[0m$ [0mcd target/tmp/sweep && rm -f *.rb *.rbc
w() { cat > "$1"; }
# cap accounting: a skip in a finally must cost one turn
for cap in 1 2 3 4 5; do
cat > "k_for_skip_finally_$cap.rb" <<EOF
set n to 0
set turns to 0
for each i in [1, 2, 3, 4, 5, 6, 7, 8]
    set n to n + 1
    try
        set bad to 1 + "one"
    finally
        set turns to turns + 1
        skip
    end
end
say "n=" + n
say "turns=" + turns
EOF
cat > "k_while_skip_finally_$cap.rb" <<EOF
set n to 0
set turns to 0
while n is not 8
    set n to n + 1
    try
        set bad to 1 + "one"
    finally
        set turns to turns + 1
        skip
    end
end
say "turns=" + turns
EOF
cat > "k_repeat_break_finally_$cap.rb" <<EOF
set turns to 0
repeat 8 times
    set turns to turns + 1
    try
        set bad to 1 + "one"
    finally
        break
    end
end
say "turns=" + turns
EOF
done
cd /home/runner/work/rbops/rbops/redblue
for cap in 1 2 3 4 5; do
  for kind in for_skip_finally while_skip_finally repeat_break_finally; do
    f="target/tmp/sweep/k_${kind}_${cap}.rb"
    t=$(REDBLUE_MAX_ITERATIONS=$cap ./target/debug/rb run "$f" 2>&1 | tr '\n' '~')
    ./target/debug/rb compile "$f" -o "$f.rbc" >/dev/null 2>&1
    b=$(REDBLUE_MAX_ITERATIONS=$cap ./target/debug/rb vm "$f.rbc" 2>&1 | tr '\n' '~')
    if [ "$t" == "$b" ]; then printf 'AGREE  cap=%s %-22s %s\n' "$cap" "$kind" "$t"
    else printf 'DIFFER cap=%s %-22s tree=%s\n%*sbyte=%s\n' "$cap" "$kind" "$t" 30 "" "$b"; fi
  done
done
DIFFER cap=1 for_skip_finally       tree=Error: RuntimeError: Maximum of 1 iterations reached in a 'for each' loop~  --> target/tmp/sweep/k_for_skip_finally_1.rb:3:1~3 | for each i in [1, 2, 3, 4, 5, 6, 7, 8]~  | ^~
                              byte=Error: RuntimeError: Maximum of 1 iterations reached in a 'for each' loop~  --> 3:1~
DIFFER cap=1 while_skip_finally     tree=Error: RuntimeError: Maximum of 1 iterations reached in a 'while' loop~  --> target/tmp/sweep/k_while_skip_finally_1.rb:3:1~3 | while n is not 8~  | ^~
                              byte=Error: RuntimeError: Maximum of 1 iterations reached in a 'while' loop~  --> 3:1~
DIFFER cap=1 repeat_break_finally   tree=Error: RuntimeError: Cannot add non-numbers~  --> target/tmp/sweep/k_repeat_break_finally_1.rb:10:1~10 | say "turns=" + turns~   | ^~
                              byte=Error: RuntimeError: Cannot add non-numbers~  --> 10:1~
DIFFER cap=2 for_skip_finally       tree=Error: RuntimeError: Maximum of 2 iterations reached in a 'for each' loop~  --> target/tmp/sweep/k_for_skip_finally_2.rb:3:1~3 | for each i in [1, 2, 3, 4, 5, 6, 7, 8]~  | ^~
                              byte=Error: RuntimeError: Maximum of 2 iterations reached in a 'for each' loop~  --> 3:1~
DIFFER cap=2 while_skip_finally     tree=Error: RuntimeError: Maximum of 2 iterations reached in a 'while' loop~  --> target/tmp/sweep/k_while_skip_finally_2.rb:3:1~3 | while n is not 8~  | ^~
                              byte=Error: RuntimeError: Maximum of 2 iterations reached in a 'while' loop~  --> 3:1~
DIFFER cap=2 repeat_break_finally   tree=Error: RuntimeError: Cannot add non-numbers~  --> target/tmp/sweep/k_repeat_break_finally_2.rb:10:1~10 | say "turns=" + turns~   | ^~
                              byte=Error: RuntimeError: Cannot add non-numbers~  --> 10:1~
DIFFER cap=3 for_skip_finally       tree=Error: RuntimeError: Maximum of 3 iterations reached in a 'for each' loop~  --> target/tmp/sweep/k_for_skip_finally_3.rb:3:1~3 | for each i in [1, 2, 3, 4, 5, 6, 7, 8]~  | ^~
                              byte=Error: RuntimeError: Maximum of 3 iterations reached in a 'for each' loop~  --> 3:1~
DIFFER cap=3 while_skip_finally     tree=Error: RuntimeError: Maximum of 3 iterations reached in a 'while' loop~  --> target/tmp/sweep/k_while_skip_finally_3.rb:3:1~3 | while n is not 8~  | ^~
                              byte=Error: RuntimeError: Maximum of 3 iterations reached in a 'while' loop~  --> 3:1~
DIFFER cap=3 repeat_break_finally   tree=Error: RuntimeError: Cannot add non-numbers~  --> target/tmp/sweep/k_repeat_break_finally_3.rb:10:1~10 | say "turns=" + turns~   | ^~
                              byte=Error: RuntimeError: Cannot add non-numbers~  --> 10:1~
DIFFER cap=4 for_skip_finally       tree=Error: RuntimeError: Maximum of 4 iterations reached in a 'for each' loop~  --> target/tmp/sweep/k_for_skip_finally_4.rb:3:1~3 | for each i in [1, 2, 3, 4, 5, 6, 7, 8]~  | ^~
                              byte=Error: RuntimeError: Maximum of 4 iterations reached in a 'for each' loop~  --> 3:1~
DIFFER cap=4 while_skip_finally     tree=Error: RuntimeError: Maximum of 4 iterations reached in a 'while' loop~  --> target/tmp/sweep/k_while_skip_finally_4.rb:3:1~3 | while n is not 8~  | ^~
                              byte=Error: RuntimeError: Maximum of 4 iterations reached in a 'while' loop~  --> 3:1~
DIFFER cap=4 repeat_break_finally   tree=Error: RuntimeError: Cannot add non-numbers~  --> target/tmp/sweep/k_repeat_break_finally_4.rb:10:1~10 | say "turns=" + turns~   | ^~
                              byte=Error: RuntimeError: Cannot add non-numbers~  --> 10:1~
DIFFER cap=5 for_skip_finally       tree=Error: RuntimeError: Maximum of 5 iterations reached in a 'for each' loop~  --> target/tmp/sweep/k_for_skip_finally_5.rb:3:1~3 | for each i in [1, 2, 3, 4, 5, 6, 7, 8]~  | ^~
                              byte=Error: RuntimeError: Maximum of 5 iterations reached in a 'for each' loop~  --> 3:1~
DIFFER cap=5 while_skip_finally     tree=Error: RuntimeError: Maximum of 5 iterations reached in a 'while' loop~  --> target/tmp/sweep/k_while_skip_finally_5.rb:3:1~3 | while n is not 8~  | ^~
                              byte=Error: RuntimeError: Maximum of 5 iterations reached in a 'while' loop~  --> 3:1~
DIFFER cap=5 repeat_break_finally   tree=Error: RuntimeError: Cannot add non-numbers~  --> target/tmp/sweep/k_repeat_break_finally_5.rb:10:1~10 | say "turns=" + turns~   | ^~
                              byte=Error: RuntimeError: Cannot add non-numbers~  --> 10:1~
[0m
All caps agree (differences are only error-position rendering). Now the Redblue-side test so both engines are pinned by the differential:
[0m$ [0msed -n '85,120p' tests/test_lists.rb
test "lists: three levels of nesting resolve"
    set deep to [[[1, 2], [3]], [[4]]]
    expect deep[0][0][1] to be 2
    expect deep[0][1][0] to be 3
    expect deep[1][0][0] to be 4
end

test "lists: a skip inside a loop leaves its own iteration out"
    // A `skip` ends the turn it is in, so the value of 2 contributes neither to
    // the count nor to the sum: three values were seen and they add to 8.
    set total to 0
    set seen to 0
    for each value in [1, 2, 3, 4]
        if value is 2 then
            skip
        end
        set seen to seen + 1
        set total to total + value
    end
    expect seen to be 3
    expect total to be 8
end

test "lists: break inside a loop ends it at the value that broke"
    // Companion to the test above: a `break` ends the loop, so only 1 and 2 are
    // ever added. Before `break` was implemented this added all four and the
    // answer was 10.
    set total to 0
    for each value in [1, 2, 3, 4]
        if value is 3 then
            break
        end
        set total to total + value
    end
    expect total to be 3
end
[0m
[0m$ [0msed -n '310,330p' tests/test_control_flow.rb; echo "=== tail"; tail -5 tests/test_control_flow.rb
catch error
        set log to log + "c"
    end
    expect log to be "fc"
end

test "control: unless takes its body when the condition is false"
    set branch to "none"
    set n to 0
    unless n is 1 then
        set branch to "body"
    end
    expect branch to be "body"
end

test "control: unless skips its body when the condition is true"
    set branch to "none"
    set n to 1
    unless n is 1 then
        set branch to "body"
    end
=== tail
    end
    unless yes then
    end
    expect branch to be "none"
end
[0m
[0m$ [0mcat >> tests/test_control_flow.rb <<'EOF'

test "edge: a finally that leaves the region replaces the failure it was owed"
    // The cleanup below is told to abandon the turn, and the turn IS abandoned:
    // the failure the body had is not the one leaving the region, so the `catch`
    // written around it never runs. Before this, the tree-walking VM ran that
    // `catch` anyway and the bytecode VM did not - the same program, two
    // answers, both exiting 0.
    //
    // The rule is the one the test above already follows: a cleanup that *fails*
    // replaces the body's failure. A cleanup that leaves the region abruptly is
    // the same replacement with a jump in place of a failure.
    set log to ""
    set turns to 0
    for each i in [1, 2, 3]
        set turns to turns + 1
        try
            try
                set bad to 1 + "one"
            finally
                if i is 2 then break end
                set log to log + "f"
            end
        catch error
            set log to log + "c"
        end
        set log to log + "b"
    end
    expect turns to be 2
    expect log to be "fcb"
end

test "edge: a skip in a finally advances the loop and drops the failure with it"
    // The `skip` companion: the turn is abandoned rather than the loop ended, so
    // the loop carries on and the third value is still seen.
    set log to ""
    set turns to 0
    for each i in [1, 2, 3]
        set turns to turns + 1
        try
            try
                set bad to 1 + "one"
            finally
                if i is 2 then skip end
                set log to log + "f"
            end
        catch error
            set log to log + "c"
        end
        set log to log + "b"
    end
    expect turns to be 3
    expect log to be "fcbfcfb"
end
EOF
./target/debug/rb test tests/test_control_flow.rb 2>&1 | tail -8
============================================================

[31m1. edge: a skip in a finally advances the loop and drops the failure with it[0m: [31mFAILED[0m
  Location: inline:373
  Error: Values not equal: Text("fcbfcfb") vs Text("fcbfcb")
  Expected: Text("fcbfcfb")
  Actual: Text("fcbfcb")
[0m
[0m$ [0mcd /home/runner/work/rbops/rbops/redblue && python3 - <<'PY'
p="tests/test_control_flow.rb"
s=open(p).read()
s=s.replace('expect log to be "fcbfcfb"','expect log to be "fcbfcb"')
open(p,"w").write(s)
PY
./target/debug/rb test tests/test_control_flow.rb 2>&1 | tail -5
..................................
[32mTest Results: 34 total, 34 passed, 0 failed, 0 skipped (100.0% success)[0m
Duration: 0ms
[0m
[0m$ [0mcargo test --all-targets 2>&1 | grep -E "^(test result: FAILED|error|failures:|---- )" | head -20; echo "--- summary"; cargo test --all-targets 2>&1 | grep -E "^test result" | awk '{p+=$4; f+=$6} END {print "passed="p, "failed="f}'
--- summary
passed=823 failed=0
[0m
Now the spec needs the rule stated — `SPEC.md:818` currently says the failure is always reported after the `finally`.
[0m$ [0mgrep -n "finally" docs/GRAMMAR.md | head -20
50:         | 'try' | 'catch' | 'finally' | 'error'
262:the loop — a `catch`, `finally`, `test`, `object` or `module` body, or an `unless`
306:                    [ 'finally'
311:The `catch` is optional, and a `try` without one is not a handler: the `finally`
[0m
[0m→ [0mRead docs/GRAMMAR.md[90m [limit=40, offset=296][0m
[0m
[0m← [0mEdit docs/GRAMMAR.md
Index: /home/runner/work/rbops/rbops/redblue/docs/GRAMMAR.md
===================================================================
--- /home/runner/work/rbops/rbops/redblue/docs/GRAMMAR.md
+++ /home/runner/work/rbops/rbops/redblue/docs/GRAMMAR.md
@@ -312,8 +312,16 @@
 is still owed however its region is left — a failure runs it before the failure is
 reported on — and the failure is then the enclosing program's to catch, or its
 own to stop with. See `SPEC.md`, "Finally".
 
+Two things in that `finally` are not the failure being reported:
+
+- a `finally` that **fails** replaces it — the failure that reaches the enclosing
+  `try` is the cleanup's own;
+- a `finally` that leaves its region **abruptly** — a `break` or a `skip` — drops
+  it, because the region was left by the jump rather than by the failure, so a
+  `catch` written around the `try` does not run. See `SPEC.md`, "Finally".
+
 ### 4.8 Async Statements
 
 ```
 async_function   = 'async' function_decl

[0m
[0m← [0mEdit SPEC.md
Index: /home/runner/work/rbops/rbops/redblue/SPEC.md
===================================================================
--- /home/runner/work/rbops/rbops/redblue/SPEC.md
+++ /home/runner/work/rbops/rbops/redblue/SPEC.md
@@ -834,8 +834,37 @@
 A `try` with no `catch` is not a handler and never was one: the failure belongs
 to whatever is written around it, so a `catch` there takes it, and a program with
 nothing around it stops with it as its own.
 
+Two things in a `finally` are not that failure being reported. A `finally` that
+*fails* replaces it, so the failure that reaches the `try` around this one is the
+cleanup's own. And a `finally` that leaves its region abruptly — a `break` or a
+`skip` — drops it: the region was left by the jump rather than by the failure, so
+there is nothing for a `catch` written around this `try` to handle, and the
+statements after the `finally` do not run.
+
+```redblue
+set log to ""
+for each i in [1, 2, 3]
+    try
+        try
+            set record to files.read("records/{i}.rb")
+        finally
+            if i is 2 then break end
+            set log to log + "read {i}\n"
+        end
+    catch error
+        set log to log + "missing {i}\n"
+    end
+end
+say log
+```
+
+```
+read 1
+missing 3
+```
+
 ### Raising Errors
 
 ```redblue
 to might fail divide(a, b)

[0m
[0m$ [0mcat > target/tmp/dod/spec_example.rb <<'EOF'
set log to ""
for each i in [1, 2, 3]
    try
        try
            set record to files.read("records/{i}.rb")
        finally
            if i is 2 then break end
            set log to log + "read {i}\n"
        end
    catch error
        set log to log + "missing {i}\n"
    end
end
say log
EOF
./target/debug/rb run target/tmp/dod/spec_example.rb; echo "rc=$?"
read {i}
missing {i}

rc=0
[0m
[0m$ [0mgrep -rn "interp\|InterpolatedText" src/lexer.rs src/parser.rs | head -8; echo "=== example usage"; grep -rn '{' examples/*.rb | grep '"' | head -5
src/parser.rs:55:    // String interpolation
src/parser.rs:56:    InterpolatedText(Vec<Expr>),
=== example usage
examples/formats.rb:4:set json_str to "{\"name\": \"Alice\", \"age\": 30, \"active\": true}"
examples/hello.rb:10:    say "Hello, {name}!"
[0m
[0m$ [0m./target/debug/rb run examples/hello.rb; echo "rc=$?"; echo "--- parser interp"; grep -n "Interpolation\|interpolat" src/parser.rs | head
Hello, World!
Hello, World!
Hello, {name}!
rc=0
--- parser interp
55:    // String interpolation
[0m
[0m$ [0mcat > target/tmp/dod/spec_example.rb <<'EOF'
set log to ""
for each name in ["ada", "bob", "cleo"]
    try
        try
            set size to upper(17)
        finally
            if name is "bob" then break end
            set log to log + "read " + name + "\n"
        end
    catch error
        set log to log + "missing " + name + "\n"
    end
end
say log
EOF
./target/debug/rb run target/tmp/dod/spec_example.rb; echo "rc=$?"
read ada
missing ada

rc=0
[0m
[0m$ [0mcat > target/tmp/dod/spec_example.rb <<'EOF'
set log to ""
for each name in ["ada", "bob", "cleo"]
    try
        try
            set size to 1 + name
        finally
            if name is "bob" then break end
            set log to log + "read " + name
        end
    catch error
        set log to log + " | missing " + name
    end
    set log to log + "\n"
end
say log
EOF
echo "== tree:"; ./target/debug/rb run target/tmp/dod/spec_example.rb; echo rc=$?
./target/debug/rb compile target/tmp/dod/spec_example.rb -o target/tmp/dod/spec_example.rbc >/dev/null && echo "== byte:" && ./target/debug/rb vm target/tmp/dod/spec_example.rbc
== tree:
read ada | missing ada

rc=0
== byte:
read ada | missing ada
[0m
[0m$ [0mcat > target/tmp/dod/spec_example.rb <<'EOF'
set log to ""
for each name in ["ada", "bob", "cleo"]
    try
        try
            set size to 1 + name
        finally
            if name is "bob" then skip end
            set log to log + "read " + name + "\n"
        end
    catch error
        set log to log + "missing " + name + "\n"
    end
end
say log
EOF
echo "== tree:"; ./target/debug/rb run target/tmp/dod/spec_example.rb; echo rc=$?
./target/debug/rb compile target/tmp/dod/spec_example.rb -o target/tmp/dod/spec_example.rbc >/dev/null && echo "== byte:" && ./target/debug/rb vm target/tmp/dod/spec_example.rbc
== tree:
read ada
missing ada
read cleo
missing cleo

rc=0
== byte:
read ada
missing ada
read cleo
missing cleo
[0m
[0m→ [0mRead SPEC.md[90m [limit=45, offset=830][0m
[0m
[0m← [0mEdit SPEC.md
Index: /home/runner/work/rbops/rbops/redblue/SPEC.md
===================================================================
--- /home/runner/work/rbops/rbops/redblue/SPEC.md
+++ /home/runner/work/rbops/rbops/redblue/SPEC.md
@@ -843,28 +843,35 @@
 statements after the `finally` do not run.
 
 ```redblue
 set log to ""
-for each i in [1, 2, 3]
+for each name in ["ada", "bob", "cleo"]
     try
         try
-            set record to files.read("records/{i}.rb")
+            set size to 1 + name
         finally
-            if i is 2 then break end
-            set log to log + "read {i}\n"
+            if name is "bob" then skip end
+            set log to log + "read " + name + "\n"
         end
     catch error
-        set log to log + "missing {i}\n"
+        set log to log + "missing " + name + "\n"
     end
 end
 say log
 ```
 
 ```
-read 1
-missing 3
+read ada
+missing ada
+read cleo
+missing cleo
 ```
 
+`bob` contributes neither line. The cleanup was told to abandon that turn, and
+the turn was abandoned: the `catch` around the `try` did not run for it. Before
+this rule, the tree-walking VM ran that `catch` anyway and the bytecode VM did
+not — the same program, two answers, both exiting 0.
+
 ### Raising Errors
 
 ```redblue
 to might fail divide(a, b)

[0m
[0m→ [0mRead SPEC.md[90m [limit=14, offset=814][0m
[0m
[0m← [0mEdit SPEC.md
Index: /home/runner/work/rbops/rbops/redblue/SPEC.md
===================================================================
--- /home/runner/work/rbops/rbops/redblue/SPEC.md
+++ /home/runner/work/rbops/rbops/redblue/SPEC.md
@@ -815,9 +815,9 @@
 
 The `finally` needs no `catch` beside it, and it is owed however its region is
 left — including by a failure, which is the case the cleanup above exists for.
 The `finally` runs on the way out and the failure is reported after it, not
-instead of it:
+instead of it, unless the cleanup itself ends the region — see below:
 
 ```redblue
 try
     set file to might fail files.open("data.rb")

[0m
[0m→ [0mRead tests/loop_control_test.rs[90m [limit=45, offset=2270][0m
Now the remaining edge-case coverage the definition of done asks for. Let me add the cap-accounting test for a jump raised in a `finally`:
[0m
[0m$ [0mcat >> tests/loop_control_test.rs <<'EOF'

/// A jump raised in a `finally` costs what an uninterrupted turn costs.
///
/// The signal travels out through the cleanup rather than being raised in the
/// turn's own last statement, so this is the accounting for the long way round:
/// a `skip` in a cleanup is one turn and not two, and a `break` in one stops the
/// loop on the turn the cleanup was written in. Compared on both engines at
/// three caps, because §16 moved the charge between instructions once already
/// and §17 found the off-by-one the other way — a jump that cost a turn the
/// other did not is invisible at the published cap of a million.
#[test]
fn edge_a_jump_raised_in_a_cleanup_is_charged_one_turn() {
    // Each program fails every turn and is rescued by the cleanup's own `skip`,
    // so it runs until the cap stops it: the turn count it prints is the cap.
    let skipping = [
        (
            "for each",
            concat!(
                "set turns to 0\n",
                "for each i in [1, 2, 3, 4, 5, 6, 7, 8]\n",
                "    set turns to turns + 1\n",
                "    try\n",
                "        set bad to 1 + \"one\"\n",
                "    finally\n",
                "        skip\n",
                "    end\n",
                "end\n",
                "say turns\n",
            ),
        ),
        (
            "while",
            concat!(
                "set turns to 0\n",
                "set i to 0\n",
                "while i is not 8\n",
                "    set i to i + 1\n",
                "    set turns to turns + 1\n",
                "    try\n",
                "        set bad to 1 + \"one\"\n",
                "    finally\n",
                "        skip\n",
                "    end\n",
                "end\n",
                "say turns\n",
            ),
        ),
        (
            "repeat",
            concat!(
                "set turns to 0\n",
                "repeat 8 times\n",
                "    set turns to turns + 1\n",
                "    try\n",
                "        set bad to 1 + \"one\"\n",
                "    finally\n",
                "        skip\n",
                "    end\n",
                "end\n",
                "say turns\n",
            ),
        ),
    ];
    for (name, source) in skipping {
        for cap in [2, 3, 5] {
            let program = parse(source);
            let tree = capped_say_lines_of(&program, cap);
            let byte = capped_bytecode_say_lines(&program, cap);
            assert_eq!(
                tree.as_ref().map_err(|e| e.to_string()),
                Err(format!(
                    "RuntimeError: Maximum of {cap} iterations reached in a '{name}' loop"
                )),
                "a `skip` in a cleanup should cost one turn of a {name}: cap {cap}\n{source}"
            );
            assert_eq!(
                tree, byte,
                "the two VMs charge a `skip` in a cleanup differently: {name}, cap {cap}\n{source}"
            );
        }
    }

    // The `break` half: the loop ends on the turn whose cleanup breaks, and the
    // turn after it never runs.
    let breaking = concat!(
        "set turns to 0\n",
        "repeat 8 times\n",
        "    set turns to turns + 1\n",
        "    try\n",
        "        set bad to 1 + \"one\"\n",
        "    finally\n",
        "        if turns is 3 then break end\n",
        "    end\n",
        "end\n",
        "say turns\n",
    );
    let program = parse(breaking);
    assert_eq!(
        say_lines_of(&program).expect("the break in the cleanup should end the loop"),
        vec!["3".to_string()],
        "a `break` in a cleanup should stop the loop on its own turn\n{breaking}"
    );
    assert_eq!(
        bytecode_say_lines(&program).expect("the bytecode VM should agree"),
        vec!["3".to_string()],
        "the bytecode VM stopped somewhere else\n{breaking}"
    );
}
EOF
grep -n "fn capped_say_lines_of\|fn capped_bytecode_say_lines\|fn tree_walk_capped\|fn bytecode_capped" tests/loop_control_test.rs tests/bytecode_vm_test.rs | head
tests/bytecode_vm_test.rs:126:fn tree_walk_capped(source: &str, max_iterations: usize) -> Outcome {
tests/bytecode_vm_test.rs:149:fn bytecode_capped(source: &str, max_iterations: usize) -> Outcome {
[0m
[0m$ [0msed -n '60,130p' tests/loop_control_test.rs
}
}

/// The reproduction: a `break` on the second element prints the first and stops.
/// Before the fix this printed 1, 2 and 3 and exited 0.
#[test]
fn break_leaves_a_for_each_loop() {
    let source = concat!(
        "for each i in [1, 2, 3]\n",
        "    if i is 2 then\n",
        "        break\n",
        "    end\n",
        "    say i\n",
        "end\n",
    );

    let printed = say_lines(source).expect("a break must not fail the program");

    assert_eq!(
        printed,
        vec!["1".to_string()],
        "a break at the second element must stop the loop after the first"
    );
}

/// The other half of the finding: `skip` prints the values either side of the one
/// it skipped. Before the fix this printed 1, 2 and 3.
#[test]
fn skip_goes_on_to_the_next_value() {
    let source = concat!(
        "for each i in [1, 2, 3]\n",
        "    if i is 2 then\n",
        "        skip\n",
        "    end\n",
        "    say i\n",
        "end\n",
    );

    let printed = say_lines(source).expect("a skip must not fail the program");

    assert_eq!(
        printed,
        vec!["1".to_string(), "3".to_string()],
        "a skip must drop its own turn and carry on with the next value"
    );
}

/// The same two statements in the other two loop forms. `while`'s condition is
/// re-read after a `skip`, exactly as it is after a turn that ran to its end.
#[test]
fn break_and_skip_work_in_repeat_and_while() {
    let cases: [(&str, &str, Value); 4] = [
        (
            "repeat/break",
            "set n to 0\nrepeat 5 times\n    set n to n + 1\n    if n is 3 then\n        break\n    end\nend",
            Value::Number(3.0),
        ),
        (
            "repeat/skip",
            "set n to 0\nrepeat 3 times\n    set n to n + 1\n    if n is 2 then\n        skip\n    end\nend",
            Value::Number(3.0),
        ),
        (
            "while/break",
            "set n to 0\nwhile n is not 9\n    set n to n + 1\n    if n is 4 then\n        break\n    end\nend",
            Value::Number(4.0),
        ),
        (
            "while/skip",
            "set n to 0\nwhile n is not 3\n    set n to n + 1\n    skip\nend",
            Value::Number(3.0),
[0m
[0m$ [0mgrep -n "fn say_lines_of" -A 25 tests/loop_control_test.rs | head -35
1479:fn say_lines_of(program: &redblue::parser::Program) -> Result<Vec<String>, Error> {
1480-    let mut vm = Vm::new();
1481-    let result = vm.run(program);
1482-    let printed = vm.take_output();
1483-    result.map(|_| printed)
1484-}
1485-
1486-/// Runs a program on the bytecode VM, through the compiler the `rb compile`
1487-/// path uses, and returns the lines `say` printed.
1488-#[track_caller]
1489-fn bytecode_say_lines(program: &redblue::parser::Program) -> Result<Vec<String>, Error> {
1490-    let chunk = redblue::bytecode::compile_program(program)?;
1491-    let mut vm = redblue::bytecode::vm::BytecodeVm::new();
1492-    let result = vm.run(&chunk);
1493-    let printed = vm.take_output();
1494-    result.map(|_| printed)
1495-}
1496-
1497-/// A `break` in a `for each i from a to b` loop ends it, and both VMs say so.
1498-///
1499-/// The form is built as an AST rather than written as source because the parser
1500-/// has no `from` production; see [`range_loop`].
1501-#[test]
1502-fn a_break_in_a_range_loop_ends_it() {
1503-    let source = range_loop(
1504-        "i",
[0m
[0m$ [0msed -n '120,175p' tests/bytecode_vm_test.rs
/// [`tree_walk`] with the per-loop iteration cap lowered to `max_iterations`.
///
/// The corpus runs at the published cap, which nothing in a corpus program can
/// reach — a program that needs one million turns takes a million turns to run —
/// so a disagreement about *how many turns a cap allows* is invisible to it. This
/// is how such a program is asked about.
fn tree_walk_capped(source: &str, max_iterations: usize) -> Outcome {
    let tokens = match redblue::lexer::Lexer::tokenize(source) {
        Ok(tokens) => tokens,
        Err(error) => return failed(failure_of(&error)),
    };
    let ast = match redblue::parser::parse(tokens) {
        Ok(ast) => ast,
        Err(error) => return failed(failure_of(&error)),
    };
    if let Err(error) = redblue::analyzer::analyze(&ast) {
        return failed(failure_of(&error));
    }
    let mut vm = redblue::Vm::with_max_iterations(max_iterations);
    let result = vm.run(&ast);
    Outcome {
        output: vm.take_output(),
        result: result
            .map(|value| value.to_string())
            .map_err(|error| failure_of(&error)),
    }
}

/// [`bytecode`] with the per-loop iteration cap lowered to `max_iterations`.
fn bytecode_capped(source: &str, max_iterations: usize) -> Outcome {
    let chunk = match compile_source(source) {
        Ok(chunk) => chunk,
        Err(error) => return failed(failure_of(&error)),
    };
    let mut vm = BytecodeVm::with_max_iterations(max_iterations);
    let result = vm.run(&chunk);
    Outcome {
        output: vm.take_output(),
        result: result
            .map(|value| value.to_string())
            .map_err(|error| failure_of(&error)),
    }
}

/// [`assert_agrees`] with the per-loop iteration cap lowered to `max_iterations`,
/// and the outcome of both VMs returned for a test to say more about.
#[track_caller]
fn assert_agrees_capped(source: &str, max_iterations: usize) -> (Outcome, Outcome) {
    let tree = tree_walk_capped(source, max_iterations);
    let byte = bytecode_capped(source, max_iterations);
    assert_eq!(
        tree, byte,
        "the two VMs disagree under a cap of {max_iterations}\n--- source ---\n{source}\
         --- tree ---\n{tree:?}\n--- bytecode ---\n{byte:?}\n"
    );
    (tree, byte)
[0m
[0m← [0mEdit tests/loop_control_test.rs
Index: /home/runner/work/rbops/rbops/redblue/tests/loop_control_test.rs
===================================================================
--- /home/runner/work/rbops/rbops/redblue/tests/loop_control_test.rs
+++ /home/runner/work/rbops/rbops/redblue/tests/loop_control_test.rs
@@ -1493,8 +1493,37 @@
     let printed = vm.take_output();
     result.map(|_| printed)
 }
 
+/// [`say_lines_of`] with the per-loop iteration cap lowered to `max_iterations`.
+///
+/// A cap of a million is what a program meets, and nothing a test writes can
+/// reach it, so a disagreement about how many turns a cap allows needs the cap
+/// lowered to be asked about at all.
+#[track_caller]
+fn capped_say_lines_of(
+    program: &redblue::parser::Program,
+    max_iterations: usize,
+) -> Result<Vec<String>, Error> {
+    let mut vm = Vm::with_max_iterations(max_iterations);
+    let result = vm.run(program);
+    let printed = vm.take_output();
+    result.map(|_| printed)
+}
+
+/// [`bytecode_say_lines`] with the per-loop iteration cap lowered.
+#[track_caller]
+fn capped_bytecode_say_lines(
+    program: &redblue::parser::Program,
+    max_iterations: usize,
+) -> Result<Vec<String>, Error> {
+    let chunk = redblue::bytecode::compile_program(program)?;
+    let mut vm = redblue::bytecode::vm::BytecodeVm::with_max_iterations(max_iterations);
+    let result = vm.run(&chunk);
+    let printed = vm.take_output();
+    result.map(|_| printed)
+}
+
 /// A `break` in a `for each i from a to b` loop ends it, and both VMs say so.
 ///
 /// The form is built as an AST rather than written as source because the parser
 /// has no `from` production; see [`range_loop`].

[0m
I'll add the capped helpers to `tests/loop_control_test.rs`:
[0m$ [0mcargo test --test loop_control_test 2>&1 | grep -E "^(test result|error|failures:|---- |thread|assertion|  left|  right| the |a )" | head -30
(no output)
[0m
[0m$ [0mcargo test --test loop_control_test 2>&1 | tail -30
[1m[92m   Compiling[0m redblue v0.1.0 (/home/runner/work/rbops/rbops/redblue)
[1m[91merror[E0369][0m[1m: binary operation `==` cannot be applied to type `Result<Vec<String>, redblue::Error>`[0m
    [1m[94m--> [0mtests/loop_control_test.rs:2433:13
     [1m[94m|[0m
[1m[94m2433[0m [1m[94m|[0m [1m[91m/[0m             assert_eq!(
[1m[94m2434[0m [1m[94m|[0m [1m[91m|[0m                 tree, byte,
[1m[94m2435[0m [1m[94m|[0m [1m[91m|[0m                 "the two VMs charge a `skip` in a cleanup differently: {name}, cap {cap}\n{source}"
[1m[94m2436[0m [1m[94m|[0m [1m[91m|[0m             );
     [1m[94m|[0m [1m[91m|[0m             [1m[91m^[0m
     [1m[94m|[0m [1m[91m|[0m             [1m[91m|[0m
     [1m[94m|[0m [1m[91m|_____________Result<Vec<String>, redblue::Error>[0m
     [1m[94m|[0m               [1m[91mResult<Vec<String>, redblue::Error>[0m
     [1m[94m|[0m
[1m[92mnote[0m: `redblue::Error` does not implement `PartialEq`
    [1m[94m--> [0msrc/error.rs:37:1
     [1m[94m|[0m
[1m[94m  37[0m [1m[94m|[0m pub enum Error {
     [1m[94m|[0m [1m[92m^^^^^^^^^^^^^^[0m [1m[92m`redblue::Error` is defined in another crate[0m

[1mFor more information about this error, try `rustc --explain E0369`.[0m
[1m[91merror[0m: could not compile `redblue` (test "loop_control_test") due to 1 previous error
[0m
[0m← [0mEdit tests/loop_control_test.rs
Index: /home/runner/work/rbops/rbops/redblue/tests/loop_control_test.rs
===================================================================
--- /home/runner/work/rbops/rbops/redblue/tests/loop_control_test.rs
+++ /home/runner/work/rbops/rbops/redblue/tests/loop_control_test.rs
@@ -2430,9 +2430,10 @@
             )),
             "a `skip` in a cleanup should cost one turn of a {name}: cap {cap}\n{source}"
         );
         assert_eq!(
-            tree, byte,
+            tree.as_ref().map_err(|e| e.to_string()),
+            byte.as_ref().map_err(|e| e.to_string()),
             "the two VMs charge a `skip` in a cleanup differently: {name}, cap {cap}\n{source}"
         );
     }
 }

[0m
[0m$ [0mcargo test --test loop_control_test 2>&1 | tail -30
set turns to 0
for each i in [1, 2, 3, 4, 5, 6, 7, 8]
    set turns to turns + 1
    try
        set bad to 1 + "one"
    finally
        skip
    end
end
say turns

  left: Err("RuntimeError: Maximum of 2 iterations reached in a 'for each' loop\n  --> 2:1")
 right: Err("RuntimeError: Maximum of 2 iterations reached in a 'for each' loop")
stack backtrace:
   0: __rustc::rust_begin_unwind
   1: core::panicking::panic_fmt
   2: core::panicking::assert_failed_inner
   3: core::panicking::assert_failed::<core::result::Result<&alloc::vec::Vec<alloc::string::String>, alloc::string::String>, core::result::Result<&alloc::vec::Vec<alloc::string::String>, alloc::string::String>>
   4: loop_control_test::edge_a_jump_raised_in_a_cleanup_is_charged_one_turn
   5: loop_control_test::edge_a_jump_raised_in_a_cleanup_is_charged_one_turn::{closure#0}
   6: <loop_control_test::edge_a_jump_raised_in_a_cleanup_is_charged_one_turn::{closure#0} as core::ops::function::FnOnce<()>>::call_once
note: Some details are omitted, run with `RUST_BACKTRACE=full` for a verbose backtrace.


failures:
    edge_a_jump_raised_in_a_cleanup_is_charged_one_turn

test result: FAILED. 63 passed; 1 failed; 0 ignored; 0 measured; 0 filtered out; finished in 0.02s

[1m[91merror[0m: test failed, to rerun pass `--test loop_control_test`
[0m
[0m← [0mEdit tests/loop_control_test.rs
Index: /home/runner/work/rbops/rbops/redblue/tests/loop_control_test.rs
===================================================================
--- /home/runner/work/rbops/rbops/redblue/tests/loop_control_test.rs
+++ /home/runner/work/rbops/rbops/redblue/tests/loop_control_test.rs
@@ -2420,21 +2420,22 @@
 ];
 for (name, source) in skipping {
     for cap in [2, 3, 5] {
         let program = parse(source);
+        let wanted = format!("Maximum of {cap} iterations reached in a '{name}' loop");
+        // Compared message by message rather than as `Error`s: the two carry
+        // their spans differently and only the message is the rule.
         let tree = capped_say_lines_of(&program, cap);
-        let byte = capped_bytecode_say_lines(&program, cap);
         assert_eq!(
-            tree.as_ref().map_err(|e| e.to_string()),
-            Err(format!(
-                "RuntimeError: Maximum of {cap} iterations reached in a '{name}' loop"
-            )),
+            tree.as_ref().map(runtime_message),
+            Err(wanted.clone()),
             "a `skip` in a cleanup should cost one turn of a {name}: cap {cap}\n{source}"
         );
+        let byte = capped_bytecode_say_lines(&program, cap);
         assert_eq!(
-            tree.as_ref().map_err(|e| e.to_string()),
-            byte.as_ref().map_err(|e| e.to_string()),
-            "the two VMs charge a `skip` in a cleanup differently: {name}, cap {cap}\n{source}"
+            byte.as_ref().map(runtime_message),
+            Err(wanted),
+            "the bytecode VM charged a `skip` in a cleanup differently: {name}, cap {cap}\n{source}"
         );
     }
 }
 

[0m
[0m$ [0mcargo test --test loop_control_test 2>&1 | tail -25
[1m[94m|[0m
[1m[94m2435[0m [1m[94m| [0m                byte.as_ref().map([92m|arg0: &Vec<String>| [0mruntime_message[92m(/* &redblue::Error */)[0m),
     [1m[94m|[0m                                   [92m++++++++++++++++++++[0m                [92m+++++++++++++++++++++++[0m

[1m[91merror[E0369][0m[1m: binary operation `==` cannot be applied to type `Result<_, &redblue::Error>`[0m
    [1m[94m--> [0mtests/loop_control_test.rs:2434:13
     [1m[94m|[0m
[1m[94m2434[0m [1m[94m|[0m [1m[91m/[0m             assert_eq!(
[1m[94m2435[0m [1m[94m|[0m [1m[91m|[0m                 byte.as_ref().map(runtime_message),
[1m[94m2436[0m [1m[94m|[0m [1m[91m|[0m                 Err(wanted),
[1m[94m2437[0m [1m[94m|[0m [1m[91m|[0m                 "the bytecode VM charged a `skip` in a cleanup differently: {name}, cap {cap}\n{source}"
[1m[94m2438[0m [1m[94m|[0m [1m[91m|[0m             );
     [1m[94m|[0m [1m[91m|[0m             [1m[91m^[0m
     [1m[94m|[0m [1m[91m|[0m             [1m[91m|[0m
     [1m[94m|[0m [1m[91m|_____________Result<_, &redblue::Error>[0m
     [1m[94m|[0m               [1m[91mResult<_, String>[0m
     [1m[94m|[0m
[1m[92mnote[0m: `Result<_, &redblue::Error>` does not implement `PartialEq<Result<_, String>>`
    [1m[94m--> [0m/rustc/b940084d7eb6a299eb4bfeb8e34901bc051e7ac4/library/core/src/result.rs:558:0
     [1m[94m|[0m
     [1m[94m= [0m[1mnote[0m: `Result<_, &redblue::Error>` is defined in another crate

[1mSome errors have detailed explanations: E0369, E0631.[0m
[1mFor more information about an error, try `rustc --explain E0369`.[0m
[1m[91merror[0m: could not compile `redblue` (test "loop_control_test") due to 4 previous errors
[0m
[0m$ [0mcd /home/runner/work/rbops/rbops/redblue && python3 - <<'PY'
p="tests/loop_control_test.rs"
s=open(p).read()
s=s.replace("tree.as_ref().map(runtime_message),","tree.as_ref().map(|e| runtime_message(e)),")
s=s.replace("byte.as_ref().map(runtime_message),","byte.as_ref().map(|e| runtime_message(e)),")
open(p,"w").write(s)
PY
cargo test --test loop_control_test 2>&1 | tail -20
[1m[94m--> [0mtests/loop_control_test.rs:2434:13
     [1m[94m|[0m
[1m[94m2434[0m [1m[94m|[0m [1m[91m/[0m             assert_eq!(
[1m[94m2435[0m [1m[94m|[0m [1m[91m|[0m                 byte.as_ref().map(|e| runtime_message(e)),
[1m[94m2436[0m [1m[94m|[0m [1m[91m|[0m                 Err(wanted),
[1m[94m2437[0m [1m[94m|[0m [1m[91m|[0m                 "the bytecode VM charged a `skip` in a cleanup differently: {name}, cap {cap}\n{source}"
[1m[94m2438[0m [1m[94m|[0m [1m[91m|[0m             );
     [1m[94m|[0m [1m[91m|[0m             [1m[91m^[0m
     [1m[94m|[0m [1m[91m|[0m             [1m[91m|[0m
     [1m[94m|[0m [1m[91m|_____________Result<String, &redblue::Error>[0m
     [1m[94m|[0m               [1m[91mResult<_, String>[0m
     [1m[94m|[0m
[1m[92mnote[0m: `Result<String, &redblue::Error>` does not implement `PartialEq<Result<_, String>>`
    [1m[94m--> [0m/rustc/b940084d7eb6a299eb4bfeb8e34901bc051e7ac4/library/core/src/result.rs:558:0
     [1m[94m|[0m
     [1m[94m= [0m[1mnote[0m: `Result<String, &redblue::Error>` is defined in another crate

[1mSome errors have detailed explanations: E0308, E0369.[0m
[1mFor more information about an error, try `rustc --explain E0308`.[0m
[1m[91merror[0m: could not compile `redblue` (test "loop_control_test") due to 4 previous errors
[0m
[0m$ [0mcd /home/runner/work/rbops/rbops/redblue && python3 - <<'PY'
p="tests/loop_control_test.rs"
s=open(p).read()
old = '''            let tree = capped_say_lines_of(&program, cap);
            assert_eq!(
                tree.as_ref().map(|e| runtime_message(e)),
                Err(wanted.clone()),
                "a `skip` in a cleanup should cost one turn of a {name}: cap {cap}\\n{source}"
            );
            let byte = capped_bytecode_say_lines(&program, cap);
            assert_eq!(
                byte.as_ref().map(|e| runtime_message(e)),
                Err(wanted),
                "the bytecode VM charged a `skip` in a cleanup differently: {name}, cap {cap}\\n{source}"
            );
'''
new = '''            let tree = capped_say_lines_of(&program, cap);
            assert_eq!(
                tree.as_ref().err().map(runtime_message).as_deref(),
                Some(wanted.as_str()),
                "a `skip` in a cleanup should cost one turn of a {name}: cap {cap}\\n{source}"
            );
            let byte = capped_bytecode_say_lines(&program, cap);
            assert_eq!(
                byte.as_ref().err().map(runtime_message).as_deref(),
                Some(wanted.as_str()),
                "the bytecode VM charged a `skip` in a cleanup differently: {name}, cap {cap}\\n{source}"
            );
'''
assert old in s
s = s.replace(old, new)
open(p,"w").write(s)
PY
cargo test --test loop_control_test 2>&1 | tail -20
thread 'edge_a_jump_raised_in_a_cleanup_is_charged_one_turn' (53163) panicked at tests/loop_control_test.rs:2458:32:
the break in the cleanup should end the loop: Runtime("Cannot add non-numbers", Span { line: 5, column: 9 })
stack backtrace:
   0: __rustc::rust_begin_unwind
   1: core::panicking::panic_fmt
   2: core::result::unwrap_failed
   3: <core::result::Result<alloc::vec::Vec<alloc::string::String>, redblue::error::Error>>::expect
   4: loop_control_test::edge_a_jump_raised_in_a_cleanup_is_charged_one_turn
   5: loop_control_test::edge_a_jump_raised_in_a_cleanup_is_charged_one_turn::{closure#0}
   6: <loop_control_test::edge_a_jump_raised_in_a_cleanup_is_charged_one_turn::{closure#0} as core::ops::function::FnOnce<()>>::call_once
note: Some details are omitted, run with `RUST_BACKTRACE=full` for a verbose backtrace.


failures:
    edge_a_jump_raised_in_a_cleanup_is_charged_one_turn

test result: FAILED. 63 passed; 1 failed; 0 ignored; 0 measured; 0 filtered out; finished in 0.02s

[1m[91merror[0m: test failed, to rerun pass `--test loop_control_test`
[0m
[0m$ [0mcd /home/runner/work/rbops/rbops/redblue && python3 - <<'PY'
p="tests/loop_control_test.rs"
s=open(p).read()
old = '''    let breaking = concat!(
        "set turns to 0\\n",
        "repeat 8 times\\n",
        "    set turns to turns + 1\\n",
        "    try\\n",
        "        set bad to 1 + \\"one\\"\\n",
        "    finally\\n",
        "        if turns is 3 then break end\\n",
        "    end\\n",
        "end\\n",
        "say turns\\n",
    );'''
new = '''    let breaking = concat!(
        "set turns to 0\\n",
        "repeat 8 times\\n",
        "    set turns to turns + 1\\n",
        "    try\\n",
        "        try\\n",
        "            set bad to 1 + \\"one\\"\\n",
        "        finally\\n",
        "            if turns is 3 then break end\\n",
        "        end\\n",
        "    catch error\\n",
        "        say \\"caught\\"\\n",
        "    end\\n",
        "    say turns\\n",
        "end\\n",
    );'''
assert old in s
s = s.replace(old, new)
old2 = '''    let program = parse(breaking);
    assert_eq!(
        say_lines_of(&program).expect("the break in the cleanup should end the loop"),
        vec!["3".to_string()],
        "a `break` in a cleanup should stop the loop on its own turn\\n{breaking}"
    );
    assert_eq!(
        bytecode_say_lines(&program).expect("the bytecode VM should agree"),
        vec!["3".to_string()],
        "the bytecode VM stopped somewhere else\\n{breaking}"
    );'''
new2 = '''    // Turns 1 and 2 are rescued by the `catch`; turn 3's cleanup breaks, so that
    // turn contributes no `caught` line either — the loop was left before the
    // failure had anything to be handled by.
    let wanted = ["caught", "caught", "3"];
    let program = parse(breaking);
    assert_eq!(
        say_lines_of(&program).expect("the break in the cleanup should end the loop"),
        wanted,
        "a `break` in a cleanup should stop the loop on its own turn\\n{breaking}"
    );
    assert_eq!(
        bytecode_say_lines(&program).expect("the bytecode VM should agree"),
        wanted,
        "the bytecode VM stopped somewhere else\\n{breaking}"
    );'''
assert old2 in s
s = s.replace(old2, new2)
open(p,"w").write(s)
PY
cargo test --test loop_control_test 2>&1 | tail -20
left: ["caught", "1", "caught", "2"]
 right: ["caught", "caught", "3"]
stack backtrace:
   0: __rustc::rust_begin_unwind
   1: core::panicking::panic_fmt
   2: core::panicking::assert_failed_inner
   3: core::panicking::assert_failed::<alloc::vec::Vec<alloc::string::String>, [&str; 3]>
   4: loop_control_test::edge_a_jump_raised_in_a_cleanup_is_charged_one_turn
   5: loop_control_test::edge_a_jump_raised_in_a_cleanup_is_charged_one_turn::{closure#0}
   6: <loop_control_test::edge_a_jump_raised_in_a_cleanup_is_charged_one_turn::{closure#0} as core::ops::function::FnOnce<()>>::call_once
note: Some details are omitted, run with `RUST_BACKTRACE=full` for a verbose backtrace.


failures:
    edge_a_jump_raised_in_a_cleanup_is_charged_one_turn

test result: FAILED. 63 passed; 1 failed; 0 ignored; 0 measured; 0 filtered out; finished in 0.02s

[1m[91merror[0m: test failed, to rerun pass `--test loop_control_test`
[0m
[0m$ [0mcd /home/runner/work/rbops/rbops/redblue && python3 - <<'PY'
p="tests/loop_control_test.rs"
s=open(p).read()
old = '''    // Turns 1 and 2 are rescued by the `catch`; turn 3's cleanup breaks, so that
    // turn contributes no `caught` line either — the loop was left before the
    // failure had anything to be handled by.
    let wanted = ["caught", "caught", "3"];'''
new = '''    // Turns 1 and 2 are rescued by the `catch` and print their own turn; turn 3's
    // cleanup breaks before the `catch` can run and before the turn's `say`, so
    // the loop stops on the turn the cleanup was written in and the fourth turn
    // never starts.
    let wanted: Vec<String> = ["caught", "1", "caught", "2"]
        .iter()
        .map(|line| line.to_string())
        .collect();'''
assert old in s
s=s.replace(old,new)
open(p,"w").write(s)
PY
cargo test --test loop_control_test 2>&1 | tail -12
test edge_break_in_an_object_body_is_refused ... ok
test edge_break_in_a_loop_over_a_non_list_never_runs ... ok
test edge_break_two_blocks_deep_inside_a_conditional ... ok
test edge_neither_break_nor_skip_takes_an_operand ... ok
test edge_skip_on_the_final_iteration_of_a_for_each ... ok
test edge_singleton_list_runs_one_turn_and_ends ... ok
test skip_outside_a_loop_is_a_clean_runtime_error ... ok
test skip_goes_on_to_the_next_value ... ok
test the_corrected_list_tests_still_exist_and_pass ... ok

test result: ok. 64 passed; 0 failed; 0 ignored; 0 measured; 0 filtered out; finished in 0.02s
[0m
Now let me verify each new test fails without the fix:
[0m$ [0mcd /home/runner/work/rbops/rbops/redblue
git diff src/vm.rs > target/tmp/vm_fix.patch && wc -l target/tmp/vm_fix.patch
git stash push -- src/vm.rs && echo "--- fix removed" && cargo test --test loop_control_test 2>&1 | grep -E "^(test result|failures:$|    edge_|    a_)" | head -20
28 target/tmp/vm_fix.patch
Saved working directory and index state WIP on main: 015680c resume phase-025: adopt preserved work
--- fix removed
failures:
failures:
    edge_a_finally_that_leaves_the_region_replaces_the_failure_it_was_owed
    edge_a_jump_raised_in_a_cleanup_is_charged_one_turn
test result: FAILED. 62 passed; 2 failed; 0 ignored; 0 measured; 0 filtered out; finished in 0.02s
[0m
[0m$ [0mcd /home/runner/work/rbops/rbops/redblue && cargo build 2>&1 | tail -1 && ./target/debug/rb test tests/test_control_flow.rb 2>&1 | tail -12
[1m[92m    Finished[0m `dev` profile [unoptimized] target(s) in 0.07s
[31m1. edge: a finally that leaves the region replaces the failure it was owed[0m: [31mFAILED[0m
  Location: inline:343
  Error: Values not equal: Text("fcb") vs Text("fcbc")
  Expected: Text("fcb")
  Actual: Text("fcbc")

[31m2. edge: a skip in a finally advances the loop and drops the failure with it[0m: [31mFAILED[0m
  Location: inline:373
  Error: Values not equal: Text("fcbfcb") vs Text("fcbcfcb")
  Expected: Text("fcbfcb")
  Actual: Text("fcbcfcb")
[0m
Both Redblue tests fail without the fix too. Restoring it:
[0m$ [0mcd /home/runner/work/rbops/rbops/redblue && git stash pop && git diff --stat
On branch main
Your branch is ahead of 'origin/main' by 1 commit.
  (use "git push" to publish your local commits)

Changes not staged for commit:
  (use "git add <file>..." to update what will be committed)
  (use "git restore <file>..." to discard changes in working directory)
	modified:   SPEC.md
	modified:   docs/GRAMMAR.md
	modified:   src/vm.rs
	modified:   tests/loop_control_test.rs
	modified:   tests/test_control_flow.rb

no changes added to commit (use "git add" and/or "git commit -a")
Dropped refs/stash@{0} (616cdb06a528da8dad66847936ef8dec5cb7451b)
 SPEC.md                    |  38 +++++-
 docs/GRAMMAR.md            |   8 ++
 src/vm.rs                  |  17 ++-
 tests/loop_control_test.rs | 333 +++++++++++++++++++++++++++++++++++++++++++++
 tests/test_control_flow.rb |  53 ++++++++
 5 files changed, 447 insertions(+), 2 deletions(-)
[0m
[0m$ [0mcd /home/runner/work/rbops/rbops/redblue && cargo build 2>&1|tail -1 && cargo fmt --all -- --check && echo "FMT OK" && cargo clippy --all-targets -- -D warnings 2>&1 | tail -20
[1m[92m    Finished[0m `dev` profile [unoptimized] target(s) in 1.65s
FMT OK
[1m[92m    Checking[0m redblue v0.1.0 (/home/runner/work/rbops/rbops/redblue)
[1m[92m    Finished[0m `dev` profile [unoptimized] target(s) in 2.25s
[0m
[0m$ [0mcd /home/runner/work/rbops/rbops/redblue && cargo test --all-targets 2>&1 | grep -E "^(test result: FAILED|error|failures:)" | head -20; cargo test --all-targets 2>&1 | grep -E "^test result" | awk '{p+=$4; f+=$6; i+=$8} END {print "passed="p, "failed="f, "ignored="i}'
passed=824 failed=0 ignored=0
[0m
[0m$ [0mcd /home/runner/work/rbops/rbops/redblue
echo "=== rb test"; ./target/debug/rb test 2>&1 | tail -4
echo "=== examples"; for f in examples/*.rb; do ./target/debug/rb run "$f" >/dev/null 2>&1; echo "$f exit=$?"; done
echo "=== modules"; for f in modules/*.rb; do ./target/debug/rb run "$f" >/dev/null 2>&1; echo "$f exit=$?"; done
echo "=== doc"; cargo test --doc 2>&1 | grep -E "^test result"
=== rb test
..............................................................................................................................................................................................................................................................................................................................................Tests run: 334
Passed: 334
Failed: 0
=== examples
examples/files.rb exit=0
examples/fizzbuzz.rb exit=0
examples/formats.rb exit=0
examples/hello.rb exit=0
examples/test_arithmetic.rb exit=0
examples/time.rb exit=0
=== modules
modules/MathUtils.rb exit=0
modules/SuiteKit.rb exit=0
=== doc
test result: ok. 1 passed; 0 failed; 0 ignored; 0 measured; 0 filtered out; finished in 0.16s
[0m
[0m$ [0mcd /home/runner/work/rbops/rbops/redblue
echo "=== no new ignore/skip/allow in the diff"
git diff -U0 | grep -nE "^\+" | grep -E "#\[ignore|// *skip|allow\(clippy" || echo "none"
echo "=== the four DoD programs, both engines"
for f in target/tmp/dod/b_for.rb target/tmp/dod/s_for.rb target/tmp/dod/b_rep.rb target/tmp/dod/s_rep.rb target/tmp/dod/b_wh.rb target/tmp/dod/s_wh.rb target/tmp/dod/nested.rb; do
  printf -- '--- %s\n' "$(basename $f)"
  ./target/debug/rb run "$f" 2>&1 | tr '\n' ' '; echo "  [tree exit=$?]"
done
=== no new ignore/skip/allow in the diff
none
=== the four DoD programs, both engines
--- b_for.rb
1   [tree exit=0]
--- s_for.rb
1 3   [tree exit=0]
--- b_rep.rb
3   [tree exit=0]
--- s_rep.rb
1 3 4 5   [tree exit=0]
--- b_wh.rb
4   [tree exit=0]
--- s_wh.rb
1 3 4 5 6 7 8 9   [tree exit=0]
--- nested.rb
3   [tree exit=0]
[0m
Now the report. Let me see the sections I need to update.
[0m→ [0mRead phases/phase-025/REPORT.md[90m [limit=130, offset=860][0m
[0m→ [0mRead phases/phase-025/REPORT.md[90m [limit=70, offset=1085][0m
[0m
[0m← [0mEdit phases/phase-025/REPORT.md
Index: /home/runner/work/rbops/rbops/redblue/phases/phase-025/REPORT.md
===================================================================
--- /home/runner/work/rbops/rbops/redblue/phases/phase-025/REPORT.md
+++ /home/runner/work/rbops/rbops/redblue/phases/phase-025/REPORT.md
@@ -685,8 +685,109 @@
 821, up from 819. `rb test` is unchanged at 332 — both additions are Rust, because
 both are about a cap a program cannot lower from inside itself, which is why the
 corpus never saw them.
 
+## Resumed round 3 — a `finally` that leaves the region: the two engines disagreed
+
+The tree arrived with every runnable gate green (821 tests, `rb test` 332, all
+examples and modules exit 0), so this round began by sweeping the two engines
+against each other across jump-in-block shapes rather than by re-reading the code:
+`break` and `skip` written in every block that can appear inside a loop — `if`,
+`unless`, `catch`, `finally`, `test`, `object` body, `module` body, and inside
+loops nested in those — crossed with the region each block sits in. About forty
+programs later one shape came out **DIFFER**, and it was a real disagreement, not
+a formatting one: both programs exited 0 and printed different answers.
+
+```
+$ cat target/tmp/sweep/g3.rb
+for each i in [1, 2, 3]
+    try
+        try
+            set bad to 1 + "one"
+        finally
+            if i is 2 then break end
+        end
+    catch error
+        say "outer caught"
+    end
+end
+say "reached the end"
+
+$ ./target/debug/rb run target/tmp/sweep/g3.rb          # tree
+outer caught
+outer caught
+reached the end
+
+$ ./target/debug/rb compile target/tmp/sweep/g3.rb -o target/tmp/sweep/g3.rbc
+$ ./target/debug/rb vm target/tmp/sweep/g3.rbc          # bytecode
+outer caught
+reached the end
+```
+
+The `finally` is told to abandon the turn, and the two engines disagree about
+what happens to the failure the body had:
+
+| Engine | Turn 2 | Why |
+|---|---|---|
+| tree-walking | ran the enclosing `catch` (`outer caught`), *then* broke out of the loop | `Statement::Try`'s `!has_catch` arm returned `Err(failure)` above whatever the cleanup raised, so the failure was propagated even though the cleanup had already left the region |
+| bytecode | ended the loop; the `catch` never ran | `handle_failure` returns `true` — the failure is spent — when a `catch` or `finally` raised a jump (`src/bytecode/vm.rs:2595`) |
+
+The bytecode answer is the one that is right, and it is the answer the tree
+already gives in the neighbouring case: **a `finally` that fails replaces the
+failure the body had** (`tests/test_control_flow.rb`, "a failing finally still
+leaves the outer try to catch the failure"). A `finally` that leaves its region
+abruptly is the same replacement with a jump in place of a failure — the region
+was left by the `break`, so there is nothing for a `catch` written around it to
+handle. The tree's own code already said as much about the region's *own*
+`catch` (`src/vm.rs:1108-1112`, "an abrupt exit from the protected region is not a
+failure: the catch does not run, the finally does"); it just never read that one
+step out to the `catch` written *around* the `try`.
+
+| # | Defect | Fix |
+|---|---|---|
+| 1 | **BLOCKER** `src/vm.rs` `Statement::Try`, `!has_catch` arm — a `finally` that raised a `break` or a `skip` did not stop the body's failure being propagated, so the tree-walking VM ran an enclosing `catch` after being told to leave the loop, and printed an answer the bytecode VM did not. Two engines, one program, both exit 0. | `+4 −1`: after `run_finally_body`, the failure is propagated only when no signal is pending. The guard is exact, not approximate: a body that raised a signal instead of failing never reaches this arm, so a pending signal here was raised by the cleanup. |
+
+Watched red with the fix stashed (`git stash push -- src/vm.rs`):
+`edge_a_finally_that_leaves_the_region_replaces_the_failure_it_was_owed` (tree
+answered `fcbc` where `fcb` is correct), `edge_a_jump_raised_in_a_cleanup_is_charged_one_turn`
+(the `break` half: the `catch` ran on the breaking turn), and both new
+`test` blocks in `tests/test_control_flow.rb` (`fcbc` against `fcb`, and `fcbcfcb`
+against `fcbfcb`).
+
+`edge_a_cleanup_that_runs_to_its_end_still_reports_the_failure_it_was_owed` is the
+other half of the rule and passes on **both** sides of the fix, which is the point
+of writing it: without it the fix would also pass by never reporting anything,
+since a `finally` containing a `break` is on the same path as the one that does
+not.
+
+Three neighbouring shapes were swept and found to agree already, so nothing was
+changed for them: a `catch` that raises the jump (the region's own `catch`, which
+the rule has always covered), a `finally` that raises the jump where the `try`
+*has* a `catch` (the failure was already handled, so there is nothing to replace),
+and a `finally` around a loop the jump leaves. The `object`-body, `module`-body,
+`test`-body, `unless`-body, `catch`-inside-`catch` and nested-loop versions of the
+same shape were each run on both engines and agree, so the one-line rule covers
+all of them and none of them needed a fix of its own.
+
+`SPEC.md`'s "Finally" section said "the failure is reported after it, not instead
+of it" with nothing qualifying it, and `docs/GRAMMAR.md` repeated it — so the two
+sentences that were in conflict are now one rule, stated in both files, with the
+worked example and its output taken from the interpreter rather than written by
+hand.
+
+### Tests added
+
+| Test | Edge class covered | Fails without |
+|---|---|---|
+| `edge_a_finally_that_leaves_the_region_replaces_the_failure_it_was_owed` | **asserts a failure is produced and then dropped**: `break` and `skip` in a cleanup around a failing body, with an enclosing `catch`, across `for each` / `while` / `repeat`. Asserts the exact lines on **both** engines — the tree `fcbc` where `fcb` is correct — rather than only that they agree, so a golden agreed on wrongly fails | the `!has_catch` arm's `return Err(failure)` |
+| `edge_a_cleanup_that_runs_to_its_end_still_reports_the_failure_it_was_owed` | **asserts a failure**: a body that fails on a turn whose cleanup runs to its end has still failed, with `break`/`skip` on a *later* turn. Keeps the rule above from being read as "a `finally` containing a `break` discards every failure". Both engines stop with `Cannot add non-numbers` | nothing — this is the guard, and it is green on both sides of the fix |
+| `edge_a_jump_raised_in_a_cleanup_is_charged_one_turn` | **boundary / resource_limit**: a jump that travels out through a cleanup costs what an uninterrupted turn costs. `skip` in a cleanup over `for each` / `while` / `repeat` at caps of 2, 3 and 5 — each cap is exactly that many turns on **both** engines, naming itself — and `break` in a cleanup stops the loop on its own turn on both. Needed because §16 moved this charge between instructions once and §17 found the off-by-one the other way, and a wrong count is invisible at the published cap of a million | the `!has_catch` arm (the `break` half); the `skip` half is the statement of the rule both engines already kept |
+| `tests/test_control_flow.rb` — 2 `test` blocks | the same rule in Redblue, so `tests/differential_test.rs` runs both shapes on **both** engines | the same |
+| `capped_say_lines_of` / `capped_bytecode_say_lines` (`tests/loop_control_test.rs`) | not a test: the cap helpers the third row needs, the same shape as `tree_walk_capped` / `bytecode_capped` in `tests/bytecode_vm_test.rs` | — |
+
+`tests/loop_control_test.rs` is 64 tests, up from 61. `cargo test --all-targets` is
+824, up from 821. `rb test` is 334, up from 332.
+
 ## Gates
 
 Re-run after this round's fix, on the tree as it now stands.
 | Gate | Result |

[0m
[0m→ [0mRead phases/phase-025/REPORT.md[90m [limit=40, offset=786][0m
[0m
[0m← [0mEdit phases/phase-025/REPORT.md
Index: /home/runner/work/rbops/rbops/redblue/phases/phase-025/REPORT.md
===================================================================
--- /home/runner/work/rbops/rbops/redblue/phases/phase-025/REPORT.md
+++ /home/runner/work/rbops/rbops/redblue/phases/phase-025/REPORT.md
@@ -793,9 +793,9 @@
 | Gate | Result |
 |---|---|
 | `cargo fmt --all -- --check` | pass, no diff |
 | `cargo clippy --all-targets -- -D warnings` | pass, zero warnings |
-| `cargo test --all-targets` | **821 passed, 0 failed, 0 ignored** (31 binaries) |
+| `cargo test --all-targets` | **824 passed, 0 failed, 0 ignored** (31 binaries) |
 | `./rbops/verify.sh phase-025` | **not run — `rbops/` is not in this checkout** |
 
 `rbops/` is absent from the working directory (`ls` shows `AGENTS.md`, `SPEC.md`,
 `corpus`, `docs`, `examples`, `modules`, `phases`, `src`, `target`, `tests`, and no
@@ -805,20 +805,25 @@
 prompt:
 
 | Check | Result |
 |---|---|
-| `rb test` (every `.rb` under `tests/`) | 332 run, 332 passed, 0 failed |
+| `rb test` (every `.rb` under `tests/`) | 334 run, 334 passed, 0 failed |
 | `./target/debug/rb run examples/*.rb` | 6/6 exit 0 |
 | `./target/debug/rb run modules/*.rb` | 2/2 exit 0 (`MathUtils.rb` passes as well) |
 | `tests/loop_bounds_test.rs` | 22 passed, 0 failed |
-| `tests/loop_control_test.rs` | 61 passed, 0 failed |
+| `tests/loop_control_test.rs` | 64 passed, 0 failed |
 | `tests/bytecode_vm_test.rs` (the both-VMs differential) | 60 passed, 0 failed, over a corpus of 411 programs |
 | `tests/object_model_test.rs` | 39 passed, 0 failed |
 | `tests/differential_test.rs` | 81 passed, 0 failed |
 | `tests/for_range_test.rs` | 31 passed, 0 failed |
 | `cargo test --doc` | 1 passed, 0 failed |
 | the reproduction, through the binary | `break` prints `1`, `skip` prints `1` then `3`, `repeat` stops at 3, a `break` in no loop exits 1 with `'break' is only valid inside a loop` |
+| the phase's definition of done, program by program | `for each` prints `1`; `skip` prints `1` then `3`; the same in `repeat` (stops at 3) and `while` (stops at 4, prints `1 3 4 5 6 7 8 9`); a `break` in a nested `for each` leaves the outer loop counting to 3 |
 
+This round's three tests are the difference between 821 and 824, all in
+`tests/loop_control_test.rs` (61 → 64); the two `test` blocks in
+`tests/test_control_flow.rb` are the difference between 332 and 334 in `rb test`.
+
 This round's two tests are the difference between 819 and 821, both in
 `tests/bytecode_vm_test.rs` (58 → 60). `rb test` is unchanged at 332: both
 additions are Rust.
 

[0m
[0m← [0mEdit phases/phase-025/REPORT.md
Index: /home/runner/work/rbops/rbops/redblue/phases/phase-025/REPORT.md
===================================================================
--- /home/runner/work/rbops/rbops/redblue/phases/phase-025/REPORT.md
+++ /home/runner/work/rbops/rbops/redblue/phases/phase-025/REPORT.md
@@ -257,8 +257,12 @@
 | `tests/differential_test.rs` | merge round, +33 −22 | `edge_a_break_and_a_skip_are_pinned_as_the_defect_they_are` becomes `edge_a_break_and_a_skip_leave_the_loop_on_both_engines`, pinning those lines on both engines |
 | `tests/common/generator.rs` | merge round, +6 −6 | the comment beside the two `break`/`skip` corpus programs, which said the goldens record a no-op |
 | `src/vm.rs` | round 4, +33 −8 | `Statement::Unless` runs its body through `run_block`; `declare_module` stops at a pending signal, publishes nothing when one is left, and unregisters the module — the same rollback its failure path already had |
 | `src/bytecode/vm.rs` | round 4, +54 −13 | `module` records the loop the declaration is written inside; `unwind_frames_above` rolls a module body back; `abandon_handlers` finishes the frames above each handler's own frame before running that handler's `finally`, with `finish_top_frame` split out of `unwind_frames_above`'s loop; `discard_frames_above` drops the abandoned body's own declaration and only its own |
+| `src/vm.rs` | round 6 (resumed), +4 −1 | `Statement::Try`'s `!has_catch` arm propagates the body's failure only when the cleanup left no signal pending, so a `finally` that raises a `break` or a `skip` drops the failure the way a failing cleanup already did — and the two engines answer the same |
+| `tests/loop_control_test.rs` | round 6 (resumed), +333 | three tests for that rule and the cap accounting of a jump raised in a cleanup, plus `capped_say_lines_of` / `capped_bytecode_say_lines` |
+| `tests/test_control_flow.rb` | round 6 (resumed), +53 | two `test` blocks for the same rule, so the differential runs both shapes on both engines |
+| `SPEC.md`, `docs/GRAMMAR.md` | round 6 (resumed) | "Finally" says what a cleanup that fails and what a cleanup that leaves its region do to the failure the body had, with the worked example and its output taken from the interpreter |
 | `SPEC.md`, `docs/GRAMMAR.md`, `docs/BYTECODE.md` | round 4 | the loop a statement is written inside now says `module` (and an `unless` body) beside `catch`, `finally`, `test` and `object`; a module body is in the loop it is written in and inherits the function-body exemption from a function it is written in; the crossed-block ordering, and what finishing a module body leaves behind, are written down for a second VM to match |
 | `tests/loop_control_test.rs` | round 4, +9 tests | `unless` bodies × `break`/`skip` × `for each`/`while`, and the module-body matrix: the two jumps, the abandoned module, the two refusals and the `finally` ordering — the last two compared on **both** VMs |
 | `tests/object_model_test.rs` | round 4, +4 tests | a declaration opened by a `has` default, abandoned by a `catch` and by success, and the two ends of the registration rule FINDINGS §9 asks about |
 | `tests/test_loop_control.rb` | round 4, +8 blocks | the same shapes in Redblue, which the bytecode corpus runs on **both** VMs |

[0m
Now update the "What changed" table and the test-requirement matrix:
[0m← [0mEdit phases/phase-025/REPORT.md
Index: /home/runner/work/rbops/rbops/redblue/phases/phase-025/REPORT.md
===================================================================
--- /home/runner/work/rbops/rbops/redblue/phases/phase-025/REPORT.md
+++ /home/runner/work/rbops/rbops/redblue/phases/phase-025/REPORT.md
@@ -1055,9 +1055,17 @@
   had `break` tests and no `skip` ones — in
   `edge_both_vms_advance_the_loop_for_a_skip_in_a_test_or_an_object_body` and the two
   corpus programs beside it, and the round-5 BLOCKER's nesting of its own: a `catch`
   body inside a function body inside a `try` (`try/a-catch-inside-a-function-body-leaves-the-calls-own-scope-alone`,
-  on both VMs).
+  on both VMs). The resumed round adds a sixth block: a `finally` inside a `try`
+  inside an enclosing `try`, which is where the jump and the failure the region was
+  owed meet — `edge_a_finally_that_leaves_the_region_replaces_the_failure_it_was_owed`
+  (an enclosing `catch` that must *not* run) and its guard
+  `edge_a_cleanup_that_runs_to_its_end_still_reports_the_failure_it_was_owed`.
+  `object`-body, `module`-body, `test`-body, `unless`-body, `catch`-inside-`catch`
+  and loop-nested-in-`finally` versions of the same shape were run on both engines
+  during the sweep and agree, so the rule covers them without a test of its own each.
+
 - **duplicate_missing_keys** — N/A. `break` and `skip` read no record field, bind
   no name and write no record, so there is no key to duplicate or miss. Record
   key handling is `tests/record_order_test.rs`, untouched by this change.
 - **malformed_input** — covered by the structural form: there is no operand that

[0m
[0m$ [0mcd /home/runner/work/rbops/rbops/redblue && grep -n "edge_both_vms_advance_the_loop_for_a" phases/phase-025/REPORT.md tests/loop_control_test.rs
phases/phase-025/REPORT.md:133:| 2 | **MAJOR** a `skip` in a `test` or `object` body written inside a loop had no test on either VM — only the `break` shape did — and `Skip` through `LoopOwner` is a different instruction reaching the same lookup by a different path. | Four new pins: `a_skip_in_a_test_body_advances_the_loop_the_test_is_written_in` and `a_skip_in_an_object_body_advances_the_loop_the_declaration_is_written_in` in `tests/loop_control_test.rs`, `edge_both_vms_advance_the_loop_for_a_skip_in_a_test_or_an_object_body` for the two VMs together, and the two `test` blocks in `tests/test_loop_control.rb` plus two corpus programs the both-VMs differential reads. |
phases/phase-025/REPORT.md:543:| `edge_both_vms_advance_the_loop_for_a_skip_in_a_test_or_an_object_body` | the finding itself: both shapes through **both** VMs, each printing a `leaked` line that must not appear | the same (5 of 407 programs disagree, one of them `tests/test_loop_control.rb`) |
phases/phase-025/REPORT.md:1056:  `edge_both_vms_advance_the_loop_for_a_skip_in_a_test_or_an_object_body` and the two
tests/loop_control_test.rs:1298:fn edge_both_vms_advance_the_loop_for_a_skip_in_a_test_or_an_object_body() {
[0m
[0m→ [0mRead phases/phase-025/REPORT.md[90m [limit=28, offset=1040][0m
Correct. Now the matrix rows for `boundary`, `resource_limit`, and the Known gaps:
[0m
[0m← [0mEdit phases/phase-025/REPORT.md
Index: /home/runner/work/rbops/rbops/redblue/phases/phase-025/REPORT.md
===================================================================
--- /home/runner/work/rbops/rbops/redblue/phases/phase-025/REPORT.md
+++ /home/runner/work/rbops/rbops/redblue/phases/phase-025/REPORT.md
@@ -1003,11 +1003,17 @@
   `edge_a_cap_allows_a_loop_exactly_that_many_turns` asks each loop form what a cap
   of exactly its own turn count does — it finishes — and what one turn short does,
   which is the cap that stops it. Round 6's test could not see this because every
   case in it ran until the cap stopped it, and a loop that never reaches the
-  boundary cannot disagree about it. `edge_a_break_and_a_skip_in_a_while_cost_exactly_one_turn_each`
+  boundary cannot disagree about it.   `edge_a_break_and_a_skip_in_a_while_cost_exactly_one_turn_each`
   is the same boundary for the two jumps separately, since they reach the cap by
-  different instructions.
+  different instructions. The resumed round adds the boundary for a jump that
+  travels out through a `finally` rather than being raised in the turn's own last
+  statement — `edge_a_jump_raised_in_a_cleanup_is_charged_one_turn`, which asks
+  each loop form what a cap of 2, 3 and 5 allows when every turn is skipped from a
+  cleanup (each cap is exactly that many turns on both engines) and where a `break`
+  in a cleanup stops the loop (on the turn the cleanup was written in).
+
 - **out_of_bounds** — N/A. `break` and `skip` are statements that take no
   operand and index nothing, so they have no out-of-range case of their own. The
   nearest thing — the ends of a `for each` — is the empty-list and final-iteration
   tests above. List indexing bounds are `tests/index_bounds_test.rs`, untouched.

[0m
[0m→ [0mRead phases/phase-025/REPORT.md[90m [limit=30, offset=1098][0m
[0m
[0m← [0mEdit phases/phase-025/REPORT.md
Index: /home/runner/work/rbops/rbops/redblue/phases/phase-025/REPORT.md
===================================================================
--- /home/runner/work/rbops/rbops/redblue/phases/phase-025/REPORT.md
+++ /home/runner/work/rbops/rbops/redblue/phases/phase-025/REPORT.md
@@ -1114,9 +1114,14 @@
   charged the same way as any other statement. This round adds the cap boundary
   itself for both engines, and the nesting case with it: a `while` in a `while`
   under a cap of two must get two turns per loop, not four — the shape that caught
   the second defect, where a `while` that ended on its condition kept its entry and
-  so was charged once per turn of the loop around it.
+  so was charged once per turn of the loop around it. The resumed round adds the
+  same question for a jump that leaves the turn through a `finally`
+  (`edge_a_jump_raised_in_a_cleanup_is_charged_one_turn`): a loop whose every turn
+  is skipped from a cleanup is stopped by the cap at exactly the cap, on both
+  engines, so a cleanup the jump passed through cannot be charged twice or not at
+  all.
 
 ## Invariants touched
 
 - None. `Value`'s variants, `Error`'s variants, `.rb`, `to … end`, `set x to …`,

[0m
[0m← [0mEdit phases/phase-025/REPORT.md
Index: /home/runner/work/rbops/rbops/redblue/phases/phase-025/REPORT.md
===================================================================
--- /home/runner/work/rbops/rbops/redblue/phases/phase-025/REPORT.md
+++ /home/runner/work/rbops/rbops/redblue/phases/phase-025/REPORT.md
@@ -1214,8 +1214,17 @@
   `examples/*.rb` and `modules/*.rb` all still exit 0.
 
 ## Known gaps / follow-ups
 
+- A `finally` that leaves its region abruptly now drops the failure the body had,
+  which is a **previously-different answer becoming the same one** rather than a
+  behaviour change on either engine alone — but on the tree-walking VM it does mean
+  a program that used to run an enclosing `catch` and continue now leaves instead.
+  That is the fix, and it is the rule `SPEC.md`'s "Finally" now states. What the
+  specification still does not say, and this round did not decide, is what a
+  `finally` is owed when the `catch` that handles a failure *itself* fails —
+  recorded as FINDINGS §14, where both engines already agree, so changing it needs
+  its own phase and its own three decisions.
 - A `repeat … until` loop does not exist in the parser, so there is no fifth
   loop form to wire up. `SPEC.md:412-417` documents it; it belongs to a phase
   that adds the statement, not this one.
 - `return` inside a `break`ed-out-of region is unchanged: `return` yields a value

[0m
[0m$ [0mcd /home/runner/work/rbops/rbops/redblue && tail -25 phases/phase-025/FINDINGS.md
- `JUMP_IF_FALSE` drops the loop's entry when the value is falsy, which is a `while`
  leaving the way a sequence loop leaves by running out of values.
- `jump` no longer charges anything, and `turn_over_to` no longer charges either: a
  `skip` lands on the instruction that begins the next turn — a sequence loop's
  `STORE`, a `while`'s condition — and that charges it. §16's seed
  (`iterations: usize::from(!site.iterator)`) is gone, because with the charge at
  the top of the turn there is no turn to start the counter on.

`turn_over_to`'s `abrupt_exit = false` on a failed charge goes with it: the cap is
now reported from the turn's own first instruction, which is not a path that has
already crossed a block boundary, so there is no exit flag to clear. `jump` is left
as a plain `set_ip`.

What round 6 got right, and is kept: a `skip` must cost a turn, and on a `while` the
place that costs it is the condition — which is exactly where the fix puts it.

Pinned by two tests in `tests/bytecode_vm_test.rs`,
`edge_a_cap_allows_a_loop_exactly_that_many_turns` and
`edge_a_break_and_a_skip_in_a_while_cost_exactly_one_turn_each`, each asked about
the boundary from both sides: a cap of exactly the turns taken runs and finishes, and
one turn short is the cap that stops it, naming itself, on both engines. The first
runs five loop shapes — `while`, `while` with a `skip`, `repeat`, `for each`, and a
`while` in a `while`. Both were watched failing against the pre-fix code, and the
nesting case was watched failing again with only the entry-dropping half of the fix
put back, so neither half is carried by the other.
[0m
Now the FINDINGS entry for what this round fixed:
[0m$ [0mcd /home/runner/work/rbops/rbops/redblue && cat >> phases/phase-025/FINDINGS.md <<'EOF'

## 18. A `finally` that leaves its region abruptly did not drop the failure it was owed — fixed

Found in the resumed round, by sweeping the two engines against each other across
jump-in-block shapes rather than by reading round 6's `finally` work. About forty
programs later, one shape came out DIFFER with both engines exiting 0 and printing
different answers.

```
$ cat target/tmp/sweep/g3.rb
for each i in [1, 2, 3]
    try
        try
            set bad to 1 + "one"
        finally
            if i is 2 then break end
        end
    catch error
        say "outer caught"
    end
end
say "reached the end"

$ ./target/debug/rb run target/tmp/sweep/g3.rb          # tree:      outer caught / outer caught / reached the end
$ ./target/debug/rb vm target/tmp/sweep/g3.rbc          # bytecode:  outer caught / reached the end
```

Round 6 established two rules that meet here and did not meet:

- a `try` with no `catch` runs its `finally` and hands the failure on (§16), and
- a `finally` that **fails** replaces the failure the body had — the failure that
  reaches the enclosing `try` is the cleanup's own
  (`tests/test_control_flow.rb`, "a failing finally still leaves the outer try to
  catch the failure"; both engines agreed on it before this round).

What neither said is what a `finally` that leaves its region **abruptly** does to a
failure the body had. The two engines answered differently:

- the tree-walking VM propagated it. `Statement::Try`'s `!has_catch` arm returned
  `Err(failure)` above whatever `run_finally_body` raised, so an enclosing `catch`
  ran *after* the cleanup had been told to leave the loop — and then the signal
  still ended the turn, so the `catch` ran and its statements after the `try` did
  not. The observable answer was a `catch` that ran on a turn the program had been
  told to abandon.
- the bytecode VM did not. `handle_failure` returns `Ok(true)` when a `catch` or a
  `finally` raised a jump (`src/bytecode/vm.rs:2595`), which spends the failure.

The bytecode answer is right, and it is the answer the tree already gives for the
neighbouring case: the region was left by the `break`, not by the failure, so the
failure is not the one leaving it and a `catch` written around the `try` has nothing
to handle. A `finally` that fails replaces the failure because the cleanup's own
failure is the one leaving the region; a `finally` that breaks replaces it for the
same reason with a jump in place of a failure. `src/vm.rs:1108-1112` already said
as much about the region's *own* `catch` — "an abrupt exit from the protected region
is not a failure: the catch does not run, the finally does, and the signal stays
pending for the loop" — it just never read that one step out to the `catch` written
*around* the `try`.

Fixed in `src/vm.rs` by propagating the failure only when no signal is pending:

```rust
if !has_catch {
    self.run_finally_body(finally_body)?;
    if self.loop_control.is_none() {
        return Err(failure);
    }
    return Ok(Value::Nothing);
}
```

The guard is exact rather than approximate. A body that raised a signal instead of
failing never reaches this arm — `run_block` stops at the first signal and returns
`Ok` — so a pending signal here was raised by the cleanup and by nothing else. That
is worth stating because the alternative guard (a flag saying "the cleanup raised
one") would be a second source of truth for something `loop_control` already knows,
and would go stale the moment `run_finally_body`'s hold-and-restore rule changes.

Three neighbouring shapes were swept and found to agree already, which is what says
the rule is one rule and not four: a `catch` that raises the jump, a `finally` that
raises the jump where the `try` *has* a `catch` (the failure was already handled, so
there is nothing to replace), and a `finally` written around a loop the jump leaves.
The `object`-body, `module`-body, `test`-body, `unless`-body, `catch`-inside-`catch`
and loop-nested-inside-`finally` versions of the disputed shape were each run on both
engines and agree.

Pinned by `edge_a_finally_that_leaves_the_region_replaces_the_failure_it_was_owed`
(`break` and `skip` across `for each` / `while` / `repeat`, asserting the exact lines
on both engines rather than only that they agree),
`edge_a_cleanup_that_runs_to_its_end_still_reports_the_failure_it_was_owed` (the
other half: a turn whose cleanup runs to its end has still failed, which keeps the
rule from being read as "a `finally` containing a `break` discards every failure"),
`edge_a_jump_raised_in_a_cleanup_is_charged_one_turn` (a jump that travels out through
a cleanup costs what an uninterrupted turn costs, at caps of 2, 3 and 5 on both
engines), and the two `test` blocks this round added to `tests/test_control_flow.rb`.
Taking the fix back out turns the first and third red and both `test` blocks red; the
second is green on both sides of it, which is what it is for.

`SPEC.md`'s "Finally" section said "the failure is reported after it, not instead of
it" with nothing qualifying it, and `docs/GRAMMAR.md` repeated it — so the two
sentences that were in conflict are now one rule in both files, with a worked example
whose output was taken from the interpreter rather than written by hand.
EOF
echo ok
ok
[0m
Final gate run:
[0m$ [0mcd /home/runner/work/rbops/rbops/redblue
echo "=== 1. cargo fmt --all -- --check"; cargo fmt --all -- --check && echo "PASS (no diff)"
echo "=== 2. cargo clippy --all-targets -- -D warnings"; cargo clippy --all-targets -- -D warnings 2>&1 | grep -E "^(warning|error)" | head -5; echo "PASS (zero warnings)"
=== 1. cargo fmt --all -- --check
PASS (no diff)
=== 2. cargo clippy --all-targets -- -D warnings
PASS (zero warnings)
[0m
[0m$ [0mcd /home/runner/work/rbops/rbops/redblue
echo "=== 3. cargo test --all-targets"
cargo test --all-targets 2>&1 | grep -E "^(test result: FAILED|error|failures:)" | head
cargo test --all-targets 2>&1 | grep -E "^test result" | awk '{p+=$4; f+=$6; i+=$8} END {print "  TOTAL passed="p, "failed="f, "ignored="i}'
echo "=== 4. ./rbops/verify.sh phase-025"; ./rbops/verify.sh phase-025 2>&1 || echo "  (exit $? — rbops/ not in this checkout)"
=== 3. cargo test --all-targets
  TOTAL passed=824 failed=0 ignored=0
=== 4. ./rbops/verify.sh phase-025
/bin/bash: line 5: ./rbops/verify.sh: No such file or directory
  (exit 127 — rbops/ not in this checkout)
[0m
[0m$ [0mcd /home/runner/work/rbops/rbops/redblue
echo "=== manual substitutes for gate 4"
./target/debug/rb test 2>&1 | tail -3
echo "--- examples/modules"
for f in examples/*.rb modules/*.rb; do ./target/debug/rb run "$f" >/dev/null 2>&1 || echo "  FAIL $f"; done; echo "  all exit 0"
echo "--- git status"; git status --short
rm -rf target/tmp/sweep target/tmp/dod target/tmp/vm_fix.patch
echo "--- diff stat"; git diff --stat
=== manual substitutes for gate 4
..............................................................................................................................................................................................................................................................................................................................................Tests run: 334
Passed: 334
Failed: 0
--- examples/modules
  all exit 0
--- git status
 M SPEC.md
 M docs/GRAMMAR.md
 M phases/phase-025/FINDINGS.md
 M phases/phase-025/REPORT.md
 M src/vm.rs
 M tests/loop_control_test.rs
 M tests/test_control_flow.rb
--- diff stat
 SPEC.md                      |  38 ++++-
 docs/GRAMMAR.md              |   8 ++
 phases/phase-025/FINDINGS.md | 101 +++++++++++++
 phases/phase-025/REPORT.md   | 152 +++++++++++++++++++-
 src/vm.rs                    |  17 ++-
 tests/loop_control_test.rs   | 333 +++++++++++++++++++++++++++++++++++++++++++
 tests/test_control_flow.rb   |  53 +++++++
 7 files changed, 693 insertions(+), 9 deletions(-)
[0m
[0m$ [0mcd /home/runner/work/rbops/rbops/redblue && git diff src/vm.rs
diff --git a/src/vm.rs b/src/vm.rs
index 73637ca..f74b027 100644
--- a/src/vm.rs
+++ b/src/vm.rs
@@ -1132,7 +1132,22 @@ impl Vm {
                     // `catch` there that decides what the program does next.
                     if !has_catch {
                         self.run_finally_body(finally_body)?;
-                        return Err(failure);
+                        // A cleanup that left the region abruptly is the way the
+                        // region was left, so the failure is not the one leaving
+                        // it and there is nothing for an enclosing `catch` to
+                        // handle — propagating it would run that handler *after*
+                        // being told to go, which is what the bytecode VM does
+                        // not do and what the two engines disagreed about. This
+                        // is the replacement a failing cleanup already makes
+                        // ("a failing finally still leaves the outer try to catch
+                        // the failure", `tests/test_control_flow.rb`), with an
+                        // abrupt exit in place of a failure: the signal is
+                        // pending exactly when the cleanup raised one, because a
+                        // body that raised one instead of failing never got here.
+                        if self.loop_control.is_none() {
+                            return Err(failure);
+                        }
+                        return Ok(Value::Nothing);
                     }
                     self.run_catch_body(catch_var.as_deref(), catch_body)?;
                 }
[0m
DONE

## What I found and fixed

The tree arrived with all runnable gates green (821 tests), so I swept the two VMs against each other across jump-in-block shapes. One shape came out **DIFFER** — both programs exit 0, different answers:

```
for each i in [1, 2, 3]
    try
        try
            set bad to 1 + "one"
        finally
            if i is 2 then break end
        end
    catch error
        say "outer caught"
    end
end
```
tree printed `outer caught` twice; bytecode printed it once. A `finally` that leaves its region abruptly was not dropping the failure the body had on the tree-walking VM, so an enclosing `catch` ran *after* the cleanup was told to abandon the turn.

**Fix** — `src/vm.rs:1133`, +4 −1: propagate the failure only when no signal is pending. The guard is exact (a body that raised a signal never reaches that arm), and it makes the tree match the rule both engines already followed for a *failing* cleanup.

## Tests added (all watched red with the fix stashed)

| Test | Fails without |
|---|---|
| `edge_a_finally_that_leaves_the_region_replaces_the_failure_it_was_owed` | yes — tree `fcbc` vs `fcb`, `break`/`skip` × 3 loop forms, exact lines on **both** engines |
| `edge_a_jump_raised_in_a_cleanup_is_charged_one_turn` | yes — cap accounting for a jump leaving through a `finally`, caps 2/3/5, both engines |
| `edge_a_cleanup_that_runs_to_its_end_still_reports_the_failure_it_was_owed` | **no, deliberately** — guards against the fix passing by reporting nothing |
| 2 `test` blocks in `tests/test_control_flow.rb` | yes — also pinned on both engines by the differential |

`SPEC.md` "Finally" and `docs/GRAMMAR.md` said the failure is always reported after the `finally` with nothing qualifying it; both now state the one rule, with the worked example's output taken from the interpreter.

## Gates

| Gate | Result |
|---|---|
| `cargo fmt --all -- --check` | pass, no diff |
| `cargo clippy --all-targets -- -D warnings` | pass, zero warnings |
| `cargo test --all-targets` | **824 passed, 0 failed, 0 ignored** (was 821) |
| `./rbops/verify.sh phase-025` | **not run — `rbops/` is not in this checkout** (exit 127) |

Manual substitutes: `rb test` 334/334, 6/6 `examples/*.rb` and 2/2 `modules/*.rb` exit 0, `cargo test --doc` 1 passed, all 6 definition-of-done programs verified through the binary. Zero new `#[ignore]`, `// skip`, or `allow(clippy::`; `must_touch: ["src/"]` satisfied by `src/vm.rs`.
